"run","item","importance","rank"
"diagnostic_202001_forest_FALSE","Q15",0.147485092682407,1
"diagnostic_202001_forest_FALSE","Q614",0.0700195018045522,2
"diagnostic_202001_forest_FALSE","Q2R1",0.0323737452605888,3
"diagnostic_202001_forest_FALSE","Q130",0.0319117573802194,4
"diagnostic_202001_forest_FALSE","Q54",0.0179526832769211,5
"diagnostic_202001_forest_FALSE","Q2R3",0.0156853506665189,6
"diagnostic_202001_forest_FALSE","Q195A2",0.00972226586691327,7
"diagnostic_202001_forest_FALSE","Q2R4",0.00848089784471255,8
"diagnostic_202001_forest_FALSE","Q195A1",0.00767721386987777,9
"diagnostic_202001_forest_FALSE","Q195B1",0.00645731303146336,10
"diagnostic_202001_forest_FALSE","Q195B2",0.00643736303435903,11
"diagnostic_202001_forest_FALSE","Q197A1",0.00616215591408524,12
"diagnostic_202001_forest_FALSE","Q21",0.00483647466106555,13
"diagnostic_202001_forest_FALSE","Q197B1",0.0043824656689548,14
"diagnostic_202001_forest_FALSE","Q2R7",0.00406057394679876,15
"diagnostic_202001_forest_FALSE","Q24",0.0037343676168224,16
"diagnostic_202001_forest_FALSE","Q55",0.00322707702694715,17
"diagnostic_202001_forest_FALSE","Q52",0.00284889923972987,18
"diagnostic_202001_forest_FALSE","Q2R9",0.00284408253782415,19
"diagnostic_202001_forest_FALSE","Q25",0.0026828942643752,20
"diagnostic_202001_forest_FALSE","Q197A2",0.002542355446239,21
"diagnostic_202001_forest_FALSE","Q22",0.0024808466670423,22
"diagnostic_202001_forest_FALSE","Q607_Q610R2",0.0021739717467261,23
"diagnostic_202001_forest_FALSE","Q2R5",0.00204511894466557,24
"diagnostic_202001_forest_FALSE","Q504R11",0.00162074478410818,25
"diagnostic_202001_forest_FALSE","Q197B2",0.00155521158145257,26
"diagnostic_202001_forest_FALSE","Q1",0.0014849808986491,27
"diagnostic_202001_forest_FALSE","Q51",0.00130133261354618,28
"diagnostic_202001_forest_FALSE","Q2R8",0.00118980317787492,29
"diagnostic_202001_forest_FALSE","Q308R7",0.00107956341613491,30
"diagnostic_202001_forest_FALSE","Q295",0.000986324191292353,31
"diagnostic_202001_forest_FALSE","Q326R5",0.000874788387713778,32
"diagnostic_202001_forest_FALSE","Q43",0.000825119732664857,33
"diagnostic_202001_forest_FALSE","Q23",0.000758930131033789,34
"diagnostic_202001_forest_FALSE","Q428",0.000692068848359203,35
"diagnostic_202001_forest_FALSE","Q2R10",0.000623352757887288,36
"diagnostic_202001_forest_FALSE","Q607_Q610R3",0.000601825808055501,37
"diagnostic_202001_forest_FALSE","Q48",0.000582217892742804,38
"diagnostic_202001_forest_FALSE","Q326R4",0.000567294880765954,39
"diagnostic_202001_forest_FALSE","Q50",0.000555380461127427,40
"diagnostic_202001_forest_FALSE","Q359R2",0.000529569926648959,41
"diagnostic_202001_forest_FALSE","Q607_Q610R1",0.000525978431295872,42
"diagnostic_202001_forest_FALSE","Q358",0.000513384664947436,43
"diagnostic_202001_forest_FALSE","Q98",0.000470694518986725,44
"diagnostic_202001_forest_FALSE","Q607_Q610R4",0.000465693937120817,45
"diagnostic_202001_forest_FALSE","Q811",0.00044881535974544,46
"diagnostic_202001_forest_FALSE","Q684",0.000445363968818735,47
"diagnostic_202001_forest_FALSE","Q504R12",0.000444655753674596,48
"diagnostic_202001_forest_FALSE","Q349",0.000437331304936322,49
"diagnostic_202001_forest_FALSE","Q326R1",0.000431286870185217,50
"diagnostic_202001_forest_FALSE","Q575_Q581R1",0.000429184322417095,51
"diagnostic_202001_forest_FALSE","VQ774",0.000422457093941021,52
"diagnostic_202001_forest_FALSE","Q308R6",0.000421113989588799,53
"diagnostic_202001_forest_FALSE","Q606",0.000420997673171009,54
"diagnostic_202001_forest_FALSE","Q520",0.000402759212343517,55
"diagnostic_202001_forest_FALSE","Q324",0.00038856846552732,56
"diagnostic_202001_forest_FALSE","Q603",0.000380163043592805,57
"diagnostic_202001_forest_FALSE","Q475",0.000376923400647099,58
"diagnostic_202001_forest_FALSE","Q323_BLW",0.00037481241192967,59
"diagnostic_202001_forest_FALSE","Q774",0.000366100245418511,60
"diagnostic_202001_forest_FALSE","Q2R2",0.000349448418666748,61
"diagnostic_202001_forest_FALSE","Q315",0.000347077728857844,62
"diagnostic_202001_forest_FALSE","Q39",0.000346542991070585,63
"diagnostic_202001_forest_FALSE","VQ773",0.000339081629724435,64
"diagnostic_202001_forest_FALSE","Q773",0.000336683875505361,65
"diagnostic_202001_forest_FALSE","Q225R11",0.000332375724657906,66
"diagnostic_202001_forest_FALSE","Q350",0.000330213850122323,67
"diagnostic_202001_forest_FALSE","Q28",0.000322874310232356,68
"diagnostic_202001_forest_FALSE","Q575_Q581R3",0.000322012170794354,69
"diagnostic_202001_forest_FALSE","Q308R1",0.000318980591830986,70
"diagnostic_202001_forest_FALSE","Q32",0.000318161305080452,71
"diagnostic_202001_forest_FALSE","Q800",0.0003128074746599,72
"diagnostic_202001_forest_FALSE","Q268",0.000312576876261056,73
"diagnostic_202001_forest_FALSE","Q53",0.000310327929837413,74
"diagnostic_202001_forest_FALSE","Q58",0.000305289443255713,75
"diagnostic_202001_forest_FALSE","Q551_Q559R7",0.000303367124629197,76
"diagnostic_202001_forest_FALSE","Q184R1",0.000300185839476393,77
"diagnostic_202001_forest_FALSE","Q76",0.000297440834458077,78
"diagnostic_202001_forest_FALSE","Q348",0.000293605476076847,79
"diagnostic_202001_forest_FALSE","Q329",0.000289660541434052,80
"diagnostic_202001_forest_FALSE","Q745",0.000288510018933616,81
"diagnostic_202001_forest_FALSE","Q178R2",0.000275040955753476,82
"diagnostic_202001_forest_FALSE","Q187R2",0.000274986055280622,83
"diagnostic_202001_forest_FALSE","Q366",0.000272851279664577,84
"diagnostic_202001_forest_FALSE","Q539",0.000268400862033103,85
"diagnostic_202001_forest_FALSE","Q250R8",0.000260934048102762,86
"diagnostic_202001_forest_FALSE","Q178R1",0.000252926862534377,87
"diagnostic_202001_forest_FALSE","Q154R1",0.000249941296549863,88
"diagnostic_202001_forest_FALSE","Q633",0.000247329622641255,89
"diagnostic_202001_forest_FALSE","Q544",0.000246057260983147,90
"diagnostic_202001_forest_FALSE","Q753",0.000242200986577543,91
"diagnostic_202001_forest_FALSE","Q116",0.000239211732170776,92
"diagnostic_202001_forest_FALSE","Q335",0.000238555306004426,93
"diagnostic_202001_forest_FALSE","Q797",0.000229888077751672,94
"diagnostic_202001_forest_FALSE","Q60",0.000224643751940587,95
"diagnostic_202001_forest_FALSE","Q27",0.000224288762373624,96
"diagnostic_202001_forest_FALSE","Q575_Q581R2",0.000224021364057817,97
"diagnostic_202001_forest_FALSE","Q504R6",0.00022385050752779,98
"diagnostic_202001_forest_FALSE","Q38",0.000223752971597471,99
"diagnostic_202001_forest_FALSE","Q287R6",0.000220994219378217,100
"diagnostic_202001_forest_FALSE","Q790",0.000218039375756375,101
"diagnostic_202001_forest_FALSE","Q808",0.00021515275151264,102
"diagnostic_202001_forest_FALSE","Q49",0.000213665944396373,103
"diagnostic_202001_forest_FALSE","Q518",0.000210838173562275,104
"diagnostic_202001_forest_FALSE","S10",0.000207968712298219,105
"diagnostic_202001_forest_FALSE","Q782",0.000203591972264653,106
"diagnostic_202001_forest_FALSE","Q813",0.000196541102509834,107
"diagnostic_202001_forest_FALSE","Q301",0.000196178069804725,108
"diagnostic_202001_forest_FALSE","Q629",0.000192767787789043,109
"diagnostic_202001_forest_FALSE","Q225R1",0.000191762132714538,110
"diagnostic_202001_forest_FALSE","Q131R12",0.000191711868579872,111
"diagnostic_202001_forest_FALSE","Q504R4",0.000191678299106832,112
"diagnostic_202001_forest_FALSE","Q410",0.000190727434014024,113
"diagnostic_202001_forest_FALSE","Q727_Q731R3",0.000189782603222959,114
"diagnostic_202001_forest_FALSE","Q799",0.000188263794511863,115
"diagnostic_202001_forest_FALSE","Q171",0.000187958597935094,116
"diagnostic_202001_forest_FALSE","Q742",0.000187321636276509,117
"diagnostic_202001_forest_FALSE","Q325_BLW",0.000187018338205762,118
"diagnostic_202001_forest_FALSE","Q750",0.000184529599031276,119
"diagnostic_202001_forest_FALSE","Q693_Q700R1",0.000181392657042882,120
"diagnostic_202001_forest_FALSE","Q591_Q596R6",0.000180889880761957,121
"diagnostic_202001_forest_FALSE","Q131R8",0.000180616628087424,122
"diagnostic_202001_forest_FALSE","Q809",0.000179340772459026,123
"diagnostic_202001_forest_FALSE","Q575_Q581R5",0.000176699115206429,124
"diagnostic_202001_forest_FALSE","Q512",0.000175053412304545,125
"diagnostic_202001_forest_FALSE","Q183",0.000174368562588195,126
"diagnostic_202001_forest_FALSE","Q202",0.000174263330033617,127
"diagnostic_202001_forest_FALSE","Q308R4",0.000173540025444567,128
"diagnostic_202001_forest_FALSE","Q162R1",0.000171205393982926,129
"diagnostic_202001_forest_FALSE","Q504R5",0.000164438644824955,130
"diagnostic_202001_forest_FALSE","Q308R2",0.000163583541050622,131
"diagnostic_202001_forest_FALSE","Q785",0.000163069832570898,132
"diagnostic_202001_forest_FALSE","Q206",0.000162959139513165,133
"diagnostic_202001_forest_FALSE","S4",0.000159770640543594,134
"diagnostic_202001_forest_FALSE","Q535_Q538R4",0.000158958804101731,135
"diagnostic_202001_forest_FALSE","S3",0.000157189973181087,136
"diagnostic_202001_forest_FALSE","Q545R7",0.000156840691664396,137
"diagnostic_202001_forest_FALSE","Q794",0.000156058914065486,138
"diagnostic_202001_forest_FALSE","Q198",0.000154958609202336,139
"diagnostic_202001_forest_FALSE","Q504R2",0.000154540568282466,140
"diagnostic_202001_forest_FALSE","Q417_Q424R2",0.00015438949309287,141
"diagnostic_202001_forest_FALSE","Q131R4",0.000151810957507212,142
"diagnostic_202001_forest_FALSE","Q798",0.000149976509086566,143
"diagnostic_202001_forest_FALSE","Q663_Q666R3",0.000149764669485322,144
"diagnostic_202001_forest_FALSE","Q779",0.000149276264027685,145
"diagnostic_202001_forest_FALSE","Q575_Q581R6",0.000149088003092433,146
"diagnostic_202001_forest_FALSE","Q308R3",0.000148297866820464,147
"diagnostic_202001_forest_FALSE","Q812",0.000147986750933712,148
"diagnostic_202001_forest_FALSE","Q619_Q626R4",0.000147228487882003,149
"diagnostic_202001_forest_FALSE","Q239R3",0.000147183452841407,150
"diagnostic_202001_forest_FALSE","Q225R13",0.000147012344398515,151
"diagnostic_202001_forest_FALSE","Q250R5",0.000146436134917019,152
"diagnostic_202001_forest_FALSE","Q709_712R3",0.000144849540832262,153
"diagnostic_202001_forest_FALSE","Q683",0.000144049609630749,154
"diagnostic_202001_forest_FALSE","Q131R7",0.000143474666805759,155
"diagnostic_202001_forest_FALSE","Q560R4",0.000142546983969272,156
"diagnostic_202001_forest_FALSE","Q810",0.000141893342193101,157
"diagnostic_202001_forest_FALSE","S3C",0.000141798147531669,158
"diagnostic_202001_forest_FALSE","Q207",0.000141656241117048,159
"diagnostic_202001_forest_FALSE","Q676_Q678R1",0.000140686162023472,160
"diagnostic_202001_forest_FALSE","Q352",0.000140580006045717,161
"diagnostic_202001_forest_FALSE","Q560R6",0.000140575805236203,162
"diagnostic_202001_forest_FALSE","Q111R3",0.000138291337421007,163
"diagnostic_202001_forest_FALSE","Q213R4",0.000137631147539593,164
"diagnostic_202001_forest_FALSE","Q478_Q483R6",0.000136776246980826,165
"diagnostic_202001_forest_FALSE","Q281",0.000135092683397378,166
"diagnostic_202001_forest_FALSE","Q31",0.000134561706060452,167
"diagnostic_202001_forest_FALSE","S5",0.000133720424873701,168
"diagnostic_202001_forest_FALSE","Q61",0.000133668261914575,169
"diagnostic_202001_forest_FALSE","Q386_Q390R4",0.000132321582021622,170
"diagnostic_202001_forest_FALSE","Q801",0.000131178985646016,171
"diagnostic_202001_forest_FALSE","Q249",0.000130153745057782,172
"diagnostic_202001_forest_FALSE","Q693_Q700R6",0.000129147614340987,173
"diagnostic_202001_forest_FALSE","Q743",0.00012894059869103,174
"diagnostic_202001_forest_FALSE","Q117R11",0.000128733087702625,175
"diagnostic_202001_forest_FALSE","Q213R2",0.000126942982335737,176
"diagnostic_202001_forest_FALSE","Q763_Q766R1",0.000126633871491077,177
"diagnostic_202001_forest_FALSE","Q693_Q700R4",0.000126501668111875,178
"diagnostic_202001_forest_FALSE","Q796",0.000125890268172385,179
"diagnostic_202001_forest_FALSE","Q99R1",0.000125664275104726,180
"diagnostic_202001_forest_FALSE","Q29",0.000125245732446964,181
"diagnostic_202001_forest_FALSE","Q33R1",0.000124176840444281,182
"diagnostic_202001_forest_FALSE","Q225R14",0.000124003647947008,183
"diagnostic_202001_forest_FALSE","Q521_Q528R2",0.000123905164199886,184
"diagnostic_202001_forest_FALSE","Q517",0.000123114885946238,185
"diagnostic_202001_forest_FALSE","Q257CR4",0.000121180048030023,186
"diagnostic_202001_forest_FALSE","Q490",0.000120720029003702,187
"diagnostic_202001_forest_FALSE","Q56",0.000120180305039436,188
"diagnostic_202001_forest_FALSE","Q117R3",0.000120055012346445,189
"diagnostic_202001_forest_FALSE","Q205",0.000119990749884893,190
"diagnostic_202001_forest_FALSE","Q563_Q572R9",0.00011947284417363,191
"diagnostic_202001_forest_FALSE","Q793",0.000118209155201977,192
"diagnostic_202001_forest_FALSE","Q239R4",0.000118004202255301,193
"diagnostic_202001_forest_FALSE","Q575_Q581R7",0.000117750241668596,194
"diagnostic_202001_forest_FALSE","Q77R6",0.000117625098091515,195
"diagnostic_202001_forest_FALSE","Q513_Q516R2",0.000117060484357233,196
"diagnostic_202001_forest_FALSE","Q519",0.000116712588585933,197
"diagnostic_202001_forest_FALSE","Q472_Q474R3",0.000116484661296209,198
"diagnostic_202001_forest_FALSE","Q777",0.000115794026934856,199
"diagnostic_202001_forest_FALSE","Q257AR2",0.000115592402686469,200
"diagnostic_202001_forest_FALSE","Q563_Q572R1",0.000114947751271229,201
"diagnostic_202001_forest_FALSE","Q117R13",0.000114870431975643,202
"diagnostic_202001_forest_FALSE","Q131R2",0.000112483986474118,203
"diagnostic_202001_forest_FALSE","Q279",0.000112198113741049,204
"diagnostic_202001_forest_FALSE","Q417_Q424R6",0.000111393251025276,205
"diagnostic_202001_forest_FALSE","Q491",0.000110145178439766,206
"diagnostic_202001_forest_FALSE","Q70R2",0.00010875958907555,207
"diagnostic_202001_forest_FALSE","Q257AR4",0.000108011240105369,208
"diagnostic_202001_forest_FALSE","Q560R2",0.000107879412226955,209
"diagnostic_202001_forest_FALSE","Q110",0.000106523223589684,210
"diagnostic_202001_forest_FALSE","Q248",0.000106504314713366,211
"diagnostic_202001_forest_FALSE","Q225R5",0.000105589557876824,212
"diagnostic_202001_forest_FALSE","Q411_Q416R1",0.000105415129453448,213
"diagnostic_202001_forest_FALSE","Q751",0.000104211984849945,214
"diagnostic_202001_forest_FALSE","Q256",0.000103495444151567,215
"diagnostic_202001_forest_FALSE","Q213R1",0.000102803312038856,216
"diagnostic_202001_forest_FALSE","Q417_Q424R3",0.000101908294035333,217
"diagnostic_202001_forest_FALSE","Q504R1",0.000101013826726583,218
"diagnostic_202001_forest_FALSE","Q429_Q440R11",0.000100702090547445,219
"diagnostic_202001_forest_FALSE","Q591_Q596R1",0.000100141199898566,220
"diagnostic_202001_forest_FALSE","Q547R7",9.80543714289142e-05,221
"diagnostic_202001_forest_FALSE","Q429_Q440R7",9.77908837107539e-05,222
"diagnostic_202001_forest_FALSE","Q417_Q424R1",9.76623720930651e-05,223
"diagnostic_202001_forest_FALSE","Q187R1",9.7503215611579e-05,224
"diagnostic_202001_forest_FALSE","Q26",9.66849592009368e-05,225
"diagnostic_202001_forest_FALSE","Q411_Q416R5",9.66536583242912e-05,226
"diagnostic_202001_forest_FALSE","Q478_Q483R4",9.65967285092202e-05,227
"diagnostic_202001_forest_FALSE","Q521_Q528R6",9.63186584718326e-05,228
"diagnostic_202001_forest_FALSE","Q385",9.62953070126055e-05,229
"diagnostic_202001_forest_FALSE","Q250R1",9.57910756926141e-05,230
"diagnostic_202001_forest_FALSE","Q208R2",9.57293409767278e-05,231
"diagnostic_202001_forest_FALSE","Q478_Q483R1",9.56083103121799e-05,232
"diagnostic_202001_forest_FALSE","Q95",9.55061943884663e-05,233
"diagnostic_202001_forest_FALSE","Q560R1",9.52815622371362e-05,234
"diagnostic_202001_forest_FALSE","Q257BR2",9.4651551551272e-05,235
"diagnostic_202001_forest_FALSE","Q505_Q508R3",9.44819367879086e-05,236
"diagnostic_202001_forest_FALSE","Q131R1",9.43774884662127e-05,237
"diagnostic_202001_forest_FALSE","Q604_Q605R1",9.42534531002444e-05,238
"diagnostic_202001_forest_FALSE","Q706_Q708R1",9.41984595911901e-05,239
"diagnostic_202001_forest_FALSE","Q659",9.35832815813042e-05,240
"diagnostic_202001_forest_FALSE","Q88",9.32171956033579e-05,241
"diagnostic_202001_forest_FALSE","Q815",9.3215472861956e-05,242
"diagnostic_202001_forest_FALSE","Q196",9.28240610504497e-05,243
"diagnostic_202001_forest_FALSE","Q250R3",9.09428263304688e-05,244
"diagnostic_202001_forest_FALSE","Q619_Q626R7",9.09219949171874e-05,245
"diagnostic_202001_forest_FALSE","Q332",9.0875676575261e-05,246
"diagnostic_202001_forest_FALSE","Q485",9.0858300097888e-05,247
"diagnostic_202001_forest_FALSE","Q630_Q632R3",9.07402598479848e-05,248
"diagnostic_202001_forest_FALSE","Q616_Q618R1",9.03154583114747e-05,249
"diagnostic_202001_forest_FALSE","Q679_Q682R3",9.01046763211177e-05,250
"diagnostic_202001_forest_FALSE","Q560R8",8.98785239729087e-05,251
"diagnostic_202001_forest_FALSE","Q521_Q528R1",8.98058596645385e-05,252
"diagnostic_202001_forest_FALSE","Q706_Q708R2",8.95936057468035e-05,253
"diagnostic_202001_forest_FALSE","Q162R2",8.95444074054699e-05,254
"diagnostic_202001_forest_FALSE","Q619_Q626R5",8.89981082338621e-05,255
"diagnostic_202001_forest_FALSE","Q563_Q572R10",8.89660686677926e-05,256
"diagnostic_202001_forest_FALSE","Q265",8.88265128133188e-05,257
"diagnostic_202001_forest_FALSE","Q748",8.87143395515612e-05,258
"diagnostic_202001_forest_FALSE","Q687",8.85265982614008e-05,259
"diagnostic_202001_forest_FALSE","Q145",8.82401342112068e-05,260
"diagnostic_202001_forest_FALSE","Q509_Q511R3",8.82019754704896e-05,261
"diagnostic_202001_forest_FALSE","Q131R3",8.76298919625444e-05,262
"diagnostic_202001_forest_FALSE","Q225R4",8.73339406845161e-05,263
"diagnostic_202001_forest_FALSE","Q591_Q596R5",8.70575894212272e-05,264
"diagnostic_202001_forest_FALSE","Q727_Q731R4",8.66320988799121e-05,265
"diagnostic_202001_forest_FALSE","Q381_Q383R2",8.6051113851992e-05,266
"diagnostic_202001_forest_FALSE","Q225R12",8.54677266351308e-05,267
"diagnostic_202001_forest_FALSE","Q70R4",8.51845879804058e-05,268
"diagnostic_202001_forest_FALSE","Q806",8.45205865185262e-05,269
"diagnostic_202001_forest_FALSE","Q597_Q602R3",8.45148734879637e-05,270
"diagnostic_202001_forest_FALSE","Q381_Q383R3",8.37472572852966e-05,271
"diagnostic_202001_forest_FALSE","Q441_Q452R9",8.3663079130251e-05,272
"diagnostic_202001_forest_FALSE","Q693_Q700R5",8.3489435050056e-05,273
"diagnostic_202001_forest_FALSE","Q351",8.32210851363969e-05,274
"diagnostic_202001_forest_FALSE","Q70R1",8.27377698838974e-05,275
"diagnostic_202001_forest_FALSE","Q59",8.26032329389766e-05,276
"diagnostic_202001_forest_FALSE","Q343R2",8.23201456835898e-05,277
"diagnostic_202001_forest_FALSE","Q287R2",8.22470029536515e-05,278
"diagnostic_202001_forest_FALSE","Q492",8.21785253358266e-05,279
"diagnostic_202001_forest_FALSE","Q266",8.19578858999049e-05,280
"diagnostic_202001_forest_FALSE","Q68",8.14302431128568e-05,281
"diagnostic_202001_forest_FALSE","Q308R5",8.09899981964906e-05,282
"diagnostic_202001_forest_FALSE","Q693_Q700R3",8.06804950955212e-05,283
"diagnostic_202001_forest_FALSE","Q597_Q602R1",8.06771123377308e-05,284
"diagnostic_202001_forest_FALSE","Q175R2",7.98534778704262e-05,285
"diagnostic_202001_forest_FALSE","Q273R2",7.97588687595664e-05,286
"diagnostic_202001_forest_FALSE","Q530",7.96977913927242e-05,287
"diagnostic_202001_forest_FALSE","Q674R1",7.91874063351585e-05,288
"diagnostic_202001_forest_FALSE","Q343R4",7.84704066588461e-05,289
"diagnostic_202001_forest_FALSE","Q560R3",7.84353996041946e-05,290
"diagnostic_202001_forest_FALSE","Q384R1",7.83000894166369e-05,291
"diagnostic_202001_forest_FALSE","Q44",7.81949071057831e-05,292
"diagnostic_202001_forest_FALSE","Q77R8",7.81853314789724e-05,293
"diagnostic_202001_forest_FALSE","Q693_Q700R2",7.81850725326789e-05,294
"diagnostic_202001_forest_FALSE","Q504R7",7.8011689199966e-05,295
"diagnostic_202001_forest_FALSE","Q287R3",7.7967400330064e-05,296
"diagnostic_202001_forest_FALSE","Q646_Q651R4",7.79031254514013e-05,297
"diagnostic_202001_forest_FALSE","Q563_Q572R6",7.77537139465164e-05,298
"diagnostic_202001_forest_FALSE","Q715_718R2",7.76667878021153e-05,299
"diagnostic_202001_forest_FALSE","Q591_Q596R4",7.73350517949412e-05,300
"diagnostic_202001_forest_FALSE","Q208R1",7.70016176013829e-05,301
"diagnostic_202001_forest_FALSE","Q775",7.69068640831331e-05,302
"diagnostic_202001_forest_FALSE","Q99R4",7.68744166850942e-05,303
"diagnostic_202001_forest_FALSE","Q660",7.60714413105579e-05,304
"diagnostic_202001_forest_FALSE","Q159R2",7.59077359851415e-05,305
"diagnostic_202001_forest_FALSE","Q359R1",7.57934571040636e-05,306
"diagnostic_202001_forest_FALSE","Q147",7.5042406767414e-05,307
"diagnostic_202001_forest_FALSE","Q77R5",7.50371977067289e-05,308
"diagnostic_202001_forest_FALSE","Q131R10",7.49495443335282e-05,309
"diagnostic_202001_forest_FALSE","Q551_Q559R6",7.46776474013384e-05,310
"diagnostic_202001_forest_FALSE","Q264",7.44904131472775e-05,311
"diagnostic_202001_forest_FALSE","Q521_Q528R7",7.42656628245704e-05,312
"diagnostic_202001_forest_FALSE","Q86",7.3984472891265e-05,313
"diagnostic_202001_forest_FALSE","Q213R3",7.38425958324417e-05,314
"diagnostic_202001_forest_FALSE","Q62R5",7.35034945310989e-05,315
"diagnostic_202001_forest_FALSE","Q225R10",7.30622508740445e-05,316
"diagnostic_202001_forest_FALSE","S13",7.28854397400808e-05,317
"diagnostic_202001_forest_FALSE","Q16",7.28680557712998e-05,318
"diagnostic_202001_forest_FALSE","Q521_Q528R5",7.27763384650043e-05,319
"diagnostic_202001_forest_FALSE","Q550",7.26469944352693e-05,320
"diagnostic_202001_forest_FALSE","Q491A",7.25583713604367e-05,321
"diagnostic_202001_forest_FALSE","Q441_Q452R2",7.24898920733803e-05,322
"diagnostic_202001_forest_FALSE","Q667_Q671R4",7.23923960008779e-05,323
"diagnostic_202001_forest_FALSE","Q616_Q618R3",7.23855690074264e-05,324
"diagnostic_202001_forest_FALSE","Q763_Q766R2",7.19978662315194e-05,325
"diagnostic_202001_forest_FALSE","Q540R1",7.17909002469318e-05,326
"diagnostic_202001_forest_FALSE","Q144",7.14191238267328e-05,327
"diagnostic_202001_forest_FALSE","Q549R7",7.11128831178879e-05,328
"diagnostic_202001_forest_FALSE","Q749",7.09640474431609e-05,329
"diagnostic_202001_forest_FALSE","Q117R7",7.08084903649532e-05,330
"diagnostic_202001_forest_FALSE","Q487_Q489R3",7.04020331912878e-05,331
"diagnostic_202001_forest_FALSE","Q99R9",7.02277730026691e-05,332
"diagnostic_202001_forest_FALSE","Q257BR4",6.96684156951472e-05,333
"diagnostic_202001_forest_FALSE","Q535_Q538R1",6.9659681603717e-05,334
"diagnostic_202001_forest_FALSE","Q663_Q666R4",6.91846840033312e-05,335
"diagnostic_202001_forest_FALSE","S2_AFROLAT",6.91194957081689e-05,336
"diagnostic_202001_forest_FALSE","Q597_Q602R6",6.86667950629085e-05,337
"diagnostic_202001_forest_FALSE","Q162R6",6.86507402577556e-05,338
"diagnostic_202001_forest_FALSE","Q551_Q559R2",6.79702488921209e-05,339
"diagnostic_202001_forest_FALSE","Q217R1",6.7853533197047e-05,340
"diagnostic_202001_forest_FALSE","Q494_Q503R3",6.78097018992026e-05,341
"diagnostic_202001_forest_FALSE","Q257CR3",6.74811107044033e-05,342
"diagnostic_202001_forest_FALSE","Q429_Q440R4",6.74355275645511e-05,343
"diagnostic_202001_forest_FALSE","Q551_Q559R3",6.71159301612642e-05,344
"diagnostic_202001_forest_FALSE","Q478_Q483R3",6.69820575831278e-05,345
"diagnostic_202001_forest_FALSE","Q478_Q483R5",6.69664770295887e-05,346
"diagnostic_202001_forest_FALSE","Q149",6.68093653393175e-05,347
"diagnostic_202001_forest_FALSE","Q225R2",6.62863277280865e-05,348
"diagnostic_202001_forest_FALSE","Q803",6.62147702067391e-05,349
"diagnostic_202001_forest_FALSE","Q675",6.61583995552772e-05,350
"diagnostic_202001_forest_FALSE","Q77R3",6.6133555814774e-05,351
"diagnostic_202001_forest_FALSE","Q411_Q416R3",6.53236922696137e-05,352
"diagnostic_202001_forest_FALSE","S14",6.51859878343654e-05,353
"diagnostic_202001_forest_FALSE","Q738_Q740R3",6.51805462073786e-05,354
"diagnostic_202001_forest_FALSE","Q333",6.51316033442073e-05,355
"diagnostic_202001_forest_FALSE","Q619_Q626R6",6.51176214159028e-05,356
"diagnostic_202001_forest_FALSE","Q193",6.5094761717051e-05,357
"diagnostic_202001_forest_FALSE","Q243R4",6.45571501871134e-05,358
"diagnostic_202001_forest_FALSE","Q726",6.43783030134695e-05,359
"diagnostic_202001_forest_FALSE","Q162R7",6.4248465586663e-05,360
"diagnostic_202001_forest_FALSE","Q33R5",6.40537818054156e-05,361
"diagnostic_202001_forest_FALSE","Q652_Q658R4",6.38236875712701e-05,362
"diagnostic_202001_forest_FALSE","Q187R5",6.27577089632479e-05,363
"diagnostic_202001_forest_FALSE","Q604_Q605R2",6.25693384657456e-05,364
"diagnostic_202001_forest_FALSE","Q509_Q511R1",6.16462478568459e-05,365
"diagnostic_202001_forest_FALSE","Q78",6.13981075046066e-05,366
"diagnostic_202001_forest_FALSE","Q456_Q461R5",6.13787414508751e-05,367
"diagnostic_202001_forest_FALSE","Q369",6.12952177215454e-05,368
"diagnostic_202001_forest_FALSE","Q221R2",6.12850310361239e-05,369
"diagnostic_202001_forest_FALSE","Q287R7",6.12835964679394e-05,370
"diagnostic_202001_forest_FALSE","Q727_Q731R1",6.12469522015388e-05,371
"diagnostic_202001_forest_FALSE","Q172R2",6.11817059736116e-05,372
"diagnostic_202001_forest_FALSE","Q563_Q572R5",6.07170184011122e-05,373
"diagnostic_202001_forest_FALSE","Q720_Q722R3",6.06778214288609e-05,374
"diagnostic_202001_forest_FALSE","Q467_Q469R2",6.05588816350816e-05,375
"diagnostic_202001_forest_FALSE","Q401_Q404R2",6.03815045995247e-05,376
"diagnostic_202001_forest_FALSE","Q208R3",6.03768536767462e-05,377
"diagnostic_202001_forest_FALSE","Q429_Q440R6",6.03270581241529e-05,378
"diagnostic_202001_forest_FALSE","Q67",6.01976194776523e-05,379
"diagnostic_202001_forest_FALSE","Q417_Q424R7",6.01620208463968e-05,380
"diagnostic_202001_forest_FALSE","Q429_Q440R8",6.01396581315263e-05,381
"diagnostic_202001_forest_FALSE","Q689",6.00870880110554e-05,382
"diagnostic_202001_forest_FALSE","Q131R6",6.0074181975398e-05,383
"diagnostic_202001_forest_FALSE","Q111R4",5.98675879916005e-05,384
"diagnostic_202001_forest_FALSE","Q562",5.98027107682877e-05,385
"diagnostic_202001_forest_FALSE","Q679_Q682R1",5.9578584704272e-05,386
"diagnostic_202001_forest_FALSE","Q551_Q559R8",5.95583557200631e-05,387
"diagnostic_202001_forest_FALSE","Q663_Q666R1",5.9546324588165e-05,388
"diagnostic_202001_forest_FALSE","Q732_Q737R1",5.93500536531942e-05,389
"diagnostic_202001_forest_FALSE","Q744",5.92634370588889e-05,390
"diagnostic_202001_forest_FALSE","Q359R4",5.91906290302395e-05,391
"diagnostic_202001_forest_FALSE","Q386_Q390R1",5.87715724657335e-05,392
"diagnostic_202001_forest_FALSE","Q364",5.82196649463214e-05,393
"diagnostic_202001_forest_FALSE","Q709_712R1",5.81600850497605e-05,394
"diagnostic_202001_forest_FALSE","Q243R3",5.80435496909158e-05,395
"diagnostic_202001_forest_FALSE","Q77R1",5.80213706422105e-05,396
"diagnostic_202001_forest_FALSE","Q701_Q705R5",5.79358318756995e-05,397
"diagnostic_202001_forest_FALSE","Q386_Q390R3",5.78807858265309e-05,398
"diagnostic_202001_forest_FALSE","Q386_Q390R5",5.78031400033357e-05,399
"diagnostic_202001_forest_FALSE","Q804",5.73812427999681e-05,400
"diagnostic_202001_forest_FALSE","Q282",5.72582781851627e-05,401
"diagnostic_202001_forest_FALSE","Q131R11",5.71265903020427e-05,402
"diagnostic_202001_forest_FALSE","Q203",5.70148313486168e-05,403
"diagnostic_202001_forest_FALSE","Q627",5.69277227917505e-05,404
"diagnostic_202001_forest_FALSE","Q429_Q440R12",5.68091409245743e-05,405
"diagnostic_202001_forest_FALSE","Q217R2",5.67980345555245e-05,406
"diagnostic_202001_forest_FALSE","Q456_Q461R4",5.67617290468596e-05,407
"diagnostic_202001_forest_FALSE","Q746B",5.66422542243993e-05,408
"diagnostic_202001_forest_FALSE","Q723_Q725R3",5.66082511964036e-05,409
"diagnostic_202001_forest_FALSE","Q172R1",5.63874598872138e-05,410
"diagnostic_202001_forest_FALSE","Q486",5.63378088532144e-05,411
"diagnostic_202001_forest_FALSE","Q652_Q658R5",5.61531807125838e-05,412
"diagnostic_202001_forest_FALSE","Q551_Q559R9",5.61043729877401e-05,413
"diagnostic_202001_forest_FALSE","Q117R8",5.59689700352019e-05,414
"diagnostic_202001_forest_FALSE","Q679_Q682R4",5.57948302857155e-05,415
"diagnostic_202001_forest_FALSE","Q819",5.56541679500179e-05,416
"diagnostic_202001_forest_FALSE","Q693_Q700R7",5.55989754857318e-05,417
"diagnostic_202001_forest_FALSE","Q754_Q762R1",5.55000597618162e-05,418
"diagnostic_202001_forest_FALSE","Q330",5.54852553801524e-05,419
"diagnostic_202001_forest_FALSE","Q251",5.54211257470163e-05,420
"diagnostic_202001_forest_FALSE","Q409",5.53405845770554e-05,421
"diagnostic_202001_forest_FALSE","Q417_Q424R8",5.52432622497585e-05,422
"diagnostic_202001_forest_FALSE","Q521_Q528R4",5.52427044364824e-05,423
"diagnostic_202001_forest_FALSE","Q347",5.52049219494038e-05,424
"diagnostic_202001_forest_FALSE","Q652_Q658R7",5.51290570018967e-05,425
"diagnostic_202001_forest_FALSE","Q262",5.5092650426446e-05,426
"diagnostic_202001_forest_FALSE","Q732_Q737R5",5.46744361580159e-05,427
"diagnostic_202001_forest_FALSE","Q494_Q503R8",5.37340727384905e-05,428
"diagnostic_202001_forest_FALSE","Q2R6",5.33293956772463e-05,429
"diagnostic_202001_forest_FALSE","Q33R4",5.33002293871206e-05,430
"diagnostic_202001_forest_FALSE","Q396_Q398R2",5.2777948421201e-05,431
"diagnostic_202001_forest_FALSE","Q441_Q452R5",5.27735394484178e-05,432
"diagnostic_202001_forest_FALSE","Q456_Q461R6",5.27095546065989e-05,433
"diagnostic_202001_forest_FALSE","Q551_Q559R4",5.24596434009805e-05,434
"diagnostic_202001_forest_FALSE","Q257AR1",5.23300665936775e-05,435
"diagnostic_202001_forest_FALSE","Q616_Q618R2",5.22422422655704e-05,436
"diagnostic_202001_forest_FALSE","Q535_Q538R2",5.20371648416602e-05,437
"diagnostic_202001_forest_FALSE","Q619_Q626R3",5.19504653518357e-05,438
"diagnostic_202001_forest_FALSE","Q701_Q705R2",5.15417835246521e-05,439
"diagnostic_202001_forest_FALSE","Q513_Q516R3",5.14897138661865e-05,440
"diagnostic_202001_forest_FALSE","Q377",5.12471871053325e-05,441
"diagnostic_202001_forest_FALSE","Q548R7",5.11794029315714e-05,442
"diagnostic_202001_forest_FALSE","Q316R4",5.11759628642304e-05,443
"diagnostic_202001_forest_FALSE","Q386_Q390R2",5.04308395861941e-05,444
"diagnostic_202001_forest_FALSE","Q225R9",5.03975667177139e-05,445
"diagnostic_202001_forest_FALSE","Q273R1",5.03123564348548e-05,446
"diagnostic_202001_forest_FALSE","Q619_Q626R1",5.01944375283817e-05,447
"diagnostic_202001_forest_FALSE","Q667_Q671R3",4.9927872861912e-05,448
"diagnostic_202001_forest_FALSE","Q805",4.97825227329255e-05,449
"diagnostic_202001_forest_FALSE","Q159R3",4.9774270687737e-05,450
"diagnostic_202001_forest_FALSE","Q30",4.9583058856893e-05,451
"diagnostic_202001_forest_FALSE","Q720_Q722R1",4.92956723563803e-05,452
"diagnostic_202001_forest_FALSE","Q263",4.88955334525421e-05,453
"diagnostic_202001_forest_FALSE","Q693_Q700R8",4.85555445469296e-05,454
"diagnostic_202001_forest_FALSE","Q131R5",4.82420438095976e-05,455
"diagnostic_202001_forest_FALSE","Q247",4.81832133826864e-05,456
"diagnostic_202001_forest_FALSE","Q584",4.8079490122026e-05,457
"diagnostic_202001_forest_FALSE","Q154R4",4.79912115319453e-05,458
"diagnostic_202001_forest_FALSE","Q225R6",4.76359279682568e-05,459
"diagnostic_202001_forest_FALSE","Q472_Q474R2",4.75614954307194e-05,460
"diagnostic_202001_forest_FALSE","Q471",4.73129701982204e-05,461
"diagnostic_202001_forest_FALSE","Q117R2",4.73103699487693e-05,462
"diagnostic_202001_forest_FALSE","Q316R3",4.72228515039307e-05,463
"diagnostic_202001_forest_FALSE","Q741",4.72106248011112e-05,464
"diagnostic_202001_forest_FALSE","Q33R2",4.70043819141173e-05,465
"diagnostic_202001_forest_FALSE","Q162R8",4.67502365386262e-05,466
"diagnostic_202001_forest_FALSE","Q417_Q424R5",4.65728143027908e-05,467
"diagnostic_202001_forest_FALSE","Q225R8",4.63161466375977e-05,468
"diagnostic_202001_forest_FALSE","Q673",4.60899836204218e-05,469
"diagnostic_202001_forest_FALSE","Q429_Q440R5",4.6058721771153e-05,470
"diagnostic_202001_forest_FALSE","Q814",4.60014801268366e-05,471
"diagnostic_202001_forest_FALSE","Q217R3",4.58698384860347e-05,472
"diagnostic_202001_forest_FALSE","Q208R4",4.58684164245714e-05,473
"diagnostic_202001_forest_FALSE","NEWQ67",4.57202763241868e-05,474
"diagnostic_202001_forest_FALSE","Q561",4.5715588828547e-05,475
"diagnostic_202001_forest_FALSE","Q408",4.50438299138891e-05,476
"diagnostic_202001_forest_FALSE","Q472_Q474R1",4.47187168455157e-05,477
"diagnostic_202001_forest_FALSE","Q99R6",4.44967482179812e-05,478
"diagnostic_202001_forest_FALSE","Q77R7",4.44204322301328e-05,479
"diagnostic_202001_forest_FALSE","Q334",4.42697874746006e-05,480
"diagnostic_202001_forest_FALSE","Q162R5",4.40807672915672e-05,481
"diagnostic_202001_forest_FALSE","Q154R5",4.40343975354621e-05,482
"diagnostic_202001_forest_FALSE","Q99R11",4.39036079527226e-05,483
"diagnostic_202001_forest_FALSE","Q117R10",4.37394448610624e-05,484
"diagnostic_202001_forest_FALSE","Q467_Q469R1",4.36907644197292e-05,485
"diagnostic_202001_forest_FALSE","Q591_Q596R3",4.30665007348501e-05,486
"diagnostic_202001_forest_FALSE","Q62R2",4.28920212273497e-05,487
"diagnostic_202001_forest_FALSE","Q239R2",4.26669007808298e-05,488
"diagnostic_202001_forest_FALSE","Q619_Q626R8",4.25957317813967e-05,489
"diagnostic_202001_forest_FALSE","Q494_Q503R5",4.2588565045707e-05,490
"diagnostic_202001_forest_FALSE","Q13",4.24297846039195e-05,491
"diagnostic_202001_forest_FALSE","Q613",4.23848197355188e-05,492
"diagnostic_202001_forest_FALSE","Q494_Q503R6",4.22351177412163e-05,493
"diagnostic_202001_forest_FALSE","Q131R13",4.2172507213317e-05,494
"diagnostic_202001_forest_FALSE","Q701_Q705R4",4.19613171929665e-05,495
"diagnostic_202001_forest_FALSE","Q99R3",4.18171016148373e-05,496
"diagnostic_202001_forest_FALSE","Q706_Q708R3",4.13783346575976e-05,497
"diagnostic_202001_forest_FALSE","Q159R1",4.13075064437332e-05,498
"diagnostic_202001_forest_FALSE","Q494_Q503R4",4.10426490439262e-05,499
"diagnostic_202001_forest_FALSE","Q504R8",4.06876668275434e-05,500
"diagnostic_202001_forest_FALSE","Q513_Q516R1",4.03331648404736e-05,501
"diagnostic_202001_forest_FALSE","Q285",4.0221499626504e-05,502
"diagnostic_202001_forest_FALSE","S2_NATIVE",4.01976118732109e-05,503
"diagnostic_202001_forest_FALSE","Q194",4.00750848617595e-05,504
"diagnostic_202001_forest_FALSE","Q754_Q762R9",4.00697607549984e-05,505
"diagnostic_202001_forest_FALSE","Q818",4.00634821438493e-05,506
"diagnostic_202001_forest_FALSE","Q738_Q740R1",3.99319704851221e-05,507
"diagnostic_202001_forest_FALSE","Q676_Q678R3",3.96948703239805e-05,508
"diagnostic_202001_forest_FALSE","Q429_Q440R9",3.95697453930298e-05,509
"diagnostic_202001_forest_FALSE","Q93",3.95176713680099e-05,510
"diagnostic_202001_forest_FALSE","Q582",3.92993685435765e-05,511
"diagnostic_202001_forest_FALSE","Q504R3",3.89570261182978e-05,512
"diagnostic_202001_forest_FALSE","Q287R1",3.89279671986573e-05,513
"diagnostic_202001_forest_FALSE","Q685",3.88802455037537e-05,514
"diagnostic_202001_forest_FALSE","Q591_Q596R2",3.87746669590832e-05,515
"diagnostic_202001_forest_FALSE","Q551_Q559R1",3.84409630400349e-05,516
"diagnostic_202001_forest_FALSE","Q453",3.84109386409064e-05,517
"diagnostic_202001_forest_FALSE","S10_MEX",3.80361005146985e-05,518
"diagnostic_202001_forest_FALSE","Q273R5",3.79016698590319e-05,519
"diagnostic_202001_forest_FALSE","Q560R7",3.76026593361478e-05,520
"diagnostic_202001_forest_FALSE","Q261",3.73669554716717e-05,521
"diagnostic_202001_forest_FALSE","Q563_Q572R8",3.72197929963202e-05,522
"diagnostic_202001_forest_FALSE","Q417_Q424R4",3.7086144481561e-05,523
"diagnostic_202001_forest_FALSE","Q178R3",3.7055425625037e-05,524
"diagnostic_202001_forest_FALSE","Q42",3.69383499998806e-05,525
"diagnostic_202001_forest_FALSE","Q359R3",3.69294230054037e-05,526
"diagnostic_202001_forest_FALSE","Q187R4",3.68461468541169e-05,527
"diagnostic_202001_forest_FALSE","Q454",3.65869511442573e-05,528
"diagnostic_202001_forest_FALSE","Q709_712R4",3.65347433719495e-05,529
"diagnostic_202001_forest_FALSE","Q379",3.64499636914886e-05,530
"diagnostic_202001_forest_FALSE","Q280",3.62803263317761e-05,531
"diagnostic_202001_forest_FALSE","Q225R7",3.61668214684818e-05,532
"diagnostic_202001_forest_FALSE","Q532",3.60335779026236e-05,533
"diagnostic_202001_forest_FALSE","Q597_Q602R2",3.56517788660506e-05,534
"diagnostic_202001_forest_FALSE","Q715_718R4",3.55081087893336e-05,535
"diagnostic_202001_forest_FALSE","Q396_Q398R3",3.51250939334159e-05,536
"diagnostic_202001_forest_FALSE","Q407",3.49019237043639e-05,537
"diagnostic_202001_forest_FALSE","Q690",3.48855540498845e-05,538
"diagnostic_202001_forest_FALSE","Q505_Q508R2",3.48239754595234e-05,539
"diagnostic_202001_forest_FALSE","Q239R1",3.47438365199687e-05,540
"diagnostic_202001_forest_FALSE","Q484",3.47180847097264e-05,541
"diagnostic_202001_forest_FALSE","Q363",3.43006389711333e-05,542
"diagnostic_202001_forest_FALSE","Q441_Q452R1",3.39768357716866e-05,543
"diagnostic_202001_forest_FALSE","S2_M",3.38228859011248e-05,544
"diagnostic_202001_forest_FALSE","Q723_Q725R2",3.37641652946356e-05,545
"diagnostic_202001_forest_FALSE","Q732_Q737R4",3.37093663262502e-05,546
"diagnostic_202001_forest_FALSE","Q597_Q602R5",3.33794287549452e-05,547
"diagnostic_202001_forest_FALSE","Q77R4",3.33689407767845e-05,548
"diagnostic_202001_forest_FALSE","Q754_Q762R5",3.33530408816287e-05,549
"diagnostic_202001_forest_FALSE","Q487_Q489R1",3.30032644968126e-05,550
"diagnostic_202001_forest_FALSE","Q257BR3",3.29772908598574e-05,551
"diagnostic_202001_forest_FALSE","Q162R4",3.29564502283628e-05,552
"diagnostic_202001_forest_FALSE","Q639",3.25187985345167e-05,553
"diagnostic_202001_forest_FALSE","Q178R4",3.24022169902728e-05,554
"diagnostic_202001_forest_FALSE","Q672",3.18849271707864e-05,555
"diagnostic_202001_forest_FALSE","Q221R1",3.15019103756084e-05,556
"diagnostic_202001_forest_FALSE","Q255",3.14952258177018e-05,557
"diagnostic_202001_forest_FALSE","Q401_Q404R1",3.14442451600852e-05,558
"diagnostic_202001_forest_FALSE","Q217R4",3.14215562146497e-05,559
"diagnostic_202001_forest_FALSE","Q99R2",3.125211727346e-05,560
"diagnostic_202001_forest_FALSE","Q154R3",3.11997055992936e-05,561
"diagnostic_202001_forest_FALSE","Q411_Q416R2",3.10755737408239e-05,562
"diagnostic_202001_forest_FALSE","Q719",3.10552953449211e-05,563
"diagnostic_202001_forest_FALSE","Q399",3.09498765112298e-05,564
"diagnostic_202001_forest_FALSE","Q77R9",3.09456843154385e-05,565
"diagnostic_202001_forest_FALSE","Q640_Q645R2",3.09361293437416e-05,566
"diagnostic_202001_forest_FALSE","Q429_Q440R1",3.06654526093148e-05,567
"diagnostic_202001_forest_FALSE","Q286",3.0665230778025e-05,568
"diagnostic_202001_forest_FALSE","Q820",3.047307755611e-05,569
"diagnostic_202001_forest_FALSE","Q87",3.04240670690622e-05,570
"diagnostic_202001_forest_FALSE","Q429_Q440R3",3.0346288190932e-05,571
"diagnostic_202001_forest_FALSE","Q257AR3",3.01616058409939e-05,572
"diagnostic_202001_forest_FALSE","Q529",2.9982030938969e-05,573
"diagnostic_202001_forest_FALSE","Q628",2.99315808397087e-05,574
"diagnostic_202001_forest_FALSE","Q62R3",2.96961766939967e-05,575
"diagnostic_202001_forest_FALSE","S2_RACE_PRIME",2.95983721102292e-05,576
"diagnostic_202001_forest_FALSE","Q273R3",2.95008421518731e-05,577
"diagnostic_202001_forest_FALSE","Q46",2.93950220734774e-05,578
"diagnostic_202001_forest_FALSE","Q184R3",2.89912972648933e-05,579
"diagnostic_202001_forest_FALSE","Q381_Q383R1",2.83420328898681e-05,580
"diagnostic_202001_forest_FALSE","Q767_Q771R5",2.82711224762485e-05,581
"diagnostic_202001_forest_FALSE","Q272",2.82544705158546e-05,582
"diagnostic_202001_forest_FALSE","Q441_Q452R10",2.81676345921454e-05,583
"diagnostic_202001_forest_FALSE","Q257BR1",2.81118761853823e-05,584
"diagnostic_202001_forest_FALSE","Q795",2.78907318606216e-05,585
"diagnostic_202001_forest_FALSE","Q754_Q762R6",2.76805393186175e-05,586
"diagnostic_202001_forest_FALSE","Q151",2.75496962488249e-05,587
"diagnostic_202001_forest_FALSE","Q575_Q581R4",2.74929960048259e-05,588
"diagnostic_202001_forest_FALSE","Q182",2.74528169020654e-05,589
"diagnostic_202001_forest_FALSE","Q646_Q651R3",2.74378701164689e-05,590
"diagnostic_202001_forest_FALSE","Q429_Q440R10",2.72730609635047e-05,591
"diagnostic_202001_forest_FALSE","Q111R2",2.715043105911e-05,592
"diagnostic_202001_forest_FALSE","Q478_Q483R2",2.70471871939281e-05,593
"diagnostic_202001_forest_FALSE","Q401_Q404R4",2.68897649103348e-05,594
"diagnostic_202001_forest_FALSE","Q70R3",2.6381737071841e-05,595
"diagnostic_202001_forest_FALSE","Q250R2",2.61791187427743e-05,596
"diagnostic_202001_forest_FALSE","Q69",2.6164286524445e-05,597
"diagnostic_202001_forest_FALSE","Q563_Q572R4",2.59804114891641e-05,598
"diagnostic_202001_forest_FALSE","Q754_Q762R8",2.53906249459053e-05,599
"diagnostic_202001_forest_FALSE","Q152",2.52937185377479e-05,600
"diagnostic_202001_forest_FALSE","Q117R1",2.5271529906424e-05,601
"diagnostic_202001_forest_FALSE","Q287R4",2.52173089785883e-05,602
"diagnostic_202001_forest_FALSE","Q619_Q626R2",2.51209418225567e-05,603
"diagnostic_202001_forest_FALSE","Q254",2.50092494993412e-05,604
"diagnostic_202001_forest_FALSE","Q271",2.49620170354748e-05,605
"diagnostic_202001_forest_FALSE","Q153",2.49375412691873e-05,606
"diagnostic_202001_forest_FALSE","Q667_Q671R1",2.4788469199437e-05,607
"diagnostic_202001_forest_FALSE","Q267",2.46784352777932e-05,608
"diagnostic_202001_forest_FALSE","Q535_Q538R3",2.43923150913647e-05,609
"diagnostic_202001_forest_FALSE","Q802",2.43495241901353e-05,610
"diagnostic_202001_forest_FALSE","Q316R7",2.42487602702363e-05,611
"diagnostic_202001_forest_FALSE","Q368",2.41814502006345e-05,612
"diagnostic_202001_forest_FALSE","Q476",2.41301147622842e-05,613
"diagnostic_202001_forest_FALSE","Q380",2.35936253539135e-05,614
"diagnostic_202001_forest_FALSE","Q75",2.34866325148932e-05,615
"diagnostic_202001_forest_FALSE","Q131R9",2.31064858821633e-05,616
"diagnostic_202001_forest_FALSE","Q45",2.27363338836539e-05,617
"diagnostic_202001_forest_FALSE","Q546R7",2.26892000849193e-05,618
"diagnostic_202001_forest_FALSE","Q162R3",2.24438453001928e-05,619
"diagnostic_202001_forest_FALSE","Q47",2.23235301790232e-05,620
"diagnostic_202001_forest_FALSE","Q767_Q771R1",2.22471177983557e-05,621
"diagnostic_202001_forest_FALSE","Q221R4",2.18025731479609e-05,622
"diagnostic_202001_forest_FALSE","Q597_Q602R4",2.17541044817493e-05,623
"diagnostic_202001_forest_FALSE","Q370",2.14569168917426e-05,624
"diagnostic_202001_forest_FALSE","S11",2.12285854025171e-05,625
"diagnostic_202001_forest_FALSE","S1",2.10554570451011e-05,626
"diagnostic_202001_forest_FALSE","Q676_Q678R2",2.0881624131996e-05,627
"diagnostic_202001_forest_FALSE","Q41",2.07367367866264e-05,628
"diagnostic_202001_forest_FALSE","Q411_Q416R6",2.02160436734512e-05,629
"diagnostic_202001_forest_FALSE","Q747",2.02121823091002e-05,630
"diagnostic_202001_forest_FALSE","Q640_Q645R4",2.01939666988133e-05,631
"diagnostic_202001_forest_FALSE","Q225R3",2.01352672032582e-05,632
"diagnostic_202001_forest_FALSE","Q646_Q651R9",1.99854066275718e-05,633
"diagnostic_202001_forest_FALSE","Q391_Q393R3",1.99740152615495e-05,634
"diagnostic_202001_forest_FALSE","Q201",1.9923689955423e-05,635
"diagnostic_202001_forest_FALSE","Q111R5",1.988955814042e-05,636
"diagnostic_202001_forest_FALSE","Q754_Q762R2",1.97337803366804e-05,637
"diagnostic_202001_forest_FALSE","Q723_Q725R1",1.94796873403279e-05,638
"diagnostic_202001_forest_FALSE","Q732_Q737R6",1.92180648947781e-05,639
"diagnostic_202001_forest_FALSE","Q441_Q452R11",1.89663554904728e-05,640
"diagnostic_202001_forest_FALSE","Q640_Q645R1",1.8898166445957e-05,641
"diagnostic_202001_forest_FALSE","Q258",1.87274663953776e-05,642
"diagnostic_202001_forest_FALSE","Q441_Q452R4",1.86517831363354e-05,643
"diagnostic_202001_forest_FALSE","Q99R10",1.84320010322186e-05,644
"diagnostic_202001_forest_FALSE","Q294",1.80052737754278e-05,645
"diagnostic_202001_forest_FALSE","Q316R2",1.77765583600895e-05,646
"diagnostic_202001_forest_FALSE","Q667_Q671R5",1.76798276654291e-05,647
"diagnostic_202001_forest_FALSE","Q257CR2",1.75772148265649e-05,648
"diagnostic_202001_forest_FALSE","Q754_Q762R3",1.750817695136e-05,649
"diagnostic_202001_forest_FALSE","Q84",1.75037957560916e-05,650
"diagnostic_202001_forest_FALSE","Q62R1",1.73290257275282e-05,651
"diagnostic_202001_forest_FALSE","Q661",1.72924384880675e-05,652
"diagnostic_202001_forest_FALSE","Q343R1",1.7260514889165e-05,653
"diagnostic_202001_forest_FALSE","Q184R2",1.72197755530072e-05,654
"diagnostic_202001_forest_FALSE","Q720_Q722R2",1.68483491776817e-05,655
"diagnostic_202001_forest_FALSE","Q727_Q731R5",1.65781261764503e-05,656
"diagnostic_202001_forest_FALSE","Q62R4",1.65647802848457e-05,657
"diagnostic_202001_forest_FALSE","Q411_Q416R4",1.64394366241693e-05,658
"diagnostic_202001_forest_FALSE","Q456_Q461R3",1.61233028864879e-05,659
"diagnostic_202001_forest_FALSE","S7",1.61227700859222e-05,660
"diagnostic_202001_forest_FALSE","Q270",1.60140577058684e-05,661
"diagnostic_202001_forest_FALSE","Q573",1.57132699229692e-05,662
"diagnostic_202001_forest_FALSE","S3B",1.55283628675412e-05,663
"diagnostic_202001_forest_FALSE","Q273R4",1.54223574389733e-05,664
"diagnostic_202001_forest_FALSE","Q754_Q762R7",1.52790151502826e-05,665
"diagnostic_202001_forest_FALSE","Q425",1.49670969798204e-05,666
"diagnostic_202001_forest_FALSE","Q117R9",1.49313151990494e-05,667
"diagnostic_202001_forest_FALSE","Q560R5",1.47377936419969e-05,668
"diagnostic_202001_forest_FALSE","Q788",1.47152227865554e-05,669
"diagnostic_202001_forest_FALSE","Q701_Q705R1",1.44983644155197e-05,670
"diagnostic_202001_forest_FALSE","Q752",1.44312520491964e-05,671
"diagnostic_202001_forest_FALSE","Q534",1.43834617880219e-05,672
"diagnostic_202001_forest_FALSE","Q652_Q658R2",1.4374473352672e-05,673
"diagnostic_202001_forest_FALSE","Q585_Q590R2",1.43674015683902e-05,674
"diagnostic_202001_forest_FALSE","Q316R6",1.43208679893605e-05,675
"diagnostic_202001_forest_FALSE","Q365",1.42272578113778e-05,676
"diagnostic_202001_forest_FALSE","Q505_Q508R1",1.31483343653454e-05,677
"diagnostic_202001_forest_FALSE","Q146",1.31112149589984e-05,678
"diagnostic_202001_forest_FALSE","Q243R2",1.31109672391365e-05,679
"diagnostic_202001_forest_FALSE","Q531",1.30087033129857e-05,680
"diagnostic_202001_forest_FALSE","Q646_Q651R1",1.22264344771487e-05,681
"diagnostic_202001_forest_FALSE","Q493",1.2105227305609e-05,682
"diagnostic_202001_forest_FALSE","Q563_Q572R3",1.20456549125385e-05,683
"diagnostic_202001_forest_FALSE","Q563_Q572R2",1.14207115112327e-05,684
"diagnostic_202001_forest_FALSE","Q727_Q731R2",1.0697810439515e-05,685
"diagnostic_202001_forest_FALSE","Q715_718R3",1.03249993509703e-05,686
"diagnostic_202001_forest_FALSE","Q754_Q762R4",1.02858024376977e-05,687
"diagnostic_202001_forest_FALSE","Q652_Q658R3",1.00537757620302e-05,688
"diagnostic_202001_forest_FALSE","Q405",9.85181310141306e-06,689
"diagnostic_202001_forest_FALSE","Q738_Q740R2",9.69004448251005e-06,690
"diagnostic_202001_forest_FALSE","Q17",9.63329803029111e-06,691
"diagnostic_202001_forest_FALSE","Q691",9.56501989568893e-06,692
"diagnostic_202001_forest_FALSE","Q585_Q590R5",9.55083249206457e-06,693
"diagnostic_202001_forest_FALSE","Q154R2",9.32143463754356e-06,694
"diagnostic_202001_forest_FALSE","Q585_Q590R6",9.28257235536982e-06,695
"diagnostic_202001_forest_FALSE","Q640_Q645R6",9.0802645404466e-06,696
"diagnostic_202001_forest_FALSE","Q487_Q489R2",7.70119718153235e-06,697
"diagnostic_202001_forest_FALSE","Q646_Q651R6",7.49427572649863e-06,698
"diagnostic_202001_forest_FALSE","Q221R3",7.21963975415618e-06,699
"diagnostic_202001_forest_FALSE","Q732_Q737R2",6.68442421086967e-06,700
"diagnostic_202001_forest_FALSE","Q269",6.26007796978981e-06,701
"diagnostic_202001_forest_FALSE","Q40",5.68382305717897e-06,702
"diagnostic_202001_forest_FALSE","Q85",5.5910918957026e-06,703
"diagnostic_202001_forest_FALSE","Q395",5.20100549627881e-06,704
"diagnostic_202001_forest_FALSE","Q646_Q651R11",5.07837142010672e-06,705
"diagnostic_202001_forest_FALSE","Q667_Q671R2",3.99173635973038e-06,706
"diagnostic_202001_forest_FALSE","Q257CR1",3.51309905691908e-06,707
"diagnostic_202001_forest_FALSE","S2_RACE",0,708
"diagnostic_202001_forest_FALSE","Q20",0,708
"diagnostic_202001_forest_FALSE","Q33R3",0,708
"diagnostic_202001_forest_FALSE","Q57",0,708
"diagnostic_202001_forest_FALSE","Q70R5",0,708
"diagnostic_202001_forest_FALSE","Q77R2",0,708
"diagnostic_202001_forest_FALSE","Q85B",0,708
"diagnostic_202001_forest_FALSE","Q97",0,708
"diagnostic_202001_forest_FALSE","Q99R5",0,708
"diagnostic_202001_forest_FALSE","Q99R7",0,708
"diagnostic_202001_forest_FALSE","Q99R8",0,708
"diagnostic_202001_forest_FALSE","Q111R1",0,708
"diagnostic_202001_forest_FALSE","Q117R4",0,708
"diagnostic_202001_forest_FALSE","Q117R5",0,708
"diagnostic_202001_forest_FALSE","Q117R6",0,708
"diagnostic_202001_forest_FALSE","Q117R12",0,708
"diagnostic_202001_forest_FALSE","Q148",0,708
"diagnostic_202001_forest_FALSE","Q150",0,708
"diagnostic_202001_forest_FALSE","Q170",0,708
"diagnostic_202001_forest_FALSE","Q172R3",0,708
"diagnostic_202001_forest_FALSE","Q175R1",0,708
"diagnostic_202001_forest_FALSE","Q175R3",0,708
"diagnostic_202001_forest_FALSE","Q187R3",0,708
"diagnostic_202001_forest_FALSE","Q192",0,708
"diagnostic_202001_forest_FALSE","Q199",0,708
"diagnostic_202001_forest_FALSE","Q200",0,708
"diagnostic_202001_forest_FALSE","Q204",0,708
"diagnostic_202001_forest_FALSE","Q208R5",0,708
"diagnostic_202001_forest_FALSE","Q243R1",0,708
"diagnostic_202001_forest_FALSE","Q252",0,708
"diagnostic_202001_forest_FALSE","Q253",0,708
"diagnostic_202001_forest_FALSE","Q260",0,708
"diagnostic_202001_forest_FALSE","Q278",0,708
"diagnostic_202001_forest_FALSE","Q283",0,708
"diagnostic_202001_forest_FALSE","Q287R5",0,708
"diagnostic_202001_forest_FALSE","Q316R1",0,708
"diagnostic_202001_forest_FALSE","Q316R5",0,708
"diagnostic_202001_forest_FALSE","Q331",0,708
"diagnostic_202001_forest_FALSE","Q339",0,708
"diagnostic_202001_forest_FALSE","Q343R3",0,708
"diagnostic_202001_forest_FALSE","Q356",0,708
"diagnostic_202001_forest_FALSE","Q357",0,708
"diagnostic_202001_forest_FALSE","Q367",0,708
"diagnostic_202001_forest_FALSE","Q371",0,708
"diagnostic_202001_forest_FALSE","Q372",0,708
"diagnostic_202001_forest_FALSE","Q378",0,708
"diagnostic_202001_forest_FALSE","Q391_Q393R1",0,708
"diagnostic_202001_forest_FALSE","Q391_Q393R2",0,708
"diagnostic_202001_forest_FALSE","Q394",0,708
"diagnostic_202001_forest_FALSE","Q396_Q398R1",0,708
"diagnostic_202001_forest_FALSE","Q400",0,708
"diagnostic_202001_forest_FALSE","Q401_Q404R3",0,708
"diagnostic_202001_forest_FALSE","Q406",0,708
"diagnostic_202001_forest_FALSE","Q429_Q440R2",0,708
"diagnostic_202001_forest_FALSE","Q441_Q452R3",0,708
"diagnostic_202001_forest_FALSE","Q441_Q452R6",0,708
"diagnostic_202001_forest_FALSE","Q441_Q452R7",0,708
"diagnostic_202001_forest_FALSE","Q441_Q452R8",0,708
"diagnostic_202001_forest_FALSE","Q441_Q452R12",0,708
"diagnostic_202001_forest_FALSE","Q455",0,708
"diagnostic_202001_forest_FALSE","Q456_Q461R1",0,708
"diagnostic_202001_forest_FALSE","Q456_Q461R2",0,708
"diagnostic_202001_forest_FALSE","Q462",0,708
"diagnostic_202001_forest_FALSE","Q463",0,708
"diagnostic_202001_forest_FALSE","Q466",0,708
"diagnostic_202001_forest_FALSE","Q467_Q469R3",0,708
"diagnostic_202001_forest_FALSE","Q470",0,708
"diagnostic_202001_forest_FALSE","Q477",0,708
"diagnostic_202001_forest_FALSE","Q494_Q503R1",0,708
"diagnostic_202001_forest_FALSE","Q494_Q503R2",0,708
"diagnostic_202001_forest_FALSE","Q494_Q503R7",0,708
"diagnostic_202001_forest_FALSE","Q494_Q503R9",0,708
"diagnostic_202001_forest_FALSE","Q494_Q503R10",0,708
"diagnostic_202001_forest_FALSE","Q505_Q508R4",0,708
"diagnostic_202001_forest_FALSE","Q509_Q511R2",0,708
"diagnostic_202001_forest_FALSE","Q521_Q528R3",0,708
"diagnostic_202001_forest_FALSE","Q521_Q528R8",0,708
"diagnostic_202001_forest_FALSE","Q541",0,708
"diagnostic_202001_forest_FALSE","Q542",0,708
"diagnostic_202001_forest_FALSE","Q543",0,708
"diagnostic_202001_forest_FALSE","Q551_Q559R5",0,708
"diagnostic_202001_forest_FALSE","Q563_Q572R7",0,708
"diagnostic_202001_forest_FALSE","Q574",0,708
"diagnostic_202001_forest_FALSE","Q583",0,708
"diagnostic_202001_forest_FALSE","Q585_Q590R1",0,708
"diagnostic_202001_forest_FALSE","Q585_Q590R3",0,708
"diagnostic_202001_forest_FALSE","Q585_Q590R4",0,708
"diagnostic_202001_forest_FALSE","Q611",0,708
"diagnostic_202001_forest_FALSE","Q615",0,708
"diagnostic_202001_forest_FALSE","Q630_Q632R1",0,708
"diagnostic_202001_forest_FALSE","Q630_Q632R2",0,708
"diagnostic_202001_forest_FALSE","Q640_Q645R3",0,708
"diagnostic_202001_forest_FALSE","Q640_Q645R5",0,708
"diagnostic_202001_forest_FALSE","Q646_Q651R2",0,708
"diagnostic_202001_forest_FALSE","Q646_Q651R5",0,708
"diagnostic_202001_forest_FALSE","Q646_Q651R7",0,708
"diagnostic_202001_forest_FALSE","Q646_Q651R8",0,708
"diagnostic_202001_forest_FALSE","Q646_Q651R10",0,708
"diagnostic_202001_forest_FALSE","Q652_Q658R1",0,708
"diagnostic_202001_forest_FALSE","Q652_Q658R6",0,708
"diagnostic_202001_forest_FALSE","Q662",0,708
"diagnostic_202001_forest_FALSE","Q663_Q666R2",0,708
"diagnostic_202001_forest_FALSE","Q679_Q682R2",0,708
"diagnostic_202001_forest_FALSE","Q686",0,708
"diagnostic_202001_forest_FALSE","Q688",0,708
"diagnostic_202001_forest_FALSE","Q692",0,708
"diagnostic_202001_forest_FALSE","Q701_Q705R3",0,708
"diagnostic_202001_forest_FALSE","Q709_712R2",0,708
"diagnostic_202001_forest_FALSE","Q713",0,708
"diagnostic_202001_forest_FALSE","Q714",0,708
"diagnostic_202001_forest_FALSE","Q715_718R1",0,708
"diagnostic_202001_forest_FALSE","Q732_Q737R3",0,708
"diagnostic_202001_forest_FALSE","Q746A",0,708
"diagnostic_202001_forest_FALSE","Q763_Q766R3",0,708
"diagnostic_202001_forest_FALSE","Q763_Q766R4",0,708
"diagnostic_202001_forest_FALSE","Q767_Q771R2",0,708
"diagnostic_202001_forest_FALSE","Q767_Q771R3",0,708
"diagnostic_202001_forest_FALSE","Q767_Q771R4",0,708
"diagnostic_202001_forest_FALSE","Q816",0,708
"primary_202001_forest_FALSE","Q21",0.0679824128276126,1
"primary_202001_forest_FALSE","Q24",0.0476343494209822,2
"primary_202001_forest_FALSE","Q25",0.0427394248605667,3
"primary_202001_forest_FALSE","Q543",0.034478681360541,4
"primary_202001_forest_FALSE","Q1",0.0262288432745443,5
"primary_202001_forest_FALSE","Q606",0.0196903699850686,6
"primary_202001_forest_FALSE","Q22",0.0188107756964436,7
"primary_202001_forest_FALSE","Q358",0.015548427286331,8
"primary_202001_forest_FALSE","Q308R7",0.0118851338373151,9
"primary_202001_forest_FALSE","Q607_Q610R2",0.00938214227118398,10
"primary_202001_forest_FALSE","Q23",0.00937384405513774,11
"primary_202001_forest_FALSE","Q504R6",0.00889120739570452,12
"primary_202001_forest_FALSE","Q28",0.00863574524337131,13
"primary_202001_forest_FALSE","Q607_Q610R1",0.0040383626581516,14
"primary_202001_forest_FALSE","Q27",0.00372988172541497,15
"primary_202001_forest_FALSE","Q607_Q610R4",0.00282823928095248,16
"primary_202001_forest_FALSE","Q308R2",0.00281309086910496,17
"primary_202001_forest_FALSE","Q184R1",0.00278143944117941,18
"primary_202001_forest_FALSE","Q607_Q610R3",0.00247884090786734,19
"primary_202001_forest_FALSE","Q308R5",0.00242083375229901,20
"primary_202001_forest_FALSE","Q43",0.00235403050610344,21
"primary_202001_forest_FALSE","Q485",0.00222695448067166,22
"primary_202001_forest_FALSE","Q359R2",0.00204467513018828,23
"primary_202001_forest_FALSE","Q225R11",0.00188791715233752,24
"primary_202001_forest_FALSE","Q619_Q626R5",0.00178441265098064,25
"primary_202001_forest_FALSE","Q26",0.00168323976668858,26
"primary_202001_forest_FALSE","Q683",0.00160465112526783,27
"primary_202001_forest_FALSE","Q33R3",0.00158258190384478,28
"primary_202001_forest_FALSE","Q743",0.00148237235608544,29
"primary_202001_forest_FALSE","Q308R6",0.00144710377248725,30
"primary_202001_forest_FALSE","Q709_712R1",0.00135831051595486,31
"primary_202001_forest_FALSE","Q619_Q626R6",0.00133151708117756,32
"primary_202001_forest_FALSE","Q428",0.00131075554240944,33
"primary_202001_forest_FALSE","Q117R11",0.00128709895657469,34
"primary_202001_forest_FALSE","Q563_Q572R6",0.00128632069085333,35
"primary_202001_forest_FALSE","Q539",0.0012796493432753,36
"primary_202001_forest_FALSE","Q131R8",0.00117102775002148,37
"primary_202001_forest_FALSE","Q384R1",0.00116693521032128,38
"primary_202001_forest_FALSE","Q131R3",0.0011656506008358,39
"primary_202001_forest_FALSE","Q504R4",0.00110699029353393,40
"primary_202001_forest_FALSE","Q368",0.00108729860994422,41
"primary_202001_forest_FALSE","Q745",0.00104088786744169,42
"primary_202001_forest_FALSE","Q183",0.00102781606997534,43
"primary_202001_forest_FALSE","Q225R10",0.00101027522926916,44
"primary_202001_forest_FALSE","Q773",0.000926915192658149,45
"primary_202001_forest_FALSE","Q366",0.000905877987420878,46
"primary_202001_forest_FALSE","Q217R1",0.000901103014968727,47
"primary_202001_forest_FALSE","Q359R1",0.000890125458398528,48
"primary_202001_forest_FALSE","Q208R5",0.000888649840032565,49
"primary_202001_forest_FALSE","Q131R10",0.000875321360701048,50
"primary_202001_forest_FALSE","Q295",0.000867302914184151,51
"primary_202001_forest_FALSE","VQ773",0.000860036914299253,52
"primary_202001_forest_FALSE","Q475",0.000844546735313168,53
"primary_202001_forest_FALSE","Q417_Q424R5",0.000840601932296938,54
"primary_202001_forest_FALSE","Q32",0.000783998582691103,55
"primary_202001_forest_FALSE","Q315",0.000757418786298386,56
"primary_202001_forest_FALSE","Q225R14",0.000756153065840714,57
"primary_202001_forest_FALSE","Q154R1",0.000755022983925082,58
"primary_202001_forest_FALSE","Q603",0.000733648653697547,59
"primary_202001_forest_FALSE","Q706_Q708R1",0.000731428644947408,60
"primary_202001_forest_FALSE","Q76",0.000714400021207539,61
"primary_202001_forest_FALSE","Q329",0.000710566738824227,62
"primary_202001_forest_FALSE","Q42",0.000710295367160776,63
"primary_202001_forest_FALSE","Q693_Q700R6",0.000709390279393364,64
"primary_202001_forest_FALSE","Q563_Q572R10",0.000674273457872129,65
"primary_202001_forest_FALSE","Q629",0.000652738946472049,66
"primary_202001_forest_FALSE","Q563_Q572R3",0.000652698110166859,67
"primary_202001_forest_FALSE","Q691",0.000651589669721459,68
"primary_202001_forest_FALSE","Q417_Q424R2",0.000639063368222589,69
"primary_202001_forest_FALSE","Q619_Q626R4",0.000627952648007613,70
"primary_202001_forest_FALSE","Q417_Q424R3",0.000610624160255945,71
"primary_202001_forest_FALSE","Q774",0.000598437410710254,72
"primary_202001_forest_FALSE","Q184R3",0.000576688904047238,73
"primary_202001_forest_FALSE","Q563_Q572R9",0.000574752457147399,74
"primary_202001_forest_FALSE","Q794",0.000568468642736952,75
"primary_202001_forest_FALSE","Q131R2",0.000564773208425391,76
"primary_202001_forest_FALSE","Q131R9",0.000561814376311559,77
"primary_202001_forest_FALSE","Q520",0.00055797972891489,78
"primary_202001_forest_FALSE","Q301",0.000549245966854429,79
"primary_202001_forest_FALSE","Q225R5",0.000545670782625798,80
"primary_202001_forest_FALSE","Q513_Q516R3",0.000540245520032051,81
"primary_202001_forest_FALSE","Q584",0.000532433742241344,82
"primary_202001_forest_FALSE","Q619_Q626R8",0.000530008723831584,83
"primary_202001_forest_FALSE","Q308R1",0.000529697425338523,84
"primary_202001_forest_FALSE","Q117R13",0.000517886528050201,85
"primary_202001_forest_FALSE","Q213R4",0.00051720098923213,86
"primary_202001_forest_FALSE","Q144",0.000516163325469557,87
"primary_202001_forest_FALSE","Q332",0.000494324344640852,88
"primary_202001_forest_FALSE","Q287R6",0.00049306189024973,89
"primary_202001_forest_FALSE","S10",0.000492442562378987,90
"primary_202001_forest_FALSE","Q131R5",0.000479428029857655,91
"primary_202001_forest_FALSE","Q99R10",0.000477144172326449,92
"primary_202001_forest_FALSE","Q726",0.00045088893112926,93
"primary_202001_forest_FALSE","Q60",0.000448719607496129,94
"primary_202001_forest_FALSE","Q619_Q626R2",0.000441929250066878,95
"primary_202001_forest_FALSE","Q33R4",0.000429810048012123,96
"primary_202001_forest_FALSE","VQ774",0.000428791482919896,97
"primary_202001_forest_FALSE","Q116",0.000428757412618752,98
"primary_202001_forest_FALSE","Q504R2",0.000422309322132024,99
"primary_202001_forest_FALSE","Q257AR3",0.000420796860946202,100
"primary_202001_forest_FALSE","Q504R3",0.00041805992606006,101
"primary_202001_forest_FALSE","Q633",0.000415307751407054,102
"primary_202001_forest_FALSE","Q265",0.000413457079430618,103
"primary_202001_forest_FALSE","Q213R3",0.000413058581187405,104
"primary_202001_forest_FALSE","S4",0.000411973303513231,105
"primary_202001_forest_FALSE","Q131R7",0.000411129384528918,106
"primary_202001_forest_FALSE","Q330",0.000407380430497818,107
"primary_202001_forest_FALSE","Q250R1",0.000400184680454828,108
"primary_202001_forest_FALSE","Q331",0.000397401266593394,109
"primary_202001_forest_FALSE","Q425",0.000395876826073143,110
"primary_202001_forest_FALSE","Q348",0.000389067114260335,111
"primary_202001_forest_FALSE","Q782",0.000387805265714887,112
"primary_202001_forest_FALSE","Q343R3",0.000383822860097287,113
"primary_202001_forest_FALSE","Q563_Q572R5",0.000381997743253432,114
"primary_202001_forest_FALSE","Q385",0.000379069080787928,115
"primary_202001_forest_FALSE","Q490",0.000377542876763578,116
"primary_202001_forest_FALSE","Q800",0.000377145747790193,117
"primary_202001_forest_FALSE","Q131R11",0.000375422492906713,118
"primary_202001_forest_FALSE","Q371",0.000374529744814072,119
"primary_202001_forest_FALSE","Q693_Q700R3",0.000372576231528074,120
"primary_202001_forest_FALSE","Q797",0.000364321845390607,121
"primary_202001_forest_FALSE","Q417_Q424R6",0.000360122137726842,122
"primary_202001_forest_FALSE","Q187R4",0.00035545312712251,123
"primary_202001_forest_FALSE","Q742",0.000354638026228203,124
"primary_202001_forest_FALSE","Q145",0.000350928280845457,125
"primary_202001_forest_FALSE","Q518",0.000350792001737773,126
"primary_202001_forest_FALSE","Q790",0.000350203652467554,127
"primary_202001_forest_FALSE","Q478_Q483R6",0.000349296605547221,128
"primary_202001_forest_FALSE","Q187R1",0.000345244897027302,129
"primary_202001_forest_FALSE","Q213R2",0.000344729797289965,130
"primary_202001_forest_FALSE","Q162R1",0.000343469329097258,131
"primary_202001_forest_FALSE","Q377",0.000339603277516767,132
"primary_202001_forest_FALSE","Q693_Q700R5",0.000330841062277455,133
"primary_202001_forest_FALSE","Q417_Q424R8",0.000329460865629408,134
"primary_202001_forest_FALSE","Q202",0.000327575773885151,135
"primary_202001_forest_FALSE","Q273R1",0.000325053615111657,136
"primary_202001_forest_FALSE","Q62R1",0.000320765435219108,137
"primary_202001_forest_FALSE","Q178R3",0.000319280837524097,138
"primary_202001_forest_FALSE","Q478_Q483R1",0.000318216276836898,139
"primary_202001_forest_FALSE","Q429_Q440R11",0.000315768795585448,140
"primary_202001_forest_FALSE","Q808",0.000314581314333029,141
"primary_202001_forest_FALSE","Q239R3",0.000312213235284406,142
"primary_202001_forest_FALSE","Q693_Q700R4",0.000307108764866008,143
"primary_202001_forest_FALSE","Q582",0.00030586685108935,144
"primary_202001_forest_FALSE","Q213R1",0.000303279787307137,145
"primary_202001_forest_FALSE","Q563_Q572R7",0.000303122391265995,146
"primary_202001_forest_FALSE","Q217R2",0.000302846628591498,147
"primary_202001_forest_FALSE","Q560R2",0.000301706831501346,148
"primary_202001_forest_FALSE","Q744",0.000300910368023895,149
"primary_202001_forest_FALSE","Q131R6",0.000300374452305222,150
"primary_202001_forest_FALSE","Q754_Q762R1",0.000300082187852607,151
"primary_202001_forest_FALSE","Q225R4",0.000298625341410488,152
"primary_202001_forest_FALSE","Q110",0.000297130885418227,153
"primary_202001_forest_FALSE","Q62R5",0.00029233964432636,154
"primary_202001_forest_FALSE","Q239R4",0.000292256453434869,155
"primary_202001_forest_FALSE","Q779",0.000289575728270326,156
"primary_202001_forest_FALSE","Q619_Q626R7",0.00028884519911562,157
"primary_202001_forest_FALSE","Q131R1",0.000288637325919163,158
"primary_202001_forest_FALSE","Q99R9",0.000287515240477342,159
"primary_202001_forest_FALSE","Q604_Q605R2",0.000287428445212337,160
"primary_202001_forest_FALSE","Q659",0.000287347260781641,161
"primary_202001_forest_FALSE","Q417_Q424R4",0.000282901564328916,162
"primary_202001_forest_FALSE","Q77R3",0.000281103806782341,163
"primary_202001_forest_FALSE","Q308R3",0.000280998209344506,164
"primary_202001_forest_FALSE","Q250R8",0.0002787909119036,165
"primary_202001_forest_FALSE","Q99R4",0.000277915166249759,166
"primary_202001_forest_FALSE","Q316R7",0.000274397375012979,167
"primary_202001_forest_FALSE","Q429_Q440R8",0.000274278703085225,168
"primary_202001_forest_FALSE","Q793",0.000273730440208066,169
"primary_202001_forest_FALSE","Q806",0.00027372950124982,170
"primary_202001_forest_FALSE","Q257CR3",0.000272978627550283,171
"primary_202001_forest_FALSE","Q519",0.00027067708314633,172
"primary_202001_forest_FALSE","Q117R8",0.000270381255017911,173
"primary_202001_forest_FALSE","Q799",0.000266606108490588,174
"primary_202001_forest_FALSE","Q117R5",0.000266443594518339,175
"primary_202001_forest_FALSE","Q545R7",0.000263977981287497,176
"primary_202001_forest_FALSE","Q491",0.00026378137975054,177
"primary_202001_forest_FALSE","Q287R2",0.00026189866552205,178
"primary_202001_forest_FALSE","Q38",0.000261145678333758,179
"primary_202001_forest_FALSE","Q560R8",0.000259479238430214,180
"primary_202001_forest_FALSE","Q205",0.000258274698836538,181
"primary_202001_forest_FALSE","Q487_Q489R3",0.000258265446220401,182
"primary_202001_forest_FALSE","Q701_Q705R1",0.000256413662275533,183
"primary_202001_forest_FALSE","Q207",0.000255448612395382,184
"primary_202001_forest_FALSE","Q287R3",0.000252859581753828,185
"primary_202001_forest_FALSE","Q619_Q626R1",0.000250927699878631,186
"primary_202001_forest_FALSE","Q494_Q503R2",0.000250104731872019,187
"primary_202001_forest_FALSE","Q44",0.000249196692040721,188
"primary_202001_forest_FALSE","Q33R2",0.000248267696487522,189
"primary_202001_forest_FALSE","Q33R1",0.000246926928324689,190
"primary_202001_forest_FALSE","S5",0.000246806617123812,191
"primary_202001_forest_FALSE","Q333",0.000245247412526909,192
"primary_202001_forest_FALSE","Q184R2",0.000242124994985226,193
"primary_202001_forest_FALSE","Q679_Q682R4",0.000240732534914385,194
"primary_202001_forest_FALSE","Q378",0.000240361004828454,195
"primary_202001_forest_FALSE","Q225R13",0.000239771293023682,196
"primary_202001_forest_FALSE","Q208R3",0.000239640597403358,197
"primary_202001_forest_FALSE","Q117R4",0.000238956067698078,198
"primary_202001_forest_FALSE","Q453",0.000238262469348712,199
"primary_202001_forest_FALSE","Q675",0.000237860338808197,200
"primary_202001_forest_FALSE","Q455",0.000236530088016379,201
"primary_202001_forest_FALSE","Q706_Q708R2",0.000235811587375162,202
"primary_202001_forest_FALSE","Q456_Q461R2",0.000235095229628292,203
"primary_202001_forest_FALSE","Q39",0.000234449057034593,204
"primary_202001_forest_FALSE","Q750",0.00023389927265513,205
"primary_202001_forest_FALSE","Q560R1",0.00023160728369148,206
"primary_202001_forest_FALSE","Q709_712R4",0.0002301849244923,207
"primary_202001_forest_FALSE","Q551_Q559R1",0.000229320575738972,208
"primary_202001_forest_FALSE","Q798",0.000227144283127401,209
"primary_202001_forest_FALSE","Q58",0.000226223769887765,210
"primary_202001_forest_FALSE","Q281",0.000225183269876691,211
"primary_202001_forest_FALSE","Q225R7",0.000224357217316665,212
"primary_202001_forest_FALSE","Q701_Q705R4",0.000223882261977348,213
"primary_202001_forest_FALSE","Q661",0.000222547564686986,214
"primary_202001_forest_FALSE","Q386_Q390R5",0.000221766272835307,215
"primary_202001_forest_FALSE","Q591_Q596R3",0.000221279839853029,216
"primary_202001_forest_FALSE","Q187R5",0.000220717411524947,217
"primary_202001_forest_FALSE","Q359R3",0.000219105237579539,218
"primary_202001_forest_FALSE","Q334",0.000218948622122765,219
"primary_202001_forest_FALSE","Q347",0.00021815537165269,220
"primary_202001_forest_FALSE","Q308R4",0.000218129152479978,221
"primary_202001_forest_FALSE","Q111R5",0.000217548922012922,222
"primary_202001_forest_FALSE","Q676_Q678R1",0.000217312558892771,223
"primary_202001_forest_FALSE","Q335",0.000214062530355613,224
"primary_202001_forest_FALSE","Q804",0.000213528397383978,225
"primary_202001_forest_FALSE","Q131R4",0.000212812077574141,226
"primary_202001_forest_FALSE","Q478_Q483R5",0.000211624123108164,227
"primary_202001_forest_FALSE","Q221R1",0.000210886079212722,228
"primary_202001_forest_FALSE","Q33R5",0.00020919111888454,229
"primary_202001_forest_FALSE","Q748",0.000208704336997828,230
"primary_202001_forest_FALSE","Q810",0.00020800441588256,231
"primary_202001_forest_FALSE","Q171",0.000207943479195816,232
"primary_202001_forest_FALSE","Q560R5",0.000207814805932233,233
"primary_202001_forest_FALSE","Q250R2",0.00020735488364379,234
"primary_202001_forest_FALSE","Q162R7",0.000206868389493961,235
"primary_202001_forest_FALSE","Q271",0.000206455763588851,236
"primary_202001_forest_FALSE","Q619_Q626R3",0.000205276188934398,237
"primary_202001_forest_FALSE","Q454",0.000205218173036616,238
"primary_202001_forest_FALSE","Q509_Q511R1",0.00020516036461069,239
"primary_202001_forest_FALSE","Q154R3",0.000203241329460035,240
"primary_202001_forest_FALSE","Q225R6",0.000202499122669325,241
"primary_202001_forest_FALSE","Q349",0.000201535862067392,242
"primary_202001_forest_FALSE","Q352",0.000201120995681391,243
"primary_202001_forest_FALSE","Q429_Q440R7",0.000199460960711985,244
"primary_202001_forest_FALSE","Q206",0.000198856640962572,245
"primary_202001_forest_FALSE","Q162R5",0.000198663648553175,246
"primary_202001_forest_FALSE","Q152",0.000197145180988002,247
"primary_202001_forest_FALSE","Q221R3",0.000196359077804584,248
"primary_202001_forest_FALSE","Q478_Q483R4",0.000196220292363108,249
"primary_202001_forest_FALSE","Q701_Q705R3",0.000195331904412094,250
"primary_202001_forest_FALSE","Q343R4",0.000193733339241281,251
"primary_202001_forest_FALSE","Q62R4",0.000193558591340739,252
"primary_202001_forest_FALSE","Q662",0.000190399537499124,253
"primary_202001_forest_FALSE","Q208R2",0.000190114770649422,254
"primary_202001_forest_FALSE","Q159R1",0.000189906602369376,255
"primary_202001_forest_FALSE","Q504R8",0.000188651168269056,256
"primary_202001_forest_FALSE","Q550",0.000188484323812654,257
"primary_202001_forest_FALSE","Q505_Q508R4",0.000186772880445684,258
"primary_202001_forest_FALSE","Q257CR2",0.000186586890026694,259
"primary_202001_forest_FALSE","Q208R1",0.000186298660026471,260
"primary_202001_forest_FALSE","Q117R1",0.000186241672456036,261
"primary_202001_forest_FALSE","Q239R2",0.000186169599313372,262
"primary_202001_forest_FALSE","Q813",0.000186010944748819,263
"primary_202001_forest_FALSE","Q248",0.000185756150713126,264
"primary_202001_forest_FALSE","Q616_Q618R3",0.00018545322982861,265
"primary_202001_forest_FALSE","Q812",0.000184314101713059,266
"primary_202001_forest_FALSE","Q250R3",0.000183635864060689,267
"primary_202001_forest_FALSE","Q709_712R2",0.000183436482910638,268
"primary_202001_forest_FALSE","Q316R4",0.000183050397884777,269
"primary_202001_forest_FALSE","Q217R3",0.000182366926186935,270
"primary_202001_forest_FALSE","Q57",0.000181785715436367,271
"primary_202001_forest_FALSE","Q225R1",0.000180239867413503,272
"primary_202001_forest_FALSE","Q504R1",0.000179683892305205,273
"primary_202001_forest_FALSE","Q117R7",0.00017864621549839,274
"primary_202001_forest_FALSE","Q411_Q416R6",0.000178614905651831,275
"primary_202001_forest_FALSE","Q257CR1",0.000177993543261914,276
"primary_202001_forest_FALSE","Q13",0.000176683197841544,277
"primary_202001_forest_FALSE","Q549R7",0.000176443425894191,278
"primary_202001_forest_FALSE","Q45",0.000175377710828906,279
"primary_202001_forest_FALSE","Q256",0.000174698357976326,280
"primary_202001_forest_FALSE","Q117R3",0.000173937684730209,281
"primary_202001_forest_FALSE","Q802",0.000173545936658946,282
"primary_202001_forest_FALSE","Q693_Q700R1",0.000173249504122073,283
"primary_202001_forest_FALSE","Q560R7",0.000171876054890313,284
"primary_202001_forest_FALSE","Q154R4",0.000171566012127654,285
"primary_202001_forest_FALSE","Q560R4",0.000171557943272517,286
"primary_202001_forest_FALSE","Q801",0.000171500876780487,287
"primary_202001_forest_FALSE","Q540R1",0.000170202629501846,288
"primary_202001_forest_FALSE","Q178R1",0.000169533713784176,289
"primary_202001_forest_FALSE","Q408",0.000169221368600378,290
"primary_202001_forest_FALSE","Q59",0.000168752306042989,291
"primary_202001_forest_FALSE","Q597_Q602R6",0.000167861627875232,292
"primary_202001_forest_FALSE","Q563_Q572R1",0.000167717752920597,293
"primary_202001_forest_FALSE","Q111R2",0.00016702860069853,294
"primary_202001_forest_FALSE","Q99R1",0.000166886122303242,295
"primary_202001_forest_FALSE","Q159R3",0.000166152640654727,296
"primary_202001_forest_FALSE","Q159R2",0.000165686191026983,297
"primary_202001_forest_FALSE","Q77R7",0.00016554286147842,298
"primary_202001_forest_FALSE","Q687",0.000165235227074169,299
"primary_202001_forest_FALSE","Q472_Q474R3",0.000165181374141111,300
"primary_202001_forest_FALSE","Q521_Q528R6",0.000164698649723525,301
"primary_202001_forest_FALSE","Q551_Q559R7",0.00016336591614666,302
"primary_202001_forest_FALSE","Q62R3",0.000162859768188425,303
"primary_202001_forest_FALSE","Q532",0.000162730529607795,304
"primary_202001_forest_FALSE","Q257AR1",0.000162585010213993,305
"primary_202001_forest_FALSE","Q417_Q424R7",0.000161646354395983,306
"primary_202001_forest_FALSE","Q472_Q474R2",0.000159486654192473,307
"primary_202001_forest_FALSE","Q706_Q708R3",0.00015899840221728,308
"primary_202001_forest_FALSE","Q266",0.000158823107060878,309
"primary_202001_forest_FALSE","Q462",0.000158567003508584,310
"primary_202001_forest_FALSE","Q727_Q731R3",0.000158435749887614,311
"primary_202001_forest_FALSE","Q243R2",0.000157980690905786,312
"primary_202001_forest_FALSE","Q261",0.000156938930518246,313
"primary_202001_forest_FALSE","Q563_Q572R8",0.000155742890421348,314
"primary_202001_forest_FALSE","S1",0.000155628553845016,315
"primary_202001_forest_FALSE","Q487_Q489R2",0.000155337112103981,316
"primary_202001_forest_FALSE","Q491A",0.000155265820475692,317
"primary_202001_forest_FALSE","Q535_Q538R4",0.000154992130745636,318
"primary_202001_forest_FALSE","Q795",0.00015473877644158,319
"primary_202001_forest_FALSE","Q111R1",0.00015462440823033,320
"primary_202001_forest_FALSE","Q225R8",0.000154227064686932,321
"primary_202001_forest_FALSE","Q660",0.000154164380343432,322
"primary_202001_forest_FALSE","Q98",0.000154071842162487,323
"primary_202001_forest_FALSE","Q517",0.000153039599701777,324
"primary_202001_forest_FALSE","Q41",0.000152838048508708,325
"primary_202001_forest_FALSE","Q504R7",0.00015075264461773,326
"primary_202001_forest_FALSE","Q407",0.000149866094835622,327
"primary_202001_forest_FALSE","Q429_Q440R2",0.000149799083487159,328
"primary_202001_forest_FALSE","S11",0.000148491737855316,329
"primary_202001_forest_FALSE","Q204",0.000148067512043909,330
"primary_202001_forest_FALSE","S13",0.000147665173413373,331
"primary_202001_forest_FALSE","Q521_Q528R7",0.000147053752247795,332
"primary_202001_forest_FALSE","Q31",0.000147050059547607,333
"primary_202001_forest_FALSE","Q243R4",0.000146618970335473,334
"primary_202001_forest_FALSE","Q754_Q762R2",0.000146268766465367,335
"primary_202001_forest_FALSE","Q99R7",0.000146168897907037,336
"primary_202001_forest_FALSE","Q727_Q731R4",0.000146099266893551,337
"primary_202001_forest_FALSE","Q162R4",0.000145047134914088,338
"primary_202001_forest_FALSE","Q99R2",0.000144721165226063,339
"primary_202001_forest_FALSE","Q521_Q528R5",0.000144502070415703,340
"primary_202001_forest_FALSE","Q187R2",0.00014400040944659,341
"primary_202001_forest_FALSE","Q820",0.000143805561358247,342
"primary_202001_forest_FALSE","Q763_Q766R3",0.000143593897776717,343
"primary_202001_forest_FALSE","Q560R6",0.000143145321033404,344
"primary_202001_forest_FALSE","Q674R1",0.000143058391159907,345
"primary_202001_forest_FALSE","Q386_Q390R4",0.000142993880892873,346
"primary_202001_forest_FALSE","Q117R2",0.000142945587452097,347
"primary_202001_forest_FALSE","Q405",0.000142046312906404,348
"primary_202001_forest_FALSE","Q604_Q605R1",0.00014188609633193,349
"primary_202001_forest_FALSE","Q396_Q398R1",0.000141728910544405,350
"primary_202001_forest_FALSE","Q796",0.000140920001763845,351
"primary_202001_forest_FALSE","Q573",0.000140777897944236,352
"primary_202001_forest_FALSE","Q494_Q503R3",0.000140626269522321,353
"primary_202001_forest_FALSE","Q194",0.00014055363242038,354
"primary_202001_forest_FALSE","Q131R13",0.000140252260005035,355
"primary_202001_forest_FALSE","Q225R12",0.00014024138440916,356
"primary_202001_forest_FALSE","Q521_Q528R1",0.000139640626868069,357
"primary_202001_forest_FALSE","Q99R8",0.000139587323875574,358
"primary_202001_forest_FALSE","Q148",0.000139472475255244,359
"primary_202001_forest_FALSE","Q492",0.000139369395571548,360
"primary_202001_forest_FALSE","Q411_Q416R1",0.000139242877777585,361
"primary_202001_forest_FALSE","Q476",0.000137365202506736,362
"primary_202001_forest_FALSE","Q727_Q731R2",0.00013705060135413,363
"primary_202001_forest_FALSE","Q247",0.000136439300355558,364
"primary_202001_forest_FALSE","Q693_Q700R8",0.000136329773288837,365
"primary_202001_forest_FALSE","Q505_Q508R2",0.000136263688045017,366
"primary_202001_forest_FALSE","Q401_Q404R4",0.000136209388524808,367
"primary_202001_forest_FALSE","Q429_Q440R9",0.000135970927329051,368
"primary_202001_forest_FALSE","Q381_Q383R1",0.000135774500014954,369
"primary_202001_forest_FALSE","Q815",0.000135118072720875,370
"primary_202001_forest_FALSE","Q251",0.000134977200875529,371
"primary_202001_forest_FALSE","Q69",0.000134685375852756,372
"primary_202001_forest_FALSE","Q754_Q762R8",0.000134116151960247,373
"primary_202001_forest_FALSE","Q70R4",0.000133993824190309,374
"primary_202001_forest_FALSE","Q663_Q666R1",0.000132449984095282,375
"primary_202001_forest_FALSE","Q547R7",0.000132268324062393,376
"primary_202001_forest_FALSE","Q551_Q559R3",0.000131771581149105,377
"primary_202001_forest_FALSE","Q715_718R3",0.000131334006463007,378
"primary_202001_forest_FALSE","Q548R7",0.000131246383317418,379
"primary_202001_forest_FALSE","S14",0.000129618372623867,380
"primary_202001_forest_FALSE","NEWQ67",0.000128684156339069,381
"primary_202001_forest_FALSE","Q399",0.000128524189636501,382
"primary_202001_forest_FALSE","Q747",0.000128503756405768,383
"primary_202001_forest_FALSE","Q257AR4",0.000127761551559892,384
"primary_202001_forest_FALSE","Q243R1",0.000127683839371863,385
"primary_202001_forest_FALSE","Q350",0.000127391819238861,386
"primary_202001_forest_FALSE","Q723_Q725R3",0.000126584110480265,387
"primary_202001_forest_FALSE","Q486",0.000126451483188554,388
"primary_202001_forest_FALSE","Q563_Q572R4",0.000126211393070288,389
"primary_202001_forest_FALSE","Q551_Q559R9",0.000125905748686428,390
"primary_202001_forest_FALSE","Q429_Q440R12",0.000125437884765232,391
"primary_202001_forest_FALSE","Q811",0.000125234478949311,392
"primary_202001_forest_FALSE","Q627",0.000125107519744734,393
"primary_202001_forest_FALSE","Q679_Q682R1",0.000124700232791156,394
"primary_202001_forest_FALSE","Q146",0.000124473350213213,395
"primary_202001_forest_FALSE","Q494_Q503R1",0.000124383023895455,396
"primary_202001_forest_FALSE","Q751",0.000124152139674638,397
"primary_202001_forest_FALSE","Q217R4",0.000124152003019979,398
"primary_202001_forest_FALSE","Q239R1",0.000124111403507447,399
"primary_202001_forest_FALSE","Q175R1",0.00012363814119962,400
"primary_202001_forest_FALSE","Q70R1",0.000123413777860488,401
"primary_202001_forest_FALSE","Q381_Q383R2",0.000123051223770478,402
"primary_202001_forest_FALSE","Q535_Q538R1",0.000121762827718522,403
"primary_202001_forest_FALSE","Q380",0.000121710405579388,404
"primary_202001_forest_FALSE","Q512",0.000121425595754037,405
"primary_202001_forest_FALSE","Q257BR4",0.000121400664598366,406
"primary_202001_forest_FALSE","Q676_Q678R3",0.000121363867380966,407
"primary_202001_forest_FALSE","Q597_Q602R1",0.000120681168815118,408
"primary_202001_forest_FALSE","Q147",0.000120541021876529,409
"primary_202001_forest_FALSE","Q131R12",0.000120415849003851,410
"primary_202001_forest_FALSE","Q401_Q404R2",0.000119649850931033,411
"primary_202001_forest_FALSE","Q77R8",0.000119428481982279,412
"primary_202001_forest_FALSE","Q690",0.000119200750504103,413
"primary_202001_forest_FALSE","Q117R10",0.000118985937198607,414
"primary_202001_forest_FALSE","Q257CR4",0.000118983779139497,415
"primary_202001_forest_FALSE","Q343R2",0.000118842529916915,416
"primary_202001_forest_FALSE","Q535_Q538R2",0.00011865202638357,417
"primary_202001_forest_FALSE","Q456_Q461R5",0.000118553420197157,418
"primary_202001_forest_FALSE","Q178R2",0.000118502307600724,419
"primary_202001_forest_FALSE","Q679_Q682R2",0.000117836526440628,420
"primary_202001_forest_FALSE","Q693_Q700R7",0.000117654579467653,421
"primary_202001_forest_FALSE","Q268",0.000117135556728644,422
"primary_202001_forest_FALSE","Q652_Q658R1",0.000116736531971943,423
"primary_202001_forest_FALSE","Q727_Q731R1",0.000116695244898527,424
"primary_202001_forest_FALSE","Q805",0.000116485065548273,425
"primary_202001_forest_FALSE","S3C",0.000116259668829576,426
"primary_202001_forest_FALSE","Q753",0.000115558876544966,427
"primary_202001_forest_FALSE","Q715_718R4",0.000115241532729101,428
"primary_202001_forest_FALSE","Q689",0.000115136059151956,429
"primary_202001_forest_FALSE","Q715_718R2",0.00011442523569883,430
"primary_202001_forest_FALSE","Q727_Q731R5",0.000114175637877182,431
"primary_202001_forest_FALSE","Q583",0.000114123416689134,432
"primary_202001_forest_FALSE","Q738_Q740R1",0.000113919959800988,433
"primary_202001_forest_FALSE","Q551_Q559R4",0.000113785225399494,434
"primary_202001_forest_FALSE","Q441_Q452R2",0.000113637598373976,435
"primary_202001_forest_FALSE","Q521_Q528R4",0.000113542010031004,436
"primary_202001_forest_FALSE","Q551_Q559R6",0.000113246445144558,437
"primary_202001_forest_FALSE","Q258",0.000113170063405321,438
"primary_202001_forest_FALSE","Q562",0.000112763569973788,439
"primary_202001_forest_FALSE","Q652_Q658R6",0.000112656590034353,440
"primary_202001_forest_FALSE","Q749",0.000111983872516475,441
"primary_202001_forest_FALSE","Q505_Q508R1",0.000111275332765433,442
"primary_202001_forest_FALSE","Q777",0.000111119291384773,443
"primary_202001_forest_FALSE","Q513_Q516R2",0.000111020692129739,444
"primary_202001_forest_FALSE","S2_AFROLAT",0.000110874555356431,445
"primary_202001_forest_FALSE","Q149",0.00011059410506269,446
"primary_202001_forest_FALSE","Q456_Q461R6",0.000110501612715077,447
"primary_202001_forest_FALSE","Q316R6",0.000110060076984539,448
"primary_202001_forest_FALSE","Q551_Q559R5",0.000110005558487198,449
"primary_202001_forest_FALSE","Q719",0.000109653878181094,450
"primary_202001_forest_FALSE","Q243R3",0.000108598357221183,451
"primary_202001_forest_FALSE","Q369",0.000108545491151639,452
"primary_202001_forest_FALSE","Q752",0.000108492149146116,453
"primary_202001_forest_FALSE","Q803",0.000108476053669669,454
"primary_202001_forest_FALSE","Q162R8",0.000108329805302665,455
"primary_202001_forest_FALSE","Q208R4",0.0001077558323587,456
"primary_202001_forest_FALSE","Q544",0.000107562627761666,457
"primary_202001_forest_FALSE","Q429_Q440R1",0.00010734294229748,458
"primary_202001_forest_FALSE","Q396_Q398R3",0.00010696248507297,459
"primary_202001_forest_FALSE","Q701_Q705R2",0.000106817848939781,460
"primary_202001_forest_FALSE","Q560R3",0.000106570033931748,461
"primary_202001_forest_FALSE","Q365",0.00010613336069162,462
"primary_202001_forest_FALSE","Q287R1",0.000105108053974405,463
"primary_202001_forest_FALSE","Q250R5",0.00010496025889295,464
"primary_202001_forest_FALSE","Q456_Q461R4",0.000104624444761991,465
"primary_202001_forest_FALSE","Q775",0.000103401029603601,466
"primary_202001_forest_FALSE","Q478_Q483R3",0.000103269414203705,467
"primary_202001_forest_FALSE","Q529",0.00010315367039117,468
"primary_202001_forest_FALSE","Q61",0.000103114913275062,469
"primary_202001_forest_FALSE","Q95",0.000102956779160314,470
"primary_202001_forest_FALSE","Q551_Q559R2",0.000102936823795068,471
"primary_202001_forest_FALSE","Q117R12",0.000102815120859693,472
"primary_202001_forest_FALSE","Q732_Q737R5",0.000102795443887156,473
"primary_202001_forest_FALSE","Q788",0.000102110728059812,474
"primary_202001_forest_FALSE","Q153",0.000101771703654055,475
"primary_202001_forest_FALSE","Q343R1",0.00010158994481251,476
"primary_202001_forest_FALSE","Q713",0.000100257242167011,477
"primary_202001_forest_FALSE","Q809",0.000100129603144794,478
"primary_202001_forest_FALSE","Q77R6",9.96642908690624e-05,479
"primary_202001_forest_FALSE","Q225R2",9.94326670161354e-05,480
"primary_202001_forest_FALSE","Q88",9.93157038532567e-05,481
"primary_202001_forest_FALSE","Q494_Q503R4",9.91076455564543e-05,482
"primary_202001_forest_FALSE","Q534",9.86492009389108e-05,483
"primary_202001_forest_FALSE","Q591_Q596R2",9.85215581693608e-05,484
"primary_202001_forest_FALSE","Q99R3",9.78785250801082e-05,485
"primary_202001_forest_FALSE","Q591_Q596R4",9.78641271116035e-05,486
"primary_202001_forest_FALSE","Q732_Q737R2",9.74866463022008e-05,487
"primary_202001_forest_FALSE","Q714",9.74135026481148e-05,488
"primary_202001_forest_FALSE","Q585_Q590R2",9.73537449204721e-05,489
"primary_202001_forest_FALSE","Q639",9.70905303807234e-05,490
"primary_202001_forest_FALSE","Q357",9.69296573757979e-05,491
"primary_202001_forest_FALSE","Q221R2",9.64381386057125e-05,492
"primary_202001_forest_FALSE","Q411_Q416R3",9.59159612973627e-05,493
"primary_202001_forest_FALSE","Q723_Q725R2",9.58175371851685e-05,494
"primary_202001_forest_FALSE","Q715_718R1",9.57939845085538e-05,495
"primary_202001_forest_FALSE","Q77R1",9.54652591671984e-05,496
"primary_202001_forest_FALSE","Q77R9",9.53938238316574e-05,497
"primary_202001_forest_FALSE","Q70R5",9.49624440923357e-05,498
"primary_202001_forest_FALSE","Q494_Q503R6",9.46032287753543e-05,499
"primary_202001_forest_FALSE","Q154R5",9.44727998826141e-05,500
"primary_202001_forest_FALSE","Q62R2",9.43006390154059e-05,501
"primary_202001_forest_FALSE","Q77R5",9.39678598880421e-05,502
"primary_202001_forest_FALSE","Q257BR2",9.38555098631314e-05,503
"primary_202001_forest_FALSE","Q471",9.35184671917227e-05,504
"primary_202001_forest_FALSE","Q78",9.34057118310135e-05,505
"primary_202001_forest_FALSE","Q505_Q508R3",9.31191746882212e-05,506
"primary_202001_forest_FALSE","Q286",9.3096567398433e-05,507
"primary_202001_forest_FALSE","Q70R2",9.29457520244298e-05,508
"primary_202001_forest_FALSE","Q411_Q416R4",9.25901516117964e-05,509
"primary_202001_forest_FALSE","Q270",9.23538634989611e-05,510
"primary_202001_forest_FALSE","Q429_Q440R5",9.22754486681602e-05,511
"primary_202001_forest_FALSE","Q754_Q762R4",9.22208653737212e-05,512
"primary_202001_forest_FALSE","Q763_Q766R1",9.20953329068241e-05,513
"primary_202001_forest_FALSE","Q688",9.12460910034331e-05,514
"primary_202001_forest_FALSE","Q221R4",9.09740083142105e-05,515
"primary_202001_forest_FALSE","Q591_Q596R6",9.09583807094286e-05,516
"primary_202001_forest_FALSE","Q597_Q602R2",9.09121809170133e-05,517
"primary_202001_forest_FALSE","Q75",9.0082442349179e-05,518
"primary_202001_forest_FALSE","Q732_Q737R6",8.97906968223179e-05,519
"primary_202001_forest_FALSE","Q257AR2",8.97647854999724e-05,520
"primary_202001_forest_FALSE","Q68",8.94071359798597e-05,521
"primary_202001_forest_FALSE","Q504R5",8.93785610697595e-05,522
"primary_202001_forest_FALSE","Q249",8.93064640826522e-05,523
"primary_202001_forest_FALSE","Q381_Q383R3",8.90170436321958e-05,524
"primary_202001_forest_FALSE","Q316R2",8.89737193978923e-05,525
"primary_202001_forest_FALSE","Q456_Q461R3",8.87927393328046e-05,526
"primary_202001_forest_FALSE","Q67",8.80946583901918e-05,527
"primary_202001_forest_FALSE","Q591_Q596R5",8.80119434288947e-05,528
"primary_202001_forest_FALSE","Q754_Q762R7",8.79812341101216e-05,529
"primary_202001_forest_FALSE","Q597_Q602R4",8.7851027809516e-05,530
"primary_202001_forest_FALSE","Q225R3",8.76719452094521e-05,531
"primary_202001_forest_FALSE","Q273R4",8.76303311528768e-05,532
"primary_202001_forest_FALSE","Q363",8.72418634731426e-05,533
"primary_202001_forest_FALSE","Q411_Q416R2",8.7124682902803e-05,534
"primary_202001_forest_FALSE","Q282",8.67398068497086e-05,535
"primary_202001_forest_FALSE","Q746B",8.64529279517497e-05,536
"primary_202001_forest_FALSE","Q162R6",8.64279671811311e-05,537
"primary_202001_forest_FALSE","Q283",8.62771433315783e-05,538
"primary_202001_forest_FALSE","Q429_Q440R10",8.564892290615e-05,539
"primary_202001_forest_FALSE","Q521_Q528R3",8.56453914790269e-05,540
"primary_202001_forest_FALSE","Q77R2",8.56050628723317e-05,541
"primary_202001_forest_FALSE","Q151",8.47544939014537e-05,542
"primary_202001_forest_FALSE","Q663_Q666R4",8.44729692154412e-05,543
"primary_202001_forest_FALSE","Q429_Q440R6",8.4431587432552e-05,544
"primary_202001_forest_FALSE","Q616_Q618R1",8.37493079745512e-05,545
"primary_202001_forest_FALSE","Q429_Q440R3",8.34590665484346e-05,546
"primary_202001_forest_FALSE","Q117R6",8.33834697046783e-05,547
"primary_202001_forest_FALSE","Q509_Q511R2",8.31155532181242e-05,548
"primary_202001_forest_FALSE","Q70R3",8.23324379277734e-05,549
"primary_202001_forest_FALSE","Q754_Q762R9",8.22330112471061e-05,550
"primary_202001_forest_FALSE","Q111R4",8.20908060119156e-05,551
"primary_202001_forest_FALSE","Q400",8.20188129871316e-05,552
"primary_202001_forest_FALSE","Q494_Q503R9",8.18410159126162e-05,553
"primary_202001_forest_FALSE","Q814",8.17835559919565e-05,554
"primary_202001_forest_FALSE","Q162R2",8.12247927608869e-05,555
"primary_202001_forest_FALSE","Q396_Q398R2",8.07975228302691e-05,556
"primary_202001_forest_FALSE","Q597_Q602R3",8.05461164827332e-05,557
"primary_202001_forest_FALSE","Q280",8.0406576558301e-05,558
"primary_202001_forest_FALSE","Q150",8.0297574073742e-05,559
"primary_202001_forest_FALSE","Q463",8.0221149334091e-05,560
"primary_202001_forest_FALSE","Q386_Q390R2",7.99297379751989e-05,561
"primary_202001_forest_FALSE","Q262",7.91861478320226e-05,562
"primary_202001_forest_FALSE","Q663_Q666R2",7.91451196545906e-05,563
"primary_202001_forest_FALSE","Q472_Q474R1",7.87653358005463e-05,564
"primary_202001_forest_FALSE","Q273R5",7.87475034543771e-05,565
"primary_202001_forest_FALSE","Q551_Q559R8",7.85623527361463e-05,566
"primary_202001_forest_FALSE","Q386_Q390R3",7.83878663535706e-05,567
"primary_202001_forest_FALSE","Q273R2",7.81212753933254e-05,568
"primary_202001_forest_FALSE","Q77R4",7.81146147650071e-05,569
"primary_202001_forest_FALSE","Q709_712R3",7.80719366391493e-05,570
"primary_202001_forest_FALSE","Q154R2",7.78146208316089e-05,571
"primary_202001_forest_FALSE","Q652_Q658R3",7.7795492545453e-05,572
"primary_202001_forest_FALSE","Q17",7.75477515249662e-05,573
"primary_202001_forest_FALSE","Q417_Q424R1",7.75154337514006e-05,574
"primary_202001_forest_FALSE","S3B",7.74556238274175e-05,575
"primary_202001_forest_FALSE","Q478_Q483R2",7.71794558877258e-05,576
"primary_202001_forest_FALSE","Q477",7.69482861659355e-05,577
"primary_202001_forest_FALSE","Q278",7.58168072717848e-05,578
"primary_202001_forest_FALSE","Q535_Q538R3",7.57503367999738e-05,579
"primary_202001_forest_FALSE","Q663_Q666R3",7.5115450332429e-05,580
"primary_202001_forest_FALSE","Q685",7.49529679990907e-05,581
"primary_202001_forest_FALSE","Q720_Q722R3",7.46714603293217e-05,582
"primary_202001_forest_FALSE","Q723_Q725R1",7.35290135348449e-05,583
"primary_202001_forest_FALSE","Q99R6",7.35159287848603e-05,584
"primary_202001_forest_FALSE","Q225R9",7.30846042794859e-05,585
"primary_202001_forest_FALSE","Q401_Q404R1",7.24607243581527e-05,586
"primary_202001_forest_FALSE","Q652_Q658R2",7.24298852996642e-05,587
"primary_202001_forest_FALSE","Q411_Q416R5",7.14587561276119e-05,588
"primary_202001_forest_FALSE","Q287R7",7.12561665391706e-05,589
"primary_202001_forest_FALSE","Q746A",7.0940029800029e-05,590
"primary_202001_forest_FALSE","Q676_Q678R2",7.08271026282142e-05,591
"primary_202001_forest_FALSE","Q513_Q516R1",7.03981239859527e-05,592
"primary_202001_forest_FALSE","Q493",6.98033297643323e-05,593
"primary_202001_forest_FALSE","Q364",6.97745658350866e-05,594
"primary_202001_forest_FALSE","Q616_Q618R2",6.95808612357895e-05,595
"primary_202001_forest_FALSE","Q441_Q452R1",6.94129673164268e-05,596
"primary_202001_forest_FALSE","Q409",6.9353663060743e-05,597
"primary_202001_forest_FALSE","Q339",6.93510012673242e-05,598
"primary_202001_forest_FALSE","Q203",6.93358351105625e-05,599
"primary_202001_forest_FALSE","Q763_Q766R2",6.92882996859676e-05,600
"primary_202001_forest_FALSE","Q192",6.89242856355763e-05,601
"primary_202001_forest_FALSE","Q521_Q528R2",6.88416806649448e-05,602
"primary_202001_forest_FALSE","Q441_Q452R6",6.87192488872766e-05,603
"primary_202001_forest_FALSE","Q597_Q602R5",6.84261638292853e-05,604
"primary_202001_forest_FALSE","Q686",6.82494413203093e-05,605
"primary_202001_forest_FALSE","Q546R7",6.77017669054628e-05,606
"primary_202001_forest_FALSE","Q386_Q390R1",6.74449391433476e-05,607
"primary_202001_forest_FALSE","Q372",6.72184494872609e-05,608
"primary_202001_forest_FALSE","Q172R2",6.65939863630697e-05,609
"primary_202001_forest_FALSE","Q494_Q503R7",6.65851257990328e-05,610
"primary_202001_forest_FALSE","Q187R3",6.63376263523242e-05,611
"primary_202001_forest_FALSE","Q16",6.61010458580674e-05,612
"primary_202001_forest_FALSE","Q494_Q503R10",6.57382404414105e-05,613
"primary_202001_forest_FALSE","Q316R3",6.56620535801883e-05,614
"primary_202001_forest_FALSE","Q667_Q671R3",6.54891075201194e-05,615
"primary_202001_forest_FALSE","Q693_Q700R2",6.46649953626487e-05,616
"primary_202001_forest_FALSE","Q785",6.4343320428951e-05,617
"primary_202001_forest_FALSE","Q316R5",6.40703441901076e-05,618
"primary_202001_forest_FALSE","Q541",6.3532687197851e-05,619
"primary_202001_forest_FALSE","Q732_Q737R1",6.34439021008189e-05,620
"primary_202001_forest_FALSE","Q574",6.31486131437582e-05,621
"primary_202001_forest_FALSE","Q542",6.22990575271407e-05,622
"primary_202001_forest_FALSE","Q646_Q651R1",6.21162722887977e-05,623
"primary_202001_forest_FALSE","Q484",6.20502416754419e-05,624
"primary_202001_forest_FALSE","Q287R4",6.20137081487905e-05,625
"primary_202001_forest_FALSE","Q294",6.16522409862665e-05,626
"primary_202001_forest_FALSE","Q193",6.15715358941795e-05,627
"primary_202001_forest_FALSE","Q646_Q651R6",6.09773169886325e-05,628
"primary_202001_forest_FALSE","Q673",6.0794039107033e-05,629
"primary_202001_forest_FALSE","Q561",6.0572912673224e-05,630
"primary_202001_forest_FALSE","Q767_Q771R1",6.03818062021409e-05,631
"primary_202001_forest_FALSE","Q816",5.97959219515791e-05,632
"primary_202001_forest_FALSE","Q111R3",5.93722591138573e-05,633
"primary_202001_forest_FALSE","Q395",5.92273032737756e-05,634
"primary_202001_forest_FALSE","Q494_Q503R5",5.87140533031529e-05,635
"primary_202001_forest_FALSE","Q260",5.84614715025513e-05,636
"primary_202001_forest_FALSE","Q429_Q440R4",5.82949337470082e-05,637
"primary_202001_forest_FALSE","Q487_Q489R1",5.82160353764936e-05,638
"primary_202001_forest_FALSE","Q273R3",5.81482218113479e-05,639
"primary_202001_forest_FALSE","Q263",5.80556678646353e-05,640
"primary_202001_forest_FALSE","Q720_Q722R1",5.79566265222008e-05,641
"primary_202001_forest_FALSE","Q738_Q740R3",5.77399170367796e-05,642
"primary_202001_forest_FALSE","Q591_Q596R1",5.75813928101623e-05,643
"primary_202001_forest_FALSE","Q99R11",5.72267454901128e-05,644
"primary_202001_forest_FALSE","Q316R1",5.69499213731575e-05,645
"primary_202001_forest_FALSE","Q701_Q705R5",5.63634666039097e-05,646
"primary_202001_forest_FALSE","Q401_Q404R3",5.51246136750696e-05,647
"primary_202001_forest_FALSE","Q351",5.50451120181633e-05,648
"primary_202001_forest_FALSE","Q30",5.48323164345339e-05,649
"primary_202001_forest_FALSE","Q456_Q461R1",5.48080621334948e-05,650
"primary_202001_forest_FALSE","Q257BR1",5.47158318338298e-05,651
"primary_202001_forest_FALSE","Q87",5.46071291643943e-05,652
"primary_202001_forest_FALSE","S2_NATIVE",5.45090765810073e-05,653
"primary_202001_forest_FALSE","Q264",5.43175482202148e-05,654
"primary_202001_forest_FALSE","Q370",5.26374751324836e-05,655
"primary_202001_forest_FALSE","Q29",5.16153966639735e-05,656
"primary_202001_forest_FALSE","Q162R3",5.14836199612853e-05,657
"primary_202001_forest_FALSE","Q287R5",5.06744170335826e-05,658
"primary_202001_forest_FALSE","Q530",5.04905961114905e-05,659
"primary_202001_forest_FALSE","Q441_Q452R9",5.04322787829952e-05,660
"primary_202001_forest_FALSE","Q441_Q452R11",4.93809742756006e-05,661
"primary_202001_forest_FALSE","Q175R2",4.86200334727821e-05,662
"primary_202001_forest_FALSE","Q86",4.85348967850953e-05,663
"primary_202001_forest_FALSE","Q652_Q658R4",4.76542067029445e-05,664
"primary_202001_forest_FALSE","Q359R4",4.76257877887806e-05,665
"primary_202001_forest_FALSE","Q257BR3",4.73359158249784e-05,666
"primary_202001_forest_FALSE","Q611",4.66783390357532e-05,667
"primary_202001_forest_FALSE","Q767_Q771R2",4.46194731172594e-05,668
"primary_202001_forest_FALSE","Q732_Q737R3",4.43041662022104e-05,669
"primary_202001_forest_FALSE","Q410",4.40636843056463e-05,670
"primary_202001_forest_FALSE","Q754_Q762R3",4.38754581241007e-05,671
"primary_202001_forest_FALSE","Q97",4.37757221711442e-05,672
"primary_202001_forest_FALSE","Q741",4.26316009604921e-05,673
"primary_202001_forest_FALSE","Q754_Q762R6",4.26236069436308e-05,674
"primary_202001_forest_FALSE","Q679_Q682R3",4.26019880385416e-05,675
"primary_202001_forest_FALSE","Q99R5",4.21965280734793e-05,676
"primary_202001_forest_FALSE","Q646_Q651R8",4.20354179116889e-05,677
"primary_202001_forest_FALSE","Q406",4.19103374033782e-05,678
"primary_202001_forest_FALSE","Q738_Q740R2",4.18509211223891e-05,679
"primary_202001_forest_FALSE","S7",4.16721765829816e-05,680
"primary_202001_forest_FALSE","S3",4.16290453278353e-05,681
"primary_202001_forest_FALSE","S2_RACE",4.15254422072197e-05,682
"primary_202001_forest_FALSE","Q182",3.9931683271449e-05,683
"primary_202001_forest_FALSE","Q646_Q651R3",3.98183678494344e-05,684
"primary_202001_forest_FALSE","Q652_Q658R7",3.96088238869133e-05,685
"primary_202001_forest_FALSE","Q646_Q651R11",3.92131597808466e-05,686
"primary_202001_forest_FALSE","Q285",3.91656017227299e-05,687
"primary_202001_forest_FALSE","Q379",3.91097404956362e-05,688
"primary_202001_forest_FALSE","Q93",3.65509991360729e-05,689
"primary_202001_forest_FALSE","Q441_Q452R4",3.6542791289772e-05,690
"primary_202001_forest_FALSE","Q85",3.65148482530373e-05,691
"primary_202001_forest_FALSE","Q767_Q771R4",3.59531390646131e-05,692
"primary_202001_forest_FALSE","Q640_Q645R2",3.54641733721426e-05,693
"primary_202001_forest_FALSE","Q613",3.52388792920295e-05,694
"primary_202001_forest_FALSE","Q521_Q528R8",3.51627895722651e-05,695
"primary_202001_forest_FALSE","Q819",3.51166404446683e-05,696
"primary_202001_forest_FALSE","Q441_Q452R12",3.48688145981516e-05,697
"primary_202001_forest_FALSE","Q692",3.48641549775798e-05,698
"primary_202001_forest_FALSE","Q175R3",3.42447023160449e-05,699
"primary_202001_forest_FALSE","Q441_Q452R10",3.4243870775042e-05,700
"primary_202001_forest_FALSE","Q652_Q658R5",3.39693050055611e-05,701
"primary_202001_forest_FALSE","Q394",3.3957949279281e-05,702
"primary_202001_forest_FALSE","Q628",3.38389023622107e-05,703
"primary_202001_forest_FALSE","Q178R4",3.33840704331388e-05,704
"primary_202001_forest_FALSE","Q441_Q452R8",3.28291963361298e-05,705
"primary_202001_forest_FALSE","Q646_Q651R7",3.2717868591398e-05,706
"primary_202001_forest_FALSE","Q646_Q651R9",3.1867802953945e-05,707
"primary_202001_forest_FALSE","Q46",3.16821933545668e-05,708
"primary_202001_forest_FALSE","Q563_Q572R2",3.15219225679971e-05,709
"primary_202001_forest_FALSE","Q754_Q762R5",3.09588483079616e-05,710
"primary_202001_forest_FALSE","Q441_Q452R5",3.093791664653e-05,711
"primary_202001_forest_FALSE","Q763_Q766R4",3.03265473378136e-05,712
"primary_202001_forest_FALSE","Q640_Q645R4",2.9767938687783e-05,713
"primary_202001_forest_FALSE","Q667_Q671R1",2.9667408311293e-05,714
"primary_202001_forest_FALSE","Q466",2.90729940259146e-05,715
"primary_202001_forest_FALSE","Q646_Q651R4",2.89886752436989e-05,716
"primary_202001_forest_FALSE","Q467_Q469R2",2.84935588798879e-05,717
"primary_202001_forest_FALSE","Q531",2.77752166076962e-05,718
"primary_202001_forest_FALSE","Q672",2.67442623705352e-05,719
"primary_202001_forest_FALSE","Q720_Q722R2",2.59262994748878e-05,720
"primary_202001_forest_FALSE","Q254",2.51265553500208e-05,721
"primary_202001_forest_FALSE","Q646_Q651R5",2.46602789874492e-05,722
"primary_202001_forest_FALSE","Q585_Q590R4",2.31282957977091e-05,723
"primary_202001_forest_FALSE","Q640_Q645R5",2.28562527629932e-05,724
"primary_202001_forest_FALSE","S2_M",2.25282794548008e-05,725
"primary_202001_forest_FALSE","Q470",2.15779787948768e-05,726
"primary_202001_forest_FALSE","S10_MEX",2.13908463512526e-05,727
"primary_202001_forest_FALSE","Q585_Q590R1",2.08973230186948e-05,728
"primary_202001_forest_FALSE","Q356",2.08967502796515e-05,729
"primary_202001_forest_FALSE","Q40",2.02335194629681e-05,730
"primary_202001_forest_FALSE","Q585_Q590R6",2.02177480755131e-05,731
"primary_202001_forest_FALSE","Q818",1.94483071286063e-05,732
"primary_202001_forest_FALSE","Q367",1.91632898503376e-05,733
"primary_202001_forest_FALSE","Q494_Q503R8",1.90037686135487e-05,734
"primary_202001_forest_FALSE","Q667_Q671R4",1.89495032715001e-05,735
"primary_202001_forest_FALSE","Q467_Q469R1",1.82606463519643e-05,736
"primary_202001_forest_FALSE","Q630_Q632R1",1.72551443940048e-05,737
"primary_202001_forest_FALSE","Q391_Q393R2",1.70678546780936e-05,738
"primary_202001_forest_FALSE","Q269",1.68760643987487e-05,739
"primary_202001_forest_FALSE","Q172R1",1.66720070161141e-05,740
"primary_202001_forest_FALSE","Q279",1.65481348466984e-05,741
"primary_202001_forest_FALSE","Q732_Q737R4",1.65015018736072e-05,742
"primary_202001_forest_FALSE","Q667_Q671R5",1.64114113394139e-05,743
"primary_202001_forest_FALSE","Q170",1.52665632953365e-05,744
"primary_202001_forest_FALSE","Q630_Q632R3",1.47395809006949e-05,745
"primary_202001_forest_FALSE","Q667_Q671R2",1.43616082527791e-05,746
"primary_202001_forest_FALSE","Q267",1.43035597088603e-05,747
"primary_202001_forest_FALSE","Q252",1.36855770556557e-05,748
"primary_202001_forest_FALSE","Q640_Q645R6",1.36296106525671e-05,749
"primary_202001_forest_FALSE","Q640_Q645R3",1.29905377085611e-05,750
"primary_202001_forest_FALSE","Q467_Q469R3",1.25556999724863e-05,751
"primary_202001_forest_FALSE","Q630_Q632R2",1.17066593441344e-05,752
"primary_202001_forest_FALSE","Q255",1.11058633081539e-05,753
"primary_202001_forest_FALSE","Q640_Q645R1",1.09599188306836e-05,754
"primary_202001_forest_FALSE","Q646_Q651R2",1.07578896130789e-05,755
"primary_202001_forest_FALSE","Q585_Q590R5",1.05761617728437e-05,756
"primary_202001_forest_FALSE","Q391_Q393R1",9.90549261220768e-06,757
"primary_202001_forest_FALSE","Q84",8.78047508640792e-06,758
"primary_202001_forest_FALSE","Q117R9",8.05192318790417e-06,759
"primary_202001_forest_FALSE","Q585_Q590R3",7.44467821385881e-06,760
"primary_202001_forest_FALSE","Q391_Q393R3",7.42800853807984e-06,761
"primary_202001_forest_FALSE","Q441_Q452R3",7.41167178125811e-06,762
"primary_202001_forest_FALSE","Q441_Q452R7",6.0641991502881e-06,763
"primary_202001_forest_FALSE","Q253",5.00515030612389e-06,764
"primary_202001_forest_FALSE","Q172R3",4.69087825648271e-06,765
"primary_202001_forest_FALSE","Q20",4.5352664815084e-06,766
"primary_202001_forest_FALSE","Q85B",3.6422469527827e-06,767
"primary_202001_forest_FALSE","S2_RACE_PRIME",3.0353597074384e-06,768
"primary_202001_forest_FALSE","Q767_Q771R5",2.19663721594906e-06,769
"primary_202001_forest_FALSE","Q646_Q651R10",0,770
"primary_202001_forest_FALSE","Q767_Q771R3",0,770
"withheld_202001_forest_FALSE","Q543",0.065632959068198,1
"withheld_202001_forest_FALSE","Q358",0.044850617242513,2
"withheld_202001_forest_FALSE","Q1",0.0405808301670175,3
"withheld_202001_forest_FALSE","Q606",0.0371657319498917,4
"withheld_202001_forest_FALSE","Q308R7",0.0187481143876124,5
"withheld_202001_forest_FALSE","Q607_Q610R2",0.0135157355389045,6
"withheld_202001_forest_FALSE","Q43",0.0134785597634494,7
"withheld_202001_forest_FALSE","Q184R1",0.0130523181530285,8
"withheld_202001_forest_FALSE","Q485",0.00914334750855537,9
"withheld_202001_forest_FALSE","Q308R2",0.00773047570361368,10
"withheld_202001_forest_FALSE","Q563_Q572R9",0.00686244911702265,11
"withheld_202001_forest_FALSE","Q563_Q572R10",0.00659421363372363,12
"withheld_202001_forest_FALSE","Q607_Q610R4",0.00465205089138152,13
"withheld_202001_forest_FALSE","Q607_Q610R1",0.00457121681978106,14
"withheld_202001_forest_FALSE","Q706_Q708R1",0.00450963612768535,15
"withheld_202001_forest_FALSE","Q607_Q610R3",0.00414192679236677,16
"withheld_202001_forest_FALSE","Q504R6",0.00396801201036854,17
"withheld_202001_forest_FALSE","Q308R5",0.00377150151634169,18
"withheld_202001_forest_FALSE","Q308R6",0.00316448694706077,19
"withheld_202001_forest_FALSE","Q709_712R1",0.0030551053118451,20
"withheld_202001_forest_FALSE","Q563_Q572R3",0.00268358479185643,21
"withheld_202001_forest_FALSE","Q504R3",0.00238681516432268,22
"withheld_202001_forest_FALSE","Q359R2",0.00234842902088744,23
"withheld_202001_forest_FALSE","Q217R1",0.00234572024341112,24
"withheld_202001_forest_FALSE","Q329",0.00218235557635427,25
"withheld_202001_forest_FALSE","Q154R1",0.00213791692939613,26
"withheld_202001_forest_FALSE","Q131R1",0.00206248013668218,27
"withheld_202001_forest_FALSE","Q183",0.00203221398670176,28
"withheld_202001_forest_FALSE","Q368",0.00202153601638946,29
"withheld_202001_forest_FALSE","Q117R11",0.00200470649562206,30
"withheld_202001_forest_FALSE","Q619_Q626R5",0.00187249311446606,31
"withheld_202001_forest_FALSE","Q563_Q572R6",0.00166364621124936,32
"withheld_202001_forest_FALSE","Q563_Q572R5",0.00165648754569564,33
"withheld_202001_forest_FALSE","Q563_Q572R7",0.00162684163502039,34
"withheld_202001_forest_FALSE","Q385",0.00161716101746484,35
"withheld_202001_forest_FALSE","Q33R3",0.00158488651453104,36
"withheld_202001_forest_FALSE","Q619_Q626R2",0.00154586397483156,37
"withheld_202001_forest_FALSE","Q208R5",0.00154016135875923,38
"withheld_202001_forest_FALSE","Q44",0.00151093395733159,39
"withheld_202001_forest_FALSE","Q131R9",0.00148808156733292,40
"withheld_202001_forest_FALSE","Q60",0.00145440091939904,41
"withheld_202001_forest_FALSE","Q478_Q483R6",0.00145404296341341,42
"withheld_202001_forest_FALSE","Q359R1",0.0014454885055168,43
"withheld_202001_forest_FALSE","Q58",0.00141364646272861,44
"withheld_202001_forest_FALSE","Q619_Q626R8",0.00140175699807709,45
"withheld_202001_forest_FALSE","Q131R3",0.00137363403067048,46
"withheld_202001_forest_FALSE","Q428",0.00136584135276598,47
"withheld_202001_forest_FALSE","Q225R14",0.00135443194409827,48
"withheld_202001_forest_FALSE","Q184R2",0.00131001072908858,49
"withheld_202001_forest_FALSE","Q683",0.00127360821924028,50
"withheld_202001_forest_FALSE","Q475",0.00120447284053315,51
"withheld_202001_forest_FALSE","Q117R13",0.00117706076251566,52
"withheld_202001_forest_FALSE","Q706_Q708R2",0.00116796756757114,53
"withheld_202001_forest_FALSE","Q32",0.00111245063569701,54
"withheld_202001_forest_FALSE","Q144",0.00110238070611122,55
"withheld_202001_forest_FALSE","Q131R8",0.00105176461825447,56
"withheld_202001_forest_FALSE","Q603",0.00102269300174456,57
"withheld_202001_forest_FALSE","Q799",0.00100332767524085,58
"withheld_202001_forest_FALSE","Q42",0.000989673380973662,59
"withheld_202001_forest_FALSE","Q116",0.000989636980928512,60
"withheld_202001_forest_FALSE","Q539",0.000963848355256503,61
"withheld_202001_forest_FALSE","Q384R1",0.000948498891912158,62
"withheld_202001_forest_FALSE","Q504R4",0.00094337101359143,63
"withheld_202001_forest_FALSE","Q131R2",0.00092215607314075,64
"withheld_202001_forest_FALSE","Q619_Q626R4",0.00091984046495077,65
"withheld_202001_forest_FALSE","Q619_Q626R7",0.000913467856070334,66
"withheld_202001_forest_FALSE","Q691",0.00091338294199609,67
"withheld_202001_forest_FALSE","VQ773",0.00091211542181167,68
"withheld_202001_forest_FALSE","Q472_Q474R2",0.00089846556548285,69
"withheld_202001_forest_FALSE","Q131R6",0.000890544877145571,70
"withheld_202001_forest_FALSE","Q131R10",0.000875406461615697,71
"withheld_202001_forest_FALSE","Q308R3",0.000854058304143133,72
"withheld_202001_forest_FALSE","Q417_Q424R2",0.000852066709727959,73
"withheld_202001_forest_FALSE","Q295",0.000842630996581395,74
"withheld_202001_forest_FALSE","Q131R7",0.000807369435320824,75
"withheld_202001_forest_FALSE","Q563_Q572R8",0.000793650791499032,76
"withheld_202001_forest_FALSE","Q308R1",0.000791529480830767,77
"withheld_202001_forest_FALSE","Q774",0.000790592610231309,78
"withheld_202001_forest_FALSE","Q709_712R2",0.000777926205821911,79
"withheld_202001_forest_FALSE","Q61",0.00077409065057123,80
"withheld_202001_forest_FALSE","Q366",0.000768484347423906,81
"withheld_202001_forest_FALSE","VQ774",0.000759823900857157,82
"withheld_202001_forest_FALSE","Q178R3",0.000759002836525485,83
"withheld_202001_forest_FALSE","Q584",0.000756886112045884,84
"withheld_202001_forest_FALSE","Q38",0.000726192503595816,85
"withheld_202001_forest_FALSE","Q281",0.000687841102695094,86
"withheld_202001_forest_FALSE","Q213R4",0.00068109301423699,87
"withheld_202001_forest_FALSE","Q773",0.000678702750010356,88
"withheld_202001_forest_FALSE","Q33R4",0.00067606656204261,89
"withheld_202001_forest_FALSE","Q378",0.000670958633851631,90
"withheld_202001_forest_FALSE","Q257CR4",0.000667689321014247,91
"withheld_202001_forest_FALSE","Q217R2",0.000652011423893149,92
"withheld_202001_forest_FALSE","Q790",0.000649602546527773,93
"withheld_202001_forest_FALSE","Q250R1",0.000639163331918535,94
"withheld_202001_forest_FALSE","Q560R1",0.000633083401649497,95
"withheld_202001_forest_FALSE","Q563_Q572R1",0.000632375514602711,96
"withheld_202001_forest_FALSE","Q794",0.000622208229672111,97
"withheld_202001_forest_FALSE","Q145",0.000614687866068201,98
"withheld_202001_forest_FALSE","Q582",0.000607064425742277,99
"withheld_202001_forest_FALSE","Q693_Q700R5",0.000606510589599611,100
"withheld_202001_forest_FALSE","Q793",0.000593425303545993,101
"withheld_202001_forest_FALSE","S5",0.000588121388868304,102
"withheld_202001_forest_FALSE","Q187R5",0.000567958255386008,103
"withheld_202001_forest_FALSE","Q509_Q511R1",0.000562524195122614,104
"withheld_202001_forest_FALSE","Q33R1",0.000561469391740683,105
"withheld_202001_forest_FALSE","S4",0.000559651484534375,106
"withheld_202001_forest_FALSE","Q208R1",0.000557274328244942,107
"withheld_202001_forest_FALSE","Q521_Q528R1",0.000556149830000094,108
"withheld_202001_forest_FALSE","Q689",0.000554924480277328,109
"withheld_202001_forest_FALSE","Q225R13",0.000550064994309987,110
"withheld_202001_forest_FALSE","Q371",0.000549073333567659,111
"withheld_202001_forest_FALSE","Q619_Q626R6",0.0005477335024546,112
"withheld_202001_forest_FALSE","Q217R3",0.0005474780160275,113
"withheld_202001_forest_FALSE","Q225R12",0.000541968551061338,114
"withheld_202001_forest_FALSE","Q162R5",0.000541820740038616,115
"withheld_202001_forest_FALSE","Q213R3",0.000523069241336117,116
"withheld_202001_forest_FALSE","S10",0.000517662810658041,117
"withheld_202001_forest_FALSE","Q407",0.000497141754860213,118
"withheld_202001_forest_FALSE","Q131R5",0.000493740510560519,119
"withheld_202001_forest_FALSE","Q505_Q508R4",0.000491276924914765,120
"withheld_202001_forest_FALSE","Q213R2",0.00049066281437608,121
"withheld_202001_forest_FALSE","Q504R2",0.000488244994243173,122
"withheld_202001_forest_FALSE","Q343R3",0.000484814684973697,123
"withheld_202001_forest_FALSE","Q455",0.000484687269447504,124
"withheld_202001_forest_FALSE","Q726",0.000481999528002122,125
"withheld_202001_forest_FALSE","Q256",0.00047517683433851,126
"withheld_202001_forest_FALSE","Q187R1",0.000461261910732574,127
"withheld_202001_forest_FALSE","Q76",0.000452025327385961,128
"withheld_202001_forest_FALSE","Q701_Q705R1",0.000449674126922515,129
"withheld_202001_forest_FALSE","Q544",0.000445990646266891,130
"withheld_202001_forest_FALSE","Q184R3",0.000442046711486812,131
"withheld_202001_forest_FALSE","Q343R4",0.000439989337963468,132
"withheld_202001_forest_FALSE","Q808",0.000430600712310364,133
"withheld_202001_forest_FALSE","Q117R10",0.00043025872292844,134
"withheld_202001_forest_FALSE","Q417_Q424R3",0.000427841415016249,135
"withheld_202001_forest_FALSE","Q492",0.000426496749558323,136
"withheld_202001_forest_FALSE","Q202",0.000425370711658566,137
"withheld_202001_forest_FALSE","Q619_Q626R3",0.00041798410660146,138
"withheld_202001_forest_FALSE","Q478_Q483R1",0.000415270321100245,139
"withheld_202001_forest_FALSE","Q513_Q516R3",0.000412590725919846,140
"withheld_202001_forest_FALSE","Q257AR2",0.00041056713905488,141
"withheld_202001_forest_FALSE","Q800",0.000404700818434785,142
"withheld_202001_forest_FALSE","Q225R6",0.000403168345017883,143
"withheld_202001_forest_FALSE","Q467_Q469R2",0.000399131478769136,144
"withheld_202001_forest_FALSE","Q795",0.000397420105532753,145
"withheld_202001_forest_FALSE","Q693_Q700R4",0.000392354168624228,146
"withheld_202001_forest_FALSE","Q417_Q424R7",0.000390657764143903,147
"withheld_202001_forest_FALSE","Q99R2",0.00038483029243585,148
"withheld_202001_forest_FALSE","Q225R8",0.000381965870305626,149
"withheld_202001_forest_FALSE","Q62R4",0.000380634165456555,150
"withheld_202001_forest_FALSE","Q779",0.000376571491811105,151
"withheld_202001_forest_FALSE","Q352",0.000374925945562146,152
"withheld_202001_forest_FALSE","Q796",0.000374855220364719,153
"withheld_202001_forest_FALSE","Q487_Q489R2",0.00037359431837018,154
"withheld_202001_forest_FALSE","Q417_Q424R6",0.000372615921387039,155
"withheld_202001_forest_FALSE","Q693_Q700R1",0.000366641600822726,156
"withheld_202001_forest_FALSE","Q520",0.00036645149035951,157
"withheld_202001_forest_FALSE","Q348",0.000364109847624177,158
"withheld_202001_forest_FALSE","Q715_718R3",0.000361627876578513,159
"withheld_202001_forest_FALSE","Q330",0.000361596724152873,160
"withheld_202001_forest_FALSE","Q99R4",0.0003608734937855,161
"withheld_202001_forest_FALSE","Q629",0.000359551281132173,162
"withheld_202001_forest_FALSE","Q693_Q700R6",0.000359349367324539,163
"withheld_202001_forest_FALSE","Q225R4",0.000358091377663898,164
"withheld_202001_forest_FALSE","Q117R3",0.00035598446648207,165
"withheld_202001_forest_FALSE","Q110",0.000355904980916754,166
"withheld_202001_forest_FALSE","Q33R5",0.000353698875125657,167
"withheld_202001_forest_FALSE","Q701_Q705R2",0.000353439263019554,168
"withheld_202001_forest_FALSE","Q208R2",0.000350136931274513,169
"withheld_202001_forest_FALSE","Q749",0.000345707253540059,170
"withheld_202001_forest_FALSE","Q162R8",0.000344237831677711,171
"withheld_202001_forest_FALSE","Q401_Q404R2",0.000343639561593933,172
"withheld_202001_forest_FALSE","Q265",0.000342631216657888,173
"withheld_202001_forest_FALSE","Q187R4",0.000340881457324121,174
"withheld_202001_forest_FALSE","Q659",0.000340215852840161,175
"withheld_202001_forest_FALSE","Q131R11",0.000340205009157833,176
"withheld_202001_forest_FALSE","Q693_Q700R3",0.000340150576379927,177
"withheld_202001_forest_FALSE","Q192",0.000340009668435583,178
"withheld_202001_forest_FALSE","Q727_Q731R3",0.000339941819397002,179
"withheld_202001_forest_FALSE","Q472_Q474R3",0.000336003163878617,180
"withheld_202001_forest_FALSE","Q801",0.000335862217540556,181
"withheld_202001_forest_FALSE","Q162R6",0.000333714905827636,182
"withheld_202001_forest_FALSE","Q349",0.000333201438955347,183
"withheld_202001_forest_FALSE","Q504R5",0.000332363171762424,184
"withheld_202001_forest_FALSE","Q31",0.000332158501154647,185
"withheld_202001_forest_FALSE","Q417_Q424R8",0.000327894703539808,186
"withheld_202001_forest_FALSE","Q782",0.000326612875219776,187
"withheld_202001_forest_FALSE","Q597_Q602R6",0.00032414837515335,188
"withheld_202001_forest_FALSE","Q811",0.000324063680773899,189
"withheld_202001_forest_FALSE","Q203",0.000321938009127818,190
"withheld_202001_forest_FALSE","Q560R2",0.000321433831880565,191
"withheld_202001_forest_FALSE","Q560R6",0.000319634685002596,192
"withheld_202001_forest_FALSE","Q633",0.000318795087034951,193
"withheld_202001_forest_FALSE","Q171",0.000318739754139716,194
"withheld_202001_forest_FALSE","Q332",0.000318245860648171,195
"withheld_202001_forest_FALSE","Q662",0.000317554065186525,196
"withheld_202001_forest_FALSE","Q208R4",0.000315885459392081,197
"withheld_202001_forest_FALSE","Q519",0.000315006590054704,198
"withheld_202001_forest_FALSE","Q147",0.000314695506567902,199
"withheld_202001_forest_FALSE","Q257AR3",0.000314188278232225,200
"withheld_202001_forest_FALSE","Q646_Q651R6",0.000313852772102777,201
"withheld_202001_forest_FALSE","Q333",0.000312466313238805,202
"withheld_202001_forest_FALSE","Q456_Q461R6",0.000311956617813927,203
"withheld_202001_forest_FALSE","Q806",0.000311850987035033,204
"withheld_202001_forest_FALSE","Q509_Q511R2",0.000310620658741027,205
"withheld_202001_forest_FALSE","Q408",0.000309670537230924,206
"withheld_202001_forest_FALSE","Q491",0.000309645435277208,207
"withheld_202001_forest_FALSE","Q727_Q731R5",0.000309594919090852,208
"withheld_202001_forest_FALSE","Q159R1",0.000308176370765877,209
"withheld_202001_forest_FALSE","Q316R1",0.000306072480895653,210
"withheld_202001_forest_FALSE","Q813",0.000303729580513827,211
"withheld_202001_forest_FALSE","Q347",0.000300998586902884,212
"withheld_202001_forest_FALSE","Q563_Q572R4",0.000298492898342483,213
"withheld_202001_forest_FALSE","Q308R4",0.000298372118861027,214
"withheld_202001_forest_FALSE","Q540R1",0.000297541211192553,215
"withheld_202001_forest_FALSE","Q343R2",0.000296186538049745,216
"withheld_202001_forest_FALSE","Q39",0.000296137640450998,217
"withheld_202001_forest_FALSE","Q111R2",0.000295141161179262,218
"withheld_202001_forest_FALSE","Q273R5",0.00029373277529878,219
"withheld_202001_forest_FALSE","Q207",0.00029328315537879,220
"withheld_202001_forest_FALSE","Q471",0.000292925366645915,221
"withheld_202001_forest_FALSE","Q701_Q705R5",0.000291445200092212,222
"withheld_202001_forest_FALSE","Q380",0.000290250394006623,223
"withheld_202001_forest_FALSE","Q257CR3",0.0002897509557967,224
"withheld_202001_forest_FALSE","Q41",0.00028830728895664,225
"withheld_202001_forest_FALSE","Q411_Q416R2",0.000285927260161782,226
"withheld_202001_forest_FALSE","Q777",0.000283481186237451,227
"withheld_202001_forest_FALSE","Q62R2",0.000283155318557349,228
"withheld_202001_forest_FALSE","Q673",0.000282419314055363,229
"withheld_202001_forest_FALSE","Q478_Q483R3",0.000282359860188327,230
"withheld_202001_forest_FALSE","Q709_712R4",0.000282211208888533,231
"withheld_202001_forest_FALSE","Q117R7",0.000281843136431459,232
"withheld_202001_forest_FALSE","Q560R8",0.000281410489757787,233
"withheld_202001_forest_FALSE","Q512",0.000280131485339263,234
"withheld_202001_forest_FALSE","Q706_Q708R3",0.000279400800625621,235
"withheld_202001_forest_FALSE","Q261",0.000278806907689302,236
"withheld_202001_forest_FALSE","Q504R1",0.000276843416033711,237
"withheld_202001_forest_FALSE","Q619_Q626R1",0.000276584269336134,238
"withheld_202001_forest_FALSE","Q243R4",0.00027510218496762,239
"withheld_202001_forest_FALSE","Q727_Q731R4",0.00027471330632583,240
"withheld_202001_forest_FALSE","Q257AR4",0.000274448195199763,241
"withheld_202001_forest_FALSE","Q205",0.000273897623732758,242
"withheld_202001_forest_FALSE","Q111R4",0.000273638602460872,243
"withheld_202001_forest_FALSE","Q213R1",0.000269630532997366,244
"withheld_202001_forest_FALSE","Q417_Q424R4",0.000269350555629717,245
"withheld_202001_forest_FALSE","Q178R2",0.000268714065244474,246
"withheld_202001_forest_FALSE","Q591_Q596R5",0.000267816172972349,247
"withheld_202001_forest_FALSE","Q490",0.000267657033936792,248
"withheld_202001_forest_FALSE","Q518",0.000266873817977985,249
"withheld_202001_forest_FALSE","Q99R6",0.000265973917208798,250
"withheld_202001_forest_FALSE","Q715_718R2",0.000265613827810362,251
"withheld_202001_forest_FALSE","Q221R3",0.00026435687252024,252
"withheld_202001_forest_FALSE","Q225R2",0.000264239653631793,253
"withheld_202001_forest_FALSE","Q429_Q440R2",0.000263742793216987,254
"withheld_202001_forest_FALSE","Q504R7",0.000263475359915933,255
"withheld_202001_forest_FALSE","Q493",0.000262528828915919,256
"withheld_202001_forest_FALSE","Q487_Q489R3",0.000260882684828203,257
"withheld_202001_forest_FALSE","Q331",0.00026077621928671,258
"withheld_202001_forest_FALSE","Q386_Q390R5",0.000258494737367327,259
"withheld_202001_forest_FALSE","Q377",0.000258454544450345,260
"withheld_202001_forest_FALSE","Q206",0.000258265814152038,261
"withheld_202001_forest_FALSE","Q257BR2",0.000256134276478073,262
"withheld_202001_forest_FALSE","Q117R5",0.000256006682768764,263
"withheld_202001_forest_FALSE","Q271",0.000255722225122072,264
"withheld_202001_forest_FALSE","Q162R1",0.000253423816357294,265
"withheld_202001_forest_FALSE","Q639",0.000253331734229789,266
"withheld_202001_forest_FALSE","S13",0.000253186710135025,267
"withheld_202001_forest_FALSE","Q417_Q424R5",0.000252271211753114,268
"withheld_202001_forest_FALSE","Q395",0.000251831999946343,269
"withheld_202001_forest_FALSE","Q478_Q483R2",0.000251451094203918,270
"withheld_202001_forest_FALSE","Q809",0.000251447749982746,271
"withheld_202001_forest_FALSE","Q788",0.0002510080747733,272
"withheld_202001_forest_FALSE","Q62R5",0.000249918983292876,273
"withheld_202001_forest_FALSE","Q248",0.000248896839901087,274
"withheld_202001_forest_FALSE","Q59",0.000247961576014905,275
"withheld_202001_forest_FALSE","Q517",0.000246805461096444,276
"withheld_202001_forest_FALSE","Q239R3",0.000246511476559587,277
"withheld_202001_forest_FALSE","Q591_Q596R3",0.000244778358841265,278
"withheld_202001_forest_FALSE","Q99R8",0.000244686179913674,279
"withheld_202001_forest_FALSE","Q550",0.000244237539059912,280
"withheld_202001_forest_FALSE","Q693_Q700R8",0.000244132779881072,281
"withheld_202001_forest_FALSE","Q616_Q618R3",0.000241641409166404,282
"withheld_202001_forest_FALSE","Q208R3",0.000240310978397151,283
"withheld_202001_forest_FALSE","Q547R7",0.000239958739593703,284
"withheld_202001_forest_FALSE","Q316R6",0.000238982971475574,285
"withheld_202001_forest_FALSE","Q239R2",0.000237504894145858,286
"withheld_202001_forest_FALSE","Q676_Q678R1",0.000237107977450975,287
"withheld_202001_forest_FALSE","Q798",0.000236179053049756,288
"withheld_202001_forest_FALSE","Q45",0.000235841562871901,289
"withheld_202001_forest_FALSE","Q693_Q700R7",0.000235789282035759,290
"withheld_202001_forest_FALSE","Q57",0.00023459818202357,291
"withheld_202001_forest_FALSE","Q221R1",0.000234103469039789,292
"withheld_202001_forest_FALSE","Q805",0.000233504212405562,293
"withheld_202001_forest_FALSE","Q429_Q440R11",0.000233318723976275,294
"withheld_202001_forest_FALSE","Q701_Q705R4",0.000232105626945288,295
"withheld_202001_forest_FALSE","Q411_Q416R3",0.000230005383703124,296
"withheld_202001_forest_FALSE","Q429_Q440R6",0.000227247977725975,297
"withheld_202001_forest_FALSE","Q117R4",0.00022702844719883,298
"withheld_202001_forest_FALSE","NEWQ67",0.000226867609674219,299
"withheld_202001_forest_FALSE","Q152",0.000226078480256548,300
"withheld_202001_forest_FALSE","Q411_Q416R1",0.000225848799095719,301
"withheld_202001_forest_FALSE","Q810",0.000225145875151046,302
"withheld_202001_forest_FALSE","Q99R7",0.00022346682402356,303
"withheld_202001_forest_FALSE","Q750",0.000222085179556239,304
"withheld_202001_forest_FALSE","Q359R3",0.000221779837958238,305
"withheld_202001_forest_FALSE","Q225R1",0.000221596979408553,306
"withheld_202001_forest_FALSE","Q715_718R1",0.000220589978535988,307
"withheld_202001_forest_FALSE","Q131R4",0.000220276360583984,308
"withheld_202001_forest_FALSE","Q350",0.000219937659620485,309
"withheld_202001_forest_FALSE","Q77R1",0.000219499526720011,310
"withheld_202001_forest_FALSE","Q287R4",0.000219418106781085,311
"withheld_202001_forest_FALSE","Q111R3",0.00021918431728204,312
"withheld_202001_forest_FALSE","Q372",0.000218697369370309,313
"withheld_202001_forest_FALSE","Q754_Q762R9",0.000218655052481675,314
"withheld_202001_forest_FALSE","Q33R2",0.000217315294231932,315
"withheld_202001_forest_FALSE","Q62R1",0.000216921829079174,316
"withheld_202001_forest_FALSE","Q411_Q416R4",0.000216859483960152,317
"withheld_202001_forest_FALSE","Q561",0.000215804163232335,318
"withheld_202001_forest_FALSE","Q396_Q398R1",0.000214147631162953,319
"withheld_202001_forest_FALSE","Q742",0.000213768058964417,320
"withheld_202001_forest_FALSE","Q748",0.000212779982170534,321
"withheld_202001_forest_FALSE","Q257CR1",0.000212742776348943,322
"withheld_202001_forest_FALSE","Q521_Q528R4",0.000210816874091885,323
"withheld_202001_forest_FALSE","Q99R10",0.000210718514446332,324
"withheld_202001_forest_FALSE","Q381_Q383R1",0.000209862048511426,325
"withheld_202001_forest_FALSE","Q410",0.000209360852536622,326
"withheld_202001_forest_FALSE","Q316R2",0.000207644369788388,327
"withheld_202001_forest_FALSE","Q513_Q516R1",0.000205131135262818,328
"withheld_202001_forest_FALSE","Q159R2",0.000203789140218853,329
"withheld_202001_forest_FALSE","Q494_Q503R2",0.000203572474169104,330
"withheld_202001_forest_FALSE","Q257BR3",0.000203401035779169,331
"withheld_202001_forest_FALSE","Q551_Q559R3",0.000203083497226517,332
"withheld_202001_forest_FALSE","Q162R4",0.000202892754847544,333
"withheld_202001_forest_FALSE","Q273R1",0.000202588900299271,334
"withheld_202001_forest_FALSE","Q754_Q762R5",0.000202128966168629,335
"withheld_202001_forest_FALSE","Q478_Q483R4",0.000201579329238176,336
"withheld_202001_forest_FALSE","Q679_Q682R4",0.000201369634925077,337
"withheld_202001_forest_FALSE","Q803",0.000199983593527827,338
"withheld_202001_forest_FALSE","Q285",0.000199574897845163,339
"withheld_202001_forest_FALSE","Q98",0.000199088376415721,340
"withheld_202001_forest_FALSE","Q70R2",0.000198457582652853,341
"withheld_202001_forest_FALSE","Q154R4",0.000197725517267583,342
"withheld_202001_forest_FALSE","Q679_Q682R1",0.000195804489773656,343
"withheld_202001_forest_FALSE","Q117R12",0.000194657775353739,344
"withheld_202001_forest_FALSE","Q560R5",0.000192712245124559,345
"withheld_202001_forest_FALSE","Q604_Q605R1",0.000190412682807128,346
"withheld_202001_forest_FALSE","Q797",0.000189837321660263,347
"withheld_202001_forest_FALSE","Q111R5",0.000188681903748365,348
"withheld_202001_forest_FALSE","Q674R1",0.000188138725043151,349
"withheld_202001_forest_FALSE","Q257CR2",0.000187630785002906,350
"withheld_202001_forest_FALSE","Q521_Q528R3",0.000186678592320849,351
"withheld_202001_forest_FALSE","Q178R1",0.000186014209384528,352
"withheld_202001_forest_FALSE","Q264",0.000185574500882103,353
"withheld_202001_forest_FALSE","Q548R7",0.000183362624464854,354
"withheld_202001_forest_FALSE","Q273R3",0.000182119778249894,355
"withheld_202001_forest_FALSE","Q287R1",0.000182079690386873,356
"withheld_202001_forest_FALSE","Q478_Q483R5",0.000181237344676509,357
"withheld_202001_forest_FALSE","Q162R3",0.000179931239312458,358
"withheld_202001_forest_FALSE","Q154R3",0.000178700290421405,359
"withheld_202001_forest_FALSE","Q257AR1",0.000178406098646177,360
"withheld_202001_forest_FALSE","Q754_Q762R2",0.000175877183027825,361
"withheld_202001_forest_FALSE","Q111R1",0.0001755864262077,362
"withheld_202001_forest_FALSE","Q146",0.000175356735827433,363
"withheld_202001_forest_FALSE","Q551_Q559R2",0.000174135512458951,364
"withheld_202001_forest_FALSE","Q154R5",0.000174123826891618,365
"withheld_202001_forest_FALSE","Q217R4",0.00017309656110027,366
"withheld_202001_forest_FALSE","Q151",0.000173047175580049,367
"withheld_202001_forest_FALSE","Q386_Q390R3",0.000172867229915635,368
"withheld_202001_forest_FALSE","Q162R7",0.000172483110738361,369
"withheld_202001_forest_FALSE","Q713",0.000170242614981303,370
"withheld_202001_forest_FALSE","Q690",0.000170160117046326,371
"withheld_202001_forest_FALSE","Q820",0.000169818894086709,372
"withheld_202001_forest_FALSE","Q411_Q416R6",0.000168812081144896,373
"withheld_202001_forest_FALSE","Q117R1",0.000168482387578073,374
"withheld_202001_forest_FALSE","Q727_Q731R2",0.000168132147783269,375
"withheld_202001_forest_FALSE","Q225R5",0.00016751259368808,376
"withheld_202001_forest_FALSE","Q701_Q705R3",0.000167343791528073,377
"withheld_202001_forest_FALSE","Q560R3",0.000167041354123916,378
"withheld_202001_forest_FALSE","Q714",0.000166952083966738,379
"withheld_202001_forest_FALSE","Q287R2",0.0001667170442515,380
"withheld_202001_forest_FALSE","Q693_Q700R2",0.000166555387678721,381
"withheld_202001_forest_FALSE","Q812",0.000166443567285184,382
"withheld_202001_forest_FALSE","S3B",0.000165507958979052,383
"withheld_202001_forest_FALSE","Q417_Q424R1",0.000164287700585549,384
"withheld_202001_forest_FALSE","Q754_Q762R4",0.000163676115853178,385
"withheld_202001_forest_FALSE","Q727_Q731R1",0.000163628361110297,386
"withheld_202001_forest_FALSE","Q381_Q383R3",0.000163565392488931,387
"withheld_202001_forest_FALSE","Q672",0.000162684534600972,388
"withheld_202001_forest_FALSE","Q287R7",0.000162276098828497,389
"withheld_202001_forest_FALSE","Q751",0.00016213344349525,390
"withheld_202001_forest_FALSE","Q687",0.000161949429343782,391
"withheld_202001_forest_FALSE","Q335",0.000161159674607554,392
"withheld_202001_forest_FALSE","Q646_Q651R8",0.000160623553363746,393
"withheld_202001_forest_FALSE","Q597_Q602R2",0.000159070255924136,394
"withheld_202001_forest_FALSE","Q463",0.000158240085992623,395
"withheld_202001_forest_FALSE","Q386_Q390R4",0.000158034235404198,396
"withheld_202001_forest_FALSE","Q343R1",0.000157466210037364,397
"withheld_202001_forest_FALSE","Q549R7",0.000156869986600788,398
"withheld_202001_forest_FALSE","Q429_Q440R3",0.000156839596913615,399
"withheld_202001_forest_FALSE","Q604_Q605R2",0.000156302871506669,400
"withheld_202001_forest_FALSE","Q616_Q618R2",0.000156278082374257,401
"withheld_202001_forest_FALSE","Q117R2",0.000156218768428837,402
"withheld_202001_forest_FALSE","Q316R5",0.000156057049458663,403
"withheld_202001_forest_FALSE","Q504R8",0.000155739956914491,404
"withheld_202001_forest_FALSE","Q159R3",0.000155721545806937,405
"withheld_202001_forest_FALSE","Q454",0.000155649728529028,406
"withheld_202001_forest_FALSE","Q67",0.000155567204861675,407
"withheld_202001_forest_FALSE","Q363",0.000155266203759499,408
"withheld_202001_forest_FALSE","Q243R2",0.000154726635013303,409
"withheld_202001_forest_FALSE","Q597_Q602R4",0.000154720554114169,410
"withheld_202001_forest_FALSE","Q178R4",0.000154005601023167,411
"withheld_202001_forest_FALSE","Q819",0.000153519917803095,412
"withheld_202001_forest_FALSE","Q117R8",0.000153423455836168,413
"withheld_202001_forest_FALSE","Q187R2",0.000153055001197057,414
"withheld_202001_forest_FALSE","Q816",0.000152698368881168,415
"withheld_202001_forest_FALSE","Q661",0.000152137068409621,416
"withheld_202001_forest_FALSE","Q282",0.000151857348560082,417
"withheld_202001_forest_FALSE","Q287R5",0.000151825302371674,418
"withheld_202001_forest_FALSE","Q239R4",0.00015148364635047,419
"withheld_202001_forest_FALSE","Q29",0.000151466061713349,420
"withheld_202001_forest_FALSE","Q162R2",0.000151158897079917,421
"withheld_202001_forest_FALSE","Q535_Q538R1",0.000150920908783805,422
"withheld_202001_forest_FALSE","Q364",0.000150127559190051,423
"withheld_202001_forest_FALSE","Q456_Q461R3",0.000149772464648336,424
"withheld_202001_forest_FALSE","Q429_Q440R8",0.000149694168689479,425
"withheld_202001_forest_FALSE","Q640_Q645R3",0.000149642607776969,426
"withheld_202001_forest_FALSE","Q225R7",0.000149595717906139,427
"withheld_202001_forest_FALSE","Q551_Q559R8",0.000149520035459686,428
"withheld_202001_forest_FALSE","Q754_Q762R7",0.000149123513652687,429
"withheld_202001_forest_FALSE","Q243R1",0.000148926901280863,430
"withheld_202001_forest_FALSE","Q351",0.000148839251679294,431
"withheld_202001_forest_FALSE","Q266",0.000148501415356494,432
"withheld_202001_forest_FALSE","Q225R9",0.000148333672932838,433
"withheld_202001_forest_FALSE","Q77R9",0.000148274752865036,434
"withheld_202001_forest_FALSE","Q562",0.000148152794497856,435
"withheld_202001_forest_FALSE","Q221R4",0.000148119073404466,436
"withheld_202001_forest_FALSE","Q425",0.000147786838720394,437
"withheld_202001_forest_FALSE","Q153",0.00014760877199071,438
"withheld_202001_forest_FALSE","Q551_Q559R1",0.000147583097374749,439
"withheld_202001_forest_FALSE","Q273R2",0.000147237163643159,440
"withheld_202001_forest_FALSE","Q77R3",0.000146871510078724,441
"withheld_202001_forest_FALSE","Q250R5",0.000146204135969812,442
"withheld_202001_forest_FALSE","Q257BR1",0.000145929392157445,443
"withheld_202001_forest_FALSE","Q148",0.000145398406065712,444
"withheld_202001_forest_FALSE","Q401_Q404R3",0.000145316590593316,445
"withheld_202001_forest_FALSE","Q359R4",0.000145031015729248,446
"withheld_202001_forest_FALSE","Q472_Q474R1",0.000144709633823974,447
"withheld_202001_forest_FALSE","Q399",0.000144698973499675,448
"withheld_202001_forest_FALSE","Q221R2",0.000144139511437522,449
"withheld_202001_forest_FALSE","Q521_Q528R7",0.000144021162401433,450
"withheld_202001_forest_FALSE","Q652_Q658R7",0.000143481409031332,451
"withheld_202001_forest_FALSE","Q491A",0.000143388005673695,452
"withheld_202001_forest_FALSE","Q429_Q440R10",0.000142261235094608,453
"withheld_202001_forest_FALSE","Q513_Q516R2",0.000142258305076958,454
"withheld_202001_forest_FALSE","Q720_Q722R1",0.000140778115301854,455
"withheld_202001_forest_FALSE","Q752",0.000140158977870198,456
"withheld_202001_forest_FALSE","Q591_Q596R6",0.000139424002132103,457
"withheld_202001_forest_FALSE","Q476",0.000139107972029212,458
"withheld_202001_forest_FALSE","Q785",0.000138629826962938,459
"withheld_202001_forest_FALSE","Q273R4",0.000138561481129161,460
"withheld_202001_forest_FALSE","Q396_Q398R3",0.000138472327849953,461
"withheld_202001_forest_FALSE","Q804",0.000137623553884385,462
"withheld_202001_forest_FALSE","Q679_Q682R2",0.000137029907829597,463
"withheld_202001_forest_FALSE","Q386_Q390R2",0.000134987004868401,464
"withheld_202001_forest_FALSE","Q660",0.000134737194668015,465
"withheld_202001_forest_FALSE","Q386_Q390R1",0.000134173658943276,466
"withheld_202001_forest_FALSE","Q250R2",0.000134162046307542,467
"withheld_202001_forest_FALSE","Q263",0.000133730212687324,468
"withheld_202001_forest_FALSE","Q456_Q461R1",0.000133674944668381,469
"withheld_202001_forest_FALSE","Q456_Q461R4",0.000133581540942211,470
"withheld_202001_forest_FALSE","Q187R3",0.000133473011184723,471
"withheld_202001_forest_FALSE","Q77R6",0.000133333259175614,472
"withheld_202001_forest_FALSE","Q99R3",0.000133233752852765,473
"withheld_202001_forest_FALSE","Q250R8",0.000133064071902436,474
"withheld_202001_forest_FALSE","Q401_Q404R1",0.000132527838815081,475
"withheld_202001_forest_FALSE","Q646_Q651R7",0.000132101804257242,476
"withheld_202001_forest_FALSE","Q719",0.000132023932996653,477
"withheld_202001_forest_FALSE","Q521_Q528R8",0.000131923171803754,478
"withheld_202001_forest_FALSE","Q441_Q452R2",0.000131865253952291,479
"withheld_202001_forest_FALSE","Q720_Q722R2",0.000131575003253199,480
"withheld_202001_forest_FALSE","Q193",0.000131551388465636,481
"withheld_202001_forest_FALSE","Q815",0.000131398234456421,482
"withheld_202001_forest_FALSE","Q62R3",0.000131308263206289,483
"withheld_202001_forest_FALSE","Q741",0.00013093775637005,484
"withheld_202001_forest_FALSE","Q78",0.000130269960098275,485
"withheld_202001_forest_FALSE","Q663_Q666R4",0.000130214640485936,486
"withheld_202001_forest_FALSE","Q574",0.000130084646198402,487
"withheld_202001_forest_FALSE","Q69",0.000129834446124774,488
"withheld_202001_forest_FALSE","Q709_712R3",0.000129717901949696,489
"withheld_202001_forest_FALSE","Q247",0.000129281090026623,490
"withheld_202001_forest_FALSE","Q286",0.000128834976852129,491
"withheld_202001_forest_FALSE","Q675",0.000128759394573927,492
"withheld_202001_forest_FALSE","S2_M",0.000127474455168072,493
"withheld_202001_forest_FALSE","Q545R7",0.000126991934141468,494
"withheld_202001_forest_FALSE","Q172R3",0.000126720778905273,495
"withheld_202001_forest_FALSE","Q182",0.000126600232266291,496
"withheld_202001_forest_FALSE","Q194",0.000126527145581009,497
"withheld_202001_forest_FALSE","Q541",0.000125939199430561,498
"withheld_202001_forest_FALSE","Q99R11",0.000125079004095587,499
"withheld_202001_forest_FALSE","Q551_Q559R9",0.000124860519903366,500
"withheld_202001_forest_FALSE","Q369",0.000124568088363759,501
"withheld_202001_forest_FALSE","Q484",0.000124079149846619,502
"withheld_202001_forest_FALSE","Q763_Q766R4",0.00012384827787341,503
"withheld_202001_forest_FALSE","Q249",0.000122645405154366,504
"withheld_202001_forest_FALSE","Q667_Q671R3",0.00012226007287118,505
"withheld_202001_forest_FALSE","Q239R1",0.000122132751375056,506
"withheld_202001_forest_FALSE","Q257BR4",0.000122009934995234,507
"withheld_202001_forest_FALSE","Q551_Q559R6",0.000121425869275909,508
"withheld_202001_forest_FALSE","Q131R12",0.000121425262877977,509
"withheld_202001_forest_FALSE","Q720_Q722R3",0.000121266607447019,510
"withheld_202001_forest_FALSE","Q763_Q766R3",0.000120779807611414,511
"withheld_202001_forest_FALSE","Q287R3",0.000119863124393281,512
"withheld_202001_forest_FALSE","Q640_Q645R5",0.000119701272574663,513
"withheld_202001_forest_FALSE","S11",0.000119655544612432,514
"withheld_202001_forest_FALSE","Q99R5",0.00011951357362912,515
"withheld_202001_forest_FALSE","Q411_Q416R5",0.000119423406682131,516
"withheld_202001_forest_FALSE","Q400",0.000119095511979834,517
"withheld_202001_forest_FALSE","Q406",0.000119027975651998,518
"withheld_202001_forest_FALSE","Q429_Q440R12",0.000118721725987538,519
"withheld_202001_forest_FALSE","Q535_Q538R4",0.000118512571506122,520
"withheld_202001_forest_FALSE","Q278",0.00011849578646205,521
"withheld_202001_forest_FALSE","Q70R3",0.000117960145017177,522
"withheld_202001_forest_FALSE","Q99R9",0.000117820112398722,523
"withheld_202001_forest_FALSE","Q529",0.000117733060693372,524
"withheld_202001_forest_FALSE","Q494_Q503R3",0.000117616143762101,525
"withheld_202001_forest_FALSE","Q754_Q762R3",0.000117592995377917,526
"withheld_202001_forest_FALSE","Q546R7",0.000117073368643032,527
"withheld_202001_forest_FALSE","Q99R1",0.000115035739040367,528
"withheld_202001_forest_FALSE","Q723_Q725R1",0.000114665305162575,529
"withheld_202001_forest_FALSE","Q30",0.000113910701173574,530
"withheld_202001_forest_FALSE","Q775",0.000113611639153634,531
"withheld_202001_forest_FALSE","Q531",0.000113570022139906,532
"withheld_202001_forest_FALSE","Q40",0.000113202706204934,533
"withheld_202001_forest_FALSE","Q456_Q461R5",0.000113193775779601,534
"withheld_202001_forest_FALSE","Q486",0.000112610480850099,535
"withheld_202001_forest_FALSE","Q175R1",0.000112586734817877,536
"withheld_202001_forest_FALSE","Q494_Q503R1",0.000112206525379497,537
"withheld_202001_forest_FALSE","Q339",0.000112188214300328,538
"withheld_202001_forest_FALSE","Q597_Q602R3",0.000112156696135106,539
"withheld_202001_forest_FALSE","Q84",0.000112118700029734,540
"withheld_202001_forest_FALSE","Q70R5",0.000111652424928319,541
"withheld_202001_forest_FALSE","Q616_Q618R1",0.000111618868607071,542
"withheld_202001_forest_FALSE","Q597_Q602R5",0.000111434850002539,543
"withheld_202001_forest_FALSE","Q505_Q508R1",0.000110774742262135,544
"withheld_202001_forest_FALSE","Q738_Q740R1",0.000109934718927363,545
"withheld_202001_forest_FALSE","Q646_Q651R11",0.000109614867532858,546
"withheld_202001_forest_FALSE","Q316R3",0.000109562847370465,547
"withheld_202001_forest_FALSE","Q453",0.000108926281973909,548
"withheld_202001_forest_FALSE","Q591_Q596R4",0.000108047618466523,549
"withheld_202001_forest_FALSE","Q494_Q503R4",0.000108013142876143,550
"withheld_202001_forest_FALSE","Q753",0.000107643222505987,551
"withheld_202001_forest_FALSE","Q70R1",0.000107243893289358,552
"withheld_202001_forest_FALSE","Q46",0.000106708870438863,553
"withheld_202001_forest_FALSE","Q688",0.000106631893636034,554
"withheld_202001_forest_FALSE","Q225R3",0.000104696160022269,555
"withheld_202001_forest_FALSE","Q767_Q771R3",0.000104363877769177,556
"withheld_202001_forest_FALSE","Q591_Q596R2",0.000104060629106716,557
"withheld_202001_forest_FALSE","S2_NATIVE",0.000103841025046882,558
"withheld_202001_forest_FALSE","Q150",0.00010234271174203,559
"withheld_202001_forest_FALSE","Q117R9",0.000101694316516089,560
"withheld_202001_forest_FALSE","Q663_Q666R1",0.000101063953554885,561
"withheld_202001_forest_FALSE","Q597_Q602R1",0.000100871977826732,562
"withheld_202001_forest_FALSE","Q630_Q632R3",0.000100755254496449,563
"withheld_202001_forest_FALSE","Q560R7",0.000100649959125371,564
"withheld_202001_forest_FALSE","Q175R2",0.000100280274457798,565
"withheld_202001_forest_FALSE","Q367",0.000100248968349069,566
"withheld_202001_forest_FALSE","Q505_Q508R2",0.000100018969039953,567
"withheld_202001_forest_FALSE","Q77R4",9.9298183027571e-05,568
"withheld_202001_forest_FALSE","Q551_Q559R5",9.84391952458982e-05,569
"withheld_202001_forest_FALSE","Q494_Q503R5",9.78132566379826e-05,570
"withheld_202001_forest_FALSE","Q429_Q440R7",9.77020670303556e-05,571
"withheld_202001_forest_FALSE","Q521_Q528R5",9.72959065216894e-05,572
"withheld_202001_forest_FALSE","Q535_Q538R2",9.68394829021141e-05,573
"withheld_202001_forest_FALSE","Q532",9.61956611309683e-05,574
"withheld_202001_forest_FALSE","Q535_Q538R3",9.61267266606432e-05,575
"withheld_202001_forest_FALSE","Q814",9.54289472801044e-05,576
"withheld_202001_forest_FALSE","Q456_Q461R2",9.52053615976616e-05,577
"withheld_202001_forest_FALSE","Q77R2",9.45127145057547e-05,578
"withheld_202001_forest_FALSE","Q401_Q404R4",9.43709069804644e-05,579
"withheld_202001_forest_FALSE","Q646_Q651R9",9.42881120680922e-05,580
"withheld_202001_forest_FALSE","Q365",9.41562183009425e-05,581
"withheld_202001_forest_FALSE","Q692",9.38857150342849e-05,582
"withheld_202001_forest_FALSE","Q429_Q440R9",9.34847642750728e-05,583
"withheld_202001_forest_FALSE","Q441_Q452R4",9.29544876590334e-05,584
"withheld_202001_forest_FALSE","Q723_Q725R3",9.29273171748749e-05,585
"withheld_202001_forest_FALSE","Q75",9.29180223624742e-05,586
"withheld_202001_forest_FALSE","Q738_Q740R2",9.28809454078615e-05,587
"withheld_202001_forest_FALSE","Q283",9.27071396203484e-05,588
"withheld_202001_forest_FALSE","Q663_Q666R3",9.26325384259923e-05,589
"withheld_202001_forest_FALSE","Q646_Q651R10",9.24590424829669e-05,590
"withheld_202001_forest_FALSE","Q732_Q737R3",9.16615319419435e-05,591
"withheld_202001_forest_FALSE","Q628",9.09421113047381e-05,592
"withheld_202001_forest_FALSE","Q204",9.07110579939746e-05,593
"withheld_202001_forest_FALSE","Q747",9.07069980002117e-05,594
"withheld_202001_forest_FALSE","S7",9.06052136225718e-05,595
"withheld_202001_forest_FALSE","Q563_Q572R2",9.02786075257703e-05,596
"withheld_202001_forest_FALSE","Q154R2",9.00945930833642e-05,597
"withheld_202001_forest_FALSE","Q767_Q771R5",8.97548692882054e-05,598
"withheld_202001_forest_FALSE","Q583",8.90966297896521e-05,599
"withheld_202001_forest_FALSE","Q409",8.8813444308383e-05,600
"withheld_202001_forest_FALSE","Q381_Q383R2",8.85698706046582e-05,601
"withheld_202001_forest_FALSE","Q521_Q528R2",8.84396937788752e-05,602
"withheld_202001_forest_FALSE","Q441_Q452R12",8.84200567805284e-05,603
"withheld_202001_forest_FALSE","Q494_Q503R7",8.81987871207698e-05,604
"withheld_202001_forest_FALSE","Q754_Q762R1",8.77888710652249e-05,605
"withheld_202001_forest_FALSE","Q573",8.73801163542097e-05,606
"withheld_202001_forest_FALSE","Q534",8.69604448639105e-05,607
"withheld_202001_forest_FALSE","Q131R13",8.68674271140268e-05,608
"withheld_202001_forest_FALSE","Q676_Q678R2",8.6441513051626e-05,609
"withheld_202001_forest_FALSE","Q262",8.64067323927805e-05,610
"withheld_202001_forest_FALSE","Q738_Q740R3",8.6098343628727e-05,611
"withheld_202001_forest_FALSE","Q763_Q766R2",8.60306236361047e-05,612
"withheld_202001_forest_FALSE","Q379",8.58842447565566e-05,613
"withheld_202001_forest_FALSE","Q429_Q440R5",8.57848876274904e-05,614
"withheld_202001_forest_FALSE","S10_MEX",8.52601842643104e-05,615
"withheld_202001_forest_FALSE","Q663_Q666R2",8.49847160214961e-05,616
"withheld_202001_forest_FALSE","Q117R6",8.43799328976897e-05,617
"withheld_202001_forest_FALSE","Q250R3",8.40319214929396e-05,618
"withheld_202001_forest_FALSE","Q611",8.39461178758759e-05,619
"withheld_202001_forest_FALSE","Q357",8.35815672376057e-05,620
"withheld_202001_forest_FALSE","Q470",8.34881826493026e-05,621
"withheld_202001_forest_FALSE","Q652_Q658R3",8.31754744924458e-05,622
"withheld_202001_forest_FALSE","Q97",8.29045493793102e-05,623
"withheld_202001_forest_FALSE","Q652_Q658R5",8.26309320836148e-05,624
"withheld_202001_forest_FALSE","Q243R3",8.21870883998805e-05,625
"withheld_202001_forest_FALSE","Q77R8",8.17372341027765e-05,626
"withheld_202001_forest_FALSE","Q316R4",8.173622670611e-05,627
"withheld_202001_forest_FALSE","Q505_Q508R3",8.16516391606356e-05,628
"withheld_202001_forest_FALSE","Q87",8.15805518184019e-05,629
"withheld_202001_forest_FALSE","Q268",8.15670927431952e-05,630
"withheld_202001_forest_FALSE","Q746B",8.11207832382996e-05,631
"withheld_202001_forest_FALSE","Q652_Q658R6",8.09600806932634e-05,632
"withheld_202001_forest_FALSE","Q477",8.03011846142087e-05,633
"withheld_202001_forest_FALSE","Q88",8.01766598446507e-05,634
"withheld_202001_forest_FALSE","Q494_Q503R10",7.93982272943144e-05,635
"withheld_202001_forest_FALSE","Q93",7.93766420337139e-05,636
"withheld_202001_forest_FALSE","Q652_Q658R1",7.82203138037802e-05,637
"withheld_202001_forest_FALSE","Q640_Q645R2",7.78408173457551e-05,638
"withheld_202001_forest_FALSE","Q86",7.77896254256281e-05,639
"withheld_202001_forest_FALSE","Q652_Q658R2",7.7762542299091e-05,640
"withheld_202001_forest_FALSE","Q149",7.73839704782263e-05,641
"withheld_202001_forest_FALSE","Q77R5",7.69631032030862e-05,642
"withheld_202001_forest_FALSE","Q441_Q452R8",7.68852468889691e-05,643
"withheld_202001_forest_FALSE","Q462",7.68841324142299e-05,644
"withheld_202001_forest_FALSE","Q70R4",7.5997289925022e-05,645
"withheld_202001_forest_FALSE","Q280",7.53213421697441e-05,646
"withheld_202001_forest_FALSE","S14",7.3820480284638e-05,647
"withheld_202001_forest_FALSE","Q646_Q651R2",7.32358155979917e-05,648
"withheld_202001_forest_FALSE","Q77R7",7.2922483257053e-05,649
"withheld_202001_forest_FALSE","Q16",7.25319007206373e-05,650
"withheld_202001_forest_FALSE","Q254",7.25265382165002e-05,651
"withheld_202001_forest_FALSE","S2_AFROLAT",7.21180242314235e-05,652
"withheld_202001_forest_FALSE","Q763_Q766R1",7.16031544685502e-05,653
"withheld_202001_forest_FALSE","Q732_Q737R2",7.06801905982571e-05,654
"withheld_202001_forest_FALSE","Q13",6.96983918165957e-05,655
"withheld_202001_forest_FALSE","Q754_Q762R6",6.95228083120475e-05,656
"withheld_202001_forest_FALSE","Q652_Q658R4",6.92875016547157e-05,657
"withheld_202001_forest_FALSE","Q172R1",6.86634166715327e-05,658
"withheld_202001_forest_FALSE","Q802",6.75631009078922e-05,659
"withheld_202001_forest_FALSE","Q429_Q440R4",6.74501560255621e-05,660
"withheld_202001_forest_FALSE","Q679_Q682R3",6.67463174597037e-05,661
"withheld_202001_forest_FALSE","Q466",6.63628588184782e-05,662
"withheld_202001_forest_FALSE","Q667_Q671R4",6.4021998707013e-05,663
"withheld_202001_forest_FALSE","Q394",6.33614496457694e-05,664
"withheld_202001_forest_FALSE","Q667_Q671R1",6.31157746406332e-05,665
"withheld_202001_forest_FALSE","Q441_Q452R5",6.29931942838641e-05,666
"withheld_202001_forest_FALSE","Q20",6.28764085529678e-05,667
"withheld_202001_forest_FALSE","Q723_Q725R2",6.22620444122048e-05,668
"withheld_202001_forest_FALSE","Q676_Q678R3",6.2051603645774e-05,669
"withheld_202001_forest_FALSE","Q551_Q559R7",6.17432083918895e-05,670
"withheld_202001_forest_FALSE","Q686",6.12309808261855e-05,671
"withheld_202001_forest_FALSE","Q441_Q452R10",6.11697197645845e-05,672
"withheld_202001_forest_FALSE","Q551_Q559R4",6.06020174685405e-05,673
"withheld_202001_forest_FALSE","Q494_Q503R8",5.95615202146986e-05,674
"withheld_202001_forest_FALSE","Q68",5.91959985405952e-05,675
"withheld_202001_forest_FALSE","Q429_Q440R1",5.8953792182386e-05,676
"withheld_202001_forest_FALSE","Q95",5.82942830458189e-05,677
"withheld_202001_forest_FALSE","Q521_Q528R6",5.78075373395303e-05,678
"withheld_202001_forest_FALSE","Q754_Q762R8",5.74579584336296e-05,679
"withheld_202001_forest_FALSE","Q467_Q469R3",5.73813890048184e-05,680
"withheld_202001_forest_FALSE","S3",5.68695782613266e-05,681
"withheld_202001_forest_FALSE","Q370",5.58651324469363e-05,682
"withheld_202001_forest_FALSE","Q405",5.4785681428795e-05,683
"withheld_202001_forest_FALSE","S2_RACE",5.46937603159996e-05,684
"withheld_202001_forest_FALSE","Q646_Q651R1",5.20564592626192e-05,685
"withheld_202001_forest_FALSE","Q441_Q452R3",5.15621980517528e-05,686
"withheld_202001_forest_FALSE","Q585_Q590R4",5.14309298589847e-05,687
"withheld_202001_forest_FALSE","Q494_Q503R6",5.09924997033515e-05,688
"withheld_202001_forest_FALSE","Q646_Q651R4",5.07121440897155e-05,689
"withheld_202001_forest_FALSE","Q260",5.05712499664911e-05,690
"withheld_202001_forest_FALSE","Q391_Q393R2",5.04970513259718e-05,691
"withheld_202001_forest_FALSE","Q585_Q590R6",5.03419256226261e-05,692
"withheld_202001_forest_FALSE","Q732_Q737R1",5.01799615909947e-05,693
"withheld_202001_forest_FALSE","S1",4.94040037847213e-05,694
"withheld_202001_forest_FALSE","Q767_Q771R2",4.88648887728159e-05,695
"withheld_202001_forest_FALSE","Q396_Q398R2",4.85160390852785e-05,696
"withheld_202001_forest_FALSE","Q487_Q489R1",4.76570000090875e-05,697
"withheld_202001_forest_FALSE","Q640_Q645R4",4.76516758473528e-05,698
"withheld_202001_forest_FALSE","Q467_Q469R1",4.72441222241245e-05,699
"withheld_202001_forest_FALSE","Q85",4.71564191675623e-05,700
"withheld_202001_forest_FALSE","Q172R2",4.71193959359986e-05,701
"withheld_202001_forest_FALSE","Q667_Q671R5",4.68172996815897e-05,702
"withheld_202001_forest_FALSE","Q269",4.59724112268391e-05,703
"withheld_202001_forest_FALSE","Q640_Q645R6",4.52133701876021e-05,704
"withheld_202001_forest_FALSE","Q818",4.45522260745379e-05,705
"withheld_202001_forest_FALSE","Q585_Q590R2",4.44726206368488e-05,706
"withheld_202001_forest_FALSE","Q170",4.4435356877351e-05,707
"withheld_202001_forest_FALSE","Q685",4.34341049839156e-05,708
"withheld_202001_forest_FALSE","Q630_Q632R1",4.30819904258598e-05,709
"withheld_202001_forest_FALSE","Q715_718R4",4.24748763610578e-05,710
"withheld_202001_forest_FALSE","Q591_Q596R1",4.23491396041279e-05,711
"withheld_202001_forest_FALSE","Q356",4.22302763851993e-05,712
"withheld_202001_forest_FALSE","Q253",4.16162804874784e-05,713
"withheld_202001_forest_FALSE","Q85B",4.10891204895756e-05,714
"withheld_202001_forest_FALSE","Q732_Q737R5",4.06769472288446e-05,715
"withheld_202001_forest_FALSE","Q585_Q590R5",4.01372098755003e-05,716
"withheld_202001_forest_FALSE","Q494_Q503R9",4.00374351410366e-05,717
"withheld_202001_forest_FALSE","Q441_Q452R1",3.98665954351243e-05,718
"withheld_202001_forest_FALSE","Q441_Q452R9",3.93820814213209e-05,719
"withheld_202001_forest_FALSE","Q258",3.86508780579816e-05,720
"withheld_202001_forest_FALSE","Q767_Q771R1",3.83448989947549e-05,721
"withheld_202001_forest_FALSE","Q441_Q452R11",3.76364874928139e-05,722
"withheld_202001_forest_FALSE","Q646_Q651R5",3.70529144919878e-05,723
"withheld_202001_forest_FALSE","Q441_Q452R7",3.67011986531266e-05,724
"withheld_202001_forest_FALSE","Q746A",3.49369328449608e-05,725
"withheld_202001_forest_FALSE","Q640_Q645R1",3.44012347500762e-05,726
"withheld_202001_forest_FALSE","S2_RACE_PRIME",3.20965216394125e-05,727
"withheld_202001_forest_FALSE","Q279",3.01704304753617e-05,728
"withheld_202001_forest_FALSE","Q732_Q737R6",2.9945836105349e-05,729
"withheld_202001_forest_FALSE","Q646_Q651R3",2.98364077285513e-05,730
"withheld_202001_forest_FALSE","Q391_Q393R1",2.9137348928616e-05,731
"withheld_202001_forest_FALSE","Q585_Q590R3",2.91175507202964e-05,732
"withheld_202001_forest_FALSE","Q732_Q737R4",2.79817362959591e-05,733
"withheld_202001_forest_FALSE","Q175R3",2.71472108582652e-05,734
"withheld_202001_forest_FALSE","Q767_Q771R4",2.68878525339692e-05,735
"withheld_202001_forest_FALSE","Q391_Q393R3",2.60004879663736e-05,736
"withheld_202001_forest_FALSE","Q627",2.58012525455612e-05,737
"withheld_202001_forest_FALSE","Q530",2.40580912515249e-05,738
"withheld_202001_forest_FALSE","Q441_Q452R6",2.32107943459756e-05,739
"withheld_202001_forest_FALSE","Q255",2.19626498557114e-05,740
"withheld_202001_forest_FALSE","Q542",2.14392041164178e-05,741
"withheld_202001_forest_FALSE","Q267",1.99699269741863e-05,742
"withheld_202001_forest_FALSE","Q630_Q632R2",1.68684228559717e-05,743
"withheld_202001_forest_FALSE","Q585_Q590R1",1.49146078565045e-05,744
"withheld_202001_forest_FALSE","Q251",1.4831943804843e-05,745
"withheld_202001_forest_FALSE","Q252",1.35024281906246e-05,746
"withheld_202001_forest_FALSE","Q613",1.31882332983969e-05,747
"withheld_202001_forest_FALSE","Q270",1.13969708317867e-05,748
"withheld_202001_forest_FALSE","Q667_Q671R2",1.06260912121694e-05,749
"withheld_202001_forest_FALSE","S3C",6.73483334439969e-06,750
"diagnostic_202002_forest_FALSE","Q15",0.144389642971419,1
"diagnostic_202002_forest_FALSE","Q614",0.0594494951258587,2
"diagnostic_202002_forest_FALSE","Q2R1",0.0483055131257127,3
"diagnostic_202002_forest_FALSE","Q130",0.0384975494848195,4
"diagnostic_202002_forest_FALSE","Q54",0.0174790632816479,5
"diagnostic_202002_forest_FALSE","Q2R3",0.0128718186352758,6
"diagnostic_202002_forest_FALSE","Q195A2",0.0126394637255303,7
"diagnostic_202002_forest_FALSE","Q2R4",0.0118620398581091,8
"diagnostic_202002_forest_FALSE","Q195B2",0.00790658032530447,9
"diagnostic_202002_forest_FALSE","Q195A1",0.00679349424294206,10
"diagnostic_202002_forest_FALSE","Q24",0.00565905689470062,11
"diagnostic_202002_forest_FALSE","Q197B1",0.00557277550250036,12
"diagnostic_202002_forest_FALSE","Q21",0.00520441427581233,13
"diagnostic_202002_forest_FALSE","Q197A1",0.00473861245785689,14
"diagnostic_202002_forest_FALSE","Q195B1",0.00436612921688242,15
"diagnostic_202002_forest_FALSE","Q25",0.00430635174385362,16
"diagnostic_202002_forest_FALSE","Q197B2",0.00351229428274225,17
"diagnostic_202002_forest_FALSE","Q51",0.00349026454644784,18
"diagnostic_202002_forest_FALSE","Q52",0.00325041718074198,19
"diagnostic_202002_forest_FALSE","Q1",0.00314256054609272,20
"diagnostic_202002_forest_FALSE","Q2R7",0.00223613327693983,21
"diagnostic_202002_forest_FALSE","Q2R9",0.0021863481684342,22
"diagnostic_202002_forest_FALSE","Q2R10",0.00214895429998851,23
"diagnostic_202002_forest_FALSE","Q22",0.00183221255651364,24
"diagnostic_202002_forest_FALSE","Q197A2",0.00180367919758345,25
"diagnostic_202002_forest_FALSE","Q2R5",0.00175615245691256,26
"diagnostic_202002_forest_FALSE","Q308R7",0.00162910642056613,27
"diagnostic_202002_forest_FALSE","Q2R8",0.00162764918250729,28
"diagnostic_202002_forest_FALSE","Q2R2",0.00124152664259621,29
"diagnostic_202002_forest_FALSE","Q55",0.00115921861433835,30
"diagnostic_202002_forest_FALSE","Q504R11",0.00103637084333051,31
"diagnostic_202002_forest_FALSE","Q43",0.000983663929625051,32
"diagnostic_202002_forest_FALSE","Q774",0.000914719487635688,33
"diagnostic_202002_forest_FALSE","Q23",0.000807557991403572,34
"diagnostic_202002_forest_FALSE","Q606",0.000781855158997236,35
"diagnostic_202002_forest_FALSE","Q607_Q610R3",0.000729547451023367,36
"diagnostic_202002_forest_FALSE","Q60",0.000701895368328521,37
"diagnostic_202002_forest_FALSE","Q607_Q610R4",0.000698847253173964,38
"diagnostic_202002_forest_FALSE","Q575_Q581R1",0.000696316182937629,39
"diagnostic_202002_forest_FALSE","Q428",0.000670452867907425,40
"diagnostic_202002_forest_FALSE","Q504R12",0.000657847336206498,41
"diagnostic_202002_forest_FALSE","VQ774",0.000607241956823091,42
"diagnostic_202002_forest_FALSE","Q539",0.000599610597870616,43
"diagnostic_202002_forest_FALSE","Q607_Q610R2",0.000582941231035718,44
"diagnostic_202002_forest_FALSE","Q98",0.000578106229456654,45
"diagnostic_202002_forest_FALSE","Q131R12",0.000567068249278487,46
"diagnostic_202002_forest_FALSE","Q325_BLW",0.000532586753995539,47
"diagnostic_202002_forest_FALSE","Q58",0.00048247188271224,48
"diagnostic_202002_forest_FALSE","Q575_Q581R2",0.000476858603104527,49
"diagnostic_202002_forest_FALSE","Q295",0.000471330272232861,50
"diagnostic_202002_forest_FALSE","Q50",0.000468939103367979,51
"diagnostic_202002_forest_FALSE","Q184R1",0.000455549218777104,52
"diagnostic_202002_forest_FALSE","Q326R5",0.000451840229183421,53
"diagnostic_202002_forest_FALSE","Q607_Q610R1",0.000437096347437243,54
"diagnostic_202002_forest_FALSE","Q53",0.000429820565161346,55
"diagnostic_202002_forest_FALSE","Q475",0.000417450727008592,56
"diagnostic_202002_forest_FALSE","Q684",0.000409277518479816,57
"diagnostic_202002_forest_FALSE","Q326R4",0.000405890913020217,58
"diagnostic_202002_forest_FALSE","Q308R6",0.000402852476146596,59
"diagnostic_202002_forest_FALSE","Q49",0.0003930045762175,60
"diagnostic_202002_forest_FALSE","Q32",0.000392496782364189,61
"diagnostic_202002_forest_FALSE","Q48",0.000372786550885491,62
"diagnostic_202002_forest_FALSE","Q324",0.000368849823894496,63
"diagnostic_202002_forest_FALSE","VQ773",0.000367349440812648,64
"diagnostic_202002_forest_FALSE","Q315",0.000362641561476841,65
"diagnostic_202002_forest_FALSE","Q28",0.000346334682509938,66
"diagnostic_202002_forest_FALSE","Q603",0.000333002170918091,67
"diagnostic_202002_forest_FALSE","Q225R11",0.00032767891189933,68
"diagnostic_202002_forest_FALSE","Q281",0.00032662398236517,69
"diagnostic_202002_forest_FALSE","Q633",0.000314275227556764,70
"diagnostic_202002_forest_FALSE","Q323_BLW",0.00031420427364085,71
"diagnostic_202002_forest_FALSE","Q544",0.000310098978406429,72
"diagnostic_202002_forest_FALSE","Q806",0.00030818643717458,73
"diagnostic_202002_forest_FALSE","Q287R6",0.000304092926377212,74
"diagnostic_202002_forest_FALSE","Q76",0.00029329186821247,75
"diagnostic_202002_forest_FALSE","Q773",0.000289086935550805,76
"diagnostic_202002_forest_FALSE","Q348",0.000284944791784526,77
"diagnostic_202002_forest_FALSE","Q70R2",0.000282452603749584,78
"diagnostic_202002_forest_FALSE","Q308R5",0.000274210015564052,79
"diagnostic_202002_forest_FALSE","Q26",0.000265748701666945,80
"diagnostic_202002_forest_FALSE","Q800",0.000265652920430661,81
"diagnostic_202002_forest_FALSE","S3",0.000263608495981925,82
"diagnostic_202002_forest_FALSE","Q178R2",0.000251156593054472,83
"diagnostic_202002_forest_FALSE","Q196",0.000250717178219294,84
"diagnostic_202002_forest_FALSE","Q359R2",0.000250098211284538,85
"diagnostic_202002_forest_FALSE","Q326R1",0.00024980688159129,86
"diagnostic_202002_forest_FALSE","Q582",0.000245698027873154,87
"diagnostic_202002_forest_FALSE","Q676_Q678R1",0.000244116083702628,88
"diagnostic_202002_forest_FALSE","Q27",0.00023305025719744,89
"diagnostic_202002_forest_FALSE","S10",0.000228899267536245,90
"diagnostic_202002_forest_FALSE","Q329",0.000226502668001574,91
"diagnostic_202002_forest_FALSE","Q31",0.000226384361829851,92
"diagnostic_202002_forest_FALSE","Q563_Q572R9",0.000224137195977475,93
"diagnostic_202002_forest_FALSE","Q358",0.000219483037782136,94
"diagnostic_202002_forest_FALSE","Q487_Q489R2",0.000219326522963866,95
"diagnostic_202002_forest_FALSE","Q575_Q581R5",0.000218214095018481,96
"diagnostic_202002_forest_FALSE","Q202",0.000216758748649977,97
"diagnostic_202002_forest_FALSE","Q575_Q581R7",0.000215791136110852,98
"diagnostic_202002_forest_FALSE","Q29",0.000214208837135345,99
"diagnostic_202002_forest_FALSE","Q366",0.000214122903960987,100
"diagnostic_202002_forest_FALSE","Q799",0.000213456819258077,101
"diagnostic_202002_forest_FALSE","Q2R6",0.000209858377670332,102
"diagnostic_202002_forest_FALSE","Q575_Q581R6",0.000209769645102366,103
"diagnostic_202002_forest_FALSE","Q131R7",0.000208740102465197,104
"diagnostic_202002_forest_FALSE","Q810",0.000208016959917512,105
"diagnostic_202002_forest_FALSE","Q316R5",0.000206354584992734,106
"diagnostic_202002_forest_FALSE","S14",0.000203822668044546,107
"diagnostic_202002_forest_FALSE","Q597_Q602R1",0.000201700029438504,108
"diagnostic_202002_forest_FALSE","Q512",0.000198912615949493,109
"diagnostic_202002_forest_FALSE","Q33R1",0.000196269256638948,110
"diagnostic_202002_forest_FALSE","Q518",0.000192624653035042,111
"diagnostic_202002_forest_FALSE","Q131R10",0.000190883500284794,112
"diagnostic_202002_forest_FALSE","Q811",0.000189714707921241,113
"diagnostic_202002_forest_FALSE","S11",0.00018875001666985,114
"diagnostic_202002_forest_FALSE","Q39",0.000188368966652763,115
"diagnostic_202002_forest_FALSE","Q38",0.000186327593013724,116
"diagnostic_202002_forest_FALSE","S4",0.000185486330085597,117
"diagnostic_202002_forest_FALSE","Q332",0.000183300088632909,118
"diagnostic_202002_forest_FALSE","Q504R5",0.000180862085100331,119
"diagnostic_202002_forest_FALSE","Q816",0.000180251626995521,120
"diagnostic_202002_forest_FALSE","Q706_Q708R1",0.000180033914684726,121
"diagnostic_202002_forest_FALSE","Q301",0.00017919091250831,122
"diagnostic_202002_forest_FALSE","Q467_Q469R2",0.000179131025852364,123
"diagnostic_202002_forest_FALSE","Q116",0.00017675850128631,124
"diagnostic_202002_forest_FALSE","Q683",0.00017430859169861,125
"diagnostic_202002_forest_FALSE","Q417_Q424R6",0.00017347042140842,126
"diagnostic_202002_forest_FALSE","Q213R2",0.000173008313037037,127
"diagnostic_202002_forest_FALSE","Q563_Q572R3",0.000172021906403953,128
"diagnostic_202002_forest_FALSE","Q688",0.000168957000169354,129
"diagnostic_202002_forest_FALSE","Q750",0.000167455833937018,130
"diagnostic_202002_forest_FALSE","Q788",0.000165840788001768,131
"diagnostic_202002_forest_FALSE","Q61",0.000164062391863213,132
"diagnostic_202002_forest_FALSE","Q808",0.000163832972306676,133
"diagnostic_202002_forest_FALSE","Q575_Q581R3",0.000163114632911432,134
"diagnostic_202002_forest_FALSE","Q782",0.000162912728007665,135
"diagnostic_202002_forest_FALSE","Q779",0.00016214011830069,136
"diagnostic_202002_forest_FALSE","Q308R1",0.000159874346543192,137
"diagnostic_202002_forest_FALSE","Q401_Q404R2",0.000159744775928977,138
"diagnostic_202002_forest_FALSE","Q110",0.000159688758562276,139
"diagnostic_202002_forest_FALSE","Q429_Q440R9",0.000156634491253773,140
"diagnostic_202002_forest_FALSE","Q520",0.000156449402761036,141
"diagnostic_202002_forest_FALSE","Q796",0.000155148227649643,142
"diagnostic_202002_forest_FALSE","Q331",0.000154926155850557,143
"diagnostic_202002_forest_FALSE","Q308R2",0.000153737727428645,144
"diagnostic_202002_forest_FALSE","Q254",0.000153066470282816,145
"diagnostic_202002_forest_FALSE","Q131R2",0.00015285759118816,146
"diagnostic_202002_forest_FALSE","Q359R1",0.000150299601421307,147
"diagnostic_202002_forest_FALSE","Q396_Q398R2",0.000149601997696964,148
"diagnostic_202002_forest_FALSE","Q183",0.000149403094422892,149
"diagnostic_202002_forest_FALSE","Q798",0.000148846931390975,150
"diagnostic_202002_forest_FALSE","Q59",0.000146059801998835,151
"diagnostic_202002_forest_FALSE","Q206",0.000145706056384425,152
"diagnostic_202002_forest_FALSE","Q425",0.000145291293548088,153
"diagnostic_202002_forest_FALSE","Q257CR4",0.000144565650562295,154
"diagnostic_202002_forest_FALSE","Q308R4",0.000144154086201312,155
"diagnostic_202002_forest_FALSE","Q727_Q731R1",0.000140830001536551,156
"diagnostic_202002_forest_FALSE","Q726",0.000140673554099045,157
"diagnostic_202002_forest_FALSE","Q471",0.000140092419506601,158
"diagnostic_202002_forest_FALSE","Q560R4",0.000139433908371201,159
"diagnostic_202002_forest_FALSE","Q560R7",0.000138908427766004,160
"diagnostic_202002_forest_FALSE","Q44",0.000138872446582333,161
"diagnostic_202002_forest_FALSE","Q86",0.00013864890439421,162
"diagnostic_202002_forest_FALSE","Q417_Q424R8",0.000137389859254582,163
"diagnostic_202002_forest_FALSE","Q727_Q731R3",0.000134472055494826,164
"diagnostic_202002_forest_FALSE","Q145",0.000134215706167117,165
"diagnostic_202002_forest_FALSE","Q504R3",0.000134126360180322,166
"diagnostic_202002_forest_FALSE","Q208R5",0.000131748181959939,167
"diagnostic_202002_forest_FALSE","Q591_Q596R3",0.000131691380008671,168
"diagnostic_202002_forest_FALSE","Q257AR1",0.000131510086810609,169
"diagnostic_202002_forest_FALSE","Q560R8",0.000131333260603205,170
"diagnostic_202002_forest_FALSE","Q659",0.000131208047118678,171
"diagnostic_202002_forest_FALSE","Q264",0.000128460050282891,172
"diagnostic_202002_forest_FALSE","Q111R5",0.000128386925066623,173
"diagnostic_202002_forest_FALSE","Q472_Q474R1",0.000127021135106907,174
"diagnostic_202002_forest_FALSE","Q208R2",0.000126885175417784,175
"diagnostic_202002_forest_FALSE","Q131R6",0.000126840726123665,176
"diagnostic_202002_forest_FALSE","Q752",0.000126784123937754,177
"diagnostic_202002_forest_FALSE","Q411_Q416R5",0.000125911846759799,178
"diagnostic_202002_forest_FALSE","Q316R3",0.000125889725334299,179
"diagnostic_202002_forest_FALSE","Q407",0.00012575284088878,180
"diagnostic_202002_forest_FALSE","Q619_Q626R3",0.00012487120666194,181
"diagnostic_202002_forest_FALSE","Q159R2",0.000124762168704591,182
"diagnostic_202002_forest_FALSE","Q62R2",0.000124504482088559,183
"diagnostic_202002_forest_FALSE","Q640_Q645R6",0.000123889198032368,184
"diagnostic_202002_forest_FALSE","Q745",0.000122125542182316,185
"diagnostic_202002_forest_FALSE","Q793",0.000121374667357162,186
"diagnostic_202002_forest_FALSE","Q131R11",0.00012121928145723,187
"diagnostic_202002_forest_FALSE","Q352",0.000120298284721984,188
"diagnostic_202002_forest_FALSE","Q225R2",0.000119324319411686,189
"diagnostic_202002_forest_FALSE","Q540R1",0.000119183779437246,190
"diagnostic_202002_forest_FALSE","Q809",0.000118559312968286,191
"diagnostic_202002_forest_FALSE","Q316R1",0.00011828781972862,192
"diagnostic_202002_forest_FALSE","Q813",0.000117645638919904,193
"diagnostic_202002_forest_FALSE","Q62R3",0.000117540212680045,194
"diagnostic_202002_forest_FALSE","Q239R2",0.000116567069241375,195
"diagnostic_202002_forest_FALSE","Q630_Q632R2",0.000115909803583632,196
"diagnostic_202002_forest_FALSE","Q225R10",0.000115824026801888,197
"diagnostic_202002_forest_FALSE","Q504R4",0.00011496640103256,198
"diagnostic_202002_forest_FALSE","Q99R9",0.000114951889076884,199
"diagnostic_202002_forest_FALSE","Q335",0.000114477822112587,200
"diagnostic_202002_forest_FALSE","Q243R3",0.000113708227267858,201
"diagnostic_202002_forest_FALSE","Q217R3",0.000112288967155604,202
"diagnostic_202002_forest_FALSE","Q746B",0.000112141744893077,203
"diagnostic_202002_forest_FALSE","Q591_Q596R4",0.000111932305811884,204
"diagnostic_202002_forest_FALSE","Q287R5",0.000110552036852568,205
"diagnostic_202002_forest_FALSE","Q563_Q572R5",0.000110370844119138,206
"diagnostic_202002_forest_FALSE","Q706_Q708R3",0.000109707346234633,207
"diagnostic_202002_forest_FALSE","Q563_Q572R1",0.000109705940164431,208
"diagnostic_202002_forest_FALSE","Q256",0.000109193167436777,209
"diagnostic_202002_forest_FALSE","Q790",0.000109152948827435,210
"diagnostic_202002_forest_FALSE","Q225R12",0.000108292172986569,211
"diagnostic_202002_forest_FALSE","Q709_712R4",0.000107949344282811,212
"diagnostic_202002_forest_FALSE","Q429_Q440R6",0.000107715530534096,213
"diagnostic_202002_forest_FALSE","Q560R6",0.000106997566858874,214
"diagnostic_202002_forest_FALSE","Q504R7",0.000106854675961843,215
"diagnostic_202002_forest_FALSE","Q171",0.000106787799140477,216
"diagnostic_202002_forest_FALSE","Q308R3",0.000106633182324343,217
"diagnostic_202002_forest_FALSE","Q521_Q528R6",0.000106283928604243,218
"diagnostic_202002_forest_FALSE","Q693_Q700R5",0.00010612112587424,219
"diagnostic_202002_forest_FALSE","Q575_Q581R4",0.000105933992818439,220
"diagnostic_202002_forest_FALSE","Q777",0.000105657906050043,221
"diagnostic_202002_forest_FALSE","Q535_Q538R4",0.000104887627517674,222
"diagnostic_202002_forest_FALSE","S2_AFROLAT",0.000104099804106047,223
"diagnostic_202002_forest_FALSE","Q62R5",0.000104067584751707,224
"diagnostic_202002_forest_FALSE","Q70R4",0.000102971307143542,225
"diagnostic_202002_forest_FALSE","Q417_Q424R7",0.000102843977894902,226
"diagnostic_202002_forest_FALSE","S5",0.000102241701388556,227
"diagnostic_202002_forest_FALSE","Q673",0.000101769285152336,228
"diagnostic_202002_forest_FALSE","Q99R8",0.00010136838063489,229
"diagnostic_202002_forest_FALSE","Q486",0.000101237231950609,230
"diagnostic_202002_forest_FALSE","Q619_Q626R6",0.000101107422852138,231
"diagnostic_202002_forest_FALSE","Q693_Q700R4",0.000100244832284147,232
"diagnostic_202002_forest_FALSE","Q456_Q461R1",0.000100107569016738,233
"diagnostic_202002_forest_FALSE","Q505_Q508R4",9.94933348697687e-05,234
"diagnostic_202002_forest_FALSE","Q401_Q404R4",9.94550604151365e-05,235
"diagnostic_202002_forest_FALSE","Q278",9.68323440069422e-05,236
"diagnostic_202002_forest_FALSE","Q131R3",9.66931343870087e-05,237
"diagnostic_202002_forest_FALSE","Q794",9.66290368757708e-05,238
"diagnostic_202002_forest_FALSE","Q727_Q731R4",9.65715718992385e-05,239
"diagnostic_202002_forest_FALSE","Q521_Q528R2",9.55553894995257e-05,240
"diagnostic_202002_forest_FALSE","Q131R4",9.52614079661992e-05,241
"diagnostic_202002_forest_FALSE","Q801",9.51750767499464e-05,242
"diagnostic_202002_forest_FALSE","Q504R2",9.49707707298087e-05,243
"diagnostic_202002_forest_FALSE","Q803",9.49527111125634e-05,244
"diagnostic_202002_forest_FALSE","Q208R4",9.44618049739094e-05,245
"diagnostic_202002_forest_FALSE","Q742",9.44230073777828e-05,246
"diagnostic_202002_forest_FALSE","Q117R13",9.41604779920512e-05,247
"diagnostic_202002_forest_FALSE","Q162R5",9.40522750923934e-05,248
"diagnostic_202002_forest_FALSE","Q509_Q511R3",9.38455456714593e-05,249
"diagnostic_202002_forest_FALSE","Q767_Q771R4",9.27931885832866e-05,250
"diagnostic_202002_forest_FALSE","Q487_Q489R3",9.23352153536702e-05,251
"diagnostic_202002_forest_FALSE","Q814",9.21414659904615e-05,252
"diagnostic_202002_forest_FALSE","Q111R1",9.15078778207717e-05,253
"diagnostic_202002_forest_FALSE","Q491",9.14970797055732e-05,254
"diagnostic_202002_forest_FALSE","Q619_Q626R5",9.1389470108054e-05,255
"diagnostic_202002_forest_FALSE","Q162R7",9.1270592473582e-05,256
"diagnostic_202002_forest_FALSE","Q513_Q516R2",9.12046894850373e-05,257
"diagnostic_202002_forest_FALSE","Q519",9.02225036594153e-05,258
"diagnostic_202002_forest_FALSE","Q207",9.01914594366595e-05,259
"diagnostic_202002_forest_FALSE","Q150",9.01274300916576e-05,260
"diagnostic_202002_forest_FALSE","Q378",8.95649050753615e-05,261
"diagnostic_202002_forest_FALSE","Q441_Q452R4",8.95094165841807e-05,262
"diagnostic_202002_forest_FALSE","Q349",8.93883245923777e-05,263
"diagnostic_202002_forest_FALSE","Q490",8.92775501137101e-05,264
"diagnostic_202002_forest_FALSE","Q517",8.86084223562676e-05,265
"diagnostic_202002_forest_FALSE","Q147",8.83239218866022e-05,266
"diagnostic_202002_forest_FALSE","Q70R5",8.73219830388367e-05,267
"diagnostic_202002_forest_FALSE","Q812",8.71105688448108e-05,268
"diagnostic_202002_forest_FALSE","Q257BR1",8.68200835282205e-05,269
"diagnostic_202002_forest_FALSE","Q804",8.64927001201319e-05,270
"diagnostic_202002_forest_FALSE","Q560R3",8.64883790885176e-05,271
"diagnostic_202002_forest_FALSE","Q467_Q469R3",8.62622209403068e-05,272
"diagnostic_202002_forest_FALSE","Q754_Q762R6",8.61966694648431e-05,273
"diagnostic_202002_forest_FALSE","Q69",8.61922984899904e-05,274
"diagnostic_202002_forest_FALSE","Q410",8.61422150585594e-05,275
"diagnostic_202002_forest_FALSE","Q521_Q528R4",8.55071457626887e-05,276
"diagnostic_202002_forest_FALSE","Q550",8.54990926105844e-05,277
"diagnostic_202002_forest_FALSE","Q429_Q440R11",8.52847600844112e-05,278
"diagnostic_202002_forest_FALSE","Q676_Q678R2",8.52797807501894e-05,279
"diagnostic_202002_forest_FALSE","Q551_Q559R7",8.5002212135672e-05,280
"diagnostic_202002_forest_FALSE","Q78",8.44170517177902e-05,281
"diagnostic_202002_forest_FALSE","Q591_Q596R2",8.44083210701078e-05,282
"diagnostic_202002_forest_FALSE","Q257CR3",8.43515083853756e-05,283
"diagnostic_202002_forest_FALSE","Q221R4",8.42938142623431e-05,284
"diagnostic_202002_forest_FALSE","Q371",8.42078493065276e-05,285
"diagnostic_202002_forest_FALSE","Q629",8.3890437205477e-05,286
"diagnostic_202002_forest_FALSE","Q732_Q737R5",8.3024181425127e-05,287
"diagnostic_202002_forest_FALSE","Q273R1",8.28230743511283e-05,288
"diagnostic_202002_forest_FALSE","Q162R8",8.2731558347617e-05,289
"diagnostic_202002_forest_FALSE","Q257BR4",8.24843202484702e-05,290
"diagnostic_202002_forest_FALSE","Q111R4",8.22994695168992e-05,291
"diagnostic_202002_forest_FALSE","Q797",8.12796942099353e-05,292
"diagnostic_202002_forest_FALSE","Q560R5",8.12794271267457e-05,293
"diagnostic_202002_forest_FALSE","Q619_Q626R1",8.12549289822116e-05,294
"diagnostic_202002_forest_FALSE","Q504R8",8.11661656604761e-05,295
"diagnostic_202002_forest_FALSE","Q549R7",8.07736207423476e-05,296
"diagnostic_202002_forest_FALSE","Q693_Q700R7",8.06699992878549e-05,297
"diagnostic_202002_forest_FALSE","Q239R3",8.04083620375656e-05,298
"diagnostic_202002_forest_FALSE","Q77R3",7.95634089126487e-05,299
"diagnostic_202002_forest_FALSE","Q619_Q626R8",7.95243902928423e-05,300
"diagnostic_202002_forest_FALSE","Q521_Q528R5",7.94066850525353e-05,301
"diagnostic_202002_forest_FALSE","Q294",7.91757100303471e-05,302
"diagnostic_202002_forest_FALSE","Q287R2",7.87526964225857e-05,303
"diagnostic_202002_forest_FALSE","Q529",7.87387727876195e-05,304
"diagnostic_202002_forest_FALSE","Q384R1",7.85728798040028e-05,305
"diagnostic_202002_forest_FALSE","Q268",7.8491994157349e-05,306
"diagnostic_202002_forest_FALSE","Q675",7.83273413498536e-05,307
"diagnostic_202002_forest_FALSE","Q785",7.77705247857864e-05,308
"diagnostic_202002_forest_FALSE","Q265",7.7282256207991e-05,309
"diagnostic_202002_forest_FALSE","Q693_Q700R6",7.68466712974756e-05,310
"diagnostic_202002_forest_FALSE","Q652_Q658R5",7.67618776700557e-05,311
"diagnostic_202002_forest_FALSE","Q720_Q722R3",7.67437560536654e-05,312
"diagnostic_202002_forest_FALSE","Q56",7.67162691732135e-05,313
"diagnostic_202002_forest_FALSE","Q273R5",7.65779308738348e-05,314
"diagnostic_202002_forest_FALSE","Q149",7.62729268381899e-05,315
"diagnostic_202002_forest_FALSE","Q693_Q700R3",7.5475196047108e-05,316
"diagnostic_202002_forest_FALSE","Q67",7.535358396094e-05,317
"diagnostic_202002_forest_FALSE","Q350",7.52365285616181e-05,318
"diagnostic_202002_forest_FALSE","Q248",7.49086506575653e-05,319
"diagnostic_202002_forest_FALSE","Q225R6",7.48907252026163e-05,320
"diagnostic_202002_forest_FALSE","Q706_Q708R2",7.4858588084906e-05,321
"diagnostic_202002_forest_FALSE","Q417_Q424R3",7.44664479372841e-05,322
"diagnostic_202002_forest_FALSE","Q504R6",7.41652652000679e-05,323
"diagnostic_202002_forest_FALSE","Q357",7.35766291899719e-05,324
"diagnostic_202002_forest_FALSE","Q429_Q440R2",7.24823452024945e-05,325
"diagnostic_202002_forest_FALSE","Q316R7",7.22145705911031e-05,326
"diagnostic_202002_forest_FALSE","Q225R8",7.22021304024036e-05,327
"diagnostic_202002_forest_FALSE","Q754_Q762R4",7.19830601245718e-05,328
"diagnostic_202002_forest_FALSE","Q709_712R1",7.18926459859398e-05,329
"diagnostic_202002_forest_FALSE","Q351",7.15478552842814e-05,330
"diagnostic_202002_forest_FALSE","Q604_Q605R2",7.12444533070296e-05,331
"diagnostic_202002_forest_FALSE","Q551_Q559R1",7.10869584102417e-05,332
"diagnostic_202002_forest_FALSE","Q763_Q766R4",7.10670878738233e-05,333
"diagnostic_202002_forest_FALSE","Q99R2",7.08912990174551e-05,334
"diagnostic_202002_forest_FALSE","Q662",7.08634129989817e-05,335
"diagnostic_202002_forest_FALSE","Q77R6",7.02744774608589e-05,336
"diagnostic_202002_forest_FALSE","Q805",6.98562150724142e-05,337
"diagnostic_202002_forest_FALSE","Q509_Q511R1",6.98145197732945e-05,338
"diagnostic_202002_forest_FALSE","Q347",6.97918163672421e-05,339
"diagnostic_202002_forest_FALSE","Q257CR2",6.97256246524019e-05,340
"diagnostic_202002_forest_FALSE","Q663_Q666R1",6.96067852890601e-05,341
"diagnostic_202002_forest_FALSE","Q187R5",6.94529634054166e-05,342
"diagnostic_202002_forest_FALSE","Q41",6.91962232543843e-05,343
"diagnostic_202002_forest_FALSE","Q46",6.85021503255377e-05,344
"diagnostic_202002_forest_FALSE","Q154R5",6.84666947436649e-05,345
"diagnostic_202002_forest_FALSE","Q597_Q602R4",6.81978392134272e-05,346
"diagnostic_202002_forest_FALSE","Q93",6.80905395679169e-05,347
"diagnostic_202002_forest_FALSE","Q131R8",6.80033197979731e-05,348
"diagnostic_202002_forest_FALSE","S10_MEX",6.75684840336096e-05,349
"diagnostic_202002_forest_FALSE","Q763_Q766R3",6.7440050940361e-05,350
"diagnostic_202002_forest_FALSE","Q504R1",6.73874214208525e-05,351
"diagnostic_202002_forest_FALSE","Q619_Q626R7",6.72812194987062e-05,352
"diagnostic_202002_forest_FALSE","Q213R1",6.72228177125096e-05,353
"diagnostic_202002_forest_FALSE","Q99R6",6.71304239357022e-05,354
"diagnostic_202002_forest_FALSE","Q62R4",6.68432730175433e-05,355
"diagnostic_202002_forest_FALSE","Q33R3",6.67568747719011e-05,356
"diagnostic_202002_forest_FALSE","Q615",6.6485298788384e-05,357
"diagnostic_202002_forest_FALSE","Q597_Q602R3",6.64509122748953e-05,358
"diagnostic_202002_forest_FALSE","Q472_Q474R2",6.5760166210158e-05,359
"diagnostic_202002_forest_FALSE","Q743",6.56073628512579e-05,360
"diagnostic_202002_forest_FALSE","Q545R7",6.53942417060496e-05,361
"diagnostic_202002_forest_FALSE","Q99R5",6.53936657120957e-05,362
"diagnostic_202002_forest_FALSE","Q95",6.5382989307926e-05,363
"diagnostic_202002_forest_FALSE","Q273R2",6.47911802943097e-05,364
"diagnostic_202002_forest_FALSE","Q491A",6.47181565773946e-05,365
"diagnostic_202002_forest_FALSE","Q42",6.47033643998435e-05,366
"diagnostic_202002_forest_FALSE","Q144",6.46422165771409e-05,367
"diagnostic_202002_forest_FALSE","Q272",6.44138321346059e-05,368
"diagnostic_202002_forest_FALSE","Q748",6.42641783261643e-05,369
"diagnostic_202002_forest_FALSE","Q243R1",6.42417814452319e-05,370
"diagnostic_202002_forest_FALSE","Q239R4",6.42250443594255e-05,371
"diagnostic_202002_forest_FALSE","Q282",6.40094089822771e-05,372
"diagnostic_202002_forest_FALSE","Q652_Q658R4",6.36710405387714e-05,373
"diagnostic_202002_forest_FALSE","Q551_Q559R9",6.3327887664911e-05,374
"diagnostic_202002_forest_FALSE","Q513_Q516R3",6.27495539016515e-05,375
"diagnostic_202002_forest_FALSE","Q693_Q700R8",6.26670315588114e-05,376
"diagnostic_202002_forest_FALSE","Q494_Q503R5",6.26167539295723e-05,377
"diagnostic_202002_forest_FALSE","Q225R14",6.26157693502207e-05,378
"diagnostic_202002_forest_FALSE","Q417_Q424R2",6.22538403713581e-05,379
"diagnostic_202002_forest_FALSE","Q178R1",6.20068176462258e-05,380
"diagnostic_202002_forest_FALSE","Q795",6.16916960015314e-05,381
"diagnostic_202002_forest_FALSE","Q485",6.16028398711264e-05,382
"diagnostic_202002_forest_FALSE","Q153",6.12404084535844e-05,383
"diagnostic_202002_forest_FALSE","Q619_Q626R4",6.086792730993e-05,384
"diagnostic_202002_forest_FALSE","Q619_Q626R2",6.08350313024874e-05,385
"diagnostic_202002_forest_FALSE","Q316R2",6.06703750883798e-05,386
"diagnostic_202002_forest_FALSE","Q546R7",6.04744089057907e-05,387
"diagnostic_202002_forest_FALSE","Q749",6.03949221550916e-05,388
"diagnostic_202002_forest_FALSE","Q660",6.03043192844163e-05,389
"diagnostic_202002_forest_FALSE","Q117R3",6.01562716263408e-05,390
"diagnostic_202002_forest_FALSE","Q381_Q383R1",5.96768550787259e-05,391
"diagnostic_202002_forest_FALSE","Q162R4",5.95537165904321e-05,392
"diagnostic_202002_forest_FALSE","Q75",5.88402190913197e-05,393
"diagnostic_202002_forest_FALSE","Q616_Q618R1",5.87850905571514e-05,394
"diagnostic_202002_forest_FALSE","Q494_Q503R8",5.8718385920321e-05,395
"diagnostic_202002_forest_FALSE","Q652_Q658R1",5.86340905809856e-05,396
"diagnostic_202002_forest_FALSE","Q478_Q483R2",5.83713551389033e-05,397
"diagnostic_202002_forest_FALSE","Q754_Q762R2",5.83176089775566e-05,398
"diagnostic_202002_forest_FALSE","Q396_Q398R1",5.82070648551707e-05,399
"diagnostic_202002_forest_FALSE","Q287R7",5.80257719407903e-05,400
"diagnostic_202002_forest_FALSE","Q591_Q596R6",5.77912032405126e-05,401
"diagnostic_202002_forest_FALSE","Q492",5.72384799694001e-05,402
"diagnostic_202002_forest_FALSE","Q815",5.70864125235113e-05,403
"diagnostic_202002_forest_FALSE","Q591_Q596R1",5.66966527776427e-05,404
"diagnostic_202002_forest_FALSE","Q551_Q559R2",5.66699134397934e-05,405
"diagnostic_202002_forest_FALSE","Q175R2",5.66450784561484e-05,406
"diagnostic_202002_forest_FALSE","Q368",5.6593205478264e-05,407
"diagnostic_202002_forest_FALSE","Q117R7",5.64506905777338e-05,408
"diagnostic_202002_forest_FALSE","Q417_Q424R5",5.6201842713555e-05,409
"diagnostic_202002_forest_FALSE","Q33R5",5.61996547747195e-05,410
"diagnostic_202002_forest_FALSE","Q667_Q671R4",5.58480921309613e-05,411
"diagnostic_202002_forest_FALSE","Q401_Q404R1",5.55612548145168e-05,412
"diagnostic_202002_forest_FALSE","Q343R2",5.55091414252082e-05,413
"diagnostic_202002_forest_FALSE","Q217R4",5.54760857969274e-05,414
"diagnostic_202002_forest_FALSE","Q429_Q440R10",5.5296086082089e-05,415
"diagnostic_202002_forest_FALSE","Q372",5.52798393850904e-05,416
"diagnostic_202002_forest_FALSE","Q131R1",5.52298752278634e-05,417
"diagnostic_202002_forest_FALSE","Q225R9",5.50775784274305e-05,418
"diagnostic_202002_forest_FALSE","Q505_Q508R3",5.49885212056234e-05,419
"diagnostic_202002_forest_FALSE","Q663_Q666R2",5.49830501350321e-05,420
"diagnostic_202002_forest_FALSE","Q250R3",5.46679358749795e-05,421
"diagnostic_202002_forest_FALSE","Q513_Q516R1",5.45120246925054e-05,422
"diagnostic_202002_forest_FALSE","Q563_Q572R6",5.43596238475044e-05,423
"diagnostic_202002_forest_FALSE","Q767_Q771R1",5.4267094153397e-05,424
"diagnostic_202002_forest_FALSE","Q535_Q538R1",5.38563517091269e-05,425
"diagnostic_202002_forest_FALSE","Q193",5.34351992178821e-05,426
"diagnostic_202002_forest_FALSE","Q194",5.29973823501885e-05,427
"diagnostic_202002_forest_FALSE","Q687",5.25992593143982e-05,428
"diagnostic_202002_forest_FALSE","Q225R1",5.23449433094668e-05,429
"diagnostic_202002_forest_FALSE","Q286",5.22424078824865e-05,430
"diagnostic_202002_forest_FALSE","Q221R1",5.2023754717177e-05,431
"diagnostic_202002_forest_FALSE","Q217R1",5.18299452850936e-05,432
"diagnostic_202002_forest_FALSE","Q456_Q461R6",5.14867184066031e-05,433
"diagnostic_202002_forest_FALSE","Q99R11",5.13496268808534e-05,434
"diagnostic_202002_forest_FALSE","Q674R1",5.12548570115142e-05,435
"diagnostic_202002_forest_FALSE","Q715_718R1",5.125379865167e-05,436
"diagnostic_202002_forest_FALSE","Q723_Q725R1",5.05411341344254e-05,437
"diagnostic_202002_forest_FALSE","S1",5.02664054158385e-05,438
"diagnostic_202002_forest_FALSE","Q679_Q682R3",4.9851520120457e-05,439
"diagnostic_202002_forest_FALSE","Q719",4.9785670864222e-05,440
"diagnostic_202002_forest_FALSE","Q584",4.97656517890692e-05,441
"diagnostic_202002_forest_FALSE","Q646_Q651R1",4.95559208327211e-05,442
"diagnostic_202002_forest_FALSE","Q239R1",4.95356240563866e-05,443
"diagnostic_202002_forest_FALSE","Q456_Q461R2",4.94731026332123e-05,444
"diagnostic_202002_forest_FALSE","Q548R7",4.94694536677361e-05,445
"diagnostic_202002_forest_FALSE","Q723_Q725R3",4.94087380372599e-05,446
"diagnostic_202002_forest_FALSE","Q763_Q766R1",4.92687280057747e-05,447
"diagnostic_202002_forest_FALSE","Q478_Q483R5",4.91664989789411e-05,448
"diagnostic_202002_forest_FALSE","Q162R6",4.8988085018283e-05,449
"diagnostic_202002_forest_FALSE","Q162R1",4.88972983869059e-05,450
"diagnostic_202002_forest_FALSE","Q213R4",4.86956362653594e-05,451
"diagnostic_202002_forest_FALSE","Q225R13",4.86576374736458e-05,452
"diagnostic_202002_forest_FALSE","Q597_Q602R5",4.84689805375305e-05,453
"diagnostic_202002_forest_FALSE","Q494_Q503R2",4.83402287023698e-05,454
"diagnostic_202002_forest_FALSE","Q744",4.79910439809383e-05,455
"diagnostic_202002_forest_FALSE","Q494_Q503R6",4.77917324232613e-05,456
"diagnostic_202002_forest_FALSE","Q261",4.77356262142987e-05,457
"diagnostic_202002_forest_FALSE","Q652_Q658R7",4.76563122586856e-05,458
"diagnostic_202002_forest_FALSE","Q685",4.75240520446683e-05,459
"diagnostic_202002_forest_FALSE","Q385",4.73160748524801e-05,460
"diagnostic_202002_forest_FALSE","Q330",4.723721559217e-05,461
"diagnostic_202002_forest_FALSE","Q225R3",4.6804848957061e-05,462
"diagnostic_202002_forest_FALSE","Q709_712R2",4.67635180935624e-05,463
"diagnostic_202002_forest_FALSE","Q679_Q682R1",4.65997008856926e-05,464
"diagnostic_202002_forest_FALSE","Q247",4.64611428005385e-05,465
"diagnostic_202002_forest_FALSE","Q753",4.61945152716781e-05,466
"diagnostic_202002_forest_FALSE","Q616_Q618R2",4.61634630272338e-05,467
"diagnostic_202002_forest_FALSE","Q429_Q440R12",4.61537729670189e-05,468
"diagnostic_202002_forest_FALSE","Q213R3",4.59875152579541e-05,469
"diagnostic_202002_forest_FALSE","Q732_Q737R6",4.58033952038379e-05,470
"diagnostic_202002_forest_FALSE","Q547R7",4.57743603344106e-05,471
"diagnostic_202002_forest_FALSE","Q478_Q483R4",4.57356273926902e-05,472
"diagnostic_202002_forest_FALSE","Q13",4.55184455215895e-05,473
"diagnostic_202002_forest_FALSE","Q117R8",4.54701219410923e-05,474
"diagnostic_202002_forest_FALSE","Q316R6",4.54258889114439e-05,475
"diagnostic_202002_forest_FALSE","Q334",4.51768171435767e-05,476
"diagnostic_202002_forest_FALSE","Q262",4.51064069537697e-05,477
"diagnostic_202002_forest_FALSE","Q99R4",4.49615322077269e-05,478
"diagnostic_202002_forest_FALSE","Q563_Q572R10",4.44916741207786e-05,479
"diagnostic_202002_forest_FALSE","Q494_Q503R7",4.41804000226821e-05,480
"diagnostic_202002_forest_FALSE","Q652_Q658R3",4.41266959169886e-05,481
"diagnostic_202002_forest_FALSE","Q663_Q666R3",4.41176500563657e-05,482
"diagnostic_202002_forest_FALSE","Q715_718R4",4.38555458046722e-05,483
"diagnostic_202002_forest_FALSE","Q70R3",4.37475846096839e-05,484
"diagnostic_202002_forest_FALSE","Q738_Q740R3",4.37200566027481e-05,485
"diagnostic_202002_forest_FALSE","Q159R3",4.36926932010573e-05,486
"diagnostic_202002_forest_FALSE","Q85",4.36878615440265e-05,487
"diagnostic_202002_forest_FALSE","Q478_Q483R6",4.36774002612396e-05,488
"diagnostic_202002_forest_FALSE","Q364",4.36271202112005e-05,489
"diagnostic_202002_forest_FALSE","Q417_Q424R1",4.35470948165524e-05,490
"diagnostic_202002_forest_FALSE","Q646_Q651R4",4.35382802657991e-05,491
"diagnostic_202002_forest_FALSE","Q574",4.32006625045402e-05,492
"diagnostic_202002_forest_FALSE","Q701_Q705R3",4.30636948121629e-05,493
"diagnostic_202002_forest_FALSE","Q411_Q416R1",4.29746647657596e-05,494
"diagnostic_202002_forest_FALSE","Q551_Q559R3",4.26532417469038e-05,495
"diagnostic_202002_forest_FALSE","Q365",4.24405450668158e-05,496
"diagnostic_202002_forest_FALSE","Q250R1",4.20696607940082e-05,497
"diagnostic_202002_forest_FALSE","Q187R1",4.2043056185057e-05,498
"diagnostic_202002_forest_FALSE","Q453",4.19483729953318e-05,499
"diagnostic_202002_forest_FALSE","Q494_Q503R9",4.19362289994453e-05,500
"diagnostic_202002_forest_FALSE","Q381_Q383R3",4.19187727259182e-05,501
"diagnostic_202002_forest_FALSE","Q583",4.17016618289499e-05,502
"diagnostic_202002_forest_FALSE","Q672",4.16826682656834e-05,503
"diagnostic_202002_forest_FALSE","Q359R4",4.16541272216813e-05,504
"diagnostic_202002_forest_FALSE","Q175R3",4.1572513667849e-05,505
"diagnostic_202002_forest_FALSE","Q462",4.15304427066543e-05,506
"diagnostic_202002_forest_FALSE","Q154R1",4.15153200713495e-05,507
"diagnostic_202002_forest_FALSE","Q359R3",4.12874377111975e-05,508
"diagnostic_202002_forest_FALSE","Q505_Q508R2",4.12676251812476e-05,509
"diagnostic_202002_forest_FALSE","Q33R2",4.11748422202934e-05,510
"diagnostic_202002_forest_FALSE","Q386_Q390R5",4.08601487933191e-05,511
"diagnostic_202002_forest_FALSE","Q441_Q452R11",4.03995455398225e-05,512
"diagnostic_202002_forest_FALSE","Q395",4.03890112828108e-05,513
"diagnostic_202002_forest_FALSE","Q820",4.02126827275265e-05,514
"diagnostic_202002_forest_FALSE","Q534",3.99200297372012e-05,515
"diagnostic_202002_forest_FALSE","Q613",3.98593886545751e-05,516
"diagnostic_202002_forest_FALSE","Q99R1",3.98372269035665e-05,517
"diagnostic_202002_forest_FALSE","Q131R5",3.93465402258245e-05,518
"diagnostic_202002_forest_FALSE","Q456_Q461R5",3.92846462134065e-05,519
"diagnostic_202002_forest_FALSE","Q172R2",3.92191050163996e-05,520
"diagnostic_202002_forest_FALSE","S3C",3.91436266344805e-05,521
"diagnostic_202002_forest_FALSE","Q741",3.91050756839438e-05,522
"diagnostic_202002_forest_FALSE","Q701_Q705R2",3.90191129561988e-05,523
"diagnostic_202002_forest_FALSE","S2_RACE_PRIME",3.89858648005984e-05,524
"diagnostic_202002_forest_FALSE","Q198",3.86509666355339e-05,525
"diagnostic_202002_forest_FALSE","Q411_Q416R2",3.8409937854858e-05,526
"diagnostic_202002_forest_FALSE","Q377",3.72482028375996e-05,527
"diagnostic_202002_forest_FALSE","Q257AR4",3.71907837737104e-05,528
"diagnostic_202002_forest_FALSE","Q343R4",3.71595996298824e-05,529
"diagnostic_202002_forest_FALSE","Q484",3.71351279190575e-05,530
"diagnostic_202002_forest_FALSE","Q472_Q474R3",3.71043262455926e-05,531
"diagnostic_202002_forest_FALSE","Q401_Q404R3",3.69552080550227e-05,532
"diagnostic_202002_forest_FALSE","Q693_Q700R1",3.6831049168817e-05,533
"diagnostic_202002_forest_FALSE","Q709_712R3",3.67921043053833e-05,534
"diagnostic_202002_forest_FALSE","Q386_Q390R4",3.6737079392555e-05,535
"diagnostic_202002_forest_FALSE","Q690",3.65778266559636e-05,536
"diagnostic_202002_forest_FALSE","Q573",3.6576617720499e-05,537
"diagnostic_202002_forest_FALSE","Q639",3.62620677489644e-05,538
"diagnostic_202002_forest_FALSE","Q178R4",3.59587851840656e-05,539
"diagnostic_202002_forest_FALSE","Q754_Q762R1",3.5902711623304e-05,540
"diagnostic_202002_forest_FALSE","Q628",3.58297851115259e-05,541
"diagnostic_202002_forest_FALSE","Q802",3.58109172262672e-05,542
"diagnostic_202002_forest_FALSE","Q411_Q416R4",3.5779630893244e-05,543
"diagnostic_202002_forest_FALSE","Q676_Q678R3",3.55641762614491e-05,544
"diagnostic_202002_forest_FALSE","Q257BR3",3.54033446672349e-05,545
"diagnostic_202002_forest_FALSE","Q269",3.52986562015018e-05,546
"diagnostic_202002_forest_FALSE","Q640_Q645R2",3.50157776591091e-05,547
"diagnostic_202002_forest_FALSE","Q77R5",3.48437198013225e-05,548
"diagnostic_202002_forest_FALSE","Q751",3.47175941389968e-05,549
"diagnostic_202002_forest_FALSE","Q97",3.46478749316115e-05,550
"diagnostic_202002_forest_FALSE","Q111R3",3.46169089686179e-05,551
"diagnostic_202002_forest_FALSE","Q456_Q461R4",3.42100851595542e-05,552
"diagnostic_202002_forest_FALSE","Q720_Q722R2",3.4085412994774e-05,553
"diagnostic_202002_forest_FALSE","Q146",3.40224581169696e-05,554
"diagnostic_202002_forest_FALSE","Q287R1",3.39544184690231e-05,555
"diagnostic_202002_forest_FALSE","Q77R4",3.37868091174376e-05,556
"diagnostic_202002_forest_FALSE","Q693_Q700R2",3.37462172213417e-05,557
"diagnostic_202002_forest_FALSE","Q45",3.36171850268565e-05,558
"diagnostic_202002_forest_FALSE","Q441_Q452R3",3.35516210076653e-05,559
"diagnostic_202002_forest_FALSE","Q273R3",3.35159348605874e-05,560
"diagnostic_202002_forest_FALSE","Q640_Q645R3",3.31624072590915e-05,561
"diagnostic_202002_forest_FALSE","Q738_Q740R1",3.29778278697984e-05,562
"diagnostic_202002_forest_FALSE","Q701_Q705R5",3.29407609254736e-05,563
"diagnostic_202002_forest_FALSE","Q561",3.28486042296756e-05,564
"diagnostic_202002_forest_FALSE","Q154R3",3.26934976608002e-05,565
"diagnostic_202002_forest_FALSE","S2_NATIVE",3.26146447751783e-05,566
"diagnostic_202002_forest_FALSE","Q747",3.25245367275764e-05,567
"diagnostic_202002_forest_FALSE","Q250R8",3.2492958053935e-05,568
"diagnostic_202002_forest_FALSE","Q429_Q440R3",3.23533619676201e-05,569
"diagnostic_202002_forest_FALSE","Q154R4",3.22678607853105e-05,570
"diagnostic_202002_forest_FALSE","Q273R4",3.19803688928409e-05,571
"diagnostic_202002_forest_FALSE","Q494_Q503R3",3.18386462515791e-05,572
"diagnostic_202002_forest_FALSE","Q343R1",3.17594486508512e-05,573
"diagnostic_202002_forest_FALSE","Q646_Q651R2",3.16509044510243e-05,574
"diagnostic_202002_forest_FALSE","Q159R1",3.15749662219839e-05,575
"diagnostic_202002_forest_FALSE","Q148",3.13867531230503e-05,576
"diagnostic_202002_forest_FALSE","Q203",3.13866674552685e-05,577
"diagnostic_202002_forest_FALSE","S2_M",3.13408812249627e-05,578
"diagnostic_202002_forest_FALSE","Q117R12",3.11774933678561e-05,579
"diagnostic_202002_forest_FALSE","Q551_Q559R6",3.09271413398742e-05,580
"diagnostic_202002_forest_FALSE","Q754_Q762R5",3.08949800088425e-05,581
"diagnostic_202002_forest_FALSE","Q405",3.06982286425695e-05,582
"diagnostic_202002_forest_FALSE","Q117R2",3.05011014037049e-05,583
"diagnostic_202002_forest_FALSE","Q381_Q383R2",3.02321188055781e-05,584
"diagnostic_202002_forest_FALSE","Q691",3.02316071022526e-05,585
"diagnostic_202002_forest_FALSE","Q763_Q766R2",3.02202401248324e-05,586
"diagnostic_202002_forest_FALSE","Q746A",3.02192004588992e-05,587
"diagnostic_202002_forest_FALSE","Q285",3.00583734948773e-05,588
"diagnostic_202002_forest_FALSE","Q363",2.99421855878918e-05,589
"diagnostic_202002_forest_FALSE","Q535_Q538R3",2.992875440287e-05,590
"diagnostic_202002_forest_FALSE","Q630_Q632R1",2.95451470629204e-05,591
"diagnostic_202002_forest_FALSE","Q689",2.93753706813426e-05,592
"diagnostic_202002_forest_FALSE","Q585_Q590R4",2.93615375239152e-05,593
"diagnostic_202002_forest_FALSE","Q713",2.88547542443221e-05,594
"diagnostic_202002_forest_FALSE","Q411_Q416R6",2.85027741157676e-05,595
"diagnostic_202002_forest_FALSE","Q111R2",2.8392623632908e-05,596
"diagnostic_202002_forest_FALSE","Q478_Q483R3",2.80854114965575e-05,597
"diagnostic_202002_forest_FALSE","Q217R2",2.80540544509056e-05,598
"diagnostic_202002_forest_FALSE","Q723_Q725R2",2.79816875370957e-05,599
"diagnostic_202002_forest_FALSE","Q47",2.78910491526918e-05,600
"diagnostic_202002_forest_FALSE","Q386_Q390R3",2.78212593299126e-05,601
"diagnostic_202002_forest_FALSE","Q646_Q651R3",2.77686646947153e-05,602
"diagnostic_202002_forest_FALSE","Q379",2.7740552875865e-05,603
"diagnostic_202002_forest_FALSE","Q84",2.77254465552153e-05,604
"diagnostic_202002_forest_FALSE","Q77R8",2.76240819822489e-05,605
"diagnostic_202002_forest_FALSE","Q57",2.74503891653286e-05,606
"diagnostic_202002_forest_FALSE","Q408",2.72328663368826e-05,607
"diagnostic_202002_forest_FALSE","Q172R3",2.72155107421606e-05,608
"diagnostic_202002_forest_FALSE","Q727_Q731R5",2.70389256767772e-05,609
"diagnostic_202002_forest_FALSE","Q454",2.69360269009901e-05,610
"diagnostic_202002_forest_FALSE","Q521_Q528R8",2.68512169010676e-05,611
"diagnostic_202002_forest_FALSE","Q339",2.67297198307311e-05,612
"diagnostic_202002_forest_FALSE","Q701_Q705R1",2.66991527733587e-05,613
"diagnostic_202002_forest_FALSE","Q369",2.66697930869826e-05,614
"diagnostic_202002_forest_FALSE","S13",2.65726741400203e-05,615
"diagnostic_202002_forest_FALSE","Q441_Q452R1",2.62434647986861e-05,616
"diagnostic_202002_forest_FALSE","Q257CR1",2.57484184134872e-05,617
"diagnostic_202002_forest_FALSE","Q200",2.56168696895458e-05,618
"diagnostic_202002_forest_FALSE","Q429_Q440R8",2.56139470123158e-05,619
"diagnostic_202002_forest_FALSE","Q152",2.53958464792265e-05,620
"diagnostic_202002_forest_FALSE","Q441_Q452R7",2.53149887159155e-05,621
"diagnostic_202002_forest_FALSE","Q775",2.52222181879766e-05,622
"diagnostic_202002_forest_FALSE","Q563_Q572R2",2.49676995462943e-05,623
"diagnostic_202002_forest_FALSE","Q175R1",2.4762053049695e-05,624
"diagnostic_202002_forest_FALSE","Q208R1",2.45868929464397e-05,625
"diagnostic_202002_forest_FALSE","Q386_Q390R2",2.44690406770991e-05,626
"diagnostic_202002_forest_FALSE","NEWQ67",2.43957397978109e-05,627
"diagnostic_202002_forest_FALSE","Q33R4",2.40899352476751e-05,628
"diagnostic_202002_forest_FALSE","Q754_Q762R7",2.39865756768617e-05,629
"diagnostic_202002_forest_FALSE","Q456_Q461R3",2.34982990547937e-05,630
"diagnostic_202002_forest_FALSE","Q732_Q737R4",2.33132397125968e-05,631
"diagnostic_202002_forest_FALSE","Q187R4",2.3245648365967e-05,632
"diagnostic_202002_forest_FALSE","Q131R13",2.32267940243686e-05,633
"diagnostic_202002_forest_FALSE","Q640_Q645R4",2.28989489518022e-05,634
"diagnostic_202002_forest_FALSE","Q283",2.25410462640399e-05,635
"diagnostic_202002_forest_FALSE","Q263",2.24051934431141e-05,636
"diagnostic_202002_forest_FALSE","Q560R2",2.23311133928292e-05,637
"diagnostic_202002_forest_FALSE","Q16",2.18601963704536e-05,638
"diagnostic_202002_forest_FALSE","Q187R3",2.18523042896757e-05,639
"diagnostic_202002_forest_FALSE","Q714",2.15822635577974e-05,640
"diagnostic_202002_forest_FALSE","Q562",2.1554659598897e-05,641
"diagnostic_202002_forest_FALSE","Q250R5",2.14905121741037e-05,642
"diagnostic_202002_forest_FALSE","Q62R1",2.13859067920033e-05,643
"diagnostic_202002_forest_FALSE","Q754_Q762R8",2.13331777437235e-05,644
"diagnostic_202002_forest_FALSE","Q611",2.10772267661953e-05,645
"diagnostic_202002_forest_FALSE","Q727_Q731R2",2.07823849732873e-05,646
"diagnostic_202002_forest_FALSE","Q494_Q503R4",2.07372910591609e-05,647
"diagnostic_202002_forest_FALSE","Q99R7",2.05372789469373e-05,648
"diagnostic_202002_forest_FALSE","Q409",2.02607771486394e-05,649
"diagnostic_202002_forest_FALSE","Q663_Q666R4",2.02134563901619e-05,650
"diagnostic_202002_forest_FALSE","Q221R3",1.99485725229046e-05,651
"diagnostic_202002_forest_FALSE","Q535_Q538R2",1.99379925418041e-05,652
"diagnostic_202002_forest_FALSE","Q441_Q452R8",1.99297999779449e-05,653
"diagnostic_202002_forest_FALSE","Q40",1.99070894171523e-05,654
"diagnostic_202002_forest_FALSE","Q441_Q452R6",1.97583099380452e-05,655
"diagnostic_202002_forest_FALSE","Q280",1.97229193289941e-05,656
"diagnostic_202002_forest_FALSE","Q441_Q452R12",1.96504760838513e-05,657
"diagnostic_202002_forest_FALSE","Q429_Q440R5",1.93961323375113e-05,658
"diagnostic_202002_forest_FALSE","Q199",1.93895363152792e-05,659
"diagnostic_202002_forest_FALSE","Q667_Q671R1",1.93500797462993e-05,660
"diagnostic_202002_forest_FALSE","Q257AR2",1.93196477882262e-05,661
"diagnostic_202002_forest_FALSE","Q754_Q762R9",1.93080295917429e-05,662
"diagnostic_202002_forest_FALSE","Q455",1.91383393073457e-05,663
"diagnostic_202002_forest_FALSE","Q604_Q605R1",1.83052062627548e-05,664
"diagnostic_202002_forest_FALSE","Q208R3",1.8162475933495e-05,665
"diagnostic_202002_forest_FALSE","Q505_Q508R1",1.81129902863807e-05,666
"diagnostic_202002_forest_FALSE","Q20",1.80281571300835e-05,667
"diagnostic_202002_forest_FALSE","Q249",1.79952322350395e-05,668
"diagnostic_202002_forest_FALSE","Q521_Q528R1",1.78374001524369e-05,669
"diagnostic_202002_forest_FALSE","Q243R2",1.76848907596286e-05,670
"diagnostic_202002_forest_FALSE","Q258",1.75418768526268e-05,671
"diagnostic_202002_forest_FALSE","Q270",1.75366741662064e-05,672
"diagnostic_202002_forest_FALSE","Q494_Q503R10",1.73702781839078e-05,673
"diagnostic_202002_forest_FALSE","Q521_Q528R3",1.71489054076232e-05,674
"diagnostic_202002_forest_FALSE","Q551_Q559R5",1.71447646525128e-05,675
"diagnostic_202002_forest_FALSE","Q225R4",1.70313986038391e-05,676
"diagnostic_202002_forest_FALSE","Q154R2",1.62966307306268e-05,677
"diagnostic_202002_forest_FALSE","Q466",1.61676493254888e-05,678
"diagnostic_202002_forest_FALSE","Q441_Q452R9",1.60880573400659e-05,679
"diagnostic_202002_forest_FALSE","Q396_Q398R3",1.60719329651812e-05,680
"diagnostic_202002_forest_FALSE","Q679_Q682R4",1.58901005479382e-05,681
"diagnostic_202002_forest_FALSE","Q754_Q762R3",1.56697998262727e-05,682
"diagnostic_202002_forest_FALSE","Q661",1.53422396952644e-05,683
"diagnostic_202002_forest_FALSE","Q417_Q424R4",1.4849467659791e-05,684
"diagnostic_202002_forest_FALSE","Q732_Q737R3",1.45244151828482e-05,685
"diagnostic_202002_forest_FALSE","Q818",1.45138323393518e-05,686
"diagnostic_202002_forest_FALSE","Q266",1.45085849895183e-05,687
"diagnostic_202002_forest_FALSE","Q646_Q651R5",1.44554128320741e-05,688
"diagnostic_202002_forest_FALSE","Q182",1.39087830643742e-05,689
"diagnostic_202002_forest_FALSE","Q131R9",1.37962507462227e-05,690
"diagnostic_202002_forest_FALSE","Q391_Q393R2",1.36887203283812e-05,691
"diagnostic_202002_forest_FALSE","Q720_Q722R1",1.36625542810995e-05,692
"diagnostic_202002_forest_FALSE","Q585_Q590R3",1.35164635450679e-05,693
"diagnostic_202002_forest_FALSE","Q560R1",1.3484255116455e-05,694
"diagnostic_202002_forest_FALSE","Q530",1.31219178245699e-05,695
"diagnostic_202002_forest_FALSE","Q679_Q682R2",1.23981868942692e-05,696
"diagnostic_202002_forest_FALSE","Q732_Q737R2",1.23527066699159e-05,697
"diagnostic_202002_forest_FALSE","Q400",1.18231344235376e-05,698
"diagnostic_202002_forest_FALSE","Q117R1",1.10087358042303e-05,699
"diagnostic_202002_forest_FALSE","Q767_Q771R3",1.09665888215224e-05,700
"diagnostic_202002_forest_FALSE","Q162R3",1.08137970469342e-05,701
"diagnostic_202002_forest_FALSE","Q487_Q489R1",1.05473020104001e-05,702
"diagnostic_202002_forest_FALSE","Q597_Q602R6",1.03092874941764e-05,703
"diagnostic_202002_forest_FALSE","Q187R2",9.98327585914139e-06,704
"diagnostic_202002_forest_FALSE","Q640_Q645R5",9.88963515472254e-06,705
"diagnostic_202002_forest_FALSE","Q316R4",9.87730212139765e-06,706
"diagnostic_202002_forest_FALSE","Q201",9.71638941606101e-06,707
"diagnostic_202002_forest_FALSE","Q667_Q671R2",9.65100765320645e-06,708
"diagnostic_202002_forest_FALSE","Q585_Q590R2",9.48442842316359e-06,709
"diagnostic_202002_forest_FALSE","Q563_Q572R4",9.34354336280316e-06,710
"diagnostic_202002_forest_FALSE","Q287R4",8.96363476207391e-06,711
"diagnostic_202002_forest_FALSE","Q715_718R3",8.56237471441613e-06,712
"diagnostic_202002_forest_FALSE","Q640_Q645R1",8.42511428084001e-06,713
"diagnostic_202002_forest_FALSE","Q178R3",8.30194769576446e-06,714
"diagnostic_202002_forest_FALSE","Q652_Q658R2",8.2651007927584e-06,715
"diagnostic_202002_forest_FALSE","Q162R2",8.04880376848254e-06,716
"diagnostic_202002_forest_FALSE","Q184R3",7.79448382201778e-06,717
"diagnostic_202002_forest_FALSE","Q563_Q572R8",7.68253930518219e-06,718
"diagnostic_202002_forest_FALSE","Q17",7.57039499170171e-06,719
"diagnostic_202002_forest_FALSE","Q494_Q503R1",7.0547212462819e-06,720
"diagnostic_202002_forest_FALSE","Q441_Q452R5",6.43139395114639e-06,721
"diagnostic_202002_forest_FALSE","Q257BR2",6.38145094632882e-06,722
"diagnostic_202002_forest_FALSE","Q88",5.67082009302749e-06,723
"diagnostic_202002_forest_FALSE","Q738_Q740R2",5.21552756662615e-06,724
"diagnostic_202002_forest_FALSE","Q77R7",5.11226696013581e-06,725
"diagnostic_202002_forest_FALSE","S7",4.84765689434002e-06,726
"diagnostic_202002_forest_FALSE","Q287R3",4.67117878409559e-06,727
"diagnostic_202002_forest_FALSE","Q257AR3",4.10789077792681e-06,728
"diagnostic_202002_forest_FALSE","S2_RACE",0,729
"diagnostic_202002_forest_FALSE","S3B",0,729
"diagnostic_202002_forest_FALSE","Q30",0,729
"diagnostic_202002_forest_FALSE","Q68",0,729
"diagnostic_202002_forest_FALSE","Q70R1",0,729
"diagnostic_202002_forest_FALSE","Q77R1",0,729
"diagnostic_202002_forest_FALSE","Q77R2",0,729
"diagnostic_202002_forest_FALSE","Q77R9",0,729
"diagnostic_202002_forest_FALSE","Q85B",0,729
"diagnostic_202002_forest_FALSE","Q87",0,729
"diagnostic_202002_forest_FALSE","Q99R3",0,729
"diagnostic_202002_forest_FALSE","Q99R10",0,729
"diagnostic_202002_forest_FALSE","Q117R4",0,729
"diagnostic_202002_forest_FALSE","Q117R5",0,729
"diagnostic_202002_forest_FALSE","Q117R6",0,729
"diagnostic_202002_forest_FALSE","Q117R9",0,729
"diagnostic_202002_forest_FALSE","Q117R10",0,729
"diagnostic_202002_forest_FALSE","Q117R11",0,729
"diagnostic_202002_forest_FALSE","Q151",0,729
"diagnostic_202002_forest_FALSE","Q170",0,729
"diagnostic_202002_forest_FALSE","Q172R1",0,729
"diagnostic_202002_forest_FALSE","Q184R2",0,729
"diagnostic_202002_forest_FALSE","Q192",0,729
"diagnostic_202002_forest_FALSE","Q204",0,729
"diagnostic_202002_forest_FALSE","Q205",0,729
"diagnostic_202002_forest_FALSE","Q221R2",0,729
"diagnostic_202002_forest_FALSE","Q225R5",0,729
"diagnostic_202002_forest_FALSE","Q225R7",0,729
"diagnostic_202002_forest_FALSE","Q243R4",0,729
"diagnostic_202002_forest_FALSE","Q250R2",0,729
"diagnostic_202002_forest_FALSE","Q251",0,729
"diagnostic_202002_forest_FALSE","Q252",0,729
"diagnostic_202002_forest_FALSE","Q253",0,729
"diagnostic_202002_forest_FALSE","Q255",0,729
"diagnostic_202002_forest_FALSE","Q260",0,729
"diagnostic_202002_forest_FALSE","Q267",0,729
"diagnostic_202002_forest_FALSE","Q271",0,729
"diagnostic_202002_forest_FALSE","Q279",0,729
"diagnostic_202002_forest_FALSE","Q333",0,729
"diagnostic_202002_forest_FALSE","Q343R3",0,729
"diagnostic_202002_forest_FALSE","Q356",0,729
"diagnostic_202002_forest_FALSE","Q367",0,729
"diagnostic_202002_forest_FALSE","Q370",0,729
"diagnostic_202002_forest_FALSE","Q380",0,729
"diagnostic_202002_forest_FALSE","Q386_Q390R1",0,729
"diagnostic_202002_forest_FALSE","Q391_Q393R1",0,729
"diagnostic_202002_forest_FALSE","Q391_Q393R3",0,729
"diagnostic_202002_forest_FALSE","Q394",0,729
"diagnostic_202002_forest_FALSE","Q399",0,729
"diagnostic_202002_forest_FALSE","Q406",0,729
"diagnostic_202002_forest_FALSE","Q411_Q416R3",0,729
"diagnostic_202002_forest_FALSE","Q429_Q440R1",0,729
"diagnostic_202002_forest_FALSE","Q429_Q440R4",0,729
"diagnostic_202002_forest_FALSE","Q429_Q440R7",0,729
"diagnostic_202002_forest_FALSE","Q441_Q452R2",0,729
"diagnostic_202002_forest_FALSE","Q441_Q452R10",0,729
"diagnostic_202002_forest_FALSE","Q463",0,729
"diagnostic_202002_forest_FALSE","Q467_Q469R1",0,729
"diagnostic_202002_forest_FALSE","Q470",0,729
"diagnostic_202002_forest_FALSE","Q476",0,729
"diagnostic_202002_forest_FALSE","Q477",0,729
"diagnostic_202002_forest_FALSE","Q478_Q483R1",0,729
"diagnostic_202002_forest_FALSE","Q493",0,729
"diagnostic_202002_forest_FALSE","Q509_Q511R2",0,729
"diagnostic_202002_forest_FALSE","Q521_Q528R7",0,729
"diagnostic_202002_forest_FALSE","Q531",0,729
"diagnostic_202002_forest_FALSE","Q541",0,729
"diagnostic_202002_forest_FALSE","Q542",0,729
"diagnostic_202002_forest_FALSE","Q543",0,729
"diagnostic_202002_forest_FALSE","Q551_Q559R4",0,729
"diagnostic_202002_forest_FALSE","Q551_Q559R8",0,729
"diagnostic_202002_forest_FALSE","Q563_Q572R7",0,729
"diagnostic_202002_forest_FALSE","Q585_Q590R1",0,729
"diagnostic_202002_forest_FALSE","Q585_Q590R5",0,729
"diagnostic_202002_forest_FALSE","Q585_Q590R6",0,729
"diagnostic_202002_forest_FALSE","Q591_Q596R5",0,729
"diagnostic_202002_forest_FALSE","Q597_Q602R2",0,729
"diagnostic_202002_forest_FALSE","Q616_Q618R3",0,729
"diagnostic_202002_forest_FALSE","Q627",0,729
"diagnostic_202002_forest_FALSE","Q630_Q632R3",0,729
"diagnostic_202002_forest_FALSE","Q652_Q658R6",0,729
"diagnostic_202002_forest_FALSE","Q667_Q671R3",0,729
"diagnostic_202002_forest_FALSE","Q667_Q671R5",0,729
"diagnostic_202002_forest_FALSE","Q686",0,729
"diagnostic_202002_forest_FALSE","Q692",0,729
"diagnostic_202002_forest_FALSE","Q701_Q705R4",0,729
"diagnostic_202002_forest_FALSE","Q715_718R2",0,729
"diagnostic_202002_forest_FALSE","Q732_Q737R1",0,729
"diagnostic_202002_forest_FALSE","Q767_Q771R2",0,729
"diagnostic_202002_forest_FALSE","Q767_Q771R5",0,729
"diagnostic_202002_forest_FALSE","Q819",0,729
"primary_202002_forest_FALSE","Q21",0.0757220709672118,1
"primary_202002_forest_FALSE","Q24",0.0479699564890681,2
"primary_202002_forest_FALSE","Q25",0.0412813731161841,3
"primary_202002_forest_FALSE","Q543",0.0360053803292838,4
"primary_202002_forest_FALSE","Q1",0.0246405782169646,5
"primary_202002_forest_FALSE","Q308R7",0.0222942642915751,6
"primary_202002_forest_FALSE","Q22",0.02200851118795,7
"primary_202002_forest_FALSE","Q358",0.0146174637675769,8
"primary_202002_forest_FALSE","Q606",0.013837178895814,9
"primary_202002_forest_FALSE","Q28",0.0118490760540272,10
"primary_202002_forest_FALSE","Q23",0.0087809209785116,11
"primary_202002_forest_FALSE","Q27",0.00575848056299399,12
"primary_202002_forest_FALSE","Q607_Q610R2",0.00542078767564849,13
"primary_202002_forest_FALSE","Q504R6",0.00444786142923318,14
"primary_202002_forest_FALSE","Q485",0.00433324570296216,15
"primary_202002_forest_FALSE","Q607_Q610R4",0.00394677440760658,16
"primary_202002_forest_FALSE","Q308R6",0.00371083227054594,17
"primary_202002_forest_FALSE","Q208R5",0.00286214984180084,18
"primary_202002_forest_FALSE","Q607_Q610R1",0.00271264496569246,19
"primary_202002_forest_FALSE","Q308R5",0.00270133113996783,20
"primary_202002_forest_FALSE","Q607_Q610R3",0.00244236569245519,21
"primary_202002_forest_FALSE","Q225R11",0.00228041582041608,22
"primary_202002_forest_FALSE","Q563_Q572R3",0.00223460845138125,23
"primary_202002_forest_FALSE","Q225R10",0.00196468038996092,24
"primary_202002_forest_FALSE","Q184R1",0.00176324443523722,25
"primary_202002_forest_FALSE","Q43",0.00167308457403923,26
"primary_202002_forest_FALSE","Q308R2",0.00149261298421493,27
"primary_202002_forest_FALSE","Q745",0.00147078731944278,28
"primary_202002_forest_FALSE","Q184R3",0.00135332873991722,29
"primary_202002_forest_FALSE","Q706_Q708R1",0.00134517972152443,30
"primary_202002_forest_FALSE","Q131R3",0.00131891616818662,31
"primary_202002_forest_FALSE","Q384R1",0.00127951801857237,32
"primary_202002_forest_FALSE","Q619_Q626R5",0.00119753089731395,33
"primary_202002_forest_FALSE","Q183",0.00114583718217025,34
"primary_202002_forest_FALSE","Q563_Q572R6",0.00113870176747053,35
"primary_202002_forest_FALSE","Q295",0.00110643002459406,36
"primary_202002_forest_FALSE","Q539",0.00109678788590871,37
"primary_202002_forest_FALSE","Q428",0.0010966894276885,38
"primary_202002_forest_FALSE","Q359R2",0.00109384503353778,39
"primary_202002_forest_FALSE","Q131R2",0.00108515400217399,40
"primary_202002_forest_FALSE","Q709_712R1",0.00107844684283712,41
"primary_202002_forest_FALSE","Q683",0.00106025744129783,42
"primary_202002_forest_FALSE","Q32",0.00105177768009691,43
"primary_202002_forest_FALSE","Q33R3",0.00103968526677303,44
"primary_202002_forest_FALSE","Q332",0.00103483388742502,45
"primary_202002_forest_FALSE","Q217R1",0.000994984824871751,46
"primary_202002_forest_FALSE","Q225R14",0.000982263972749308,47
"primary_202002_forest_FALSE","Q26",0.000955954211545236,48
"primary_202002_forest_FALSE","Q629",0.000874928240785938,49
"primary_202002_forest_FALSE","Q563_Q572R9",0.000861791625971375,50
"primary_202002_forest_FALSE","Q563_Q572R7",0.00086175800768628,51
"primary_202002_forest_FALSE","Q774",0.000859487319361881,52
"primary_202002_forest_FALSE","Q563_Q572R10",0.000858547976578675,53
"primary_202002_forest_FALSE","Q504R7",0.000858446631601563,54
"primary_202002_forest_FALSE","Q117R11",0.000849472868943172,55
"primary_202002_forest_FALSE","Q117R13",0.000810044084107929,56
"primary_202002_forest_FALSE","Q385",0.000804225828539257,57
"primary_202002_forest_FALSE","Q331",0.000783213298932491,58
"primary_202002_forest_FALSE","Q131R11",0.000777737282666042,59
"primary_202002_forest_FALSE","Q308R1",0.000753942812923118,60
"primary_202002_forest_FALSE","Q131R8",0.000745567630133752,61
"primary_202002_forest_FALSE","Q563_Q572R1",0.000730932397417719,62
"primary_202002_forest_FALSE","Q603",0.000717820534436459,63
"primary_202002_forest_FALSE","VQ774",0.000713073800012663,64
"primary_202002_forest_FALSE","Q60",0.000705757759268105,65
"primary_202002_forest_FALSE","Q475",0.000701432159069678,66
"primary_202002_forest_FALSE","Q513_Q516R3",0.000699612218883185,67
"primary_202002_forest_FALSE","Q743",0.000687442391170224,68
"primary_202002_forest_FALSE","Q76",0.000673518919670962,69
"primary_202002_forest_FALSE","Q287R6",0.000644776436274692,70
"primary_202002_forest_FALSE","Q377",0.000630331151924696,71
"primary_202002_forest_FALSE","Q504R4",0.000613955811937403,72
"primary_202002_forest_FALSE","VQ773",0.000596562070301965,73
"primary_202002_forest_FALSE","Q773",0.000594947721810576,74
"primary_202002_forest_FALSE","Q744",0.000593383317102211,75
"primary_202002_forest_FALSE","Q504R3",0.000591635049019336,76
"primary_202002_forest_FALSE","S4",0.000576840882067326,77
"primary_202002_forest_FALSE","Q131R5",0.000576199406398142,78
"primary_202002_forest_FALSE","Q131R6",0.000573213751541914,79
"primary_202002_forest_FALSE","Q329",0.000570922041143222,80
"primary_202002_forest_FALSE","Q359R1",0.000570430144342726,81
"primary_202002_forest_FALSE","Q301",0.000552853947623958,82
"primary_202002_forest_FALSE","Q250R1",0.000546944939005602,83
"primary_202002_forest_FALSE","Q131R1",0.000544185616782106,84
"primary_202002_forest_FALSE","Q257AR1",0.000542706462663327,85
"primary_202002_forest_FALSE","Q750",0.000542306296671334,86
"primary_202002_forest_FALSE","Q131R7",0.00054196712641862,87
"primary_202002_forest_FALSE","Q368",0.000538476424304792,88
"primary_202002_forest_FALSE","Q619_Q626R8",0.000533303723412348,89
"primary_202002_forest_FALSE","Q371",0.000501994572597272,90
"primary_202002_forest_FALSE","Q619_Q626R7",0.000492147443901109,91
"primary_202002_forest_FALSE","S10",0.000491507498841907,92
"primary_202002_forest_FALSE","Q187R5",0.000486518039922201,93
"primary_202002_forest_FALSE","Q693_Q700R6",0.000481651067640078,94
"primary_202002_forest_FALSE","Q706_Q708R2",0.000459545100273344,95
"primary_202002_forest_FALSE","Q239R3",0.000456268532284763,96
"primary_202002_forest_FALSE","Q131R9",0.000444515785890096,97
"primary_202002_forest_FALSE","Q563_Q572R5",0.000438630469220322,98
"primary_202002_forest_FALSE","Q116",0.00043839990153919,99
"primary_202002_forest_FALSE","Q213R4",0.000435010696316704,100
"primary_202002_forest_FALSE","Q806",0.000432474527675292,101
"primary_202002_forest_FALSE","Q417_Q424R6",0.000431208500264055,102
"primary_202002_forest_FALSE","Q213R1",0.000427679651649646,103
"primary_202002_forest_FALSE","Q793",0.000425422419813705,104
"primary_202002_forest_FALSE","Q315",0.000425327428753309,105
"primary_202002_forest_FALSE","Q490",0.000410522726850746,106
"primary_202002_forest_FALSE","Q154R1",0.000407835725284383,107
"primary_202002_forest_FALSE","Q584",0.000401518558579393,108
"primary_202002_forest_FALSE","Q221R4",0.000398893623800782,109
"primary_202002_forest_FALSE","Q689",0.000392664284081599,110
"primary_202002_forest_FALSE","Q800",0.000390738800578647,111
"primary_202002_forest_FALSE","Q58",0.000384626240509059,112
"primary_202002_forest_FALSE","Q225R4",0.000382307097016433,113
"primary_202002_forest_FALSE","Q691",0.000377554949422482,114
"primary_202002_forest_FALSE","Q225R12",0.000377546971423996,115
"primary_202002_forest_FALSE","S5",0.000376459954462565,116
"primary_202002_forest_FALSE","Q802",0.000373869129985214,117
"primary_202002_forest_FALSE","Q162R1",0.000370109880800479,118
"primary_202002_forest_FALSE","Q217R2",0.000366108385238682,119
"primary_202002_forest_FALSE","Q257AR3",0.000364086873135258,120
"primary_202002_forest_FALSE","Q693_Q700R3",0.00036368803647385,121
"primary_202002_forest_FALSE","Q39",0.00036161858906687,122
"primary_202002_forest_FALSE","Q131R10",0.000355719869607344,123
"primary_202002_forest_FALSE","Q62R5",0.000355012147391975,124
"primary_202002_forest_FALSE","Q144",0.000355008218896796,125
"primary_202002_forest_FALSE","Q417_Q424R8",0.000351663941795593,126
"primary_202002_forest_FALSE","Q33R4",0.00034789463538657,127
"primary_202002_forest_FALSE","Q779",0.000346716475923547,128
"primary_202002_forest_FALSE","Q33R2",0.00034629281270599,129
"primary_202002_forest_FALSE","Q706_Q708R3",0.00034556637641067,130
"primary_202002_forest_FALSE","Q619_Q626R6",0.000340327459472047,131
"primary_202002_forest_FALSE","Q184R2",0.000339379922871059,132
"primary_202002_forest_FALSE","Q548R7",0.000336937900138489,133
"primary_202002_forest_FALSE","Q399",0.000335261446849294,134
"primary_202002_forest_FALSE","Q544",0.000326066423607148,135
"primary_202002_forest_FALSE","Q162R7",0.00032063836657679,136
"primary_202002_forest_FALSE","Q117R1",0.000318725386606963,137
"primary_202002_forest_FALSE","Q808",0.000316744832101146,138
"primary_202002_forest_FALSE","Q265",0.000308937961078251,139
"primary_202002_forest_FALSE","Q513_Q516R2",0.000308314972822623,140
"primary_202002_forest_FALSE","Q117R8",0.000308058175023042,141
"primary_202002_forest_FALSE","Q799",0.000306774637540555,142
"primary_202002_forest_FALSE","Q62R4",0.000305042847767115,143
"primary_202002_forest_FALSE","Q619_Q626R2",0.000304076976460375,144
"primary_202002_forest_FALSE","Q810",0.000301951570100259,145
"primary_202002_forest_FALSE","Q726",0.000299835741938239,146
"primary_202002_forest_FALSE","Q396_Q398R2",0.000295930108621279,147
"primary_202002_forest_FALSE","Q487_Q489R2",0.000295400679370293,148
"primary_202002_forest_FALSE","Q563_Q572R4",0.00029153965413054,149
"primary_202002_forest_FALSE","Q162R2",0.000287828518683943,150
"primary_202002_forest_FALSE","Q213R2",0.000286722421504754,151
"primary_202002_forest_FALSE","Q348",0.000285216510980522,152
"primary_202002_forest_FALSE","Q44",0.000284221804906322,153
"primary_202002_forest_FALSE","Q659",0.000284135873630055,154
"primary_202002_forest_FALSE","Q518",0.000283328090960979,155
"primary_202002_forest_FALSE","Q619_Q626R3",0.000280998423378738,156
"primary_202002_forest_FALSE","Q709_712R2",0.000279649651418886,157
"primary_202002_forest_FALSE","Q131R4",0.000277131318877185,158
"primary_202002_forest_FALSE","Q171",0.00027662572319134,159
"primary_202002_forest_FALSE","Q366",0.000274418967331898,160
"primary_202002_forest_FALSE","Q162R8",0.000272914763469207,161
"primary_202002_forest_FALSE","Q777",0.000271475502025813,162
"primary_202002_forest_FALSE","Q662",0.000271210329846545,163
"primary_202002_forest_FALSE","Q162R5",0.000267062998826418,164
"primary_202002_forest_FALSE","Q801",0.000264010712776399,165
"primary_202002_forest_FALSE","Q386_Q390R2",0.000259935681284607,166
"primary_202002_forest_FALSE","Q604_Q605R1",0.0002563322584775,167
"primary_202002_forest_FALSE","Q619_Q626R4",0.000255553301322354,168
"primary_202002_forest_FALSE","Q535_Q538R3",0.00025522256788213,169
"primary_202002_forest_FALSE","Q749",0.000253325002710835,170
"primary_202002_forest_FALSE","Q33R1",0.000252922115369129,171
"primary_202002_forest_FALSE","Q207",0.000251957720311645,172
"primary_202002_forest_FALSE","Q693_Q700R7",0.000250044504693791,173
"primary_202002_forest_FALSE","Q225R6",0.00024920799219492,174
"primary_202002_forest_FALSE","Q147",0.000248480029427295,175
"primary_202002_forest_FALSE","Q308R4",0.000247662172712456,176
"primary_202002_forest_FALSE","Q417_Q424R2",0.000247229623772211,177
"primary_202002_forest_FALSE","Q582",0.000245305092633567,178
"primary_202002_forest_FALSE","Q359R3",0.000244339124962777,179
"primary_202002_forest_FALSE","Q31",0.000243031427329067,180
"primary_202002_forest_FALSE","Q131R12",0.000242276323946077,181
"primary_202002_forest_FALSE","Q61",0.000238851769475692,182
"primary_202002_forest_FALSE","Q263",0.000238698805831964,183
"primary_202002_forest_FALSE","Q693_Q700R4",0.000238153282310385,184
"primary_202002_forest_FALSE","Q709_712R4",0.000236064253812788,185
"primary_202002_forest_FALSE","Q545R7",0.000235812659764344,186
"primary_202002_forest_FALSE","Q591_Q596R4",0.000233998093308176,187
"primary_202002_forest_FALSE","Q225R8",0.000233434237193756,188
"primary_202002_forest_FALSE","Q425",0.000229692924301578,189
"primary_202002_forest_FALSE","Q504R2",0.00022898018482819,190
"primary_202002_forest_FALSE","Q782",0.000226333377656477,191
"primary_202002_forest_FALSE","Q221R1",0.000223251476811794,192
"primary_202002_forest_FALSE","Q208R3",0.000222092372075028,193
"primary_202002_forest_FALSE","Q145",0.000222034753217933,194
"primary_202002_forest_FALSE","Q334",0.000221850294384671,195
"primary_202002_forest_FALSE","Q754_Q762R5",0.000221538013699104,196
"primary_202002_forest_FALSE","Q813",0.000221277089514881,197
"primary_202002_forest_FALSE","Q59",0.00022126429659093,198
"primary_202002_forest_FALSE","Q131R13",0.000221210544044403,199
"primary_202002_forest_FALSE","Q98",0.000216785698952843,200
"primary_202002_forest_FALSE","Q790",0.000212338321451568,201
"primary_202002_forest_FALSE","Q187R3",0.000212222057935056,202
"primary_202002_forest_FALSE","Q264",0.000211729105794437,203
"primary_202002_forest_FALSE","Q308R3",0.00021155416194812,204
"primary_202002_forest_FALSE","Q751",0.000208609598046069,205
"primary_202002_forest_FALSE","Q663_Q666R1",0.000208403571841778,206
"primary_202002_forest_FALSE","Q417_Q424R3",0.000207238200394066,207
"primary_202002_forest_FALSE","Q727_Q731R2",0.000207096105375666,208
"primary_202002_forest_FALSE","Q33R5",0.000206575646362609,209
"primary_202002_forest_FALSE","Q349",0.000203399821118451,210
"primary_202002_forest_FALSE","Q407",0.000202174281776913,211
"primary_202002_forest_FALSE","Q701_Q705R4",0.000201763825053847,212
"primary_202002_forest_FALSE","Q283",0.000201559887478249,213
"primary_202002_forest_FALSE","Q478_Q483R6",0.000200105532585614,214
"primary_202002_forest_FALSE","Q814",0.000199444751070093,215
"primary_202002_forest_FALSE","Q202",0.000198559100962347,216
"primary_202002_forest_FALSE","Q811",0.000198305999767122,217
"primary_202002_forest_FALSE","Q604_Q605R2",0.000198198211864086,218
"primary_202002_forest_FALSE","Q117R2",0.000197062421158836,219
"primary_202002_forest_FALSE","Q619_Q626R1",0.0001966932469288,220
"primary_202002_forest_FALSE","Q693_Q700R1",0.000196432453273962,221
"primary_202002_forest_FALSE","Q798",0.000194076145618701,222
"primary_202002_forest_FALSE","Q150",0.000193769204175469,223
"primary_202002_forest_FALSE","Q549R7",0.000193726265783475,224
"primary_202002_forest_FALSE","Q381_Q383R1",0.000192986411842064,225
"primary_202002_forest_FALSE","Q560R5",0.00019237906681128,226
"primary_202002_forest_FALSE","Q561",0.000191640078531272,227
"primary_202002_forest_FALSE","Q225R13",0.000191032665531932,228
"primary_202002_forest_FALSE","Q261",0.000190446099948,229
"primary_202002_forest_FALSE","Q616_Q618R3",0.00018954173060465,230
"primary_202002_forest_FALSE","Q257CR4",0.000188811705032203,231
"primary_202002_forest_FALSE","Q365",0.000188559929763739,232
"primary_202002_forest_FALSE","Q110",0.000188539939154244,233
"primary_202002_forest_FALSE","Q208R2",0.000186841611683588,234
"primary_202002_forest_FALSE","Q676_Q678R1",0.000186780422840476,235
"primary_202002_forest_FALSE","Q794",0.000185771746340615,236
"primary_202002_forest_FALSE","Q330",0.000185413748943606,237
"primary_202002_forest_FALSE","Q410",0.000184138069785307,238
"primary_202002_forest_FALSE","Q429_Q440R7",0.000183578206300734,239
"primary_202002_forest_FALSE","Q597_Q602R5",0.000183569622679893,240
"primary_202002_forest_FALSE","Q243R4",0.000182900980120675,241
"primary_202002_forest_FALSE","Q417_Q424R5",0.000182364954429697,242
"primary_202002_forest_FALSE","Q429_Q440R11",0.000182328276399577,243
"primary_202002_forest_FALSE","Q520",0.000181659679961967,244
"primary_202002_forest_FALSE","Q504R5",0.000181466838184581,245
"primary_202002_forest_FALSE","Q369",0.000180584048723993,246
"primary_202002_forest_FALSE","Q378",0.000179331052060579,247
"primary_202002_forest_FALSE","Q715_718R1",0.000179320299615627,248
"primary_202002_forest_FALSE","Q417_Q424R7",0.000178504323962821,249
"primary_202002_forest_FALSE","Q38",0.000178262374020073,250
"primary_202002_forest_FALSE","Q679_Q682R1",0.000178013738735642,251
"primary_202002_forest_FALSE","Q521_Q528R1",0.000177818095661957,252
"primary_202002_forest_FALSE","Q513_Q516R1",0.000177809002077282,253
"primary_202002_forest_FALSE","Q471",0.000177442040788122,254
"primary_202002_forest_FALSE","Q693_Q700R5",0.000176247662509298,255
"primary_202002_forest_FALSE","Q99R10",0.000175523734655106,256
"primary_202002_forest_FALSE","Q287R2",0.000175506922080182,257
"primary_202002_forest_FALSE","S2_AFROLAT",0.000175382897423461,258
"primary_202002_forest_FALSE","Q225R1",0.000174517205224944,259
"primary_202002_forest_FALSE","Q519",0.000171680518895219,260
"primary_202002_forest_FALSE","Q551_Q559R1",0.00017044617527501,261
"primary_202002_forest_FALSE","Q687",0.000170126787181321,262
"primary_202002_forest_FALSE","Q248",0.000169872987940204,263
"primary_202002_forest_FALSE","Q257AR2",0.000169287557904202,264
"primary_202002_forest_FALSE","Q352",0.000169281009239022,265
"primary_202002_forest_FALSE","Q727_Q731R5",0.000169026236244303,266
"primary_202002_forest_FALSE","Q517",0.000168431320539901,267
"primary_202002_forest_FALSE","Q13",0.000168143029092431,268
"primary_202002_forest_FALSE","Q396_Q398R1",0.000167956462517702,269
"primary_202002_forest_FALSE","Q512",0.000167069159990645,270
"primary_202002_forest_FALSE","Q535_Q538R1",0.000166884182712361,271
"primary_202002_forest_FALSE","Q225R9",0.000166715039360003,272
"primary_202002_forest_FALSE","Q693_Q700R8",0.00016650457679851,273
"primary_202002_forest_FALSE","Q347",0.000165509625334382,274
"primary_202002_forest_FALSE","Q316R1",0.000164134052409119,275
"primary_202002_forest_FALSE","Q148",0.000163978108690248,276
"primary_202002_forest_FALSE","Q225R2",0.000163430497892901,277
"primary_202002_forest_FALSE","Q287R7",0.000161361364648702,278
"primary_202002_forest_FALSE","Q217R4",0.000160971053094992,279
"primary_202002_forest_FALSE","Q462",0.00016076784816543,280
"primary_202002_forest_FALSE","Q99R1",0.000160043766358482,281
"primary_202002_forest_FALSE","Q805",0.000159989229282784,282
"primary_202002_forest_FALSE","Q788",0.000159523055837436,283
"primary_202002_forest_FALSE","Q795",0.000159436850955614,284
"primary_202002_forest_FALSE","Q187R1",0.000158965128198107,285
"primary_202002_forest_FALSE","Q550",0.000158747774460476,286
"primary_202002_forest_FALSE","Q159R1",0.000158383109450512,287
"primary_202002_forest_FALSE","Q809",0.000155892902270885,288
"primary_202002_forest_FALSE","Q250R2",0.000154096734943098,289
"primary_202002_forest_FALSE","Q504R1",0.000153913328994119,290
"primary_202002_forest_FALSE","Q271",0.000153662055516132,291
"primary_202002_forest_FALSE","Q247",0.000153434298228021,292
"primary_202002_forest_FALSE","Q316R6",0.00015337509353839,293
"primary_202002_forest_FALSE","Q70R2",0.000152959547823609,294
"primary_202002_forest_FALSE","Q727_Q731R3",0.000152610336660246,295
"primary_202002_forest_FALSE","Q30",0.000151909898956697,296
"primary_202002_forest_FALSE","Q221R3",0.000151767268245914,297
"primary_202002_forest_FALSE","Q75",0.000151359013053726,298
"primary_202002_forest_FALSE","Q99R3",0.000150636156505383,299
"primary_202002_forest_FALSE","Q42",0.000150559699821573,300
"primary_202002_forest_FALSE","Q213R3",0.000150488874353497,301
"primary_202002_forest_FALSE","Q560R2",0.000150475557143208,302
"primary_202002_forest_FALSE","Q742",0.000149940089283933,303
"primary_202002_forest_FALSE","Q738_Q740R1",0.000149624141164181,304
"primary_202002_forest_FALSE","Q62R2",0.000149574889463839,305
"primary_202002_forest_FALSE","Q476",0.000149081967020336,306
"primary_202002_forest_FALSE","Q540R1",0.000149020564844694,307
"primary_202002_forest_FALSE","Q663_Q666R2",0.000148914887705219,308
"primary_202002_forest_FALSE","Q273R4",0.000148845938364941,309
"primary_202002_forest_FALSE","Q551_Q559R6",0.000148561423421304,310
"primary_202002_forest_FALSE","Q504R8",0.000147927131557657,311
"primary_202002_forest_FALSE","Q117R4",0.000147296051512585,312
"primary_202002_forest_FALSE","Q727_Q731R4",0.000147121654518193,313
"primary_202002_forest_FALSE","Q472_Q474R3",0.000146792950771395,314
"primary_202002_forest_FALSE","Q429_Q440R9",0.000146490394217467,315
"primary_202002_forest_FALSE","Q256",0.000145683075587239,316
"primary_202002_forest_FALSE","Q386_Q390R3",0.000145166347806562,317
"primary_202002_forest_FALSE","Q77R9",0.000145001745038098,318
"primary_202002_forest_FALSE","Q486",0.000144150953764221,319
"primary_202002_forest_FALSE","Q797",0.000143921602964206,320
"primary_202002_forest_FALSE","Q206",0.000143837479164267,321
"primary_202002_forest_FALSE","Q250R3",0.000141924335658303,322
"primary_202002_forest_FALSE","Q281",0.000140912695611808,323
"primary_202002_forest_FALSE","Q441_Q452R5",0.000140671336357096,324
"primary_202002_forest_FALSE","Q551_Q559R3",0.000140170058460521,325
"primary_202002_forest_FALSE","Q287R3",0.000139804571412428,326
"primary_202002_forest_FALSE","Q411_Q416R1",0.000139718659888025,327
"primary_202002_forest_FALSE","Q686",0.000139147212113672,328
"primary_202002_forest_FALSE","Q41",0.000137908524184918,329
"primary_202002_forest_FALSE","Q715_718R2",0.000137567507208514,330
"primary_202002_forest_FALSE","Q380",0.000136542003021642,331
"primary_202002_forest_FALSE","Q351",0.000135692783377049,332
"primary_202002_forest_FALSE","Q417_Q424R1",0.000135531633842791,333
"primary_202002_forest_FALSE","Q456_Q461R1",0.000135408747723602,334
"primary_202002_forest_FALSE","Q676_Q678R2",0.00013508086844962,335
"primary_202002_forest_FALSE","Q591_Q596R3",0.000134652606739542,336
"primary_202002_forest_FALSE","Q111R4",0.000134427679352626,337
"primary_202002_forest_FALSE","Q487_Q489R3",0.000134013475227839,338
"primary_202002_forest_FALSE","Q693_Q700R2",0.000133591042738466,339
"primary_202002_forest_FALSE","Q509_Q511R1",0.000133203384184634,340
"primary_202002_forest_FALSE","Q754_Q762R2",0.000131858366258823,341
"primary_202002_forest_FALSE","Q679_Q682R4",0.000131595830360979,342
"primary_202002_forest_FALSE","Q509_Q511R2",0.000131452392093768,343
"primary_202002_forest_FALSE","Q478_Q483R3",0.000130351733280985,344
"primary_202002_forest_FALSE","Q239R4",0.000130227721767771,345
"primary_202002_forest_FALSE","Q804",0.000130135362210205,346
"primary_202002_forest_FALSE","Q551_Q559R5",0.000129381763985925,347
"primary_202002_forest_FALSE","Q287R4",0.000129226948541459,348
"primary_202002_forest_FALSE","Q86",0.000128736440037273,349
"primary_202002_forest_FALSE","Q282",0.000128062208024519,350
"primary_202002_forest_FALSE","Q472_Q474R2",0.000127682556788822,351
"primary_202002_forest_FALSE","Q335",0.000126884548504775,352
"primary_202002_forest_FALSE","Q117R5",0.000126821322667045,353
"primary_202002_forest_FALSE","Q154R5",0.000126743170180617,354
"primary_202002_forest_FALSE","Q225R5",0.000126693318074068,355
"primary_202002_forest_FALSE","Q796",0.000126606054363931,356
"primary_202002_forest_FALSE","Q673",0.000126099253113699,357
"primary_202002_forest_FALSE","Q62R3",0.000125612934372713,358
"primary_202002_forest_FALSE","Q803",0.000125524402268384,359
"primary_202002_forest_FALSE","Q217R3",0.000125113362686885,360
"primary_202002_forest_FALSE","Q146",0.000124510196562365,361
"primary_202002_forest_FALSE","Q257BR2",0.000123173639743151,362
"primary_202002_forest_FALSE","Q775",0.000123081139142957,363
"primary_202002_forest_FALSE","Q401_Q404R4",0.000122695952927795,364
"primary_202002_forest_FALSE","Q494_Q503R3",0.000122454083085412,365
"primary_202002_forest_FALSE","Q99R9",0.00012231763270739,366
"primary_202002_forest_FALSE","Q159R2",0.00012203664566627,367
"primary_202002_forest_FALSE","Q591_Q596R6",0.000121839039033931,368
"primary_202002_forest_FALSE","Q187R4",0.000121376355899625,369
"primary_202002_forest_FALSE","Q478_Q483R4",0.000121270509490281,370
"primary_202002_forest_FALSE","Q491",0.000120988012431863,371
"primary_202002_forest_FALSE","Q812",0.000120869121074347,372
"primary_202002_forest_FALSE","Q111R2",0.000120453304179002,373
"primary_202002_forest_FALSE","Q546R7",0.000120343002171574,374
"primary_202002_forest_FALSE","Q159R3",0.000120130888909488,375
"primary_202002_forest_FALSE","Q551_Q559R7",0.00011993667513507,376
"primary_202002_forest_FALSE","Q679_Q682R2",0.000119800211620554,377
"primary_202002_forest_FALSE","Q221R2",0.000119796814290597,378
"primary_202002_forest_FALSE","Q208R4",0.000119705959583071,379
"primary_202002_forest_FALSE","Q111R5",0.00011881613248394,380
"primary_202002_forest_FALSE","Q616_Q618R1",0.000118660832909775,381
"primary_202002_forest_FALSE","Q429_Q440R8",0.000118532551782428,382
"primary_202002_forest_FALSE","Q429_Q440R10",0.000118478179611438,383
"primary_202002_forest_FALSE","S11",0.000118184532621678,384
"primary_202002_forest_FALSE","Q99R7",0.000117807449683111,385
"primary_202002_forest_FALSE","Q67",0.000117367056037716,386
"primary_202002_forest_FALSE","Q68",0.000116606259444514,387
"primary_202002_forest_FALSE","Q709_712R3",0.000116495347477705,388
"primary_202002_forest_FALSE","Q77R3",0.000115312673341306,389
"primary_202002_forest_FALSE","Q205",0.000115067665624837,390
"primary_202002_forest_FALSE","Q62R1",0.000115048262357242,391
"primary_202002_forest_FALSE","Q77R1",0.000114957427823791,392
"primary_202002_forest_FALSE","Q597_Q602R6",0.000114361109081162,393
"primary_202002_forest_FALSE","Q727_Q731R1",0.000114325277004997,394
"primary_202002_forest_FALSE","Q701_Q705R5",0.000114170088150595,395
"primary_202002_forest_FALSE","Q535_Q538R4",0.000113810549471703,396
"primary_202002_forest_FALSE","Q455",0.000113183648012424,397
"primary_202002_forest_FALSE","Q715_718R3",0.000113181140236222,398
"primary_202002_forest_FALSE","Q287R5",0.000112882011413191,399
"primary_202002_forest_FALSE","Q494_Q503R4",0.000112389655104218,400
"primary_202002_forest_FALSE","Q273R3",0.000111388646693042,401
"primary_202002_forest_FALSE","Q456_Q461R3",0.000110457964020105,402
"primary_202002_forest_FALSE","Q754_Q762R7",0.000109926537811926,403
"primary_202002_forest_FALSE","Q714",0.000109819575003668,404
"primary_202002_forest_FALSE","NEWQ67",0.000109418712819346,405
"primary_202002_forest_FALSE","Q477",0.000108992395296207,406
"primary_202002_forest_FALSE","Q250R5",0.00010862423503339,407
"primary_202002_forest_FALSE","Q162R4",0.000108492823145237,408
"primary_202002_forest_FALSE","Q753",0.000108442318007531,409
"primary_202002_forest_FALSE","Q268",0.000108003678879772,410
"primary_202002_forest_FALSE","Q178R2",0.000107990229303375,411
"primary_202002_forest_FALSE","Q494_Q503R6",0.000106663136180642,412
"primary_202002_forest_FALSE","Q117R3",0.00010625485292434,413
"primary_202002_forest_FALSE","Q77R2",0.000106183322146545,414
"primary_202002_forest_FALSE","Q763_Q766R3",0.000106182452060897,415
"primary_202002_forest_FALSE","Q154R3",0.000106025303999635,416
"primary_202002_forest_FALSE","Q492",0.000105938959232932,417
"primary_202002_forest_FALSE","Q70R5",0.000105186825645122,418
"primary_202002_forest_FALSE","Q563_Q572R2",0.000105152306978225,419
"primary_202002_forest_FALSE","Q429_Q440R5",0.000105055111328813,420
"primary_202002_forest_FALSE","Q456_Q461R6",0.000105049455636616,421
"primary_202002_forest_FALSE","Q597_Q602R4",0.000105022641540395,422
"primary_202002_forest_FALSE","Q187R2",0.000104743202020086,423
"primary_202002_forest_FALSE","Q542",0.000104277914252348,424
"primary_202002_forest_FALSE","Q563_Q572R8",0.000103830924005584,425
"primary_202002_forest_FALSE","Q99R11",0.000103580113492396,426
"primary_202002_forest_FALSE","Q723_Q725R3",0.000103148406842303,427
"primary_202002_forest_FALSE","Q661",0.00010297646283173,428
"primary_202002_forest_FALSE","Q456_Q461R4",0.000102549434466095,429
"primary_202002_forest_FALSE","Q154R2",0.000101598025334328,430
"primary_202002_forest_FALSE","Q381_Q383R2",0.000101311522246455,431
"primary_202002_forest_FALSE","Q547R7",0.000101178669815924,432
"primary_202002_forest_FALSE","Q478_Q483R2",0.000101000327496376,433
"primary_202002_forest_FALSE","Q359R4",0.0001007662644614,434
"primary_202002_forest_FALSE","Q754_Q762R9",0.000100695400580397,435
"primary_202002_forest_FALSE","Q560R8",0.000100562608539868,436
"primary_202002_forest_FALSE","Q456_Q461R5",0.000100519504902154,437
"primary_202002_forest_FALSE","Q386_Q390R5",0.000100466024368858,438
"primary_202002_forest_FALSE","Q178R3",0.000100239794979349,439
"primary_202002_forest_FALSE","Q262",0.00010017916518557,440
"primary_202002_forest_FALSE","Q257BR1",0.000100128475709684,441
"primary_202002_forest_FALSE","Q77R6",0.00010004182672141,442
"primary_202002_forest_FALSE","Q676_Q678R3",9.97292213732721e-05,443
"primary_202002_forest_FALSE","Q117R7",9.95967621001859e-05,444
"primary_202002_forest_FALSE","Q273R1",9.94117371934887e-05,445
"primary_202002_forest_FALSE","Q395",9.93791577447299e-05,446
"primary_202002_forest_FALSE","Q257AR4",9.8604261493434e-05,447
"primary_202002_forest_FALSE","Q429_Q440R4",9.84739593040047e-05,448
"primary_202002_forest_FALSE","Q40",9.84261830604504e-05,449
"primary_202002_forest_FALSE","Q529",9.83580898890708e-05,450
"primary_202002_forest_FALSE","Q597_Q602R1",9.82821218725308e-05,451
"primary_202002_forest_FALSE","Q239R1",9.80832213158517e-05,452
"primary_202002_forest_FALSE","Q99R8",9.72510765205479e-05,453
"primary_202002_forest_FALSE","Q77R5",9.7023598847136e-05,454
"primary_202002_forest_FALSE","Q381_Q383R3",9.68458893814374e-05,455
"primary_202002_forest_FALSE","Q194",9.67552466857684e-05,456
"primary_202002_forest_FALSE","S2_M",9.64692470248523e-05,457
"primary_202002_forest_FALSE","Q652_Q658R1",9.64605374550479e-05,458
"primary_202002_forest_FALSE","Q560R3",9.58842974830308e-05,459
"primary_202002_forest_FALSE","Q343R4",9.52826640463447e-05,460
"primary_202002_forest_FALSE","Q633",9.52078895248849e-05,461
"primary_202002_forest_FALSE","Q456_Q461R2",9.49266555068561e-05,462
"primary_202002_forest_FALSE","S3",9.47945714619476e-05,463
"primary_202002_forest_FALSE","Q250R8",9.43636200107229e-05,464
"primary_202002_forest_FALSE","Q208R1",9.40481596561327e-05,465
"primary_202002_forest_FALSE","Q152",9.39527137991898e-05,466
"primary_202002_forest_FALSE","Q652_Q658R4",9.35115558244961e-05,467
"primary_202002_forest_FALSE","Q172R3",9.33937297196964e-05,468
"primary_202002_forest_FALSE","Q99R4",9.28570684876287e-05,469
"primary_202002_forest_FALSE","Q257CR3",9.26753019868284e-05,470
"primary_202002_forest_FALSE","Q667_Q671R1",9.22168417109174e-05,471
"primary_202002_forest_FALSE","Q280",9.20335893687062e-05,472
"primary_202002_forest_FALSE","Q77R4",9.15910524864104e-05,473
"primary_202002_forest_FALSE","Q243R2",9.14895850192969e-05,474
"primary_202002_forest_FALSE","Q560R6",9.13772631130803e-05,475
"primary_202002_forest_FALSE","Q411_Q416R5",9.12832066313484e-05,476
"primary_202002_forest_FALSE","Q258",9.11403122971619e-05,477
"primary_202002_forest_FALSE","Q429_Q440R12",9.11072369495317e-05,478
"primary_202002_forest_FALSE","Q77R8",9.10169661623048e-05,479
"primary_202002_forest_FALSE","Q243R1",9.10086740532493e-05,480
"primary_202002_forest_FALSE","Q257BR4",9.06530072096312e-05,481
"primary_202002_forest_FALSE","Q343R1",9.00586936582695e-05,482
"primary_202002_forest_FALSE","Q257BR3",8.9976008689979e-05,483
"primary_202002_forest_FALSE","Q70R4",8.99739911819005e-05,484
"primary_202002_forest_FALSE","Q746B",8.99079447418332e-05,485
"primary_202002_forest_FALSE","Q379",8.96690816073828e-05,486
"primary_202002_forest_FALSE","S2_NATIVE",8.95536001330308e-05,487
"primary_202002_forest_FALSE","Q748",8.94308109384801e-05,488
"primary_202002_forest_FALSE","S13",8.94279737266956e-05,489
"primary_202002_forest_FALSE","Q287R1",8.86234125271653e-05,490
"primary_202002_forest_FALSE","Q815",8.85384891995247e-05,491
"primary_202002_forest_FALSE","Q701_Q705R3",8.76813087995451e-05,492
"primary_202002_forest_FALSE","Q521_Q528R8",8.73026133159829e-05,493
"primary_202002_forest_FALSE","Q720_Q722R2",8.70543601637382e-05,494
"primary_202002_forest_FALSE","Q738_Q740R3",8.68411587447173e-05,495
"primary_202002_forest_FALSE","Q494_Q503R10",8.68023984241459e-05,496
"primary_202002_forest_FALSE","Q367",8.6741437574345e-05,497
"primary_202002_forest_FALSE","Q417_Q424R4",8.65548762058904e-05,498
"primary_202002_forest_FALSE","Q487_Q489R1",8.65533766541359e-05,499
"primary_202002_forest_FALSE","Q117R12",8.65064273273902e-05,500
"primary_202002_forest_FALSE","Q153",8.64605841285141e-05,501
"primary_202002_forest_FALSE","Q243R3",8.6390264200791e-05,502
"primary_202002_forest_FALSE","Q701_Q705R1",8.62690766912627e-05,503
"primary_202002_forest_FALSE","Q343R3",8.61117490277947e-05,504
"primary_202002_forest_FALSE","Q672",8.59998167355795e-05,505
"primary_202002_forest_FALSE","Q149",8.59458128401273e-05,506
"primary_202002_forest_FALSE","Q611",8.59314876045557e-05,507
"primary_202002_forest_FALSE","Q713",8.54840507996192e-05,508
"primary_202002_forest_FALSE","Q591_Q596R2",8.49698562718974e-05,509
"primary_202002_forest_FALSE","Q467_Q469R2",8.49104349295459e-05,510
"primary_202002_forest_FALSE","Q652_Q658R3",8.48350584507245e-05,511
"primary_202002_forest_FALSE","Q472_Q474R1",8.47337127931548e-05,512
"primary_202002_forest_FALSE","Q521_Q528R7",8.41936041866194e-05,513
"primary_202002_forest_FALSE","Q639",8.4128188804093e-05,514
"primary_202002_forest_FALSE","Q411_Q416R3",8.36952379651195e-05,515
"primary_202002_forest_FALSE","Q752",8.34737438533171e-05,516
"primary_202002_forest_FALSE","Q401_Q404R2",8.32354621521396e-05,517
"primary_202002_forest_FALSE","Q386_Q390R4",8.32293604303659e-05,518
"primary_202002_forest_FALSE","Q534",8.27419268423769e-05,519
"primary_202002_forest_FALSE","Q551_Q559R2",8.12453704620583e-05,520
"primary_202002_forest_FALSE","Q85",8.10774500619042e-05,521
"primary_202002_forest_FALSE","Q763_Q766R2",8.10433797457832e-05,522
"primary_202002_forest_FALSE","Q674R1",8.09335921859574e-05,523
"primary_202002_forest_FALSE","Q117R6",7.97373974071501e-05,524
"primary_202002_forest_FALSE","S10_MEX",7.96577403501756e-05,525
"primary_202002_forest_FALSE","Q560R7",7.94978598892867e-05,526
"primary_202002_forest_FALSE","Q29",7.94625800257709e-05,527
"primary_202002_forest_FALSE","Q333",7.9160170668346e-05,528
"primary_202002_forest_FALSE","Q316R7",7.90746365822192e-05,529
"primary_202002_forest_FALSE","Q551_Q559R9",7.89650241697451e-05,530
"primary_202002_forest_FALSE","Q386_Q390R1",7.88641377519056e-05,531
"primary_202002_forest_FALSE","Q521_Q528R5",7.86101849198289e-05,532
"primary_202002_forest_FALSE","Q203",7.83426594121694e-05,533
"primary_202002_forest_FALSE","Q551_Q559R8",7.78663044374508e-05,534
"primary_202002_forest_FALSE","Q154R4",7.77373261953209e-05,535
"primary_202002_forest_FALSE","Q505_Q508R3",7.75799125247184e-05,536
"primary_202002_forest_FALSE","Q401_Q404R3",7.68037156262503e-05,537
"primary_202002_forest_FALSE","Q663_Q666R4",7.64949365463659e-05,538
"primary_202002_forest_FALSE","Q640_Q645R2",7.63633327455236e-05,539
"primary_202002_forest_FALSE","Q363",7.61404054422022e-05,540
"primary_202002_forest_FALSE","Q741",7.57581044049394e-05,541
"primary_202002_forest_FALSE","Q316R5",7.55754884515272e-05,542
"primary_202002_forest_FALSE","Q99R2",7.55616978377012e-05,543
"primary_202002_forest_FALSE","Q175R2",7.52822375923836e-05,544
"primary_202002_forest_FALSE","Q754_Q762R6",7.51923595271922e-05,545
"primary_202002_forest_FALSE","Q535_Q538R2",7.50636594039126e-05,546
"primary_202002_forest_FALSE","Q521_Q528R6",7.49217407296023e-05,547
"primary_202002_forest_FALSE","Q441_Q452R11",7.48397018834182e-05,548
"primary_202002_forest_FALSE","Q411_Q416R4",7.47683132952409e-05,549
"primary_202002_forest_FALSE","Q738_Q740R2",7.42963893755597e-05,550
"primary_202002_forest_FALSE","Q690",7.42357699174585e-05,551
"primary_202002_forest_FALSE","Q453",7.39686217328622e-05,552
"primary_202002_forest_FALSE","Q597_Q602R3",7.38356585042801e-05,553
"primary_202002_forest_FALSE","Q484",7.34862614421907e-05,554
"primary_202002_forest_FALSE","Q192",7.34251009295756e-05,555
"primary_202002_forest_FALSE","Q723_Q725R1",7.29672002191576e-05,556
"primary_202002_forest_FALSE","Q494_Q503R1",7.26412944330761e-05,557
"primary_202002_forest_FALSE","Q663_Q666R3",7.2356030449823e-05,558
"primary_202002_forest_FALSE","Q316R2",7.23304310038055e-05,559
"primary_202002_forest_FALSE","Q339",7.21906596899956e-05,560
"primary_202002_forest_FALSE","Q278",7.21807991787961e-05,561
"primary_202002_forest_FALSE","Q429_Q440R2",7.0325830223367e-05,562
"primary_202002_forest_FALSE","Q411_Q416R2",7.02604467432492e-05,563
"primary_202002_forest_FALSE","Q239R2",6.92070709862966e-05,564
"primary_202002_forest_FALSE","Q574",6.84324712588293e-05,565
"primary_202002_forest_FALSE","Q767_Q771R4",6.8178511060273e-05,566
"primary_202002_forest_FALSE","Q732_Q737R4",6.73162619786595e-05,567
"primary_202002_forest_FALSE","Q46",6.71873194520153e-05,568
"primary_202002_forest_FALSE","Q266",6.71562041282351e-05,569
"primary_202002_forest_FALSE","Q591_Q596R5",6.68861162858134e-05,570
"primary_202002_forest_FALSE","Q478_Q483R5",6.64650279832932e-05,571
"primary_202002_forest_FALSE","Q316R3",6.6227914408773e-05,572
"primary_202002_forest_FALSE","Q754_Q762R3",6.58328580567842e-05,573
"primary_202002_forest_FALSE","Q531",6.53987245541895e-05,574
"primary_202002_forest_FALSE","Q679_Q682R3",6.53925617810499e-05,575
"primary_202002_forest_FALSE","Q294",6.53469164347222e-05,576
"primary_202002_forest_FALSE","Q77R7",6.49314621406455e-05,577
"primary_202002_forest_FALSE","Q494_Q503R2",6.48969143234723e-05,578
"primary_202002_forest_FALSE","Q93",6.46200493763288e-05,579
"primary_202002_forest_FALSE","Q616_Q618R2",6.45660739206099e-05,580
"primary_202002_forest_FALSE","Q372",6.44806406758564e-05,581
"primary_202002_forest_FALSE","Q646_Q651R2",6.42450845701617e-05,582
"primary_202002_forest_FALSE","Q454",6.4158744701135e-05,583
"primary_202002_forest_FALSE","Q286",6.35697114647023e-05,584
"primary_202002_forest_FALSE","Q660",6.34049040688701e-05,585
"primary_202002_forest_FALSE","Q151",6.32376764319953e-05,586
"primary_202002_forest_FALSE","Q816",6.29342657411854e-05,587
"primary_202002_forest_FALSE","Q754_Q762R4",6.28001083177478e-05,588
"primary_202002_forest_FALSE","Q701_Q705R2",6.24866709827152e-05,589
"primary_202002_forest_FALSE","Q350",6.20045231264268e-05,590
"primary_202002_forest_FALSE","Q505_Q508R1",6.18760934301273e-05,591
"primary_202002_forest_FALSE","Q640_Q645R3",6.11373135840399e-05,592
"primary_202002_forest_FALSE","Q688",6.10878629970693e-05,593
"primary_202002_forest_FALSE","Q411_Q416R6",6.09898766141745e-05,594
"primary_202002_forest_FALSE","Q685",6.04211994610484e-05,595
"primary_202002_forest_FALSE","Q746A",6.01404903034056e-05,596
"primary_202002_forest_FALSE","Q316R4",6.01291246330107e-05,597
"primary_202002_forest_FALSE","Q429_Q440R3",6.00221630405051e-05,598
"primary_202002_forest_FALSE","Q478_Q483R1",5.96385491450987e-05,599
"primary_202002_forest_FALSE","Q640_Q645R5",5.95114846878221e-05,600
"primary_202002_forest_FALSE","Q466",5.90141689505672e-05,601
"primary_202002_forest_FALSE","Q225R3",5.88270075531543e-05,602
"primary_202002_forest_FALSE","Q521_Q528R4",5.84087467587013e-05,603
"primary_202002_forest_FALSE","Q820",5.83380922700984e-05,604
"primary_202002_forest_FALSE","Q652_Q658R5",5.81451738161823e-05,605
"primary_202002_forest_FALSE","Q785",5.81152040537332e-05,606
"primary_202002_forest_FALSE","Q652_Q658R6",5.77969810438285e-05,607
"primary_202002_forest_FALSE","S14",5.75708072535038e-05,608
"primary_202002_forest_FALSE","Q408",5.74094869917063e-05,609
"primary_202002_forest_FALSE","Q162R6",5.72370152557596e-05,610
"primary_202002_forest_FALSE","Q17",5.6983094615277e-05,611
"primary_202002_forest_FALSE","Q562",5.67905945802863e-05,612
"primary_202002_forest_FALSE","Q675",5.659396285632e-05,613
"primary_202002_forest_FALSE","Q357",5.64790489115829e-05,614
"primary_202002_forest_FALSE","Q491A",5.62819967917858e-05,615
"primary_202002_forest_FALSE","Q715_718R4",5.61553274929941e-05,616
"primary_202002_forest_FALSE","Q257CR1",5.60961962485627e-05,617
"primary_202002_forest_FALSE","Q441_Q452R7",5.57154876655987e-05,618
"primary_202002_forest_FALSE","Q747",5.53174909010678e-05,619
"primary_202002_forest_FALSE","Q560R4",5.52897350172378e-05,620
"primary_202002_forest_FALSE","Q257CR2",5.47610321703011e-05,621
"primary_202002_forest_FALSE","Q409",5.45889449192615e-05,622
"primary_202002_forest_FALSE","Q754_Q762R8",5.42759129897947e-05,623
"primary_202002_forest_FALSE","Q99R5",5.41579962627794e-05,624
"primary_202002_forest_FALSE","Q720_Q722R3",5.39522943103634e-05,625
"primary_202002_forest_FALSE","Q401_Q404R1",5.39096938272834e-05,626
"primary_202002_forest_FALSE","Q391_Q393R1",5.36933290621688e-05,627
"primary_202002_forest_FALSE","Q111R1",5.35848192215615e-05,628
"primary_202002_forest_FALSE","Q343R2",5.31915768090312e-05,629
"primary_202002_forest_FALSE","Q364",5.31783032667459e-05,630
"primary_202002_forest_FALSE","Q117R10",5.30809743035811e-05,631
"primary_202002_forest_FALSE","Q732_Q737R2",5.30238024883973e-05,632
"primary_202002_forest_FALSE","Q646_Q651R1",5.29860358084045e-05,633
"primary_202002_forest_FALSE","Q57",5.28632691850713e-05,634
"primary_202002_forest_FALSE","Q99R6",5.2631395669583e-05,635
"primary_202002_forest_FALSE","Q370",5.25362375747489e-05,636
"primary_202002_forest_FALSE","Q652_Q658R7",5.15330755925066e-05,637
"primary_202002_forest_FALSE","Q560R1",5.12581685922628e-05,638
"primary_202002_forest_FALSE","Q530",5.11820248530127e-05,639
"primary_202002_forest_FALSE","Q819",5.08817712179831e-05,640
"primary_202002_forest_FALSE","Q541",5.02928604499562e-05,641
"primary_202002_forest_FALSE","Q441_Q452R1",4.99857744940958e-05,642
"primary_202002_forest_FALSE","Q45",4.99041063500085e-05,643
"primary_202002_forest_FALSE","Q285",4.90094586528008e-05,644
"primary_202002_forest_FALSE","Q178R4",4.88642060332804e-05,645
"primary_202002_forest_FALSE","Q521_Q528R3",4.86652514881942e-05,646
"primary_202002_forest_FALSE","Q667_Q671R3",4.8422009648632e-05,647
"primary_202002_forest_FALSE","Q429_Q440R1",4.82437463523837e-05,648
"primary_202002_forest_FALSE","Q494_Q503R9",4.81716917925125e-05,649
"primary_202002_forest_FALSE","Q719",4.66668524664573e-05,650
"primary_202002_forest_FALSE","Q732_Q737R5",4.62229601041376e-05,651
"primary_202002_forest_FALSE","Q732_Q737R6",4.62081020745329e-05,652
"primary_202002_forest_FALSE","Q754_Q762R1",4.5887828572797e-05,653
"primary_202002_forest_FALSE","Q732_Q737R1",4.58590640555146e-05,654
"primary_202002_forest_FALSE","Q254",4.58250630665824e-05,655
"primary_202002_forest_FALSE","Q720_Q722R1",4.5804982241725e-05,656
"primary_202002_forest_FALSE","Q225R7",4.54414949976076e-05,657
"primary_202002_forest_FALSE","Q652_Q658R2",4.53319338055193e-05,658
"primary_202002_forest_FALSE","Q628",4.52927146492837e-05,659
"primary_202002_forest_FALSE","Q162R3",4.50978293912399e-05,660
"primary_202002_forest_FALSE","Q204",4.45207512811251e-05,661
"primary_202002_forest_FALSE","Q723_Q725R2",4.43744628429062e-05,662
"primary_202002_forest_FALSE","Q597_Q602R2",4.43304431306608e-05,663
"primary_202002_forest_FALSE","Q270",4.43009282465031e-05,664
"primary_202002_forest_FALSE","Q260",4.40797653013466e-05,665
"primary_202002_forest_FALSE","Q20",4.39199934201833e-05,666
"primary_202002_forest_FALSE","Q505_Q508R4",4.35387684029944e-05,667
"primary_202002_forest_FALSE","Q172R2",4.33886418698579e-05,668
"primary_202002_forest_FALSE","Q521_Q528R2",4.30902747363482e-05,669
"primary_202002_forest_FALSE","Q732_Q737R3",4.279760836817e-05,670
"primary_202002_forest_FALSE","Q494_Q503R8",4.17085008170449e-05,671
"primary_202002_forest_FALSE","Q591_Q596R1",4.15062468635712e-05,672
"primary_202002_forest_FALSE","Q394",4.13727527466762e-05,673
"primary_202002_forest_FALSE","Q667_Q671R2",4.1350413783321e-05,674
"primary_202002_forest_FALSE","Q70R1",4.13407213870867e-05,675
"primary_202002_forest_FALSE","Q70R3",4.12770153203132e-05,676
"primary_202002_forest_FALSE","Q251",4.12597144167201e-05,677
"primary_202002_forest_FALSE","Q182",4.11492233126203e-05,678
"primary_202002_forest_FALSE","Q95",4.06777462305138e-05,679
"primary_202002_forest_FALSE","Q630_Q632R1",4.06240855559611e-05,680
"primary_202002_forest_FALSE","Q193",4.04445206347415e-05,681
"primary_202002_forest_FALSE","Q646_Q651R4",3.91305518274869e-05,682
"primary_202002_forest_FALSE","Q16",3.91170916940323e-05,683
"primary_202002_forest_FALSE","Q85B",3.77298991821714e-05,684
"primary_202002_forest_FALSE","Q441_Q452R9",3.76980550838278e-05,685
"primary_202002_forest_FALSE","Q585_Q590R5",3.76175855953534e-05,686
"primary_202002_forest_FALSE","Q178R1",3.73844176615125e-05,687
"primary_202002_forest_FALSE","Q441_Q452R10",3.70681753368557e-05,688
"primary_202002_forest_FALSE","Q117R9",3.69927065066791e-05,689
"primary_202002_forest_FALSE","Q551_Q559R4",3.67450702502718e-05,690
"primary_202002_forest_FALSE","Q84",3.67369984825167e-05,691
"primary_202002_forest_FALSE","Q175R1",3.60850606532808e-05,692
"primary_202002_forest_FALSE","Q279",3.5553281490526e-05,693
"primary_202002_forest_FALSE","Q640_Q645R6",3.5399855280875e-05,694
"primary_202002_forest_FALSE","Q97",3.47413738767933e-05,695
"primary_202002_forest_FALSE","Q763_Q766R1",3.45828034115717e-05,696
"primary_202002_forest_FALSE","Q175R3",3.44276623659653e-05,697
"primary_202002_forest_FALSE","Q767_Q771R5",3.42681608881462e-05,698
"primary_202002_forest_FALSE","Q467_Q469R3",3.40246130906961e-05,699
"primary_202002_forest_FALSE","Q441_Q452R6",3.39509348147313e-05,700
"primary_202002_forest_FALSE","Q406",3.39133758465213e-05,701
"primary_202002_forest_FALSE","Q505_Q508R2",3.38256257339506e-05,702
"primary_202002_forest_FALSE","Q573",3.36974396181732e-05,703
"primary_202002_forest_FALSE","Q630_Q632R3",3.35625723675597e-05,704
"primary_202002_forest_FALSE","Q69",3.31412961364439e-05,705
"primary_202002_forest_FALSE","Q391_Q393R2",3.3039380576266e-05,706
"primary_202002_forest_FALSE","Q273R5",3.25630799964848e-05,707
"primary_202002_forest_FALSE","Q441_Q452R8",3.11803551439026e-05,708
"primary_202002_forest_FALSE","Q585_Q590R6",3.10522905517928e-05,709
"primary_202002_forest_FALSE","Q172R1",3.08310221048055e-05,710
"primary_202002_forest_FALSE","Q78",2.95059896369622e-05,711
"primary_202002_forest_FALSE","Q667_Q671R4",2.89250148173409e-05,712
"primary_202002_forest_FALSE","Q396_Q398R3",2.8775773627208e-05,713
"primary_202002_forest_FALSE","Q494_Q503R5",2.83246597039132e-05,714
"primary_202002_forest_FALSE","Q646_Q651R5",2.74825705774498e-05,715
"primary_202002_forest_FALSE","Q640_Q645R4",2.6883627026954e-05,716
"primary_202002_forest_FALSE","Q640_Q645R1",2.6810484047909e-05,717
"primary_202002_forest_FALSE","S3B",2.51809809137367e-05,718
"primary_202002_forest_FALSE","Q585_Q590R2",2.48950438041686e-05,719
"primary_202002_forest_FALSE","Q692",2.35993365352948e-05,720
"primary_202002_forest_FALSE","Q273R2",2.348218526451e-05,721
"primary_202002_forest_FALSE","Q767_Q771R1",2.30369861137394e-05,722
"primary_202002_forest_FALSE","Q667_Q671R5",2.22494162453114e-05,723
"primary_202002_forest_FALSE","Q87",2.20539490204787e-05,724
"primary_202002_forest_FALSE","Q170",2.17636405425598e-05,725
"primary_202002_forest_FALSE","S1",2.12112825270596e-05,726
"primary_202002_forest_FALSE","Q627",2.11924089387397e-05,727
"primary_202002_forest_FALSE","Q88",2.11677108257603e-05,728
"primary_202002_forest_FALSE","Q249",2.09862038323256e-05,729
"primary_202002_forest_FALSE","Q255",2.08380951408915e-05,730
"primary_202002_forest_FALSE","S2_RACE_PRIME",1.99053917243005e-05,731
"primary_202002_forest_FALSE","Q613",1.97722995461987e-05,732
"primary_202002_forest_FALSE","Q267",1.97456469621945e-05,733
"primary_202002_forest_FALSE","Q585_Q590R1",1.89108463774279e-05,734
"primary_202002_forest_FALSE","Q494_Q503R7",1.83145125636235e-05,735
"primary_202002_forest_FALSE","Q400",1.82507083714456e-05,736
"primary_202002_forest_FALSE","Q405",1.72596815536148e-05,737
"primary_202002_forest_FALSE","Q767_Q771R2",1.7123486269111e-05,738
"primary_202002_forest_FALSE","Q441_Q452R2",1.70578762691345e-05,739
"primary_202002_forest_FALSE","Q763_Q766R4",1.66204111720766e-05,740
"primary_202002_forest_FALSE","Q441_Q452R3",1.6439176361952e-05,741
"primary_202002_forest_FALSE","Q252",1.61602469596462e-05,742
"primary_202002_forest_FALSE","Q493",1.59268370124681e-05,743
"primary_202002_forest_FALSE","S7",1.51165001118687e-05,744
"primary_202002_forest_FALSE","Q441_Q452R4",1.48591411904118e-05,745
"primary_202002_forest_FALSE","Q463",1.44263193528556e-05,746
"primary_202002_forest_FALSE","Q646_Q651R3",1.37302305075451e-05,747
"primary_202002_forest_FALSE","Q391_Q393R3",1.3357931989236e-05,748
"primary_202002_forest_FALSE","Q467_Q469R1",1.19304583376218e-05,749
"primary_202002_forest_FALSE","Q630_Q632R2",1.14617621367721e-05,750
"primary_202002_forest_FALSE","Q767_Q771R3",1.1320751457141e-05,751
"primary_202002_forest_FALSE","Q818",1.12689411226199e-05,752
"primary_202002_forest_FALSE","Q470",1.10271468858031e-05,753
"primary_202002_forest_FALSE","Q441_Q452R12",1.09895777372229e-05,754
"primary_202002_forest_FALSE","Q429_Q440R6",1.09046387041695e-05,755
"primary_202002_forest_FALSE","Q356",1.00948666218298e-05,756
"primary_202002_forest_FALSE","Q111R3",9.95444376563815e-06,757
"primary_202002_forest_FALSE","Q583",9.08906113715013e-06,758
"primary_202002_forest_FALSE","Q253",8.97591008678303e-06,759
"primary_202002_forest_FALSE","Q269",8.71952793157496e-06,760
"primary_202002_forest_FALSE","S3C",8.31752009285413e-06,761
"primary_202002_forest_FALSE","Q585_Q590R4",6.51235679750963e-06,762
"primary_202002_forest_FALSE","S2_RACE",0,763
"primary_202002_forest_FALSE","Q585_Q590R3",0,763
"withheld_202002_forest_FALSE","Q543",0.07583667625767,1
"withheld_202002_forest_FALSE","Q358",0.0596138650389247,2
"withheld_202002_forest_FALSE","Q308R7",0.0404137369701607,3
"withheld_202002_forest_FALSE","Q606",0.0323447522488794,4
"withheld_202002_forest_FALSE","Q1",0.0160950209161624,5
"withheld_202002_forest_FALSE","Q43",0.015959546705209,6
"withheld_202002_forest_FALSE","Q308R2",0.00973987116958793,7
"withheld_202002_forest_FALSE","Q706_Q708R1",0.00865254344826785,8
"withheld_202002_forest_FALSE","Q563_Q572R10",0.00799692202187165,9
"withheld_202002_forest_FALSE","Q485",0.00779396043749897,10
"withheld_202002_forest_FALSE","Q184R1",0.00686846747883747,11
"withheld_202002_forest_FALSE","Q607_Q610R2",0.0061531280320095,12
"withheld_202002_forest_FALSE","Q563_Q572R9",0.00611879443194752,13
"withheld_202002_forest_FALSE","Q563_Q572R3",0.00520432798619742,14
"withheld_202002_forest_FALSE","Q308R6",0.00426720419155893,15
"withheld_202002_forest_FALSE","Q308R5",0.00357143267846767,16
"withheld_202002_forest_FALSE","Q607_Q610R4",0.00352955056369053,17
"withheld_202002_forest_FALSE","Q607_Q610R3",0.00341845251166148,18
"withheld_202002_forest_FALSE","Q60",0.00327439672467317,19
"withheld_202002_forest_FALSE","Q131R3",0.00312709311139973,20
"withheld_202002_forest_FALSE","Q504R6",0.00306497572481261,21
"withheld_202002_forest_FALSE","Q144",0.00294585820031952,22
"withheld_202002_forest_FALSE","Q563_Q572R5",0.00269790896148027,23
"withheld_202002_forest_FALSE","Q607_Q610R1",0.00269264065204755,24
"withheld_202002_forest_FALSE","Q385",0.0026563232490925,25
"withheld_202002_forest_FALSE","Q217R1",0.00259341252659282,26
"withheld_202002_forest_FALSE","Q584",0.00240800872565444,27
"withheld_202002_forest_FALSE","Q619_Q626R5",0.00240761574953259,28
"withheld_202002_forest_FALSE","Q208R5",0.00232227715356985,29
"withheld_202002_forest_FALSE","Q183",0.00229552942094027,30
"withheld_202002_forest_FALSE","Q131R2",0.00223103964020818,31
"withheld_202002_forest_FALSE","Q295",0.00219676746277114,32
"withheld_202002_forest_FALSE","Q563_Q572R6",0.00202485676153368,33
"withheld_202002_forest_FALSE","Q504R3",0.00200357948379573,34
"withheld_202002_forest_FALSE","Q619_Q626R8",0.00189857643746863,35
"withheld_202002_forest_FALSE","Q33R3",0.0017625861415774,36
"withheld_202002_forest_FALSE","Q709_712R1",0.00174040125102801,37
"withheld_202002_forest_FALSE","Q154R1",0.00171121538584971,38
"withheld_202002_forest_FALSE","Q715_718R1",0.00168816021611121,39
"withheld_202002_forest_FALSE","Q619_Q626R7",0.00149764136678988,40
"withheld_202002_forest_FALSE","Q44",0.00149350378864855,41
"withheld_202002_forest_FALSE","Q332",0.00146526621613844,42
"withheld_202002_forest_FALSE","Q225R14",0.00142824090873832,43
"withheld_202002_forest_FALSE","Q329",0.00140781780993853,44
"withheld_202002_forest_FALSE","Q563_Q572R7",0.00136496596898439,45
"withheld_202002_forest_FALSE","Q539",0.0013354362346613,46
"withheld_202002_forest_FALSE","Q58",0.0012880510108299,47
"withheld_202002_forest_FALSE","Q475",0.0012324746172421,48
"withheld_202002_forest_FALSE","Q384R1",0.00121300968977935,49
"withheld_202002_forest_FALSE","Q32",0.00120920095414877,50
"withheld_202002_forest_FALSE","Q428",0.00120683419158272,51
"withheld_202002_forest_FALSE","Q774",0.0011967991189929,52
"withheld_202002_forest_FALSE","Q619_Q626R2",0.00117546597859229,53
"withheld_202002_forest_FALSE","Q487_Q489R2",0.00115297761151867,54
"withheld_202002_forest_FALSE","Q248",0.00114318836426173,55
"withheld_202002_forest_FALSE","Q117R13",0.00105792786627036,56
"withheld_202002_forest_FALSE","Q131R8",0.00105540386419506,57
"withheld_202002_forest_FALSE","Q131R6",0.00104086389655812,58
"withheld_202002_forest_FALSE","Q563_Q572R8",0.00103874893778882,59
"withheld_202002_forest_FALSE","Q62R4",0.00102944549212081,60
"withheld_202002_forest_FALSE","Q683",0.00102590053595865,61
"withheld_202002_forest_FALSE","Q706_Q708R2",0.00100830061815499,62
"withheld_202002_forest_FALSE","Q368",0.000991179033229297,63
"withheld_202002_forest_FALSE","VQ774",0.000962539414857008,64
"withheld_202002_forest_FALSE","Q603",0.000905232962763098,65
"withheld_202002_forest_FALSE","Q131R1",0.00089174375583017,66
"withheld_202002_forest_FALSE","Q467_Q469R2",0.000883795819071736,67
"withheld_202002_forest_FALSE","Q116",0.000875147801638797,68
"withheld_202002_forest_FALSE","Q689",0.000861781196092602,69
"withheld_202002_forest_FALSE","Q217R2",0.000858796940856329,70
"withheld_202002_forest_FALSE","Q225R8",0.000854482703772776,71
"withheld_202002_forest_FALSE","Q117R11",0.000808918462036235,72
"withheld_202002_forest_FALSE","Q806",0.000791562661078656,73
"withheld_202002_forest_FALSE","Q582",0.000790305985976929,74
"withheld_202002_forest_FALSE","S4",0.000785331451425978,75
"withheld_202002_forest_FALSE","Q359R1",0.000782747892225417,76
"withheld_202002_forest_FALSE","Q793",0.00077925888488345,77
"withheld_202002_forest_FALSE","Q131R10",0.000748909873705264,78
"withheld_202002_forest_FALSE","Q504R4",0.000738123190611716,79
"withheld_202002_forest_FALSE","Q629",0.000721104398231254,80
"withheld_202002_forest_FALSE","Q76",0.000719609833164339,81
"withheld_202002_forest_FALSE","Q38",0.000713167898572968,82
"withheld_202002_forest_FALSE","Q131R5",0.000711950572732309,83
"withheld_202002_forest_FALSE","Q691",0.000699804216512085,84
"withheld_202002_forest_FALSE","Q308R3",0.000664102962444385,85
"withheld_202002_forest_FALSE","Q359R2",0.000660587307436119,86
"withheld_202002_forest_FALSE","Q225R1",0.000658809666423276,87
"withheld_202002_forest_FALSE","Q378",0.000654858344114944,88
"withheld_202002_forest_FALSE","Q366",0.000640135662293243,89
"withheld_202002_forest_FALSE","Q184R2",0.000640135463465791,90
"withheld_202002_forest_FALSE","Q217R3",0.000634732798195547,91
"withheld_202002_forest_FALSE","Q308R1",0.000628483974720705,92
"withheld_202002_forest_FALSE","Q794",0.000599080324930458,93
"withheld_202002_forest_FALSE","Q377",0.000598905113908736,94
"withheld_202002_forest_FALSE","Q257CR4",0.000598052886241071,95
"withheld_202002_forest_FALSE","Q162R8",0.000596455213882413,96
"withheld_202002_forest_FALSE","Q33R1",0.000594774221649536,97
"withheld_202002_forest_FALSE","Q619_Q626R6",0.000589241856202546,98
"withheld_202002_forest_FALSE","Q396_Q398R1",0.000582127015914799,99
"withheld_202002_forest_FALSE","Q184R3",0.00058001841234081,100
"withheld_202002_forest_FALSE","Q131R7",0.000577150137605474,101
"withheld_202002_forest_FALSE","Q131R9",0.000576256097664756,102
"withheld_202002_forest_FALSE","Q243R4",0.000563020047485009,103
"withheld_202002_forest_FALSE","Q213R2",0.000561727582296794,104
"withheld_202002_forest_FALSE","S10",0.0005585798999153,105
"withheld_202002_forest_FALSE","VQ773",0.000555749894726467,106
"withheld_202002_forest_FALSE","Q131R11",0.00055563303469828,107
"withheld_202002_forest_FALSE","Q59",0.000542987762179084,108
"withheld_202002_forest_FALSE","Q619_Q626R1",0.000541353723639978,109
"withheld_202002_forest_FALSE","Q563_Q572R4",0.000533540306299801,110
"withheld_202002_forest_FALSE","Q493",0.000531536271246762,111
"withheld_202002_forest_FALSE","Q178R3",0.000528936266302352,112
"withheld_202002_forest_FALSE","Q208R2",0.000525945287305426,113
"withheld_202002_forest_FALSE","Q42",0.00052416249339234,114
"withheld_202002_forest_FALSE","Q257AR1",0.000519984910374991,115
"withheld_202002_forest_FALSE","Q417_Q424R7",0.000517934328655493,116
"withheld_202002_forest_FALSE","Q250R1",0.000515476173877527,117
"withheld_202002_forest_FALSE","Q408",0.00049938410356915,118
"withheld_202002_forest_FALSE","Q221R4",0.000494856646591024,119
"withheld_202002_forest_FALSE","Q619_Q626R3",0.000489373568407818,120
"withheld_202002_forest_FALSE","Q225R12",0.000484103405125011,121
"withheld_202002_forest_FALSE","Q619_Q626R4",0.000482546067722093,122
"withheld_202002_forest_FALSE","Q213R4",0.000478858855631719,123
"withheld_202002_forest_FALSE","Q773",0.000473205704814165,124
"withheld_202002_forest_FALSE","Q117R3",0.000470886550642644,125
"withheld_202002_forest_FALSE","Q348",0.000464571661821674,126
"withheld_202002_forest_FALSE","Q709_712R2",0.000457043208718074,127
"withheld_202002_forest_FALSE","Q61",0.000449997912464969,128
"withheld_202002_forest_FALSE","Q693_Q700R5",0.000449835056909521,129
"withheld_202002_forest_FALSE","Q472_Q474R2",0.000445093695765267,130
"withheld_202002_forest_FALSE","Q715_718R3",0.00044340482969491,131
"withheld_202002_forest_FALSE","Q117R8",0.000442135950578851,132
"withheld_202002_forest_FALSE","Q111R4",0.000427384464379863,133
"withheld_202002_forest_FALSE","Q381_Q383R1",0.000425678377191531,134
"withheld_202002_forest_FALSE","Q371",0.000421233732528678,135
"withheld_202002_forest_FALSE","Q799",0.000420876282651713,136
"withheld_202002_forest_FALSE","Q726",0.000418749246867892,137
"withheld_202002_forest_FALSE","Q33R2",0.000417337076343877,138
"withheld_202002_forest_FALSE","Q187R5",0.000411031341790124,139
"withheld_202002_forest_FALSE","Q225R2",0.000410836203551886,140
"withheld_202002_forest_FALSE","Q257CR3",0.000410223440927936,141
"withheld_202002_forest_FALSE","Q264",0.000408052813361963,142
"withheld_202002_forest_FALSE","Q117R4",0.000400829384561223,143
"withheld_202002_forest_FALSE","Q146",0.000400714285819119,144
"withheld_202002_forest_FALSE","Q221R3",0.000397974709566451,145
"withheld_202002_forest_FALSE","Q504R2",0.000397872954793479,146
"withheld_202002_forest_FALSE","Q742",0.000393673938463974,147
"withheld_202002_forest_FALSE","Q417_Q424R6",0.000391738338029971,148
"withheld_202002_forest_FALSE","Q693_Q700R6",0.000389899221767672,149
"withheld_202002_forest_FALSE","Q417_Q424R3",0.000389630730210564,150
"withheld_202002_forest_FALSE","Q257AR2",0.000388365613173533,151
"withheld_202002_forest_FALSE","Q331",0.000382183834250726,152
"withheld_202002_forest_FALSE","Q798",0.000381044037125942,153
"withheld_202002_forest_FALSE","Q208R4",0.00037969805274972,154
"withheld_202002_forest_FALSE","Q693_Q700R1",0.000378317816479776,155
"withheld_202002_forest_FALSE","Q563_Q572R1",0.000376832401856491,156
"withheld_202002_forest_FALSE","Q659",0.000375098906311669,157
"withheld_202002_forest_FALSE","Q265",0.000372634320568167,158
"withheld_202002_forest_FALSE","Q800",0.000372453730125643,159
"withheld_202002_forest_FALSE","Q349",0.000371026756520037,160
"withheld_202002_forest_FALSE","Q749",0.00036953595132858,161
"withheld_202002_forest_FALSE","Q225R6",0.000366511987087771,162
"withheld_202002_forest_FALSE","Q779",0.000362221993913842,163
"withheld_202002_forest_FALSE","Q490",0.000356527872368225,164
"withheld_202002_forest_FALSE","Q810",0.000356506302678875,165
"withheld_202002_forest_FALSE","Q131R4",0.0003542657486953,166
"withheld_202002_forest_FALSE","Q662",0.000350397973768644,167
"withheld_202002_forest_FALSE","Q162R3",0.000350145313112025,168
"withheld_202002_forest_FALSE","Q803",0.000350095554447664,169
"withheld_202002_forest_FALSE","Q727_Q731R3",0.000350082144572427,170
"withheld_202002_forest_FALSE","Q13",0.000348697154434157,171
"withheld_202002_forest_FALSE","Q813",0.000347614359773662,172
"withheld_202002_forest_FALSE","Q359R3",0.000346825176263873,173
"withheld_202002_forest_FALSE","Q187R1",0.000346436460747935,174
"withheld_202002_forest_FALSE","Q808",0.000346153645659906,175
"withheld_202002_forest_FALSE","Q788",0.000341010427600499,176
"withheld_202002_forest_FALSE","Q429_Q440R11",0.000339053894668023,177
"withheld_202002_forest_FALSE","Q62R5",0.000338905764608293,178
"withheld_202002_forest_FALSE","Q281",0.000337150522214217,179
"withheld_202002_forest_FALSE","Q372",0.00033705872187301,180
"withheld_202002_forest_FALSE","Q417_Q424R2",0.000337033468633645,181
"withheld_202002_forest_FALSE","Q663_Q666R1",0.000334833577534774,182
"withheld_202002_forest_FALSE","Q178R1",0.000332521238307178,183
"withheld_202002_forest_FALSE","Q709_712R4",0.000330311415318968,184
"withheld_202002_forest_FALSE","Q62R2",0.000330109984611291,185
"withheld_202002_forest_FALSE","Q352",0.000323442421843156,186
"withheld_202002_forest_FALSE","Q478_Q483R2",0.000318845515528708,187
"withheld_202002_forest_FALSE","Q257AR3",0.000318133397302021,188
"withheld_202002_forest_FALSE","Q287R4",0.00031742399833721,189
"withheld_202002_forest_FALSE","Q162R5",0.000313165764410809,190
"withheld_202002_forest_FALSE","Q208R3",0.000312896216138354,191
"withheld_202002_forest_FALSE","Q513_Q516R2",0.000310891718178841,192
"withheld_202002_forest_FALSE","Q162R6",0.000308927302802957,193
"withheld_202002_forest_FALSE","Q709_712R3",0.000307684165033778,194
"withheld_202002_forest_FALSE","Q70R2",0.000305387291223271,195
"withheld_202002_forest_FALSE","Q202",0.000303499089517489,196
"withheld_202002_forest_FALSE","Q509_Q511R1",0.000303116209247075,197
"withheld_202002_forest_FALSE","Q263",0.000302629622045567,198
"withheld_202002_forest_FALSE","Q517",0.000302106084616888,199
"withheld_202002_forest_FALSE","Q478_Q483R3",0.000298482179976473,200
"withheld_202002_forest_FALSE","Q750",0.000296957032520786,201
"withheld_202002_forest_FALSE","Q62R3",0.000295847568230148,202
"withheld_202002_forest_FALSE","Q487_Q489R3",0.000295490248650896,203
"withheld_202002_forest_FALSE","Q271",0.000293399600862499,204
"withheld_202002_forest_FALSE","Q249",0.000291497433581917,205
"withheld_202002_forest_FALSE","Q225R13",0.000291028336592892,206
"withheld_202002_forest_FALSE","Q159R1",0.000289209388301084,207
"withheld_202002_forest_FALSE","Q330",0.000288528009013536,208
"withheld_202002_forest_FALSE","Q207",0.000288208036600441,209
"withheld_202002_forest_FALSE","Q213R1",0.000287584768138436,210
"withheld_202002_forest_FALSE","Q701_Q705R1",0.000286831588718598,211
"withheld_202002_forest_FALSE","Q417_Q424R8",0.000281729182035982,212
"withheld_202002_forest_FALSE","Q256",0.000281259747221029,213
"withheld_202002_forest_FALSE","Q701_Q705R4",0.000279647047580976,214
"withheld_202002_forest_FALSE","Q145",0.000277793832292564,215
"withheld_202002_forest_FALSE","Q754_Q762R7",0.00027579763272889,216
"withheld_202002_forest_FALSE","Q456_Q461R1",0.00027373921261055,217
"withheld_202002_forest_FALSE","Q534",0.000273529551930514,218
"withheld_202002_forest_FALSE","Q529",0.000272836308786079,219
"withheld_202002_forest_FALSE","Q646_Q651R5",0.000271932508562347,220
"withheld_202002_forest_FALSE","Q504R8",0.000271619987243615,221
"withheld_202002_forest_FALSE","Q225R9",0.000271606570809406,222
"withheld_202002_forest_FALSE","Q494_Q503R6",0.000270582762880333,223
"withheld_202002_forest_FALSE","Q417_Q424R5",0.000270579338628134,224
"withheld_202002_forest_FALSE","Q273R3",0.000270558807344339,225
"withheld_202002_forest_FALSE","Q777",0.000270387807570705,226
"withheld_202002_forest_FALSE","Q411_Q416R6",0.000267379200284608,227
"withheld_202002_forest_FALSE","Q560R5",0.000265441798410789,228
"withheld_202002_forest_FALSE","Q478_Q483R6",0.00026536727106791,229
"withheld_202002_forest_FALSE","Q727_Q731R5",0.00026437528238301,230
"withheld_202002_forest_FALSE","Q39",0.000264194353579717,231
"withheld_202002_forest_FALSE","Q471",0.00026396234996301,232
"withheld_202002_forest_FALSE","Q239R3",0.000263037147426795,233
"withheld_202002_forest_FALSE","Q512",0.00026221943093771,234
"withheld_202002_forest_FALSE","Q693_Q700R8",0.000261441235206105,235
"withheld_202002_forest_FALSE","Q616_Q618R1",0.000260619560086158,236
"withheld_202002_forest_FALSE","Q727_Q731R1",0.000260453784560591,237
"withheld_202002_forest_FALSE","Q790",0.000259979047253791,238
"withheld_202002_forest_FALSE","Q782",0.000259518932757282,239
"withheld_202002_forest_FALSE","Q441_Q452R10",0.000259315167531053,240
"withheld_202002_forest_FALSE","Q162R7",0.000258558588460207,241
"withheld_202002_forest_FALSE","Q478_Q483R1",0.000257905249789913,242
"withheld_202002_forest_FALSE","Q562",0.00025697432309786,243
"withheld_202002_forest_FALSE","Q75",0.000256027491904625,244
"withheld_202002_forest_FALSE","Q399",0.000254840197130048,245
"withheld_202002_forest_FALSE","Q706_Q708R3",0.000254652933568679,246
"withheld_202002_forest_FALSE","Q727_Q731R2",0.000253418136237507,247
"withheld_202002_forest_FALSE","Q504R7",0.000252662704911956,248
"withheld_202002_forest_FALSE","Q521_Q528R1",0.000250715113415112,249
"withheld_202002_forest_FALSE","Q429_Q440R9",0.00024969933617527,250
"withheld_202002_forest_FALSE","Q225R4",0.00024864974322642,251
"withheld_202002_forest_FALSE","Q316R1",0.000248306481121467,252
"withheld_202002_forest_FALSE","Q57",0.000247795370259388,253
"withheld_202002_forest_FALSE","Q478_Q483R4",0.000244957179611447,254
"withheld_202002_forest_FALSE","Q513_Q516R3",0.000243510855650897,255
"withheld_202002_forest_FALSE","Q147",0.000242524774933798,256
"withheld_202002_forest_FALSE","Q518",0.000241760996639037,257
"withheld_202002_forest_FALSE","Q45",0.000241307183266966,258
"withheld_202002_forest_FALSE","Q257BR3",0.000240744724160815,259
"withheld_202002_forest_FALSE","Q693_Q700R4",0.00023957023000635,260
"withheld_202002_forest_FALSE","Q411_Q416R3",0.000239456696069639,261
"withheld_202002_forest_FALSE","Q715_718R2",0.000238340815210451,262
"withheld_202002_forest_FALSE","S5",0.000237837793356312,263
"withheld_202002_forest_FALSE","Q99R8",0.000237219660787483,264
"withheld_202002_forest_FALSE","Q261",0.00023636009513571,265
"withheld_202002_forest_FALSE","Q99R6",0.000232900648301389,266
"withheld_202002_forest_FALSE","Q597_Q602R6",0.000232251908151202,267
"withheld_202002_forest_FALSE","Q258",0.000231773463188277,268
"withheld_202002_forest_FALSE","Q754_Q762R5",0.000230340633206947,269
"withheld_202002_forest_FALSE","Q693_Q700R3",0.000229993258153291,270
"withheld_202002_forest_FALSE","Q591_Q596R3",0.000229816981204286,271
"withheld_202002_forest_FALSE","Q425",0.000226853788501194,272
"withheld_202002_forest_FALSE","Q316R5",0.000226768451126003,273
"withheld_202002_forest_FALSE","Q409",0.000226509548508963,274
"withheld_202002_forest_FALSE","Q99R10",0.000223941524310075,275
"withheld_202002_forest_FALSE","Q519",0.000223879388516008,276
"withheld_202002_forest_FALSE","Q560R8",0.000223151793648791,277
"withheld_202002_forest_FALSE","Q597_Q602R5",0.000222613082740836,278
"withheld_202002_forest_FALSE","Q282",0.000222170846331095,279
"withheld_202002_forest_FALSE","Q410",0.000221196277363644,280
"withheld_202002_forest_FALSE","Q544",0.000219649959689739,281
"withheld_202002_forest_FALSE","Q343R4",0.000217740797225532,282
"withheld_202002_forest_FALSE","Q266",0.000217016359480722,283
"withheld_202002_forest_FALSE","Q561",0.000214167776828833,284
"withheld_202002_forest_FALSE","Q162R1",0.000213508637021903,285
"withheld_202002_forest_FALSE","Q217R4",0.000212734826292433,286
"withheld_202002_forest_FALSE","Q99R3",0.000212671148576017,287
"withheld_202002_forest_FALSE","Q802",0.000211622741301986,288
"withheld_202002_forest_FALSE","Q494_Q503R9",0.000211219460383247,289
"withheld_202002_forest_FALSE","NEWQ67",0.000211021628050915,290
"withheld_202002_forest_FALSE","Q347",0.000210858478401326,291
"withheld_202002_forest_FALSE","Q208R1",0.000210091610096456,292
"withheld_202002_forest_FALSE","Q154R4",0.000209645704672862,293
"withheld_202002_forest_FALSE","Q171",0.000209507282892876,294
"withheld_202002_forest_FALSE","Q99R2",0.00020862837354898,295
"withheld_202002_forest_FALSE","Q676_Q678R1",0.000207813769336108,296
"withheld_202002_forest_FALSE","Q343R2",0.000207801664318665,297
"withheld_202002_forest_FALSE","Q560R1",0.000207716710183888,298
"withheld_202002_forest_FALSE","Q820",0.000207279787635195,299
"withheld_202002_forest_FALSE","Q797",0.000206193593635262,300
"withheld_202002_forest_FALSE","Q117R10",0.000205073311618733,301
"withheld_202002_forest_FALSE","Q70R1",0.000204947215986004,302
"withheld_202002_forest_FALSE","Q316R2",0.000204902310354284,303
"withheld_202002_forest_FALSE","Q110",0.000204589327706339,304
"withheld_202002_forest_FALSE","Q205",0.000202718526154198,305
"withheld_202002_forest_FALSE","Q243R2",0.000202672188784304,306
"withheld_202002_forest_FALSE","Q206",0.000202558945962076,307
"withheld_202002_forest_FALSE","Q316R3",0.000202454729186611,308
"withheld_202002_forest_FALSE","Q441_Q452R4",0.000200092756429178,309
"withheld_202002_forest_FALSE","Q549R7",0.000199242803597236,310
"withheld_202002_forest_FALSE","Q574",0.000198688370175677,311
"withheld_202002_forest_FALSE","Q513_Q516R1",0.000198211079992192,312
"withheld_202002_forest_FALSE","Q257BR4",0.000194980773761439,313
"withheld_202002_forest_FALSE","Q407",0.000193729453945085,314
"withheld_202002_forest_FALSE","Q604_Q605R2",0.000191924276516152,315
"withheld_202002_forest_FALSE","Q633",0.000190918202495589,316
"withheld_202002_forest_FALSE","Q504R1",0.000189970849520169,317
"withheld_202002_forest_FALSE","Q221R2",0.000189331965792741,318
"withheld_202002_forest_FALSE","Q401_Q404R2",0.000189315155350729,319
"withheld_202002_forest_FALSE","Q505_Q508R1",0.000188681814060773,320
"withheld_202002_forest_FALSE","Q316R4",0.000188440300709323,321
"withheld_202002_forest_FALSE","Q225R5",0.000188277556681984,322
"withheld_202002_forest_FALSE","Q690",0.00018730203826096,323
"withheld_202002_forest_FALSE","Q117R6",0.000186883945683558,324
"withheld_202002_forest_FALSE","Q30",0.000186663952728932,325
"withheld_202002_forest_FALSE","Q809",0.0001865119167275,326
"withheld_202002_forest_FALSE","Q268",0.000186245071437563,327
"withheld_202002_forest_FALSE","Q560R2",0.000186212780081408,328
"withheld_202002_forest_FALSE","Q117R12",0.000185575360308542,329
"withheld_202002_forest_FALSE","Q811",0.000184574355337244,330
"withheld_202002_forest_FALSE","Q395",0.000183483449661951,331
"withheld_202002_forest_FALSE","Q411_Q416R1",0.00018345819140027,332
"withheld_202002_forest_FALSE","Q812",0.000183101919220939,333
"withheld_202002_forest_FALSE","Q429_Q440R2",0.000182707635297676,334
"withheld_202002_forest_FALSE","Q386_Q390R3",0.00018267048966904,335
"withheld_202002_forest_FALSE","Q746B",0.000182498454206009,336
"withheld_202002_forest_FALSE","Q429_Q440R8",0.000181530458543946,337
"withheld_202002_forest_FALSE","Q785",0.000180913235640763,338
"withheld_202002_forest_FALSE","Q239R4",0.000180736634666066,339
"withheld_202002_forest_FALSE","Q221R1",0.000180565040860724,340
"withheld_202002_forest_FALSE","Q540R1",0.000179587359834386,341
"withheld_202002_forest_FALSE","Q257AR4",0.000179094393851417,342
"withheld_202002_forest_FALSE","Q591_Q596R5",0.000178993760725094,343
"withheld_202002_forest_FALSE","Q805",0.000177023491635339,344
"withheld_202002_forest_FALSE","Q504R5",0.000176856764911669,345
"withheld_202002_forest_FALSE","Q509_Q511R2",0.000176834226841653,346
"withheld_202002_forest_FALSE","Q98",0.000176590258069305,347
"withheld_202002_forest_FALSE","Q111R5",0.000176262628356071,348
"withheld_202002_forest_FALSE","Q417_Q424R4",0.000172813023090508,349
"withheld_202002_forest_FALSE","Q494_Q503R5",0.000171461768907375,350
"withheld_202002_forest_FALSE","Q159R2",0.000171252752056165,351
"withheld_202002_forest_FALSE","Q93",0.000171114769255019,352
"withheld_202002_forest_FALSE","Q117R7",0.0001709885431507,353
"withheld_202002_forest_FALSE","Q99R1",0.000170900786443301,354
"withheld_202002_forest_FALSE","Q77R8",0.000170300345056221,355
"withheld_202002_forest_FALSE","Q551_Q559R1",0.000170158097431073,356
"withheld_202002_forest_FALSE","Q494_Q503R3",0.000169910935960824,357
"withheld_202002_forest_FALSE","Q287R7",0.000169619937151328,358
"withheld_202002_forest_FALSE","Q535_Q538R3",0.000169477439638018,359
"withheld_202002_forest_FALSE","Q308R4",0.000169466294561864,360
"withheld_202002_forest_FALSE","Q187R3",0.000167925142261138,361
"withheld_202002_forest_FALSE","Q472_Q474R3",0.000166133353489296,362
"withheld_202002_forest_FALSE","Q693_Q700R2",0.00016565061983653,363
"withheld_202002_forest_FALSE","Q68",0.000165270614559922,364
"withheld_202002_forest_FALSE","Q661",0.000164848261507293,365
"withheld_202002_forest_FALSE","Q801",0.000164751389790094,366
"withheld_202002_forest_FALSE","Q187R4",0.000164536113328437,367
"withheld_202002_forest_FALSE","Q775",0.000164060128293803,368
"withheld_202002_forest_FALSE","Q67",0.000163935685971177,369
"withheld_202002_forest_FALSE","Q732_Q737R6",0.000163865600079335,370
"withheld_202002_forest_FALSE","Q257BR1",0.000163771578263033,371
"withheld_202002_forest_FALSE","Q754_Q762R2",0.000163386519595645,372
"withheld_202002_forest_FALSE","Q796",0.000163189800573209,373
"withheld_202002_forest_FALSE","Q162R4",0.000162840300955667,374
"withheld_202002_forest_FALSE","Q560R3",0.00016242249312661,375
"withheld_202002_forest_FALSE","Q273R4",0.000162180286316472,376
"withheld_202002_forest_FALSE","Q429_Q440R6",0.000161593805711494,377
"withheld_202002_forest_FALSE","Q381_Q383R2",0.000160490184629061,378
"withheld_202002_forest_FALSE","Q550",0.000160441207075434,379
"withheld_202002_forest_FALSE","Q616_Q618R3",0.000160188318655433,380
"withheld_202002_forest_FALSE","Q77R7",0.000159312734085719,381
"withheld_202002_forest_FALSE","Q560R6",0.000159155225877339,382
"withheld_202002_forest_FALSE","Q225R7",0.000157825553294667,383
"withheld_202002_forest_FALSE","Q178R2",0.000157717438551534,384
"withheld_202002_forest_FALSE","Q675",0.000157421610071666,385
"withheld_202002_forest_FALSE","Q486",0.000157233372389012,386
"withheld_202002_forest_FALSE","Q560R7",0.000155590782000193,387
"withheld_202002_forest_FALSE","Q29",0.000155345846108048,388
"withheld_202002_forest_FALSE","Q99R4",0.000155225993237769,389
"withheld_202002_forest_FALSE","Q816",0.00015519938681665,390
"withheld_202002_forest_FALSE","Q117R5",0.000154473101530837,391
"withheld_202002_forest_FALSE","Q472_Q474R1",0.000154411350160732,392
"withheld_202002_forest_FALSE","Q687",0.000153848511885431,393
"withheld_202002_forest_FALSE","Q701_Q705R2",0.000153680339290472,394
"withheld_202002_forest_FALSE","S13",0.000153315713448882,395
"withheld_202002_forest_FALSE","Q69",0.000153171412178789,396
"withheld_202002_forest_FALSE","Q548R7",0.000152577519101846,397
"withheld_202002_forest_FALSE","Q456_Q461R3",0.000152062086174087,398
"withheld_202002_forest_FALSE","Q752",0.000151488216456212,399
"withheld_202002_forest_FALSE","Q701_Q705R3",0.000149241433717287,400
"withheld_202002_forest_FALSE","Q193",0.000146996965542811,401
"withheld_202002_forest_FALSE","Q31",0.000146810724415651,402
"withheld_202002_forest_FALSE","Q111R3",0.000146738375102169,403
"withheld_202002_forest_FALSE","Q386_Q390R5",0.0001465770541318,404
"withheld_202002_forest_FALSE","Q213R3",0.000146355815641715,405
"withheld_202002_forest_FALSE","Q148",0.000146236766316127,406
"withheld_202002_forest_FALSE","Q99R7",0.000146195188700359,407
"withheld_202002_forest_FALSE","Q401_Q404R4",0.000146013410424469,408
"withheld_202002_forest_FALSE","Q667_Q671R1",0.000145921102215651,409
"withheld_202002_forest_FALSE","Q679_Q682R2",0.000145848540650709,410
"withheld_202002_forest_FALSE","Q154R5",0.000145263180014808,411
"withheld_202002_forest_FALSE","Q159R3",0.000144580495786918,412
"withheld_202002_forest_FALSE","Q551_Q559R9",0.000144580149890873,413
"withheld_202002_forest_FALSE","Q194",0.000144479124150567,414
"withheld_202002_forest_FALSE","Q257BR2",0.000144021002685721,415
"withheld_202002_forest_FALSE","Q693_Q700R7",0.000143676255158847,416
"withheld_202002_forest_FALSE","Q652_Q658R6",0.000143673258224671,417
"withheld_202002_forest_FALSE","Q747",0.000143276889442733,418
"withheld_202002_forest_FALSE","Q316R6",0.000142407867904614,419
"withheld_202002_forest_FALSE","Q411_Q416R4",0.000141826162310338,420
"withheld_202002_forest_FALSE","Q715_718R4",0.000141698666677297,421
"withheld_202002_forest_FALSE","Q131R13",0.000141557245008466,422
"withheld_202002_forest_FALSE","Q628",0.00014124261702249,423
"withheld_202002_forest_FALSE","Q640_Q645R1",0.000140680523198629,424
"withheld_202002_forest_FALSE","Q270",0.000140588370306637,425
"withheld_202002_forest_FALSE","Q429_Q440R4",0.000140581838874261,426
"withheld_202002_forest_FALSE","Q748",0.000139499984261517,427
"withheld_202002_forest_FALSE","Q754_Q762R1",0.000138792572957167,428
"withheld_202002_forest_FALSE","Q673",0.000138319698438165,429
"withheld_202002_forest_FALSE","Q286",0.000137984562606705,430
"withheld_202002_forest_FALSE","Q685",0.000137838707091907,431
"withheld_202002_forest_FALSE","Q551_Q559R8",0.000136954915953827,432
"withheld_202002_forest_FALSE","Q795",0.000136929392117823,433
"withheld_202002_forest_FALSE","Q273R5",0.0001345020561461,434
"withheld_202002_forest_FALSE","Q33R5",0.000133921342211225,435
"withheld_202002_forest_FALSE","Q520",0.00013337469634281,436
"withheld_202002_forest_FALSE","Q591_Q596R1",0.000132900510102121,437
"withheld_202002_forest_FALSE","Q339",0.000132778099027597,438
"withheld_202002_forest_FALSE","Q679_Q682R1",0.000131821102797163,439
"withheld_202002_forest_FALSE","Q285",0.000131789795918948,440
"withheld_202002_forest_FALSE","Q70R4",0.000131773939849297,441
"withheld_202002_forest_FALSE","Q676_Q678R3",0.000131256633182167,442
"withheld_202002_forest_FALSE","Q597_Q602R2",0.000131217795040787,443
"withheld_202002_forest_FALSE","Q492",0.000131048816870025,444
"withheld_202002_forest_FALSE","Q77R5",0.000130915074037507,445
"withheld_202002_forest_FALSE","Q713",0.000130808086895976,446
"withheld_202002_forest_FALSE","Q732_Q737R5",0.000129598629062729,447
"withheld_202002_forest_FALSE","Q701_Q705R5",0.000129562221525697,448
"withheld_202002_forest_FALSE","Q411_Q416R5",0.000129525524935476,449
"withheld_202002_forest_FALSE","Q547R7",0.000127931659708331,450
"withheld_202002_forest_FALSE","Q379",0.00012708117020948,451
"withheld_202002_forest_FALSE","Q78",0.000126923521864204,452
"withheld_202002_forest_FALSE","Q727_Q731R4",0.000126816359976497,453
"withheld_202002_forest_FALSE","Q99R5",0.000126768457964613,454
"withheld_202002_forest_FALSE","S14",0.000126190195686328,455
"withheld_202002_forest_FALSE","Q604_Q605R1",0.000126087124728819,456
"withheld_202002_forest_FALSE","Q154R2",0.000125942007516158,457
"withheld_202002_forest_FALSE","Q351",0.000124947421734862,458
"withheld_202002_forest_FALSE","Q660",0.00012433937511159,459
"withheld_202002_forest_FALSE","Q551_Q559R2",0.000123292007349781,460
"withheld_202002_forest_FALSE","Q396_Q398R2",0.000122959006478677,461
"withheld_202002_forest_FALSE","Q77R4",0.000122817164839939,462
"withheld_202002_forest_FALSE","Q738_Q740R1",0.000122767413370987,463
"withheld_202002_forest_FALSE","Q401_Q404R3",0.000122442166217275,464
"withheld_202002_forest_FALSE","Q455",0.000122051918269275,465
"withheld_202002_forest_FALSE","Q287R1",0.000122030779594296,466
"withheld_202002_forest_FALSE","Q597_Q602R4",0.000122001361338813,467
"withheld_202002_forest_FALSE","Q262",0.000121273174980968,468
"withheld_202002_forest_FALSE","Q640_Q645R4",0.000120832129138086,469
"withheld_202002_forest_FALSE","Q117R1",0.000120592122396638,470
"withheld_202002_forest_FALSE","Q131R12",0.000120583873226226,471
"withheld_202002_forest_FALSE","Q365",0.000120512053704561,472
"withheld_202002_forest_FALSE","Q343R1",0.000119558295691285,473
"withheld_202002_forest_FALSE","Q70R3",0.00011953253868766,474
"withheld_202002_forest_FALSE","Q551_Q559R4",0.000119513210134298,475
"withheld_202002_forest_FALSE","Q663_Q666R4",0.000119400641757697,476
"withheld_202002_forest_FALSE","Q257CR2",0.000118781579351872,477
"withheld_202002_forest_FALSE","Q394",0.000118748377864358,478
"withheld_202002_forest_FALSE","Q278",0.000118609181172939,479
"withheld_202002_forest_FALSE","Q343R3",0.000118455961404893,480
"withheld_202002_forest_FALSE","Q741",0.00011841086515058,481
"withheld_202002_forest_FALSE","Q751",0.000118352377228058,482
"withheld_202002_forest_FALSE","Q521_Q528R4",0.000117537561424473,483
"withheld_202002_forest_FALSE","Q411_Q416R2",0.000117416055807059,484
"withheld_202002_forest_FALSE","Q429_Q440R7",0.000117202457884226,485
"withheld_202002_forest_FALSE","Q99R9",0.000117082959426443,486
"withheld_202002_forest_FALSE","Q535_Q538R1",0.000116981785225754,487
"withheld_202002_forest_FALSE","Q494_Q503R7",0.000116923049934101,488
"withheld_202002_forest_FALSE","Q754_Q762R4",0.00011644985044081,489
"withheld_202002_forest_FALSE","Q521_Q528R6",0.000116342582072568,490
"withheld_202002_forest_FALSE","Q162R2",0.000116058222674242,491
"withheld_202002_forest_FALSE","Q243R1",0.000115789564055795,492
"withheld_202002_forest_FALSE","Q77R9",0.00011519352491379,493
"withheld_202002_forest_FALSE","Q250R5",0.000114958093039432,494
"withheld_202002_forest_FALSE","Q551_Q559R3",0.000114649166156236,495
"withheld_202002_forest_FALSE","Q257CR1",0.000114568845431149,496
"withheld_202002_forest_FALSE","Q20",0.000114303311573685,497
"withheld_202002_forest_FALSE","Q187R2",0.000114239032102687,498
"withheld_202002_forest_FALSE","Q819",0.000113972879546625,499
"withheld_202002_forest_FALSE","Q225R3",0.000113570364265721,500
"withheld_202002_forest_FALSE","Q154R3",0.000112583285575892,501
"withheld_202002_forest_FALSE","Q720_Q722R3",0.000112212963348231,502
"withheld_202002_forest_FALSE","Q111R2",0.000112204275618931,503
"withheld_202002_forest_FALSE","Q804",0.000112142388645411,504
"withheld_202002_forest_FALSE","Q591_Q596R4",0.000110079768062546,505
"withheld_202002_forest_FALSE","Q396_Q398R3",0.00010985220726332,506
"withheld_202002_forest_FALSE","Q652_Q658R1",0.000109734829729893,507
"withheld_202002_forest_FALSE","Q616_Q618R2",0.000109662373721857,508
"withheld_202002_forest_FALSE","Q287R5",0.000109220114524836,509
"withheld_202002_forest_FALSE","Q454",0.000109139092983415,510
"withheld_202002_forest_FALSE","Q84",0.000107142949200418,511
"withheld_202002_forest_FALSE","Q386_Q390R2",0.000107030235388949,512
"withheld_202002_forest_FALSE","S2_RACE",0.000106818395504395,513
"withheld_202002_forest_FALSE","Q441_Q452R2",0.000106729012234998,514
"withheld_202002_forest_FALSE","Q714",0.000106376217848505,515
"withheld_202002_forest_FALSE","Q477",0.000106253045297703,516
"withheld_202002_forest_FALSE","Q732_Q737R1",0.000106198267799269,517
"withheld_202002_forest_FALSE","Q484",0.000105493645843502,518
"withheld_202002_forest_FALSE","Q381_Q383R3",0.000104735080869854,519
"withheld_202002_forest_FALSE","Q753",0.000104588309831584,520
"withheld_202002_forest_FALSE","Q250R2",0.000104302249756594,521
"withheld_202002_forest_FALSE","Q203",0.000103968255079895,522
"withheld_202002_forest_FALSE","Q273R1",0.000103367372763233,523
"withheld_202002_forest_FALSE","Q478_Q483R5",0.000103146942177156,524
"withheld_202002_forest_FALSE","Q491",0.000102816618251895,525
"withheld_202002_forest_FALSE","Q467_Q469R3",0.000102627980084975,526
"withheld_202002_forest_FALSE","Q335",0.000102541547513267,527
"withheld_202002_forest_FALSE","Q692",0.000102057049332418,528
"withheld_202002_forest_FALSE","Q453",0.000102029633793541,529
"withheld_202002_forest_FALSE","Q530",0.000101933011084114,530
"withheld_202002_forest_FALSE","Q70R5",0.000101499130639204,531
"withheld_202002_forest_FALSE","Q417_Q424R1",0.000101445090551465,532
"withheld_202002_forest_FALSE","Q33R4",0.00010143666227777,533
"withheld_202002_forest_FALSE","Q521_Q528R8",0.000101350956456054,534
"withheld_202002_forest_FALSE","Q563_Q572R2",0.000101157360172203,535
"withheld_202002_forest_FALSE","Q247",0.000100936758154294,536
"withheld_202002_forest_FALSE","Q476",0.000100721608251572,537
"withheld_202002_forest_FALSE","Q663_Q666R3",0.000100435945618917,538
"withheld_202002_forest_FALSE","Q111R1",0.000100375443865536,539
"withheld_202002_forest_FALSE","Q814",9.9689492916586e-05,540
"withheld_202002_forest_FALSE","Q150",9.9646556974321e-05,541
"withheld_202002_forest_FALSE","Q754_Q762R9",9.94804040452781e-05,542
"withheld_202002_forest_FALSE","Q667_Q671R3",9.88657490544101e-05,543
"withheld_202002_forest_FALSE","Q754_Q762R8",9.8145024599751e-05,544
"withheld_202002_forest_FALSE","Q672",9.79872843624485e-05,545
"withheld_202002_forest_FALSE","S11",9.7787558189923e-05,546
"withheld_202002_forest_FALSE","Q441_Q452R8",9.76963149149061e-05,547
"withheld_202002_forest_FALSE","Q487_Q489R1",9.76504240540806e-05,548
"withheld_202002_forest_FALSE","Q350",9.73945957931607e-05,549
"withheld_202002_forest_FALSE","Q204",9.70610904796084e-05,550
"withheld_202002_forest_FALSE","Q640_Q645R3",9.70018446815984e-05,551
"withheld_202002_forest_FALSE","Q463",9.67244635477272e-05,552
"withheld_202002_forest_FALSE","Q239R2",9.65421747295664e-05,553
"withheld_202002_forest_FALSE","Q41",9.65367776372336e-05,554
"withheld_202002_forest_FALSE","Q363",9.64699689736291e-05,555
"withheld_202002_forest_FALSE","Q611",9.63543732980592e-05,556
"withheld_202002_forest_FALSE","Q99R11",9.59608377059571e-05,557
"withheld_202002_forest_FALSE","Q117R9",9.55207479814667e-05,558
"withheld_202002_forest_FALSE","Q545R7",9.54955121243206e-05,559
"withheld_202002_forest_FALSE","Q679_Q682R3",9.45639791688977e-05,560
"withheld_202002_forest_FALSE","Q535_Q538R4",9.44155956366988e-05,561
"withheld_202002_forest_FALSE","Q679_Q682R4",9.4386366865352e-05,562
"withheld_202002_forest_FALSE","Q283",9.39342451225921e-05,563
"withheld_202002_forest_FALSE","Q551_Q559R5",9.37746060971148e-05,564
"withheld_202002_forest_FALSE","Q551_Q559R7",9.31470319159134e-05,565
"withheld_202002_forest_FALSE","Q597_Q602R1",9.24235375928354e-05,566
"withheld_202002_forest_FALSE","Q491A",9.17895870221187e-05,567
"withheld_202002_forest_FALSE","Q521_Q528R5",9.13732381555574e-05,568
"withheld_202002_forest_FALSE","Q149",9.11366611790575e-05,569
"withheld_202002_forest_FALSE","Q542",9.09872207090483e-05,570
"withheld_202002_forest_FALSE","Q535_Q538R2",9.09716952701758e-05,571
"withheld_202002_forest_FALSE","Q287R3",9.09357759098651e-05,572
"withheld_202002_forest_FALSE","Q505_Q508R2",9.0912876064297e-05,573
"withheld_202002_forest_FALSE","Q546R7",9.08817472123142e-05,574
"withheld_202002_forest_FALSE","Q467_Q469R1",9.04527021698254e-05,575
"withheld_202002_forest_FALSE","Q62R1",8.99741283820381e-05,576
"withheld_202002_forest_FALSE","Q77R1",8.86222735050792e-05,577
"withheld_202002_forest_FALSE","Q639",8.80633717113259e-05,578
"withheld_202002_forest_FALSE","Q287R2",8.77072648299801e-05,579
"withheld_202002_forest_FALSE","S2_M",8.76923009094307e-05,580
"withheld_202002_forest_FALSE","Q273R2",8.71385890878459e-05,581
"withheld_202002_forest_FALSE","Q77R2",8.66208698661307e-05,582
"withheld_202002_forest_FALSE","Q87",8.64611998259338e-05,583
"withheld_202002_forest_FALSE","Q175R1",8.5978446623304e-05,584
"withheld_202002_forest_FALSE","Q380",8.59176312171356e-05,585
"withheld_202002_forest_FALSE","Q720_Q722R2",8.55769211288477e-05,586
"withheld_202002_forest_FALSE","Q505_Q508R3",8.52614815410004e-05,587
"withheld_202002_forest_FALSE","Q767_Q771R1",8.51924677565104e-05,588
"withheld_202002_forest_FALSE","Q441_Q452R11",8.50139668966108e-05,589
"withheld_202002_forest_FALSE","Q627",8.42208331831507e-05,590
"withheld_202002_forest_FALSE","Q456_Q461R4",8.40900768692037e-05,591
"withheld_202002_forest_FALSE","Q723_Q725R1",8.40544182595462e-05,592
"withheld_202002_forest_FALSE","Q688",8.29497791857675e-05,593
"withheld_202002_forest_FALSE","Q551_Q559R6",8.19223707963966e-05,594
"withheld_202002_forest_FALSE","Q267",8.18664209017545e-05,595
"withheld_202002_forest_FALSE","Q663_Q666R2",8.13480129314013e-05,596
"withheld_202002_forest_FALSE","Q763_Q766R3",8.09600995772786e-05,597
"withheld_202002_forest_FALSE","Q151",8.07280870529935e-05,598
"withheld_202002_forest_FALSE","S10_MEX",8.05194476688522e-05,599
"withheld_202002_forest_FALSE","Q117R2",8.02146913740541e-05,600
"withheld_202002_forest_FALSE","Q40",8.00542738360263e-05,601
"withheld_202002_forest_FALSE","Q369",7.97565711768111e-05,602
"withheld_202002_forest_FALSE","Q86",7.96330622573248e-05,603
"withheld_202002_forest_FALSE","Q720_Q722R1",7.88935645446113e-05,604
"withheld_202002_forest_FALSE","Q178R4",7.80965557124686e-05,605
"withheld_202002_forest_FALSE","Q46",7.80547715907227e-05,606
"withheld_202002_forest_FALSE","Q441_Q452R1",7.79766460842109e-05,607
"withheld_202002_forest_FALSE","S2_NATIVE",7.75086604723904e-05,608
"withheld_202002_forest_FALSE","Q77R6",7.72985524565363e-05,609
"withheld_202002_forest_FALSE","Q429_Q440R1",7.72305212340116e-05,610
"withheld_202002_forest_FALSE","Q401_Q404R1",7.71690393985795e-05,611
"withheld_202002_forest_FALSE","Q723_Q725R2",7.62472882776223e-05,612
"withheld_202002_forest_FALSE","Q152",7.62272339815997e-05,613
"withheld_202002_forest_FALSE","Q591_Q596R6",7.61035310418785e-05,614
"withheld_202002_forest_FALSE","Q521_Q528R2",7.4857732053144e-05,615
"withheld_202002_forest_FALSE","Q95",7.40130491724408e-05,616
"withheld_202002_forest_FALSE","Q250R8",7.34948453813574e-05,617
"withheld_202002_forest_FALSE","Q429_Q440R3",7.34308476265183e-05,618
"withheld_202002_forest_FALSE","Q494_Q503R1",7.31300013607692e-05,619
"withheld_202002_forest_FALSE","Q763_Q766R2",7.26876717713324e-05,620
"withheld_202002_forest_FALSE","Q597_Q602R3",7.25273942383264e-05,621
"withheld_202002_forest_FALSE","Q652_Q658R3",7.08739646285541e-05,622
"withheld_202002_forest_FALSE","Q674R1",7.06165083162313e-05,623
"withheld_202002_forest_FALSE","Q456_Q461R6",7.04347399901975e-05,624
"withheld_202002_forest_FALSE","Q239R1",7.03668183996462e-05,625
"withheld_202002_forest_FALSE","Q400",7.03515344597587e-05,626
"withheld_202002_forest_FALSE","Q386_Q390R1",6.98549604576399e-05,627
"withheld_202002_forest_FALSE","Q652_Q658R4",6.98056482713317e-05,628
"withheld_202002_forest_FALSE","Q243R3",6.97356477115324e-05,629
"withheld_202002_forest_FALSE","Q456_Q461R5",6.89358097092469e-05,630
"withheld_202002_forest_FALSE","Q591_Q596R2",6.79487820199917e-05,631
"withheld_202002_forest_FALSE","Q494_Q503R10",6.78038485436323e-05,632
"withheld_202002_forest_FALSE","Q333",6.73564505227499e-05,633
"withheld_202002_forest_FALSE","Q182",6.6592705887716e-05,634
"withheld_202002_forest_FALSE","Q280",6.62108088810922e-05,635
"withheld_202002_forest_FALSE","Q754_Q762R6",6.54411541155348e-05,636
"withheld_202002_forest_FALSE","Q640_Q645R5",6.518175363958e-05,637
"withheld_202002_forest_FALSE","Q153",6.41610642748402e-05,638
"withheld_202002_forest_FALSE","Q85",6.39039329821786e-05,639
"withheld_202002_forest_FALSE","Q429_Q440R5",6.31993087839902e-05,640
"withheld_202002_forest_FALSE","Q279",6.25344757251145e-05,641
"withheld_202002_forest_FALSE","S3",6.23232672842208e-05,642
"withheld_202002_forest_FALSE","Q441_Q452R6",6.18746089644966e-05,643
"withheld_202002_forest_FALSE","Q521_Q528R7",6.1723239154749e-05,644
"withheld_202002_forest_FALSE","Q470",6.15286139552197e-05,645
"withheld_202002_forest_FALSE","Q429_Q440R12",6.11573533934227e-05,646
"withheld_202002_forest_FALSE","Q815",6.08279965806218e-05,647
"withheld_202002_forest_FALSE","Q763_Q766R1",5.96944824516197e-05,648
"withheld_202002_forest_FALSE","Q429_Q440R10",5.9535595819288e-05,649
"withheld_202002_forest_FALSE","Q646_Q651R1",5.92406386582403e-05,650
"withheld_202002_forest_FALSE","Q359R4",5.90734388006463e-05,651
"withheld_202002_forest_FALSE","S2_RACE_PRIME",5.88085721846934e-05,652
"withheld_202002_forest_FALSE","Q192",5.84052199353068e-05,653
"withheld_202002_forest_FALSE","Q573",5.83277563987935e-05,654
"withheld_202002_forest_FALSE","Q406",5.83038887620372e-05,655
"withheld_202002_forest_FALSE","Q585_Q590R4",5.7771036115379e-05,656
"withheld_202002_forest_FALSE","Q175R3",5.77134570164889e-05,657
"withheld_202002_forest_FALSE","Q494_Q503R8",5.75972160095682e-05,658
"withheld_202002_forest_FALSE","Q767_Q771R4",5.66007007893974e-05,659
"withheld_202002_forest_FALSE","Q370",5.62034464203916e-05,660
"withheld_202002_forest_FALSE","Q494_Q503R4",5.58416143747037e-05,661
"withheld_202002_forest_FALSE","Q88",5.56084639391464e-05,662
"withheld_202002_forest_FALSE","Q719",5.50395315670153e-05,663
"withheld_202002_forest_FALSE","Q250R3",5.46597688387993e-05,664
"withheld_202002_forest_FALSE","Q505_Q508R4",5.39774696834334e-05,665
"withheld_202002_forest_FALSE","Q676_Q678R2",5.37473652918526e-05,666
"withheld_202002_forest_FALSE","Q818",5.32481826045725e-05,667
"withheld_202002_forest_FALSE","Q652_Q658R5",5.29317460508813e-05,668
"withheld_202002_forest_FALSE","Q77R3",5.29195674344836e-05,669
"withheld_202002_forest_FALSE","Q456_Q461R2",5.22241595258389e-05,670
"withheld_202002_forest_FALSE","Q738_Q740R2",5.14810090355242e-05,671
"withheld_202002_forest_FALSE","Q723_Q725R3",5.08236226392103e-05,672
"withheld_202002_forest_FALSE","Q521_Q528R3",5.02976159394009e-05,673
"withheld_202002_forest_FALSE","Q646_Q651R3",4.92978896333688e-05,674
"withheld_202002_forest_FALSE","Q630_Q632R1",4.92461009083335e-05,675
"withheld_202002_forest_FALSE","Q640_Q645R2",4.91565708957516e-05,676
"withheld_202002_forest_FALSE","Q441_Q452R12",4.76795542404855e-05,677
"withheld_202002_forest_FALSE","Q16",4.66482806860213e-05,678
"withheld_202002_forest_FALSE","Q466",4.60174193794941e-05,679
"withheld_202002_forest_FALSE","Q613",4.59554541357815e-05,680
"withheld_202002_forest_FALSE","Q630_Q632R3",4.56236913252948e-05,681
"withheld_202002_forest_FALSE","Q391_Q393R2",4.51145158486132e-05,682
"withheld_202002_forest_FALSE","Q732_Q737R3",4.43958811731817e-05,683
"withheld_202002_forest_FALSE","Q686",4.42673076067023e-05,684
"withheld_202002_forest_FALSE","Q763_Q766R4",4.3235955587412e-05,685
"withheld_202002_forest_FALSE","Q175R2",4.30760932782097e-05,686
"withheld_202002_forest_FALSE","Q531",4.1327245700354e-05,687
"withheld_202002_forest_FALSE","Q640_Q645R6",4.10074307377305e-05,688
"withheld_202002_forest_FALSE","Q646_Q651R4",4.0627433414302e-05,689
"withheld_202002_forest_FALSE","Q441_Q452R5",4.00788611997141e-05,690
"withheld_202002_forest_FALSE","Q364",3.93332871594195e-05,691
"withheld_202002_forest_FALSE","Q746A",3.88594784183051e-05,692
"withheld_202002_forest_FALSE","Q462",3.82754721976737e-05,693
"withheld_202002_forest_FALSE","Q172R1",3.79646912511072e-05,694
"withheld_202002_forest_FALSE","Q97",3.79540118554165e-05,695
"withheld_202002_forest_FALSE","Q754_Q762R3",3.78689635380376e-05,696
"withheld_202002_forest_FALSE","Q494_Q503R2",3.77771668394067e-05,697
"withheld_202002_forest_FALSE","Q254",3.75300405640915e-05,698
"withheld_202002_forest_FALSE","Q541",3.60480924355812e-05,699
"withheld_202002_forest_FALSE","Q441_Q452R9",3.58769590574916e-05,700
"withheld_202002_forest_FALSE","S7",3.5830095378275e-05,701
"withheld_202002_forest_FALSE","Q667_Q671R5",3.57100917326662e-05,702
"withheld_202002_forest_FALSE","Q386_Q390R4",3.54629817897176e-05,703
"withheld_202002_forest_FALSE","Q767_Q771R2",3.52064927498243e-05,704
"withheld_202002_forest_FALSE","Q646_Q651R2",3.49555070453259e-05,705
"withheld_202002_forest_FALSE","Q738_Q740R3",3.32825747950397e-05,706
"withheld_202002_forest_FALSE","Q85B",3.26687173801232e-05,707
"withheld_202002_forest_FALSE","Q356",3.25688125220749e-05,708
"withheld_202002_forest_FALSE","Q583",3.18644248263429e-05,709
"withheld_202002_forest_FALSE","Q255",3.10024563742394e-05,710
"withheld_202002_forest_FALSE","S2_AFROLAT",2.91394994473626e-05,711
"withheld_202002_forest_FALSE","Q585_Q590R5",2.89032095949707e-05,712
"withheld_202002_forest_FALSE","Q269",2.77498399874266e-05,713
"withheld_202002_forest_FALSE","Q585_Q590R3",2.72460025975558e-05,714
"withheld_202002_forest_FALSE","Q630_Q632R2",2.49104880802039e-05,715
"withheld_202002_forest_FALSE","Q652_Q658R2",2.48524488414778e-05,716
"withheld_202002_forest_FALSE","Q441_Q452R3",2.33609445873069e-05,717
"withheld_202002_forest_FALSE","Q732_Q737R4",2.31148489284579e-05,718
"withheld_202002_forest_FALSE","Q367",2.28102959585401e-05,719
"withheld_202002_forest_FALSE","Q172R3",2.20406515383771e-05,720
"withheld_202002_forest_FALSE","Q391_Q393R1",2.18661369079548e-05,721
"withheld_202002_forest_FALSE","Q253",2.12789936366354e-05,722
"withheld_202002_forest_FALSE","Q767_Q771R3",2.08095533732356e-05,723
"withheld_202002_forest_FALSE","Q441_Q452R7",2.03650008899098e-05,724
"withheld_202002_forest_FALSE","Q405",2.02659161925157e-05,725
"withheld_202002_forest_FALSE","Q585_Q590R1",1.95259698344826e-05,726
"withheld_202002_forest_FALSE","Q170",1.92020390616481e-05,727
"withheld_202002_forest_FALSE","Q732_Q737R2",1.91403437877989e-05,728
"withheld_202002_forest_FALSE","Q391_Q393R3",1.87352047853243e-05,729
"withheld_202002_forest_FALSE","Q585_Q590R2",1.80134222779665e-05,730
"withheld_202002_forest_FALSE","Q172R2",1.46865954513572e-05,731
"withheld_202002_forest_FALSE","Q260",1.44914299231331e-05,732
"withheld_202002_forest_FALSE","Q585_Q590R6",1.32898774287759e-05,733
"withheld_202002_forest_FALSE","Q652_Q658R7",1.27592807095941e-05,734
"withheld_202002_forest_FALSE","Q252",1.11836136291324e-05,735
"withheld_202002_forest_FALSE","S3B",9.3424404466842e-06,736
"withheld_202002_forest_FALSE","Q251",9.09612514057084e-06,737
"withheld_202002_forest_FALSE","Q667_Q671R4",7.55752342959735e-06,738
"withheld_202002_forest_FALSE","Q357",7.34314463297493e-06,739
"withheld_202002_forest_FALSE","S3C",4.4291274620252e-06,740
"withheld_202002_forest_FALSE","S1",0,741
"withheld_202002_forest_FALSE","Q667_Q671R2",0,741
"withheld_202002_forest_FALSE","Q767_Q771R5",0,741
"diagnostic_202003_forest_FALSE","Q15",0.171176673970759,1
"diagnostic_202003_forest_FALSE","Q614",0.0673030384079781,2
"diagnostic_202003_forest_FALSE","Q2R1",0.0463211937738643,3
"diagnostic_202003_forest_FALSE","Q195A1",0.0155239609367891,4
"diagnostic_202003_forest_FALSE","Q130",0.0145031947614535,5
"diagnostic_202003_forest_FALSE","Q54",0.013049271794424,6
"diagnostic_202003_forest_FALSE","Q195A2",0.0114842747979624,7
"diagnostic_202003_forest_FALSE","Q195B2",0.0110568692691319,8
"diagnostic_202003_forest_FALSE","Q195B1",0.00856588598069248,9
"diagnostic_202003_forest_FALSE","Q197A1",0.00800059710509551,10
"diagnostic_202003_forest_FALSE","Q2R3",0.00709037875277537,11
"diagnostic_202003_forest_FALSE","Q197B1",0.00553524618130217,12
"diagnostic_202003_forest_FALSE","Q52",0.00370294990238286,13
"diagnostic_202003_forest_FALSE","Q197A2",0.00349927111519509,14
"diagnostic_202003_forest_FALSE","Q197B2",0.00310037713045763,15
"diagnostic_202003_forest_FALSE","Q308R7",0.00230512332735809,16
"diagnostic_202003_forest_FALSE","Q2R8",0.00220716968859321,17
"diagnostic_202003_forest_FALSE","Q22",0.00210729910003888,18
"diagnostic_202003_forest_FALSE","Q2R9",0.00146834134927493,19
"diagnostic_202003_forest_FALSE","Q2R10",0.00118110261907709,20
"diagnostic_202003_forest_FALSE","Q21",0.000910703414400035,21
"diagnostic_202003_forest_FALSE","Q308R6",0.000889984017475193,22
"diagnostic_202003_forest_FALSE","Q51",0.000877459328168512,23
"diagnostic_202003_forest_FALSE","Q575_Q581R1",0.000776707941356312,24
"diagnostic_202003_forest_FALSE","Q98",0.00076573991904342,25
"diagnostic_202003_forest_FALSE","Q676_Q678R1",0.000742659729665054,26
"diagnostic_202003_forest_FALSE","Q326R4",0.000706837446213893,27
"diagnostic_202003_forest_FALSE","Q504R11",0.000690341087387521,28
"diagnostic_202003_forest_FALSE","Q428",0.000633801782125632,29
"diagnostic_202003_forest_FALSE","Q32",0.000624659576325523,30
"diagnostic_202003_forest_FALSE","Q359R2",0.000603556534533289,31
"diagnostic_202003_forest_FALSE","Q60",0.000602400596684138,32
"diagnostic_202003_forest_FALSE","Q2R7",0.000599624043435568,33
"diagnostic_202003_forest_FALSE","Q325_BLW",0.000593443447708581,34
"diagnostic_202003_forest_FALSE","Q2R4",0.00058670255588459,35
"diagnostic_202003_forest_FALSE","Q43",0.000569257016118538,36
"diagnostic_202003_forest_FALSE","Q475",0.000567365880374757,37
"diagnostic_202003_forest_FALSE","S3",0.000552236484315615,38
"diagnostic_202003_forest_FALSE","Q48",0.000552190609620212,39
"diagnostic_202003_forest_FALSE","Q800",0.00053598703772224,40
"diagnostic_202003_forest_FALSE","Q607_Q610R1",0.000513258834606783,41
"diagnostic_202003_forest_FALSE","Q295",0.000508975337616746,42
"diagnostic_202003_forest_FALSE","Q50",0.000487035323381161,43
"diagnostic_202003_forest_FALSE","Q606",0.000483223101238832,44
"diagnostic_202003_forest_FALSE","Q323_BLW",0.000478517101442243,45
"diagnostic_202003_forest_FALSE","Q326R1",0.000475005490840012,46
"diagnostic_202003_forest_FALSE","Q806",0.000473042352721016,47
"diagnostic_202003_forest_FALSE","Q607_Q610R2",0.000473032558218903,48
"diagnostic_202003_forest_FALSE","Q281",0.000472534954094893,49
"diagnostic_202003_forest_FALSE","Q49",0.000454844877428626,50
"diagnostic_202003_forest_FALSE","Q55",0.000423324934219283,51
"diagnostic_202003_forest_FALSE","Q332",0.000413117665882002,52
"diagnostic_202003_forest_FALSE","Q70R2",0.000411519708766538,53
"diagnostic_202003_forest_FALSE","Q28",0.000407221956855517,54
"diagnostic_202003_forest_FALSE","Q31",0.000401023493605423,55
"diagnostic_202003_forest_FALSE","Q308R5",0.000390341387759827,56
"diagnostic_202003_forest_FALSE","Q23",0.000387020450551558,57
"diagnostic_202003_forest_FALSE","Q58",0.000386365752422236,58
"diagnostic_202003_forest_FALSE","Q326R5",0.000376393622142996,59
"diagnostic_202003_forest_FALSE","Q603",0.000374109472001344,60
"diagnostic_202003_forest_FALSE","Q76",0.000361164708309607,61
"diagnostic_202003_forest_FALSE","Q315",0.000355814359471709,62
"diagnostic_202003_forest_FALSE","Q752",0.000355655722464779,63
"diagnostic_202003_forest_FALSE","Q607_Q610R3",0.000349526559922839,64
"diagnostic_202003_forest_FALSE","Q1",0.000330833179076615,65
"diagnostic_202003_forest_FALSE","Q520",0.000318293016546559,66
"diagnostic_202003_forest_FALSE","Q324",0.000309085149376855,67
"diagnostic_202003_forest_FALSE","Q816",0.000305849831272978,68
"diagnostic_202003_forest_FALSE","Q504R4",0.000305819831412662,69
"diagnostic_202003_forest_FALSE","Q539",0.000303792611742144,70
"diagnostic_202003_forest_FALSE","Q429_Q440R5",0.000301417300052248,71
"diagnostic_202003_forest_FALSE","Q575_Q581R2",0.000293754432435577,72
"diagnostic_202003_forest_FALSE","Q239R3",0.000282486496568073,73
"diagnostic_202003_forest_FALSE","Q491",0.00028072040115366,74
"diagnostic_202003_forest_FALSE","Q184R1",0.000269186251446055,75
"diagnostic_202003_forest_FALSE","Q335",0.000267104376569992,76
"diagnostic_202003_forest_FALSE","Q154R1",0.000264883425005403,77
"diagnostic_202003_forest_FALSE","Q607_Q610R4",0.0002632959813151,78
"diagnostic_202003_forest_FALSE","Q27",0.000263016876575042,79
"diagnostic_202003_forest_FALSE","Q24",0.000261800468690602,80
"diagnostic_202003_forest_FALSE","Q29",0.000258483671061759,81
"diagnostic_202003_forest_FALSE","Q349",0.000251925368228571,82
"diagnostic_202003_forest_FALSE","Q591_Q596R3",0.000246039705584506,83
"diagnostic_202003_forest_FALSE","Q39",0.000245491642846498,84
"diagnostic_202003_forest_FALSE","Q359R1",0.00024401617047693,85
"diagnostic_202003_forest_FALSE","Q131R8",0.00024325564534411,86
"diagnostic_202003_forest_FALSE","Q472_Q474R1",0.000240322662431423,87
"diagnostic_202003_forest_FALSE","S5",0.000236972955664069,88
"diagnostic_202003_forest_FALSE","Q116",0.000234411372746661,89
"diagnostic_202003_forest_FALSE","Q560R6",0.000230801293291858,90
"diagnostic_202003_forest_FALSE","Q178R3",0.000229069797883835,91
"diagnostic_202003_forest_FALSE","Q225R11",0.000226089697472071,92
"diagnostic_202003_forest_FALSE","Q2R2",0.000225846729286569,93
"diagnostic_202003_forest_FALSE","Q2R5",0.000222161204485476,94
"diagnostic_202003_forest_FALSE","Q742",0.000219022045544153,95
"diagnostic_202003_forest_FALSE","Q727_Q731R4",0.000217956299221772,96
"diagnostic_202003_forest_FALSE","Q743",0.000213211249504615,97
"diagnostic_202003_forest_FALSE","Q162R3",0.000210671952982805,98
"diagnostic_202003_forest_FALSE","Q575_Q581R3",0.000209370437747652,99
"diagnostic_202003_forest_FALSE","Q662",0.000208884201857464,100
"diagnostic_202003_forest_FALSE","Q799",0.000208719530440066,101
"diagnostic_202003_forest_FALSE","Q673",0.000207835664720742,102
"diagnostic_202003_forest_FALSE","Q221R4",0.000206193351538452,103
"diagnostic_202003_forest_FALSE","Q257BR1",0.000204836375895084,104
"diagnostic_202003_forest_FALSE","Q178R2",0.000204270638896586,105
"diagnostic_202003_forest_FALSE","Q619_Q626R4",0.000204022908291024,106
"diagnostic_202003_forest_FALSE","Q560R1",0.000199793013165196,107
"diagnostic_202003_forest_FALSE","Q684",0.00019802979478831,108
"diagnostic_202003_forest_FALSE","Q429_Q440R11",0.000195115242118776,109
"diagnostic_202003_forest_FALSE","Q25",0.000192595180112057,110
"diagnostic_202003_forest_FALSE","Q396_Q398R2",0.000191164995146712,111
"diagnostic_202003_forest_FALSE","Q268",0.000190462765201853,112
"diagnostic_202003_forest_FALSE","Q38",0.000188511245995972,113
"diagnostic_202003_forest_FALSE","Q308R1",0.000187749983867945,114
"diagnostic_202003_forest_FALSE","Q117R13",0.000185804499268824,115
"diagnostic_202003_forest_FALSE","Q773",0.000184030730054908,116
"diagnostic_202003_forest_FALSE","Q279",0.000179147145161977,117
"diagnostic_202003_forest_FALSE","Q691",0.000178587013643137,118
"diagnostic_202003_forest_FALSE","Q797",0.000177392247653981,119
"diagnostic_202003_forest_FALSE","Q597_Q602R1",0.000176928948485043,120
"diagnostic_202003_forest_FALSE","Q162R8",0.000176613366454685,121
"diagnostic_202003_forest_FALSE","Q540R1",0.000175882136089536,122
"diagnostic_202003_forest_FALSE","Q754_Q762R8",0.000172669146559355,123
"diagnostic_202003_forest_FALSE","Q417_Q424R8",0.000169045301690711,124
"diagnostic_202003_forest_FALSE","Q287R6",0.000168855058676943,125
"diagnostic_202003_forest_FALSE","S10",0.000167518697121388,126
"diagnostic_202003_forest_FALSE","Q330",0.000167041541122676,127
"diagnostic_202003_forest_FALSE","Q575_Q581R6",0.000164206003012305,128
"diagnostic_202003_forest_FALSE","Q225R2",0.000163698343232124,129
"diagnostic_202003_forest_FALSE","Q545R7",0.000163245106548393,130
"diagnostic_202003_forest_FALSE","Q774",0.000163107286540049,131
"diagnostic_202003_forest_FALSE","Q796",0.00016134500625256,132
"diagnostic_202003_forest_FALSE","Q521_Q528R6",0.000160739331653726,133
"diagnostic_202003_forest_FALSE","Q429_Q440R12",0.000158490851239003,134
"diagnostic_202003_forest_FALSE","Q619_Q626R8",0.00015808364188412,135
"diagnostic_202003_forest_FALSE","Q745",0.000157525863383188,136
"diagnostic_202003_forest_FALSE","Q111R3",0.000157393805907713,137
"diagnostic_202003_forest_FALSE","Q411_Q416R5",0.000156945827579916,138
"diagnostic_202003_forest_FALSE","Q329",0.000156270223577819,139
"diagnostic_202003_forest_FALSE","Q213R3",0.000155604323960217,140
"diagnostic_202003_forest_FALSE","Q597_Q602R3",0.000152008765218917,141
"diagnostic_202003_forest_FALSE","Q683",0.000150906034150606,142
"diagnostic_202003_forest_FALSE","Q213R2",0.000150637446655956,143
"diagnostic_202003_forest_FALSE","Q490",0.000148718752487558,144
"diagnostic_202003_forest_FALSE","Q808",0.000145613841491265,145
"diagnostic_202003_forest_FALSE","Q693_Q700R7",0.00014471961215364,146
"diagnostic_202003_forest_FALSE","Q131R12",0.00014437780767064,147
"diagnostic_202003_forest_FALSE","Q521_Q528R7",0.000144364675595019,148
"diagnostic_202003_forest_FALSE","Q187R4",0.000143603577274337,149
"diagnostic_202003_forest_FALSE","Q811",0.000143119402596776,150
"diagnostic_202003_forest_FALSE","S2_M",0.000142788654663892,151
"diagnostic_202003_forest_FALSE","Q611",0.000141743241158782,152
"diagnostic_202003_forest_FALSE","Q659",0.000140939616092955,153
"diagnostic_202003_forest_FALSE","Q206",0.000140614754088672,154
"diagnostic_202003_forest_FALSE","Q777",0.000139985857703168,155
"diagnostic_202003_forest_FALSE","Q86",0.000138677818217494,156
"diagnostic_202003_forest_FALSE","Q616_Q618R1",0.000138575805423787,157
"diagnostic_202003_forest_FALSE","Q301",0.000137349144709335,158
"diagnostic_202003_forest_FALSE","Q652_Q658R4",0.000137218533111494,159
"diagnostic_202003_forest_FALSE","Q672",0.000136055552438488,160
"diagnostic_202003_forest_FALSE","Q788",0.000134780019032508,161
"diagnostic_202003_forest_FALSE","Q131R4",0.000132700027675074,162
"diagnostic_202003_forest_FALSE","Q560R4",0.000132633023053916,163
"diagnostic_202003_forest_FALSE","Q560R8",0.00013143632398308,164
"diagnostic_202003_forest_FALSE","Q492",0.000130836935876107,165
"diagnostic_202003_forest_FALSE","Q591_Q596R1",0.000130788990081533,166
"diagnostic_202003_forest_FALSE","Q99R7",0.000129710371183954,167
"diagnostic_202003_forest_FALSE","Q213R4",0.000128526601356675,168
"diagnostic_202003_forest_FALSE","Q597_Q602R6",0.000127957548678633,169
"diagnostic_202003_forest_FALSE","Q248",0.000127475079549898,170
"diagnostic_202003_forest_FALSE","Q813",0.000126457296012346,171
"diagnostic_202003_forest_FALSE","Q417_Q424R4",0.000126008271404324,172
"diagnostic_202003_forest_FALSE","Q178R1",0.000125591143289311,173
"diagnostic_202003_forest_FALSE","Q131R2",0.000123822331229037,174
"diagnostic_202003_forest_FALSE","Q518",0.000123614972629418,175
"diagnostic_202003_forest_FALSE","Q162R4",0.000123554636925503,176
"diagnostic_202003_forest_FALSE","Q243R4",0.00012093439013865,177
"diagnostic_202003_forest_FALSE","Q504R3",0.000120434485026805,178
"diagnostic_202003_forest_FALSE","Q754_Q762R2",0.000120297589830773,179
"diagnostic_202003_forest_FALSE","Q110",0.000120268850718968,180
"diagnostic_202003_forest_FALSE","Q417_Q424R6",0.000120206737201411,181
"diagnostic_202003_forest_FALSE","Q646_Q651R4",0.000119795599954337,182
"diagnostic_202003_forest_FALSE","Q308R2",0.000118540187022074,183
"diagnostic_202003_forest_FALSE","Q805",0.000117950924953773,184
"diagnostic_202003_forest_FALSE","Q530",0.000115991524907848,185
"diagnostic_202003_forest_FALSE","Q619_Q626R6",0.000115950380916794,186
"diagnostic_202003_forest_FALSE","Q239R4",0.000115509164403032,187
"diagnostic_202003_forest_FALSE","Q257CR2",0.000114968969506284,188
"diagnostic_202003_forest_FALSE","Q33R1",0.00011414248439324,189
"diagnostic_202003_forest_FALSE","VQ774",0.000113797056729618,190
"diagnostic_202003_forest_FALSE","Q652_Q658R7",0.000113302012759527,191
"diagnostic_202003_forest_FALSE","Q551_Q559R7",0.000113050535790715,192
"diagnostic_202003_forest_FALSE","Q198",0.000112611536927605,193
"diagnostic_202003_forest_FALSE","Q53",0.000112330897406824,194
"diagnostic_202003_forest_FALSE","Q59",0.000110495872531123,195
"diagnostic_202003_forest_FALSE","Q517",0.000108472985341575,196
"diagnostic_202003_forest_FALSE","Q410",0.000108121355951227,197
"diagnostic_202003_forest_FALSE","Q715_718R1",0.000107546459093672,198
"diagnostic_202003_forest_FALSE","Q308R3",0.000107445319046053,199
"diagnostic_202003_forest_FALSE","Q790",0.000107439481705702,200
"diagnostic_202003_forest_FALSE","Q56",0.000107198585215788,201
"diagnostic_202003_forest_FALSE","S4",0.000106720303076303,202
"diagnostic_202003_forest_FALSE","Q486",0.000106216739692992,203
"diagnostic_202003_forest_FALSE","Q257AR2",0.000105938921873726,204
"diagnostic_202003_forest_FALSE","Q187R5",0.000105807559907544,205
"diagnostic_202003_forest_FALSE","Q33R2",0.000105560479318414,206
"diagnostic_202003_forest_FALSE","Q183",0.000105514311244269,207
"diagnostic_202003_forest_FALSE","Q264",0.000104995952677446,208
"diagnostic_202003_forest_FALSE","Q591_Q596R5",0.000104651660118492,209
"diagnostic_202003_forest_FALSE","Q513_Q516R2",0.000104501227778271,210
"diagnostic_202003_forest_FALSE","Q77R8",0.000104337985402115,211
"diagnostic_202003_forest_FALSE","VQ773",0.000103933773366395,212
"diagnostic_202003_forest_FALSE","Q62R2",0.000103457463331093,213
"diagnostic_202003_forest_FALSE","Q534",0.000103410561713545,214
"diagnostic_202003_forest_FALSE","Q250R3",0.000103065268772195,215
"diagnostic_202003_forest_FALSE","Q162R5",0.000102809532725879,216
"diagnostic_202003_forest_FALSE","Q203",0.000102218116632641,217
"diagnostic_202003_forest_FALSE","Q41",0.000101616147472431,218
"diagnostic_202003_forest_FALSE","Q535_Q538R2",0.000100366347016475,219
"diagnostic_202003_forest_FALSE","Q575_Q581R7",9.99710404845147e-05,220
"diagnostic_202003_forest_FALSE","Q131R5",9.98655273721779e-05,221
"diagnostic_202003_forest_FALSE","Q225R6",9.9475027030908e-05,222
"diagnostic_202003_forest_FALSE","Q162R7",9.85626272485345e-05,223
"diagnostic_202003_forest_FALSE","Q77R6",9.81428585938378e-05,224
"diagnostic_202003_forest_FALSE","Q411_Q416R4",9.77900820917537e-05,225
"diagnostic_202003_forest_FALSE","Q343R1",9.76198707801327e-05,226
"diagnostic_202003_forest_FALSE","Q504R8",9.73751770709728e-05,227
"diagnostic_202003_forest_FALSE","Q751",9.71508542311528e-05,228
"diagnostic_202003_forest_FALSE","Q202",9.71202688172872e-05,229
"diagnostic_202003_forest_FALSE","Q33R5",9.70708287681631e-05,230
"diagnostic_202003_forest_FALSE","Q456_Q461R2",9.68857489459665e-05,231
"diagnostic_202003_forest_FALSE","Q61",9.58852220876296e-05,232
"diagnostic_202003_forest_FALSE","Q99R4",9.57967218986027e-05,233
"diagnostic_202003_forest_FALSE","Q131R10",9.5221679360594e-05,234
"diagnostic_202003_forest_FALSE","Q754_Q762R4",9.50146722287317e-05,235
"diagnostic_202003_forest_FALSE","Q117R10",9.48503534395093e-05,236
"diagnostic_202003_forest_FALSE","Q535_Q538R4",9.45618884923435e-05,237
"diagnostic_202003_forest_FALSE","Q512",9.45438505857992e-05,238
"diagnostic_202003_forest_FALSE","Q308R4",9.44060558896223e-05,239
"diagnostic_202003_forest_FALSE","Q208R2",9.43100803093956e-05,240
"diagnostic_202003_forest_FALSE","Q2R6",9.34717557688921e-05,241
"diagnostic_202003_forest_FALSE","Q706_Q708R2",9.31392465288561e-05,242
"diagnostic_202003_forest_FALSE","Q99R2",9.30603438950538e-05,243
"diagnostic_202003_forest_FALSE","Q798",9.18022520805371e-05,244
"diagnostic_202003_forest_FALSE","Q732_Q737R1",9.17712480467769e-05,245
"diagnostic_202003_forest_FALSE","Q521_Q528R2",9.05045522292189e-05,246
"diagnostic_202003_forest_FALSE","Q689",9.04806256384376e-05,247
"diagnostic_202003_forest_FALSE","Q69",9.01572436856864e-05,248
"diagnostic_202003_forest_FALSE","Q171",8.97889487230615e-05,249
"diagnostic_202003_forest_FALSE","Q385",8.91703914133367e-05,250
"diagnostic_202003_forest_FALSE","Q714",8.90413357479029e-05,251
"diagnostic_202003_forest_FALSE","Q70R5",8.87723945786922e-05,252
"diagnostic_202003_forest_FALSE","Q505_Q508R1",8.83760891065358e-05,253
"diagnostic_202003_forest_FALSE","Q261",8.83241103119287e-05,254
"diagnostic_202003_forest_FALSE","Q407",8.76701190915076e-05,255
"diagnostic_202003_forest_FALSE","S3B",8.69715934050407e-05,256
"diagnostic_202003_forest_FALSE","Q494_Q503R2",8.6916453337476e-05,257
"diagnostic_202003_forest_FALSE","Q257AR4",8.68252788567443e-05,258
"diagnostic_202003_forest_FALSE","Q225R7",8.67220681287125e-05,259
"diagnostic_202003_forest_FALSE","Q273R4",8.66027465686787e-05,260
"diagnostic_202003_forest_FALSE","Q144",8.65455540344568e-05,261
"diagnostic_202003_forest_FALSE","Q819",8.64811266450445e-05,262
"diagnostic_202003_forest_FALSE","Q272",8.62354803933605e-05,263
"diagnostic_202003_forest_FALSE","Q661",8.61251723900204e-05,264
"diagnostic_202003_forest_FALSE","Q732_Q737R3",8.56897359690098e-05,265
"diagnostic_202003_forest_FALSE","Q560R7",8.56364968936748e-05,266
"diagnostic_202003_forest_FALSE","Q343R2",8.54667094023951e-05,267
"diagnostic_202003_forest_FALSE","Q213R1",8.50265835727504e-05,268
"diagnostic_202003_forest_FALSE","Q663_Q666R4",8.4847199637877e-05,269
"diagnostic_202003_forest_FALSE","Q70R1",8.45832721224613e-05,270
"diagnostic_202003_forest_FALSE","Q267",8.44456896369336e-05,271
"diagnostic_202003_forest_FALSE","Q701_Q705R5",8.4412350935813e-05,272
"diagnostic_202003_forest_FALSE","Q217R1",8.40952775445908e-05,273
"diagnostic_202003_forest_FALSE","Q674R1",8.40926887697292e-05,274
"diagnostic_202003_forest_FALSE","Q688",8.37686135292349e-05,275
"diagnostic_202003_forest_FALSE","Q810",8.36834706043088e-05,276
"diagnostic_202003_forest_FALSE","Q546R7",8.32417459608642e-05,277
"diagnostic_202003_forest_FALSE","Q429_Q440R2",8.26246819304623e-05,278
"diagnostic_202003_forest_FALSE","Q162R1",8.22545501363101e-05,279
"diagnostic_202003_forest_FALSE","Q285",8.1845999402414e-05,280
"diagnostic_202003_forest_FALSE","Q257BR2",8.17931515254309e-05,281
"diagnostic_202003_forest_FALSE","Q646_Q651R1",8.17281497437852e-05,282
"diagnostic_202003_forest_FALSE","Q504R7",8.16432189432133e-05,283
"diagnostic_202003_forest_FALSE","Q316R3",8.16301764872822e-05,284
"diagnostic_202003_forest_FALSE","Q78",8.14831088166644e-05,285
"diagnostic_202003_forest_FALSE","Q633",8.13503584202099e-05,286
"diagnostic_202003_forest_FALSE","Q467_Q469R2",8.12220605340186e-05,287
"diagnostic_202003_forest_FALSE","Q478_Q483R1",8.0564852240851e-05,288
"diagnostic_202003_forest_FALSE","Q30",8.04270860727391e-05,289
"diagnostic_202003_forest_FALSE","Q243R1",8.01810251067968e-05,290
"diagnostic_202003_forest_FALSE","Q504R12",8.00204215058712e-05,291
"diagnostic_202003_forest_FALSE","Q262",7.97903581566198e-05,292
"diagnostic_202003_forest_FALSE","Q287R2",7.94912205953093e-05,293
"diagnostic_202003_forest_FALSE","Q378",7.93252806999933e-05,294
"diagnostic_202003_forest_FALSE","Q591_Q596R6",7.93022974250255e-05,295
"diagnostic_202003_forest_FALSE","S14",7.86796761372552e-05,296
"diagnostic_202003_forest_FALSE","Q560R5",7.8547052983125e-05,297
"diagnostic_202003_forest_FALSE","Q381_Q383R1",7.8346476007246e-05,298
"diagnostic_202003_forest_FALSE","Q561",7.80416703424397e-05,299
"diagnostic_202003_forest_FALSE","Q95",7.79571912626159e-05,300
"diagnostic_202003_forest_FALSE","Q693_Q700R4",7.79522052477948e-05,301
"diagnostic_202003_forest_FALSE","Q513_Q516R3",7.7851558373636e-05,302
"diagnostic_202003_forest_FALSE","Q604_Q605R1",7.71315990917072e-05,303
"diagnostic_202003_forest_FALSE","Q265",7.61775149964446e-05,304
"diagnostic_202003_forest_FALSE","Q343R4",7.57038038158013e-05,305
"diagnostic_202003_forest_FALSE","Q820",7.56605598035908e-05,306
"diagnostic_202003_forest_FALSE","Q456_Q461R1",7.56031360799506e-05,307
"diagnostic_202003_forest_FALSE","Q478_Q483R5",7.55930493675509e-05,308
"diagnostic_202003_forest_FALSE","Q162R2",7.55830044162681e-05,309
"diagnostic_202003_forest_FALSE","S11",7.52013773066654e-05,310
"diagnostic_202003_forest_FALSE","Q693_Q700R6",7.50698439369347e-05,311
"diagnostic_202003_forest_FALSE","Q273R5",7.50167895996218e-05,312
"diagnostic_202003_forest_FALSE","Q278",7.48893655146198e-05,313
"diagnostic_202003_forest_FALSE","Q487_Q489R2",7.47511767999668e-05,314
"diagnostic_202003_forest_FALSE","Q348",7.47231652002026e-05,315
"diagnostic_202003_forest_FALSE","Q352",7.3722661406718e-05,316
"diagnostic_202003_forest_FALSE","Q187R2",7.36196280232569e-05,317
"diagnostic_202003_forest_FALSE","Q208R5",7.33975982428148e-05,318
"diagnostic_202003_forest_FALSE","Q504R5",7.2616538013713e-05,319
"diagnostic_202003_forest_FALSE","Q676_Q678R2",7.23757304465427e-05,320
"diagnostic_202003_forest_FALSE","Q408",7.23718463032599e-05,321
"diagnostic_202003_forest_FALSE","Q257BR4",7.23623225708245e-05,322
"diagnostic_202003_forest_FALSE","Q646_Q651R2",7.22289682865945e-05,323
"diagnostic_202003_forest_FALSE","Q77R2",7.20275847751859e-05,324
"diagnostic_202003_forest_FALSE","Q763_Q766R2",7.20123824848735e-05,325
"diagnostic_202003_forest_FALSE","Q429_Q440R6",7.15793458793559e-05,326
"diagnostic_202003_forest_FALSE","Q77R3",7.14997905879837e-05,327
"diagnostic_202003_forest_FALSE","Q812",7.14646646894446e-05,328
"diagnostic_202003_forest_FALSE","Q417_Q424R2",7.14181240731033e-05,329
"diagnostic_202003_forest_FALSE","Q504R2",7.13717460760774e-05,330
"diagnostic_202003_forest_FALSE","Q429_Q440R8",7.11783941687935e-05,331
"diagnostic_202003_forest_FALSE","Q331",7.11496579337339e-05,332
"diagnostic_202003_forest_FALSE","Q411_Q416R2",7.11398079020957e-05,333
"diagnostic_202003_forest_FALSE","Q441_Q452R2",7.10644186404839e-05,334
"diagnostic_202003_forest_FALSE","Q217R4",7.10453790893602e-05,335
"diagnostic_202003_forest_FALSE","Q709_712R3",7.10033987007093e-05,336
"diagnostic_202003_forest_FALSE","Q182",7.07274679397764e-05,337
"diagnostic_202003_forest_FALSE","Q93",7.06786377590947e-05,338
"diagnostic_202003_forest_FALSE","Q205",7.03865190498973e-05,339
"diagnostic_202003_forest_FALSE","Q200",7.02315129678025e-05,340
"diagnostic_202003_forest_FALSE","Q225R4",6.97801721719628e-05,341
"diagnostic_202003_forest_FALSE","Q560R2",6.97174939987439e-05,342
"diagnostic_202003_forest_FALSE","Q472_Q474R2",6.96997274445471e-05,343
"diagnostic_202003_forest_FALSE","Q273R1",6.93133688279335e-05,344
"diagnostic_202003_forest_FALSE","Q550",6.9116412338812e-05,345
"diagnostic_202003_forest_FALSE","Q454",6.90083773210233e-05,346
"diagnostic_202003_forest_FALSE","Q221R3",6.89796292525131e-05,347
"diagnostic_202003_forest_FALSE","Q753",6.8864261041628e-05,348
"diagnostic_202003_forest_FALSE","Q334",6.88059230866865e-05,349
"diagnostic_202003_forest_FALSE","Q250R2",6.87342398041989e-05,350
"diagnostic_202003_forest_FALSE","Q693_Q700R3",6.86694121854791e-05,351
"diagnostic_202003_forest_FALSE","Q386_Q390R3",6.86032957712446e-05,352
"diagnostic_202003_forest_FALSE","Q715_718R3",6.7997564536262e-05,353
"diagnostic_202003_forest_FALSE","Q709_712R2",6.74966097411227e-05,354
"diagnostic_202003_forest_FALSE","Q400",6.7485775017731e-05,355
"diagnostic_202003_forest_FALSE","Q201",6.74673393151607e-05,356
"diagnostic_202003_forest_FALSE","Q193",6.74655128157114e-05,357
"diagnostic_202003_forest_FALSE","Q754_Q762R6",6.74050628784527e-05,358
"diagnostic_202003_forest_FALSE","Q396_Q398R3",6.72005965949515e-05,359
"diagnostic_202003_forest_FALSE","Q504R1",6.70013605673334e-05,360
"diagnostic_202003_forest_FALSE","Q208R3",6.69713314394857e-05,361
"diagnostic_202003_forest_FALSE","S2_NATIVE",6.69079805161586e-05,362
"diagnostic_202003_forest_FALSE","Q629",6.69054663201907e-05,363
"diagnostic_202003_forest_FALSE","Q117R8",6.6396698033735e-05,364
"diagnostic_202003_forest_FALSE","Q597_Q602R2",6.62857441413061e-05,365
"diagnostic_202003_forest_FALSE","Q194",6.59917958704971e-05,366
"diagnostic_202003_forest_FALSE","Q333",6.59442694973692e-05,367
"diagnostic_202003_forest_FALSE","Q727_Q731R5",6.58356974524768e-05,368
"diagnostic_202003_forest_FALSE","Q478_Q483R4",6.58290714524976e-05,369
"diagnostic_202003_forest_FALSE","Q727_Q731R1",6.56070043673249e-05,370
"diagnostic_202003_forest_FALSE","Q77R4",6.5419628190694e-05,371
"diagnostic_202003_forest_FALSE","Q478_Q483R3",6.54106406612273e-05,372
"diagnostic_202003_forest_FALSE","Q750",6.52324172460142e-05,373
"diagnostic_202003_forest_FALSE","Q148",6.52206063104573e-05,374
"diagnostic_202003_forest_FALSE","Q286",6.50892313850645e-05,375
"diagnostic_202003_forest_FALSE","Q316R4",6.50072153303862e-05,376
"diagnostic_202003_forest_FALSE","Q350",6.49338027536427e-05,377
"diagnostic_202003_forest_FALSE","Q425",6.48260310657682e-05,378
"diagnostic_202003_forest_FALSE","Q693_Q700R8",6.47098624760075e-05,379
"diagnostic_202003_forest_FALSE","Q99R1",6.39339862559068e-05,380
"diagnostic_202003_forest_FALSE","Q225R12",6.3877204374167e-05,381
"diagnostic_202003_forest_FALSE","Q117R4",6.37885024008112e-05,382
"diagnostic_202003_forest_FALSE","Q207",6.34973076106257e-05,383
"diagnostic_202003_forest_FALSE","Q429_Q440R1",6.34296194136122e-05,384
"diagnostic_202003_forest_FALSE","Q563_Q572R3",6.32926115887993e-05,385
"diagnostic_202003_forest_FALSE","Q117R11",6.31292898385208e-05,386
"diagnostic_202003_forest_FALSE","Q347",6.28782052485426e-05,387
"diagnostic_202003_forest_FALSE","Q384R1",6.28147477634105e-05,388
"diagnostic_202003_forest_FALSE","Q159R3",6.26369293257629e-05,389
"diagnostic_202003_forest_FALSE","Q744",6.21492700505279e-05,390
"diagnostic_202003_forest_FALSE","Q456_Q461R5",6.17496273639604e-05,391
"diagnostic_202003_forest_FALSE","Q746B",6.17023018283879e-05,392
"diagnostic_202003_forest_FALSE","Q715_718R4",6.13878033053414e-05,393
"diagnostic_202003_forest_FALSE","Q574",6.13744955884984e-05,394
"diagnostic_202003_forest_FALSE","Q47",6.09950441017049e-05,395
"diagnostic_202003_forest_FALSE","Q701_Q705R3",6.08881376460123e-05,396
"diagnostic_202003_forest_FALSE","Q187R1",6.0765936966537e-05,397
"diagnostic_202003_forest_FALSE","Q582",6.07549230136726e-05,398
"diagnostic_202003_forest_FALSE","Q660",6.06024218771998e-05,399
"diagnostic_202003_forest_FALSE","Q250R1",6.04010072797179e-05,400
"diagnostic_202003_forest_FALSE","Q727_Q731R2",6.0297698288905e-05,401
"diagnostic_202003_forest_FALSE","Q20",6.02639562265179e-05,402
"diagnostic_202003_forest_FALSE","Q386_Q390R5",6.00131465958465e-05,403
"diagnostic_202003_forest_FALSE","Q417_Q424R5",5.98840749076154e-05,404
"diagnostic_202003_forest_FALSE","Q619_Q626R3",5.9858078333234e-05,405
"diagnostic_202003_forest_FALSE","Q453",5.96826594664907e-05,406
"diagnostic_202003_forest_FALSE","Q26",5.95603388722289e-05,407
"diagnostic_202003_forest_FALSE","Q563_Q572R2",5.91812876215528e-05,408
"diagnostic_202003_forest_FALSE","Q652_Q658R2",5.91363636176146e-05,409
"diagnostic_202003_forest_FALSE","Q575_Q581R4",5.89214506316505e-05,410
"diagnostic_202003_forest_FALSE","Q196",5.88556235133744e-05,411
"diagnostic_202003_forest_FALSE","Q159R2",5.85476475763235e-05,412
"diagnostic_202003_forest_FALSE","Q417_Q424R1",5.85464206192039e-05,413
"diagnostic_202003_forest_FALSE","Q257AR1",5.84225510940334e-05,414
"diagnostic_202003_forest_FALSE","Q175R1",5.79690375492477e-05,415
"diagnostic_202003_forest_FALSE","Q794",5.7474444722764e-05,416
"diagnostic_202003_forest_FALSE","Q131R13",5.73235999812228e-05,417
"diagnostic_202003_forest_FALSE","Q690",5.7239753652628e-05,418
"diagnostic_202003_forest_FALSE","Q663_Q666R2",5.67103891264508e-05,419
"diagnostic_202003_forest_FALSE","Q504R6",5.67101847736006e-05,420
"diagnostic_202003_forest_FALSE","Q363",5.66329852043612e-05,421
"diagnostic_202003_forest_FALSE","Q62R4",5.61385001835757e-05,422
"diagnostic_202003_forest_FALSE","Q282",5.60684183677439e-05,423
"diagnostic_202003_forest_FALSE","Q239R1",5.60060664397112e-05,424
"diagnostic_202003_forest_FALSE","Q395",5.58746768110941e-05,425
"diagnostic_202003_forest_FALSE","Q720_Q722R2",5.58394402084918e-05,426
"diagnostic_202003_forest_FALSE","Q509_Q511R3",5.58082547294358e-05,427
"diagnostic_202003_forest_FALSE","Q775",5.57756483555519e-05,428
"diagnostic_202003_forest_FALSE","Q667_Q671R3",5.53221546650322e-05,429
"diagnostic_202003_forest_FALSE","Q316R7",5.52023731794145e-05,430
"diagnostic_202003_forest_FALSE","Q491A",5.51880574980107e-05,431
"diagnostic_202003_forest_FALSE","Q13",5.50352998502926e-05,432
"diagnostic_202003_forest_FALSE","Q154R2",5.492104918726e-05,433
"diagnostic_202003_forest_FALSE","Q706_Q708R3",5.48528416109849e-05,434
"diagnostic_202003_forest_FALSE","Q294",5.47182079089901e-05,435
"diagnostic_202003_forest_FALSE","Q368",5.46980225063396e-05,436
"diagnostic_202003_forest_FALSE","Q551_Q559R2",5.43863347121651e-05,437
"diagnostic_202003_forest_FALSE","Q685",5.39678564879169e-05,438
"diagnostic_202003_forest_FALSE","Q701_Q705R4",5.37476671775133e-05,439
"diagnostic_202003_forest_FALSE","Q551_Q559R6",5.35410900141869e-05,440
"diagnostic_202003_forest_FALSE","Q351",5.35194648034225e-05,441
"diagnostic_202003_forest_FALSE","Q225R1",5.33882304618584e-05,442
"diagnostic_202003_forest_FALSE","Q748",5.31818694290087e-05,443
"diagnostic_202003_forest_FALSE","Q441_Q452R10",5.31260939282743e-05,444
"diagnostic_202003_forest_FALSE","Q551_Q559R5",5.25817119677753e-05,445
"diagnostic_202003_forest_FALSE","Q250R5",5.25284609387215e-05,446
"diagnostic_202003_forest_FALSE","Q370",5.24156164571124e-05,447
"diagnostic_202003_forest_FALSE","Q720_Q722R3",5.23930952999971e-05,448
"diagnostic_202003_forest_FALSE","Q287R4",5.23531540750969e-05,449
"diagnostic_202003_forest_FALSE","Q793",5.22454309735337e-05,450
"diagnostic_202003_forest_FALSE","Q521_Q528R1",5.22100889284983e-05,451
"diagnostic_202003_forest_FALSE","Q131R3",5.21675455226121e-05,452
"diagnostic_202003_forest_FALSE","Q162R6",5.21608363712606e-05,453
"diagnostic_202003_forest_FALSE","Q417_Q424R7",5.19566236574634e-05,454
"diagnostic_202003_forest_FALSE","Q652_Q658R3",5.18963723470637e-05,455
"diagnostic_202003_forest_FALSE","Q153",5.17109258186115e-05,456
"diagnostic_202003_forest_FALSE","Q77R7",5.16048861096037e-05,457
"diagnostic_202003_forest_FALSE","S13",5.11552679778911e-05,458
"diagnostic_202003_forest_FALSE","Q225R14",5.11421659720086e-05,459
"diagnostic_202003_forest_FALSE","Q343R3",5.11378024381817e-05,460
"diagnostic_202003_forest_FALSE","Q597_Q602R4",5.10930240640237e-05,461
"diagnostic_202003_forest_FALSE","Q273R2",5.10686060757034e-05,462
"diagnostic_202003_forest_FALSE","Q99R3",5.10043154192648e-05,463
"diagnostic_202003_forest_FALSE","Q225R9",5.06926628563827e-05,464
"diagnostic_202003_forest_FALSE","Q369",5.06012597829811e-05,465
"diagnostic_202003_forest_FALSE","Q247",5.05038577131987e-05,466
"diagnostic_202003_forest_FALSE","Q84",4.99794034730034e-05,467
"diagnostic_202003_forest_FALSE","Q70R4",4.95079524319175e-05,468
"diagnostic_202003_forest_FALSE","Q763_Q766R4",4.91616055649917e-05,469
"diagnostic_202003_forest_FALSE","Q117R3",4.91267046554116e-05,470
"diagnostic_202003_forest_FALSE","Q563_Q572R6",4.89674489498114e-05,471
"diagnostic_202003_forest_FALSE","Q243R2",4.89011663173923e-05,472
"diagnostic_202003_forest_FALSE","Q57",4.8720099878606e-05,473
"diagnostic_202003_forest_FALSE","Q99R6",4.86167363694204e-05,474
"diagnostic_202003_forest_FALSE","Q399",4.84522732331848e-05,475
"diagnostic_202003_forest_FALSE","Q254",4.79414719574871e-05,476
"diagnostic_202003_forest_FALSE","Q131R6",4.77898168412291e-05,477
"diagnostic_202003_forest_FALSE","Q184R3",4.77288186603573e-05,478
"diagnostic_202003_forest_FALSE","S7",4.74528901973083e-05,479
"diagnostic_202003_forest_FALSE","Q62R5",4.7402527852376e-05,480
"diagnostic_202003_forest_FALSE","Q803",4.73090306507817e-05,481
"diagnostic_202003_forest_FALSE","Q131R11",4.73055656900193e-05,482
"diagnostic_202003_forest_FALSE","Q563_Q572R1",4.65853927741872e-05,483
"diagnostic_202003_forest_FALSE","Q467_Q469R3",4.65686884157926e-05,484
"diagnostic_202003_forest_FALSE","Q456_Q461R6",4.64456508795441e-05,485
"diagnostic_202003_forest_FALSE","Q551_Q559R3",4.63850768257688e-05,486
"diagnostic_202003_forest_FALSE","Q591_Q596R4",4.63733091126776e-05,487
"diagnostic_202003_forest_FALSE","Q441_Q452R12",4.63653074223193e-05,488
"diagnostic_202003_forest_FALSE","Q365",4.62714577752143e-05,489
"diagnostic_202003_forest_FALSE","Q429_Q440R10",4.57695847581278e-05,490
"diagnostic_202003_forest_FALSE","Q715_718R2",4.57145902292766e-05,491
"diagnostic_202003_forest_FALSE","Q562",4.53184136704909e-05,492
"diagnostic_202003_forest_FALSE","Q551_Q559R8",4.50330205301287e-05,493
"diagnostic_202003_forest_FALSE","Q455",4.47874184005743e-05,494
"diagnostic_202003_forest_FALSE","Q99R10",4.46731555923927e-05,495
"diagnostic_202003_forest_FALSE","Q379",4.44997068223614e-05,496
"diagnostic_202003_forest_FALSE","Q763_Q766R3",4.44754087293433e-05,497
"diagnostic_202003_forest_FALSE","Q339",4.44009230553433e-05,498
"diagnostic_202003_forest_FALSE","Q359R4",4.41943328203051e-05,499
"diagnostic_202003_forest_FALSE","Q429_Q440R9",4.41829229564564e-05,500
"diagnostic_202003_forest_FALSE","Q149",4.41130173932145e-05,501
"diagnostic_202003_forest_FALSE","Q178R4",4.40861022964467e-05,502
"diagnostic_202003_forest_FALSE","Q563_Q572R4",4.39625898653043e-05,503
"diagnostic_202003_forest_FALSE","Q154R3",4.38885350135044e-05,504
"diagnostic_202003_forest_FALSE","Q720_Q722R1",4.32690310705569e-05,505
"diagnostic_202003_forest_FALSE","Q117R12",4.32492956342072e-05,506
"diagnostic_202003_forest_FALSE","Q563_Q572R5",4.31947502788347e-05,507
"diagnostic_202003_forest_FALSE","Q809",4.30206281761441e-05,508
"diagnostic_202003_forest_FALSE","Q767_Q771R3",4.27214806346485e-05,509
"diagnostic_202003_forest_FALSE","Q184R2",4.26197435559305e-05,510
"diagnostic_202003_forest_FALSE","Q386_Q390R1",4.23617534300774e-05,511
"diagnostic_202003_forest_FALSE","Q779",4.23455724622329e-05,512
"diagnostic_202003_forest_FALSE","Q543",4.21563976676349e-05,513
"diagnostic_202003_forest_FALSE","Q111R4",4.19547007945028e-05,514
"diagnostic_202003_forest_FALSE","Q713",4.18344289210992e-05,515
"diagnostic_202003_forest_FALSE","Q225R5",4.17081083002632e-05,516
"diagnostic_202003_forest_FALSE","Q484",4.14407735778455e-05,517
"diagnostic_202003_forest_FALSE","Q616_Q618R2",4.14401229175732e-05,518
"diagnostic_202003_forest_FALSE","Q494_Q503R5",4.13682778566324e-05,519
"diagnostic_202003_forest_FALSE","Q146",4.10247569641374e-05,520
"diagnostic_202003_forest_FALSE","Q709_712R4",4.06399832731068e-05,521
"diagnostic_202003_forest_FALSE","Q535_Q538R1",4.03972475079895e-05,522
"diagnostic_202003_forest_FALSE","Q782",4.03091566284949e-05,523
"diagnostic_202003_forest_FALSE","Q630_Q632R3",4.01824401070464e-05,524
"diagnostic_202003_forest_FALSE","Q441_Q452R5",4.01292748078514e-05,525
"diagnostic_202003_forest_FALSE","Q521_Q528R8",4.01190374822011e-05,526
"diagnostic_202003_forest_FALSE","Q150",3.98696706346539e-05,527
"diagnostic_202003_forest_FALSE","Q521_Q528R4",3.97732732721374e-05,528
"diagnostic_202003_forest_FALSE","Q99R8",3.96878684567683e-05,529
"diagnostic_202003_forest_FALSE","Q693_Q700R5",3.96048935020461e-05,530
"diagnostic_202003_forest_FALSE","Q111R1",3.95589774487648e-05,531
"diagnostic_202003_forest_FALSE","Q494_Q503R10",3.93137344744063e-05,532
"diagnostic_202003_forest_FALSE","Q754_Q762R1",3.92439880354742e-05,533
"diagnostic_202003_forest_FALSE","Q40",3.92219669242433e-05,534
"diagnostic_202003_forest_FALSE","Q640_Q645R3",3.91750419025891e-05,535
"diagnostic_202003_forest_FALSE","Q494_Q503R4",3.91534183210814e-05,536
"diagnostic_202003_forest_FALSE","Q686",3.91023989592899e-05,537
"diagnostic_202003_forest_FALSE","Q131R9",3.90757857593936e-05,538
"diagnostic_202003_forest_FALSE","Q619_Q626R2",3.84018136421878e-05,539
"diagnostic_202003_forest_FALSE","Q627",3.83458188748519e-05,540
"diagnostic_202003_forest_FALSE","Q225R3",3.82136854532016e-05,541
"diagnostic_202003_forest_FALSE","Q505_Q508R4",3.79841139109898e-05,542
"diagnostic_202003_forest_FALSE","Q187R3",3.79532501273415e-05,543
"diagnostic_202003_forest_FALSE","Q494_Q503R8",3.76063269138484e-05,544
"diagnostic_202003_forest_FALSE","Q406",3.75324307948314e-05,545
"diagnostic_202003_forest_FALSE","Q542",3.73433839301959e-05,546
"diagnostic_202003_forest_FALSE","Q551_Q559R1",3.72519016497564e-05,547
"diagnostic_202003_forest_FALSE","Q509_Q511R2",3.69516736570599e-05,548
"diagnostic_202003_forest_FALSE","Q723_Q725R2",3.67773216173303e-05,549
"diagnostic_202003_forest_FALSE","Q727_Q731R3",3.6720352089329e-05,550
"diagnostic_202003_forest_FALSE","Q257CR4",3.6686277683009e-05,551
"diagnostic_202003_forest_FALSE","Q208R1",3.63887590049346e-05,552
"diagnostic_202003_forest_FALSE","Q99R11",3.61896595126422e-05,553
"diagnostic_202003_forest_FALSE","Q485",3.60502414861292e-05,554
"diagnostic_202003_forest_FALSE","Q521_Q528R5",3.60321407448525e-05,555
"diagnostic_202003_forest_FALSE","Q693_Q700R1",3.59564644070353e-05,556
"diagnostic_202003_forest_FALSE","Q111R5",3.59314200186719e-05,557
"diagnostic_202003_forest_FALSE","Q679_Q682R3",3.59209854499741e-05,558
"diagnostic_202003_forest_FALSE","Q154R5",3.56825175001017e-05,559
"diagnostic_202003_forest_FALSE","Q701_Q705R1",3.56629171317917e-05,560
"diagnostic_202003_forest_FALSE","Q316R2",3.5646053725033e-05,561
"diagnostic_202003_forest_FALSE","S3C",3.55542892250624e-05,562
"diagnostic_202003_forest_FALSE","Q381_Q383R2",3.55522520175512e-05,563
"diagnostic_202003_forest_FALSE","Q441_Q452R9",3.53674115846599e-05,564
"diagnostic_202003_forest_FALSE","Q217R3",3.52206139464653e-05,565
"diagnostic_202003_forest_FALSE","Q159R1",3.51034018049177e-05,566
"diagnostic_202003_forest_FALSE","Q243R3",3.51019593295537e-05,567
"diagnostic_202003_forest_FALSE","Q147",3.50725151864171e-05,568
"diagnostic_202003_forest_FALSE","Q814",3.49729402187453e-05,569
"diagnostic_202003_forest_FALSE","Q604_Q605R2",3.47932107601315e-05,570
"diagnostic_202003_forest_FALSE","Q478_Q483R6",3.47001876414863e-05,571
"diagnostic_202003_forest_FALSE","Q257AR3",3.45486284382988e-05,572
"diagnostic_202003_forest_FALSE","Q117R1",3.4514929607613e-05,573
"diagnostic_202003_forest_FALSE","Q663_Q666R3",3.44829398990013e-05,574
"diagnostic_202003_forest_FALSE","Q763_Q766R1",3.44578279758436e-05,575
"diagnostic_202003_forest_FALSE","Q429_Q440R3",3.4447085578228e-05,576
"diagnostic_202003_forest_FALSE","Q316R6",3.40945830191121e-05,577
"diagnostic_202003_forest_FALSE","Q225R8",3.40528159991647e-05,578
"diagnostic_202003_forest_FALSE","Q676_Q678R3",3.39592924034482e-05,579
"diagnostic_202003_forest_FALSE","Q701_Q705R2",3.3826040344392e-05,580
"diagnostic_202003_forest_FALSE","Q471",3.38013780682768e-05,581
"diagnostic_202003_forest_FALSE","Q44",3.35088457604584e-05,582
"diagnostic_202003_forest_FALSE","Q646_Q651R8",3.34253595410172e-05,583
"diagnostic_202003_forest_FALSE","Q371",3.32159460929712e-05,584
"diagnostic_202003_forest_FALSE","Q613",3.32128443905892e-05,585
"diagnostic_202003_forest_FALSE","S10_MEX",3.30750838202369e-05,586
"diagnostic_202003_forest_FALSE","Q225R10",3.28569923022465e-05,587
"diagnostic_202003_forest_FALSE","Q273R3",3.28567192246228e-05,588
"diagnostic_202003_forest_FALSE","Q551_Q559R4",3.28523593327342e-05,589
"diagnostic_202003_forest_FALSE","Q68",3.28450856211768e-05,590
"diagnostic_202003_forest_FALSE","Q117R9",3.27648097228816e-05,591
"diagnostic_202003_forest_FALSE","Q45",3.25939620921581e-05,592
"diagnostic_202003_forest_FALSE","Q584",3.25528051223009e-05,593
"diagnostic_202003_forest_FALSE","Q795",3.22560642805482e-05,594
"diagnostic_202003_forest_FALSE","Q441_Q452R11",3.15872085075554e-05,595
"diagnostic_202003_forest_FALSE","Q225R13",3.14732700769613e-05,596
"diagnostic_202003_forest_FALSE","Q583",3.14629349065923e-05,597
"diagnostic_202003_forest_FALSE","Q42",3.13296901073531e-05,598
"diagnostic_202003_forest_FALSE","Q62R3",3.11564656682358e-05,599
"diagnostic_202003_forest_FALSE","Q366",3.10072065146692e-05,600
"diagnostic_202003_forest_FALSE","Q560R3",3.09569978548356e-05,601
"diagnostic_202003_forest_FALSE","Q749",3.08757850434468e-05,602
"diagnostic_202003_forest_FALSE","Q287R3",3.0774717581436e-05,603
"diagnostic_202003_forest_FALSE","Q287R1",3.07544104894001e-05,604
"diagnostic_202003_forest_FALSE","Q521_Q528R3",3.06089150823051e-05,605
"diagnostic_202003_forest_FALSE","Q381_Q383R3",3.0380218466818e-05,606
"diagnostic_202003_forest_FALSE","Q687",3.0330031502002e-05,607
"diagnostic_202003_forest_FALSE","Q494_Q503R6",3.03032782479873e-05,608
"diagnostic_202003_forest_FALSE","Q208R4",3.00153851560713e-05,609
"diagnostic_202003_forest_FALSE","Q99R9",3.00081450827768e-05,610
"diagnostic_202003_forest_FALSE","Q456_Q461R4",2.98024787940521e-05,611
"diagnostic_202003_forest_FALSE","Q77R9",2.97748807729009e-05,612
"diagnostic_202003_forest_FALSE","Q738_Q740R2",2.95337818466711e-05,613
"diagnostic_202003_forest_FALSE","Q619_Q626R7",2.95186573826248e-05,614
"diagnostic_202003_forest_FALSE","Q17",2.92357876145654e-05,615
"diagnostic_202003_forest_FALSE","Q732_Q737R2",2.91857172655696e-05,616
"diagnostic_202003_forest_FALSE","Q358",2.88388284954564e-05,617
"diagnostic_202003_forest_FALSE","Q706_Q708R1",2.86380067452196e-05,618
"diagnostic_202003_forest_FALSE","Q640_Q645R6",2.83136066138622e-05,619
"diagnostic_202003_forest_FALSE","Q467_Q469R1",2.81333986899896e-05,620
"diagnostic_202003_forest_FALSE","Q172R2",2.80167548428108e-05,621
"diagnostic_202003_forest_FALSE","Q628",2.79256137358418e-05,622
"diagnostic_202003_forest_FALSE","Q563_Q572R9",2.77222385094112e-05,623
"diagnostic_202003_forest_FALSE","Q619_Q626R5",2.71312955561826e-05,624
"diagnostic_202003_forest_FALSE","Q258",2.69116631026223e-05,625
"diagnostic_202003_forest_FALSE","Q221R1",2.6816353263203e-05,626
"diagnostic_202003_forest_FALSE","Q266",2.68071933471755e-05,627
"diagnostic_202003_forest_FALSE","Q663_Q666R1",2.64469565429845e-05,628
"diagnostic_202003_forest_FALSE","Q652_Q658R5",2.63701378690421e-05,629
"diagnostic_202003_forest_FALSE","Q252",2.6127827285841e-05,630
"diagnostic_202003_forest_FALSE","Q357",2.60206599737111e-05,631
"diagnostic_202003_forest_FALSE","Q405",2.59653148708664e-05,632
"diagnostic_202003_forest_FALSE","Q99R5",2.59169763069724e-05,633
"diagnostic_202003_forest_FALSE","Q256",2.58109811531222e-05,634
"diagnostic_202003_forest_FALSE","Q151",2.5629591031279e-05,635
"diagnostic_202003_forest_FALSE","Q175R2",2.55237739741365e-05,636
"diagnostic_202003_forest_FALSE","Q597_Q602R5",2.54777839007663e-05,637
"diagnostic_202003_forest_FALSE","Q462",2.54402761061501e-05,638
"diagnostic_202003_forest_FALSE","Q818",2.52890370083849e-05,639
"diagnostic_202003_forest_FALSE","Q359R3",2.52621993094808e-05,640
"diagnostic_202003_forest_FALSE","Q630_Q632R2",2.50853781697877e-05,641
"diagnostic_202003_forest_FALSE","Q154R4",2.50001289551306e-05,642
"diagnostic_202003_forest_FALSE","Q563_Q572R10",2.48846404760867e-05,643
"diagnostic_202003_forest_FALSE","Q529",2.4692772488791e-05,644
"diagnostic_202003_forest_FALSE","Q250R8",2.4561536508824e-05,645
"diagnostic_202003_forest_FALSE","Q16",2.45084910470901e-05,646
"diagnostic_202003_forest_FALSE","Q117R7",2.44155111951509e-05,647
"diagnostic_202003_forest_FALSE","Q257BR3",2.43688999316072e-05,648
"diagnostic_202003_forest_FALSE","Q551_Q559R9",2.41696049894623e-05,649
"diagnostic_202003_forest_FALSE","Q401_Q404R2",2.38396187647971e-05,650
"diagnostic_202003_forest_FALSE","Q441_Q452R4",2.37910397906601e-05,651
"diagnostic_202003_forest_FALSE","Q175R3",2.36414424183102e-05,652
"diagnostic_202003_forest_FALSE","Q693_Q700R2",2.35931090241309e-05,653
"diagnostic_202003_forest_FALSE","Q263",2.35665708092434e-05,654
"diagnostic_202003_forest_FALSE","Q738_Q740R1",2.32422001538968e-05,655
"diagnostic_202003_forest_FALSE","Q409",2.3007174449092e-05,656
"diagnostic_202003_forest_FALSE","Q117R5",2.28012869338381e-05,657
"diagnostic_202003_forest_FALSE","Q429_Q440R7",2.24251605188568e-05,658
"diagnostic_202003_forest_FALSE","Q478_Q483R2",2.2415737630621e-05,659
"diagnostic_202003_forest_FALSE","Q640_Q645R4",2.2370370813611e-05,660
"diagnostic_202003_forest_FALSE","Q429_Q440R4",2.22185702810795e-05,661
"diagnostic_202003_forest_FALSE","Q719",2.21996669685297e-05,662
"diagnostic_202003_forest_FALSE","Q801",2.20639392547146e-05,663
"diagnostic_202003_forest_FALSE","Q441_Q452R8",2.20336650636284e-05,664
"diagnostic_202003_forest_FALSE","Q316R5",2.202935899974e-05,665
"diagnostic_202003_forest_FALSE","Q152",2.20013987372502e-05,666
"diagnostic_202003_forest_FALSE","Q249",2.18369723420422e-05,667
"diagnostic_202003_forest_FALSE","Q257CR3",2.15094007989439e-05,668
"diagnostic_202003_forest_FALSE","Q563_Q572R7",2.1062907947037e-05,669
"diagnostic_202003_forest_FALSE","Q646_Q651R11",2.0733353020378e-05,670
"diagnostic_202003_forest_FALSE","Q396_Q398R1",2.03380229721993e-05,671
"diagnostic_202003_forest_FALSE","Q541",2.02326930783886e-05,672
"diagnostic_202003_forest_FALSE","Q487_Q489R1",2.00274871287529e-05,673
"diagnostic_202003_forest_FALSE","Q494_Q503R3",1.99657056611736e-05,674
"diagnostic_202003_forest_FALSE","Q646_Q651R10",1.98960354156655e-05,675
"diagnostic_202003_forest_FALSE","Q70R3",1.98308212714838e-05,676
"diagnostic_202003_forest_FALSE","Q456_Q461R3",1.98099339567747e-05,677
"diagnostic_202003_forest_FALSE","Q747",1.96745976563444e-05,678
"diagnostic_202003_forest_FALSE","Q411_Q416R3",1.95582140563479e-05,679
"diagnostic_202003_forest_FALSE","Q548R7",1.94871850464225e-05,680
"diagnostic_202003_forest_FALSE","Q767_Q771R1",1.94658300686811e-05,681
"diagnostic_202003_forest_FALSE","Q723_Q725R3",1.94394269419928e-05,682
"diagnostic_202003_forest_FALSE","Q364",1.93805709507332e-05,683
"diagnostic_202003_forest_FALSE","Q401_Q404R3",1.90496310912447e-05,684
"diagnostic_202003_forest_FALSE","Q411_Q416R1",1.85089648857601e-05,685
"diagnostic_202003_forest_FALSE","Q738_Q740R3",1.8441250465052e-05,686
"diagnostic_202003_forest_FALSE","Q639",1.84145286521322e-05,687
"diagnostic_202003_forest_FALSE","Q585_Q590R4",1.82532644491684e-05,688
"diagnostic_202003_forest_FALSE","Q472_Q474R3",1.82315199140114e-05,689
"diagnostic_202003_forest_FALSE","Q547R7",1.81202051571529e-05,690
"diagnostic_202003_forest_FALSE","Q77R1",1.80131717955509e-05,691
"diagnostic_202003_forest_FALSE","Q463",1.77342764303706e-05,692
"diagnostic_202003_forest_FALSE","Q679_Q682R4",1.74378019338126e-05,693
"diagnostic_202003_forest_FALSE","Q646_Q651R5",1.7407412034593e-05,694
"diagnostic_202003_forest_FALSE","Q476",1.72309988949267e-05,695
"diagnostic_202003_forest_FALSE","Q111R2",1.6993809663719e-05,696
"diagnostic_202003_forest_FALSE","Q615",1.69757417271266e-05,697
"diagnostic_202003_forest_FALSE","Q804",1.69444864448319e-05,698
"diagnostic_202003_forest_FALSE","Q67",1.68093531094421e-05,699
"diagnostic_202003_forest_FALSE","Q411_Q416R6",1.66583709528898e-05,700
"diagnostic_202003_forest_FALSE","Q519",1.65971106912195e-05,701
"diagnostic_202003_forest_FALSE","Q441_Q452R6",1.64384546604704e-05,702
"diagnostic_202003_forest_FALSE","Q767_Q771R2",1.63836887422766e-05,703
"diagnostic_202003_forest_FALSE","Q505_Q508R3",1.61577186120504e-05,704
"diagnostic_202003_forest_FALSE","Q391_Q393R3",1.59409877153756e-05,705
"diagnostic_202003_forest_FALSE","Q754_Q762R3",1.59372561647617e-05,706
"diagnostic_202003_forest_FALSE","Q380",1.59047122601311e-05,707
"diagnostic_202003_forest_FALSE","Q145",1.56138140485998e-05,708
"diagnostic_202003_forest_FALSE","Q535_Q538R3",1.54989879233737e-05,709
"diagnostic_202003_forest_FALSE","Q33R3",1.548163011556e-05,710
"diagnostic_202003_forest_FALSE","Q575_Q581R5",1.49518821820607e-05,711
"diagnostic_202003_forest_FALSE","Q544",1.47877700831405e-05,712
"diagnostic_202003_forest_FALSE","Q441_Q452R3",1.4766068736036e-05,713
"diagnostic_202003_forest_FALSE","Q640_Q645R5",1.45968693947676e-05,714
"diagnostic_202003_forest_FALSE","Q675",1.43455929116353e-05,715
"diagnostic_202003_forest_FALSE","Q591_Q596R2",1.41469091661669e-05,716
"diagnostic_202003_forest_FALSE","Q815",1.41141282722941e-05,717
"diagnostic_202003_forest_FALSE","Q386_Q390R4",1.37921082795306e-05,718
"diagnostic_202003_forest_FALSE","Q117R2",1.36580993468934e-05,719
"diagnostic_202003_forest_FALSE","Q372",1.3266007739432e-05,720
"diagnostic_202003_forest_FALSE","Q46",1.28781614654693e-05,721
"diagnostic_202003_forest_FALSE","Q239R2",1.26780895543831e-05,722
"diagnostic_202003_forest_FALSE","Q62R1",1.2524861933871e-05,723
"diagnostic_202003_forest_FALSE","Q746A",1.24445565005744e-05,724
"diagnostic_202003_forest_FALSE","Q131R7",1.24324009043445e-05,725
"diagnostic_202003_forest_FALSE","Q33R4",1.23801180626616e-05,726
"diagnostic_202003_forest_FALSE","Q260",1.22589719982296e-05,727
"diagnostic_202003_forest_FALSE","Q221R2",1.21788262383762e-05,728
"diagnostic_202003_forest_FALSE","Q493",1.20303733400178e-05,729
"diagnostic_202003_forest_FALSE","NEWQ67",1.19205835501686e-05,730
"diagnostic_202003_forest_FALSE","Q732_Q737R5",1.19143432949864e-05,731
"diagnostic_202003_forest_FALSE","Q585_Q590R6",1.16657741306963e-05,732
"diagnostic_202003_forest_FALSE","S2_AFROLAT",1.10351893645772e-05,733
"diagnostic_202003_forest_FALSE","Q709_712R1",1.08226879330018e-05,734
"diagnostic_202003_forest_FALSE","Q487_Q489R3",1.07668208933856e-05,735
"diagnostic_202003_forest_FALSE","Q87",1.06761521273261e-05,736
"diagnostic_202003_forest_FALSE","Q217R2",1.0625707356609e-05,737
"diagnostic_202003_forest_FALSE","Q401_Q404R1",1.04407944134637e-05,738
"diagnostic_202003_forest_FALSE","Q726",1.0285789709307e-05,739
"diagnostic_202003_forest_FALSE","Q204",1.00633016356801e-05,740
"diagnostic_202003_forest_FALSE","Q75",1.0055087030517e-05,741
"diagnostic_202003_forest_FALSE","Q391_Q393R1",9.93487751891273e-06,742
"diagnostic_202003_forest_FALSE","Q563_Q572R8",9.67396381318755e-06,743
"diagnostic_202003_forest_FALSE","Q513_Q516R1",9.66361728909817e-06,744
"diagnostic_202003_forest_FALSE","Q131R1",9.48430456522962e-06,745
"diagnostic_202003_forest_FALSE","Q367",9.44248738448346e-06,746
"diagnostic_202003_forest_FALSE","Q754_Q762R7",9.36040179874189e-06,747
"diagnostic_202003_forest_FALSE","Q585_Q590R5",9.21841102980553e-06,748
"diagnostic_202003_forest_FALSE","Q269",9.06982426059809e-06,749
"diagnostic_202003_forest_FALSE","Q754_Q762R5",8.96299245774159e-06,750
"diagnostic_202003_forest_FALSE","Q549R7",8.92422245533463e-06,751
"diagnostic_202003_forest_FALSE","Q257CR1",8.83302168510933e-06,752
"diagnostic_202003_forest_FALSE","Q441_Q452R1",8.75392111632931e-06,753
"diagnostic_202003_forest_FALSE","Q652_Q658R1",8.70117159687905e-06,754
"diagnostic_202003_forest_FALSE","Q616_Q618R3",8.44458370164616e-06,755
"diagnostic_202003_forest_FALSE","Q401_Q404R4",7.72827856100252e-06,756
"diagnostic_202003_forest_FALSE","Q117R6",7.68644019775402e-06,757
"diagnostic_202003_forest_FALSE","Q619_Q626R1",7.61683568860405e-06,758
"diagnostic_202003_forest_FALSE","Q283",7.59988823698353e-06,759
"diagnostic_202003_forest_FALSE","Q199",7.20830752539503e-06,760
"diagnostic_202003_forest_FALSE","Q417_Q424R3",6.86880780040829e-06,761
"diagnostic_202003_forest_FALSE","Q494_Q503R1",6.74798000895691e-06,762
"diagnostic_202003_forest_FALSE","Q271",5.9889684992935e-06,763
"diagnostic_202003_forest_FALSE","Q270",5.9483920778383e-06,764
"diagnostic_202003_forest_FALSE","Q287R5",5.69152622851567e-06,765
"diagnostic_202003_forest_FALSE","Q85",5.12819708813581e-06,766
"diagnostic_202003_forest_FALSE","Q466",5.07168914841424e-06,767
"diagnostic_202003_forest_FALSE","Q802",4.84627698612888e-06,768
"diagnostic_202003_forest_FALSE","Q280",4.55259064155097e-06,769
"diagnostic_202003_forest_FALSE","Q646_Q651R6",4.39000174074855e-06,770
"diagnostic_202003_forest_FALSE","Q679_Q682R2",4.21103858076579e-06,771
"diagnostic_202003_forest_FALSE","S1",3.97018251417045e-06,772
"diagnostic_202003_forest_FALSE","Q646_Q651R7",3.83331207501476e-06,773
"diagnostic_202003_forest_FALSE","Q509_Q511R1",3.68253389555759e-06,774
"diagnostic_202003_forest_FALSE","Q494_Q503R9",3.58911863473888e-06,775
"diagnostic_202003_forest_FALSE","Q667_Q671R1",3.38839771363219e-06,776
"diagnostic_202003_forest_FALSE","S2_RACE",0,777
"diagnostic_202003_forest_FALSE","S2_RACE_PRIME",0,777
"diagnostic_202003_forest_FALSE","Q77R5",0,777
"diagnostic_202003_forest_FALSE","Q85B",0,777
"diagnostic_202003_forest_FALSE","Q88",0,777
"diagnostic_202003_forest_FALSE","Q97",0,777
"diagnostic_202003_forest_FALSE","Q170",0,777
"diagnostic_202003_forest_FALSE","Q172R1",0,777
"diagnostic_202003_forest_FALSE","Q172R3",0,777
"diagnostic_202003_forest_FALSE","Q192",0,777
"diagnostic_202003_forest_FALSE","Q251",0,777
"diagnostic_202003_forest_FALSE","Q253",0,777
"diagnostic_202003_forest_FALSE","Q255",0,777
"diagnostic_202003_forest_FALSE","Q287R7",0,777
"diagnostic_202003_forest_FALSE","Q316R1",0,777
"diagnostic_202003_forest_FALSE","Q356",0,777
"diagnostic_202003_forest_FALSE","Q377",0,777
"diagnostic_202003_forest_FALSE","Q386_Q390R2",0,777
"diagnostic_202003_forest_FALSE","Q391_Q393R2",0,777
"diagnostic_202003_forest_FALSE","Q394",0,777
"diagnostic_202003_forest_FALSE","Q441_Q452R7",0,777
"diagnostic_202003_forest_FALSE","Q470",0,777
"diagnostic_202003_forest_FALSE","Q477",0,777
"diagnostic_202003_forest_FALSE","Q494_Q503R7",0,777
"diagnostic_202003_forest_FALSE","Q505_Q508R2",0,777
"diagnostic_202003_forest_FALSE","Q531",0,777
"diagnostic_202003_forest_FALSE","Q573",0,777
"diagnostic_202003_forest_FALSE","Q585_Q590R1",0,777
"diagnostic_202003_forest_FALSE","Q585_Q590R2",0,777
"diagnostic_202003_forest_FALSE","Q585_Q590R3",0,777
"diagnostic_202003_forest_FALSE","Q630_Q632R1",0,777
"diagnostic_202003_forest_FALSE","Q640_Q645R1",0,777
"diagnostic_202003_forest_FALSE","Q640_Q645R2",0,777
"diagnostic_202003_forest_FALSE","Q646_Q651R3",0,777
"diagnostic_202003_forest_FALSE","Q646_Q651R9",0,777
"diagnostic_202003_forest_FALSE","Q652_Q658R6",0,777
"diagnostic_202003_forest_FALSE","Q667_Q671R2",0,777
"diagnostic_202003_forest_FALSE","Q667_Q671R4",0,777
"diagnostic_202003_forest_FALSE","Q667_Q671R5",0,777
"diagnostic_202003_forest_FALSE","Q679_Q682R1",0,777
"diagnostic_202003_forest_FALSE","Q692",0,777
"diagnostic_202003_forest_FALSE","Q723_Q725R1",0,777
"diagnostic_202003_forest_FALSE","Q732_Q737R4",0,777
"diagnostic_202003_forest_FALSE","Q732_Q737R6",0,777
"diagnostic_202003_forest_FALSE","Q741",0,777
"diagnostic_202003_forest_FALSE","Q754_Q762R9",0,777
"diagnostic_202003_forest_FALSE","Q767_Q771R4",0,777
"diagnostic_202003_forest_FALSE","Q767_Q771R5",0,777
"diagnostic_202003_forest_FALSE","Q785",0,777
"primary_202003_forest_FALSE","Q27",0.0213594783960364,1
"primary_202003_forest_FALSE","Q28",0.0200536389248954,2
"primary_202003_forest_FALSE","Q21",0.0190358434908622,3
"primary_202003_forest_FALSE","Q24",0.0184305939568205,4
"primary_202003_forest_FALSE","Q25",0.0180449659329039,5
"primary_202003_forest_FALSE","Q1",0.0168652801049724,6
"primary_202003_forest_FALSE","Q606",0.0164167885278714,7
"primary_202003_forest_FALSE","Q543",0.014664242462769,8
"primary_202003_forest_FALSE","Q22",0.0107587615994202,9
"primary_202003_forest_FALSE","Q358",0.00852375880708292,10
"primary_202003_forest_FALSE","Q485",0.00668290095365824,11
"primary_202003_forest_FALSE","Q308R7",0.00598970292951259,12
"primary_202003_forest_FALSE","Q563_Q572R5",0.00574473545503959,13
"primary_202003_forest_FALSE","Q43",0.00547109715857393,14
"primary_202003_forest_FALSE","Q308R6",0.00491395439398761,15
"primary_202003_forest_FALSE","Q743",0.00487891254196807,16
"primary_202003_forest_FALSE","Q184R1",0.00479845470916379,17
"primary_202003_forest_FALSE","Q607_Q610R4",0.00445299863150312,18
"primary_202003_forest_FALSE","Q308R5",0.00441551239283215,19
"primary_202003_forest_FALSE","Q385",0.00438195905341269,20
"primary_202003_forest_FALSE","Q607_Q610R2",0.00436953204724104,21
"primary_202003_forest_FALSE","Q33R3",0.00434572141491432,22
"primary_202003_forest_FALSE","Q706_Q708R1",0.00416607097707344,23
"primary_202003_forest_FALSE","Q308R2",0.00357037012029332,24
"primary_202003_forest_FALSE","Q225R11",0.00356169395305918,25
"primary_202003_forest_FALSE","Q619_Q626R2",0.00348824961234848,26
"primary_202003_forest_FALSE","Q607_Q610R1",0.00346399827824559,27
"primary_202003_forest_FALSE","Q504R3",0.00320177137168044,28
"primary_202003_forest_FALSE","Q217R1",0.00316480609679671,29
"primary_202003_forest_FALSE","Q709_712R1",0.00301290594160301,30
"primary_202003_forest_FALSE","Q368",0.00297075097812925,31
"primary_202003_forest_FALSE","Q607_Q610R3",0.00296173355127273,32
"primary_202003_forest_FALSE","Q563_Q572R3",0.00285260512027424,33
"primary_202003_forest_FALSE","Q563_Q572R7",0.00283995309524924,34
"primary_202003_forest_FALSE","Q584",0.00277144823749768,35
"primary_202003_forest_FALSE","Q563_Q572R10",0.00277023414970907,36
"primary_202003_forest_FALSE","Q117R11",0.00254369499317513,37
"primary_202003_forest_FALSE","Q504R6",0.00252701030326816,38
"primary_202003_forest_FALSE","Q475",0.00251181542551533,39
"primary_202003_forest_FALSE","Q563_Q572R6",0.00250921944547247,40
"primary_202003_forest_FALSE","Q225R10",0.00250466869092197,41
"primary_202003_forest_FALSE","Q619_Q626R5",0.002459948652148,42
"primary_202003_forest_FALSE","Q183",0.0024151740789478,43
"primary_202003_forest_FALSE","Q359R2",0.00237295619774268,44
"primary_202003_forest_FALSE","Q563_Q572R9",0.00234459302236536,45
"primary_202003_forest_FALSE","Q744",0.00234109743980657,46
"primary_202003_forest_FALSE","Q117R13",0.00226610248673821,47
"primary_202003_forest_FALSE","Q208R5",0.00224091301940532,48
"primary_202003_forest_FALSE","Q371",0.00223828803676981,49
"primary_202003_forest_FALSE","Q154R1",0.00220351710878391,50
"primary_202003_forest_FALSE","Q359R1",0.00216111138017603,51
"primary_202003_forest_FALSE","Q544",0.00215308737004599,52
"primary_202003_forest_FALSE","Q384R1",0.00212798925425468,53
"primary_202003_forest_FALSE","Q131R1",0.00210614801922168,54
"primary_202003_forest_FALSE","Q33R1",0.00203393164961487,55
"primary_202003_forest_FALSE","Q225R14",0.0019762948579173,56
"primary_202003_forest_FALSE","Q329",0.00194628546067455,57
"primary_202003_forest_FALSE","Q213R1",0.00190214784678646,58
"primary_202003_forest_FALSE","Q213R2",0.00181739383807976,59
"primary_202003_forest_FALSE","Q563_Q572R1",0.0018087558516745,60
"primary_202003_forest_FALSE","Q99R2",0.00175991948592948,61
"primary_202003_forest_FALSE","Q683",0.00170888754431439,62
"primary_202003_forest_FALSE","Q308R1",0.00169606459078046,63
"primary_202003_forest_FALSE","Q184R3",0.00150214564630581,64
"primary_202003_forest_FALSE","Q513_Q516R3",0.00147476125460321,65
"primary_202003_forest_FALSE","Q428",0.00147061978060325,66
"primary_202003_forest_FALSE","Q117R4",0.00145517227794537,67
"primary_202003_forest_FALSE","Q117R1",0.0014404712709928,68
"primary_202003_forest_FALSE","Q504R4",0.00144008572656687,69
"primary_202003_forest_FALSE","Q184R2",0.00137751238945443,70
"primary_202003_forest_FALSE","Q217R2",0.00135522984333053,71
"primary_202003_forest_FALSE","Q478_Q483R6",0.00133084124380579,72
"primary_202003_forest_FALSE","Q563_Q572R8",0.00131686636693701,73
"primary_202003_forest_FALSE","Q619_Q626R8",0.001277990528771,74
"primary_202003_forest_FALSE","Q62R5",0.00126322776517922,75
"primary_202003_forest_FALSE","Q187R5",0.00124639805602016,76
"primary_202003_forest_FALSE","Q213R4",0.001187360476023,77
"primary_202003_forest_FALSE","Q629",0.00110025709788485,78
"primary_202003_forest_FALSE","Q619_Q626R3",0.00108617571343418,79
"primary_202003_forest_FALSE","Q709_712R2",0.00108542703109798,80
"primary_202003_forest_FALSE","Q62R4",0.00106655310364345,81
"primary_202003_forest_FALSE","Q541",0.00103945647289955,82
"primary_202003_forest_FALSE","Q359R3",0.00103027311745638,83
"primary_202003_forest_FALSE","Q706_Q708R2",0.00100888947122116,84
"primary_202003_forest_FALSE","Q619_Q626R7",0.000997392680381641,85
"primary_202003_forest_FALSE","Q563_Q572R2",0.000979365995097588,86
"primary_202003_forest_FALSE","Q249",0.000977984162729738,87
"primary_202003_forest_FALSE","Q208R3",0.000974469404375547,88
"primary_202003_forest_FALSE","Q582",0.000969653382040204,89
"primary_202003_forest_FALSE","Q213R3",0.00095025489766066,90
"primary_202003_forest_FALSE","Q131R5",0.000940900460107315,91
"primary_202003_forest_FALSE","Q208R1",0.000938463726028009,92
"primary_202003_forest_FALSE","Q144",0.000913609912904185,93
"primary_202003_forest_FALSE","Q33R2",0.000881631186192214,94
"primary_202003_forest_FALSE","Q332",0.000877485595928335,95
"primary_202003_forest_FALSE","Q131R8",0.00085109456662786,96
"primary_202003_forest_FALSE","Q619_Q626R6",0.000830867816301053,97
"primary_202003_forest_FALSE","Q799",0.000825483873966993,98
"primary_202003_forest_FALSE","Q513_Q516R2",0.00082110229633799,99
"primary_202003_forest_FALSE","Q32",0.000815306370960538,100
"primary_202003_forest_FALSE","Q603",0.000805926599695167,101
"primary_202003_forest_FALSE","Q560R1",0.000773986631829288,102
"primary_202003_forest_FALSE","Q131R3",0.000763412185610441,103
"primary_202003_forest_FALSE","Q472_Q474R2",0.000744738584162579,104
"primary_202003_forest_FALSE","Q117R3",0.000742354400463248,105
"primary_202003_forest_FALSE","Q145",0.000728280690850277,106
"primary_202003_forest_FALSE","Q131R7",0.00070644117109305,107
"primary_202003_forest_FALSE","Q187R4",0.000699616371856691,108
"primary_202003_forest_FALSE","Q131R10",0.000697616808580306,109
"primary_202003_forest_FALSE","Q116",0.000693570685927127,110
"primary_202003_forest_FALSE","Q659",0.000650141374783657,111
"primary_202003_forest_FALSE","Q23",0.000643549227364372,112
"primary_202003_forest_FALSE","Q366",0.000642859387369317,113
"primary_202003_forest_FALSE","Q563_Q572R4",0.000640925761486217,114
"primary_202003_forest_FALSE","Q131R2",0.000635932613808699,115
"primary_202003_forest_FALSE","Q111R4",0.000623204460285956,116
"primary_202003_forest_FALSE","Q243R4",0.00061852731615734,117
"primary_202003_forest_FALSE","Q539",0.000584000413327567,118
"primary_202003_forest_FALSE","Q295",0.000569437596304458,119
"primary_202003_forest_FALSE","Q42",0.000566868229221834,120
"primary_202003_forest_FALSE","Q117R2",0.000560441189162649,121
"primary_202003_forest_FALSE","Q162R8",0.000552589102541676,122
"primary_202003_forest_FALSE","Q619_Q626R1",0.00054503952162353,123
"primary_202003_forest_FALSE","Q619_Q626R4",0.000527880125913394,124
"primary_202003_forest_FALSE","Q709_712R3",0.000521347499743403,125
"primary_202003_forest_FALSE","Q715_718R3",0.000517737043876482,126
"primary_202003_forest_FALSE","Q76",0.000514110054155615,127
"primary_202003_forest_FALSE","Q793",0.000512097008422365,128
"primary_202003_forest_FALSE","Q726",0.000508916626867599,129
"primary_202003_forest_FALSE","Q343R3",0.000502164887043121,130
"primary_202003_forest_FALSE","Q715_718R1",0.000496303289119051,131
"primary_202003_forest_FALSE","Q99R7",0.000489872932357273,132
"primary_202003_forest_FALSE","Q301",0.000489113658947963,133
"primary_202003_forest_FALSE","Q26",0.000488695047308947,134
"primary_202003_forest_FALSE","Q58",0.000487191816924909,135
"primary_202003_forest_FALSE","Q308R3",0.000484424167314777,136
"primary_202003_forest_FALSE","Q33R4",0.000483652677618204,137
"primary_202003_forest_FALSE","Q187R1",0.000477439158304782,138
"primary_202003_forest_FALSE","Q429_Q440R6",0.000471499043584557,139
"primary_202003_forest_FALSE","Q60",0.000471130345345318,140
"primary_202003_forest_FALSE","Q796",0.000469164712381743,141
"primary_202003_forest_FALSE","Q359R4",0.000468469950343915,142
"primary_202003_forest_FALSE","Q287R6",0.000465565609536032,143
"primary_202003_forest_FALSE","Q171",0.000462286393308986,144
"primary_202003_forest_FALSE","Q38",0.000460743024057069,145
"primary_202003_forest_FALSE","Q417_Q424R2",0.000458014592507606,146
"primary_202003_forest_FALSE","Q706_Q708R3",0.000457671196851126,147
"primary_202003_forest_FALSE","Q208R2",0.000451208876851769,148
"primary_202003_forest_FALSE","Q208R4",0.000450187975053895,149
"primary_202003_forest_FALSE","Q407",0.000446049262789056,150
"primary_202003_forest_FALSE","Q429_Q440R11",0.000445060099318024,151
"primary_202003_forest_FALSE","Q478_Q483R1",0.000441759907843795,152
"primary_202003_forest_FALSE","Q117R8",0.000435256458468926,153
"primary_202003_forest_FALSE","Q429_Q440R5",0.000426074198139694,154
"primary_202003_forest_FALSE","Q225R5",0.00042601441049286,155
"primary_202003_forest_FALSE","Q509_Q511R2",0.000425402005583393,156
"primary_202003_forest_FALSE","Q99R1",0.000425292837424589,157
"primary_202003_forest_FALSE","Q441_Q452R4",0.000422684220453386,158
"primary_202003_forest_FALSE","Q560R8",0.000421862544886801,159
"primary_202003_forest_FALSE","Q225R13",0.000417033406901624,160
"primary_202003_forest_FALSE","Q45",0.00041641896492082,161
"primary_202003_forest_FALSE","Q44",0.000413328795864821,162
"primary_202003_forest_FALSE","Q178R1",0.000410158111697633,163
"primary_202003_forest_FALSE","Q597_Q602R6",0.000409570495299671,164
"primary_202003_forest_FALSE","Q33R5",0.000406145117300771,165
"primary_202003_forest_FALSE","Q504R2",0.000401945927242888,166
"primary_202003_forest_FALSE","Q691",0.000400313005338527,167
"primary_202003_forest_FALSE","Q239R3",0.000399216584829306,168
"primary_202003_forest_FALSE","Q225R4",0.000398689976332115,169
"primary_202003_forest_FALSE","Q693_Q700R3",0.000385934657527012,170
"primary_202003_forest_FALSE","Q417_Q424R3",0.000385846956849244,171
"primary_202003_forest_FALSE","Q471",0.000383452932433802,172
"primary_202003_forest_FALSE","Q281",0.000381127765744844,173
"primary_202003_forest_FALSE","Q492",0.000380946524128677,174
"primary_202003_forest_FALSE","Q239R2",0.000380123598341009,175
"primary_202003_forest_FALSE","Q192",0.000372199721967316,176
"primary_202003_forest_FALSE","Q701_Q705R1",0.000368958549195453,177
"primary_202003_forest_FALSE","Q330",0.000365209714075978,178
"primary_202003_forest_FALSE","Q131R9",0.000362277814362019,179
"primary_202003_forest_FALSE","Q774",0.0003615828447689,180
"primary_202003_forest_FALSE","S10",0.000354137261082711,181
"primary_202003_forest_FALSE","VQ773",0.000352173138732012,182
"primary_202003_forest_FALSE","Q256",0.000352139739336234,183
"primary_202003_forest_FALSE","Q693_Q700R8",0.000350646797520474,184
"primary_202003_forest_FALSE","Q352",0.00034975670426608,185
"primary_202003_forest_FALSE","Q800",0.000345716320092119,186
"primary_202003_forest_FALSE","Q131R4",0.000343416840161452,187
"primary_202003_forest_FALSE","Q99R10",0.000343058796840017,188
"primary_202003_forest_FALSE","Q243R2",0.000340899390069754,189
"primary_202003_forest_FALSE","Q690",0.000340096060094881,190
"primary_202003_forest_FALSE","Q773",0.000336349521426347,191
"primary_202003_forest_FALSE","Q616_Q618R1",0.000335522763814264,192
"primary_202003_forest_FALSE","Q117R5",0.000334536239827235,193
"primary_202003_forest_FALSE","Q745",0.000331295934373345,194
"primary_202003_forest_FALSE","Q494_Q503R3",0.000327896196152564,195
"primary_202003_forest_FALSE","Q248",0.000325306133455753,196
"primary_202003_forest_FALSE","Q808",0.00032442040062561,197
"primary_202003_forest_FALSE","Q693_Q700R5",0.000323245261648194,198
"primary_202003_forest_FALSE","Q70R2",0.000322680113118355,199
"primary_202003_forest_FALSE","Q331",0.000320957072690817,200
"primary_202003_forest_FALSE","Q494_Q503R9",0.000319425127277838,201
"primary_202003_forest_FALSE","Q806",0.00031908381340387,202
"primary_202003_forest_FALSE","S4",0.000318218897586293,203
"primary_202003_forest_FALSE","Q131R13",0.000317329998494226,204
"primary_202003_forest_FALSE","Q178R3",0.000317178037854547,205
"primary_202003_forest_FALSE","Q425",0.000315134001780477,206
"primary_202003_forest_FALSE","Q604_Q605R2",0.000312345383954979,207
"primary_202003_forest_FALSE","Q429_Q440R3",0.000312249776340112,208
"primary_202003_forest_FALSE","Q549R7",0.000311822872929143,209
"primary_202003_forest_FALSE","Q117R10",0.00031117922133583,210
"primary_202003_forest_FALSE","Q98",0.000310463741636604,211
"primary_202003_forest_FALSE","VQ774",0.00031019249995902,212
"primary_202003_forest_FALSE","Q39",0.000310017644515436,213
"primary_202003_forest_FALSE","Q478_Q483R2",0.000309749140866895,214
"primary_202003_forest_FALSE","Q794",0.000309689817955034,215
"primary_202003_forest_FALSE","Q202",0.000309648506988418,216
"primary_202003_forest_FALSE","Q146",0.000308327473335225,217
"primary_202003_forest_FALSE","Q315",0.000307472825864019,218
"primary_202003_forest_FALSE","Q478_Q483R5",0.000305937741600424,219
"primary_202003_forest_FALSE","Q225R12",0.000303879150543258,220
"primary_202003_forest_FALSE","Q257CR3",0.000303671882089891,221
"primary_202003_forest_FALSE","Q243R3",0.000302080855528375,222
"primary_202003_forest_FALSE","Q790",0.000301936972272484,223
"primary_202003_forest_FALSE","Q513_Q516R1",0.000301726157982974,224
"primary_202003_forest_FALSE","Q689",0.000301320534207313,225
"primary_202003_forest_FALSE","Q217R3",0.00030048731760546,226
"primary_202003_forest_FALSE","Q110",0.000297874872909309,227
"primary_202003_forest_FALSE","Q660",0.000297739414531534,228
"primary_202003_forest_FALSE","Q472_Q474R1",0.000294219172583097,229
"primary_202003_forest_FALSE","Q250R1",0.000293535269644709,230
"primary_202003_forest_FALSE","Q754_Q762R8",0.000291280655574863,231
"primary_202003_forest_FALSE","Q491",0.000290905459950968,232
"primary_202003_forest_FALSE","Q661",0.000289251578980543,233
"primary_202003_forest_FALSE","Q429_Q440R8",0.000288401051966641,234
"primary_202003_forest_FALSE","Q348",0.000286995655210261,235
"primary_202003_forest_FALSE","Q693_Q700R6",0.00028496679337537,236
"primary_202003_forest_FALSE","Q225R2",0.000282474090072903,237
"primary_202003_forest_FALSE","Q512",0.000281395120210261,238
"primary_202003_forest_FALSE","Q810",0.000276774290011704,239
"primary_202003_forest_FALSE","Q343R2",0.000274979805132313,240
"primary_202003_forest_FALSE","Q551_Q559R3",0.000274643299907569,241
"primary_202003_forest_FALSE","Q131R6",0.000273618950633283,242
"primary_202003_forest_FALSE","Q221R4",0.000272988829438182,243
"primary_202003_forest_FALSE","Q243R1",0.000271558945521689,244
"primary_202003_forest_FALSE","Q99R11",0.000270373974609681,245
"primary_202003_forest_FALSE","Q151",0.000268860719904871,246
"primary_202003_forest_FALSE","Q597_Q602R1",0.000267765510469141,247
"primary_202003_forest_FALSE","Q316R3",0.000266141724374511,248
"primary_202003_forest_FALSE","Q57",0.00026442992608067,249
"primary_202003_forest_FALSE","Q662",0.000262701938778032,250
"primary_202003_forest_FALSE","Q411_Q416R6",0.00026268436255335,251
"primary_202003_forest_FALSE","Q521_Q528R1",0.0002606414298941,252
"primary_202003_forest_FALSE","Q335",0.000258411393327383,253
"primary_202003_forest_FALSE","Q99R4",0.000258333801292244,254
"primary_202003_forest_FALSE","Q782",0.000258216723962209,255
"primary_202003_forest_FALSE","Q560R4",0.000257717903179595,256
"primary_202003_forest_FALSE","Q377",0.00025707298491388,257
"primary_202003_forest_FALSE","Q381_Q383R1",0.000256727353384319,258
"primary_202003_forest_FALSE","Q257CR2",0.000255044609593537,259
"primary_202003_forest_FALSE","Q560R2",0.000254194151254656,260
"primary_202003_forest_FALSE","Q396_Q398R1",0.000251055070781829,261
"primary_202003_forest_FALSE","Q159R2",0.000250983589369698,262
"primary_202003_forest_FALSE","Q225R1",0.000249583980099759,263
"primary_202003_forest_FALSE","Q221R2",0.000248676967696116,264
"primary_202003_forest_FALSE","Q429_Q440R9",0.000245923799228581,265
"primary_202003_forest_FALSE","Q46",0.00024574691382864,266
"primary_202003_forest_FALSE","Q490",0.000244790815526376,267
"primary_202003_forest_FALSE","Q550",0.000244729358152458,268
"primary_202003_forest_FALSE","Q813",0.00024450067980675,269
"primary_202003_forest_FALSE","Q505_Q508R4",0.0002438835471429,270
"primary_202003_forest_FALSE","Q720_Q722R1",0.000242987586006593,271
"primary_202003_forest_FALSE","Q99R9",0.00024294802490837,272
"primary_202003_forest_FALSE","Q742",0.000241050200935969,273
"primary_202003_forest_FALSE","Q751",0.000240708312548608,274
"primary_202003_forest_FALSE","Q551_Q559R2",0.000240684771579615,275
"primary_202003_forest_FALSE","Q797",0.000240660497736009,276
"primary_202003_forest_FALSE","Q147",0.00023939659627779,277
"primary_202003_forest_FALSE","Q59",0.000238847962866449,278
"primary_202003_forest_FALSE","Q597_Q602R5",0.000238516809109758,279
"primary_202003_forest_FALSE","Q504R7",0.000236098022248623,280
"primary_202003_forest_FALSE","Q521_Q528R4",0.000234343262244827,281
"primary_202003_forest_FALSE","Q604_Q605R1",0.000232060400023026,282
"primary_202003_forest_FALSE","Q693_Q700R4",0.000231402948784097,283
"primary_202003_forest_FALSE","Q257CR1",0.00023139077237057,284
"primary_202003_forest_FALSE","Q520",0.000231210270766923,285
"primary_202003_forest_FALSE","Q99R6",0.00023078554985158,286
"primary_202003_forest_FALSE","Q204",0.000229697640014086,287
"primary_202003_forest_FALSE","Q369",0.000228765608445728,288
"primary_202003_forest_FALSE","S2_RACE",0.000226912181326428,289
"primary_202003_forest_FALSE","Q343R4",0.000225118179989435,290
"primary_202003_forest_FALSE","Q207",0.000224632796190632,291
"primary_202003_forest_FALSE","Q478_Q483R3",0.000224518895802168,292
"primary_202003_forest_FALSE","Q639",0.000224160054679509,293
"primary_202003_forest_FALSE","Q333",0.000224116181181953,294
"primary_202003_forest_FALSE","Q349",0.000223986866686653,295
"primary_202003_forest_FALSE","Q429_Q440R2",0.000223781540905304,296
"primary_202003_forest_FALSE","Q591_Q596R2",0.000223618104043979,297
"primary_202003_forest_FALSE","Q239R4",0.000223609073832036,298
"primary_202003_forest_FALSE","Q268",0.000223415861746811,299
"primary_202003_forest_FALSE","Q517",0.000222603370250095,300
"primary_202003_forest_FALSE","Q29",0.000222249761056952,301
"primary_202003_forest_FALSE","Q591_Q596R3",0.000221325933410799,302
"primary_202003_forest_FALSE","Q347",0.000221219058636628,303
"primary_202003_forest_FALSE","Q287R2",0.000220574329032871,304
"primary_202003_forest_FALSE","Q779",0.000219690720401929,305
"primary_202003_forest_FALSE","Q225R9",0.000219663925254292,306
"primary_202003_forest_FALSE","Q454",0.00021899430242439,307
"primary_202003_forest_FALSE","S5",0.000218729135095137,308
"primary_202003_forest_FALSE","Q441_Q452R7",0.000216950233366083,309
"primary_202003_forest_FALSE","Q551_Q559R9",0.000216396024469991,310
"primary_202003_forest_FALSE","Q316R7",0.000215545806906136,311
"primary_202003_forest_FALSE","Q20",0.000215523338448978,312
"primary_202003_forest_FALSE","Q162R5",0.000215387033083968,313
"primary_202003_forest_FALSE","Q221R3",0.000215251650037133,314
"primary_202003_forest_FALSE","Q411_Q416R2",0.000214792525762801,315
"primary_202003_forest_FALSE","Q225R7",0.000214561455683437,316
"primary_202003_forest_FALSE","Q701_Q705R4",0.00021444189532339,317
"primary_202003_forest_FALSE","Q257CR4",0.000213734198405145,318
"primary_202003_forest_FALSE","Q162R4",0.00021219951661772,319
"primary_202003_forest_FALSE","Q370",0.00021211872667502,320
"primary_202003_forest_FALSE","Q154R2",0.000211333933490896,321
"primary_202003_forest_FALSE","Q411_Q416R5",0.000211256988431427,322
"primary_202003_forest_FALSE","Q273R1",0.000211167582677285,323
"primary_202003_forest_FALSE","Q408",0.000211133437913899,324
"primary_202003_forest_FALSE","Q597_Q602R2",0.000210215988173662,325
"primary_202003_forest_FALSE","Q148",0.000209779147241297,326
"primary_202003_forest_FALSE","Q504R1",0.000209003809660811,327
"primary_202003_forest_FALSE","Q693_Q700R7",0.0002088768513722,328
"primary_202003_forest_FALSE","Q271",0.000208281444477409,329
"primary_202003_forest_FALSE","Q386_Q390R5",0.000208079235452467,330
"primary_202003_forest_FALSE","Q713",0.000207750701194526,331
"primary_202003_forest_FALSE","Q754_Q762R2",0.00020741397168731,332
"primary_202003_forest_FALSE","Q411_Q416R1",0.000207301141183558,333
"primary_202003_forest_FALSE","Q67",0.000206797885008071,334
"primary_202003_forest_FALSE","Q159R1",0.000206577992566367,335
"primary_202003_forest_FALSE","Q150",0.00020598197255751,336
"primary_202003_forest_FALSE","Q187R2",0.000205557443670286,337
"primary_202003_forest_FALSE","Q154R4",0.000204914842411003,338
"primary_202003_forest_FALSE","Q540R1",0.00020453874132996,339
"primary_202003_forest_FALSE","Q13",0.00020411025793182,340
"primary_202003_forest_FALSE","Q545R7",0.00020298381107417,341
"primary_202003_forest_FALSE","Q273R5",0.000202698581737729,342
"primary_202003_forest_FALSE","Q456_Q461R5",0.000202622015364446,343
"primary_202003_forest_FALSE","Q194",0.000201578457201245,344
"primary_202003_forest_FALSE","Q154R5",0.000201142017055595,345
"primary_202003_forest_FALSE","Q560R5",0.000200849467532333,346
"primary_202003_forest_FALSE","Q70R3",0.000200686969812968,347
"primary_202003_forest_FALSE","Q417_Q424R4",0.00019996615282384,348
"primary_202003_forest_FALSE","Q804",0.000199300947298815,349
"primary_202003_forest_FALSE","Q476",0.000199239976615603,350
"primary_202003_forest_FALSE","Q257AR2",0.000198904918133446,351
"primary_202003_forest_FALSE","Q363",0.000198472471188234,352
"primary_202003_forest_FALSE","Q560R7",0.000198092789436249,353
"primary_202003_forest_FALSE","S2_NATIVE",0.000197663297668117,354
"primary_202003_forest_FALSE","Q99R3",0.000196730227181194,355
"primary_202003_forest_FALSE","Q519",0.000196221777801007,356
"primary_202003_forest_FALSE","Q597_Q602R4",0.00019604257600892,357
"primary_202003_forest_FALSE","Q247",0.000195930284122662,358
"primary_202003_forest_FALSE","Q380",0.000195585424449289,359
"primary_202003_forest_FALSE","Q627",0.000194167416448919,360
"primary_202003_forest_FALSE","Q754_Q762R1",0.000193999069477527,361
"primary_202003_forest_FALSE","Q273R2",0.000193658062624559,362
"primary_202003_forest_FALSE","Q640_Q645R6",0.000192559762702289,363
"primary_202003_forest_FALSE","Q616_Q618R3",0.000192502442807618,364
"primary_202003_forest_FALSE","Q472_Q474R3",0.000192283935951214,365
"primary_202003_forest_FALSE","Q350",0.00019207545881873,366
"primary_202003_forest_FALSE","Q162R6",0.000191326277935212,367
"primary_202003_forest_FALSE","Q723_Q725R3",0.000191119354522506,368
"primary_202003_forest_FALSE","Q640_Q645R5",0.000189785958031164,369
"primary_202003_forest_FALSE","Q551_Q559R1",0.000189583753589668,370
"primary_202003_forest_FALSE","Q372",0.000189123721539497,371
"primary_202003_forest_FALSE","Q178R2",0.000188421443112203,372
"primary_202003_forest_FALSE","Q753",0.000188361362450248,373
"primary_202003_forest_FALSE","Q504R8",0.000188030906917333,374
"primary_202003_forest_FALSE","Q429_Q440R1",0.000184991050794613,375
"primary_202003_forest_FALSE","Q316R1",0.000184756601784964,376
"primary_202003_forest_FALSE","Q456_Q461R4",0.000184417446995733,377
"primary_202003_forest_FALSE","Q478_Q483R4",0.000184284083030277,378
"primary_202003_forest_FALSE","Q409",0.000184255866665692,379
"primary_202003_forest_FALSE","Q386_Q390R3",0.00018423228663961,380
"primary_202003_forest_FALSE","Q775",0.000183630190182548,381
"primary_202003_forest_FALSE","Q535_Q538R1",0.000183612783195706,382
"primary_202003_forest_FALSE","Q591_Q596R4",0.000183602798446431,383
"primary_202003_forest_FALSE","Q308R4",0.000183588713261962,384
"primary_202003_forest_FALSE","Q386_Q390R2",0.00018184442552418,385
"primary_202003_forest_FALSE","Q154R3",0.000181561491417216,386
"primary_202003_forest_FALSE","Q505_Q508R3",0.000181151549801746,387
"primary_202003_forest_FALSE","Q70R5",0.000181109531337172,388
"primary_202003_forest_FALSE","Q547R7",0.000180542998140433,389
"primary_202003_forest_FALSE","Q111R5",0.000180365827128594,390
"primary_202003_forest_FALSE","Q693_Q700R1",0.000180334282089685,391
"primary_202003_forest_FALSE","Q287R5",0.000179957480262544,392
"primary_202003_forest_FALSE","Q701_Q705R5",0.000179209063823603,393
"primary_202003_forest_FALSE","Q41",0.000179137104814761,394
"primary_202003_forest_FALSE","Q551_Q559R5",0.000178854154255382,395
"primary_202003_forest_FALSE","Q16",0.000178547228914509,396
"primary_202003_forest_FALSE","Q633",0.000178530763554391,397
"primary_202003_forest_FALSE","Q673",0.000178472091211247,398
"primary_202003_forest_FALSE","Q162R1",0.000178326480325589,399
"primary_202003_forest_FALSE","Q701_Q705R3",0.0001782480006506,400
"primary_202003_forest_FALSE","Q560R6",0.000178237475620426,401
"primary_202003_forest_FALSE","Q365",0.000177201820615955,402
"primary_202003_forest_FALSE","Q805",0.000176566230885367,403
"primary_202003_forest_FALSE","Q357",0.000176215170637228,404
"primary_202003_forest_FALSE","Q152",0.000176026138078507,405
"primary_202003_forest_FALSE","Q767_Q771R1",0.000175776041090688,406
"primary_202003_forest_FALSE","Q456_Q461R2",0.000175293644354044,407
"primary_202003_forest_FALSE","Q667_Q671R1",0.000175118707922251,408
"primary_202003_forest_FALSE","NEWQ67",0.000174641499201544,409
"primary_202003_forest_FALSE","Q727_Q731R3",0.000173976466648999,410
"primary_202003_forest_FALSE","Q518",0.000173737092160032,411
"primary_202003_forest_FALSE","Q206",0.000173707401625531,412
"primary_202003_forest_FALSE","Q61",0.000173587905735727,413
"primary_202003_forest_FALSE","Q159R3",0.000173279106230841,414
"primary_202003_forest_FALSE","Q546R7",0.000171881946384863,415
"primary_202003_forest_FALSE","Q257BR3",0.000171107132694515,416
"primary_202003_forest_FALSE","S14",0.000170744105835127,417
"primary_202003_forest_FALSE","Q494_Q503R1",0.000170413615760003,418
"primary_202003_forest_FALSE","Q521_Q528R5",0.000170347245361931,419
"primary_202003_forest_FALSE","Q777",0.000170259508075996,420
"primary_202003_forest_FALSE","Q395",0.000170018746870541,421
"primary_202003_forest_FALSE","Q504R5",0.000169888438311322,422
"primary_202003_forest_FALSE","Q640_Q645R2",0.000169690920225699,423
"primary_202003_forest_FALSE","Q417_Q424R8",0.000169580197511326,424
"primary_202003_forest_FALSE","Q182",0.000169446512564387,425
"primary_202003_forest_FALSE","Q316R2",0.000169194422211613,426
"primary_202003_forest_FALSE","Q257AR1",0.000168831338762858,427
"primary_202003_forest_FALSE","Q674R1",0.000167845321096567,428
"primary_202003_forest_FALSE","Q727_Q731R5",0.000167288873245802,429
"primary_202003_forest_FALSE","Q535_Q538R2",0.00016630789306759,430
"primary_202003_forest_FALSE","Q149",0.000166130642049312,431
"primary_202003_forest_FALSE","Q727_Q731R2",0.000165820891227462,432
"primary_202003_forest_FALSE","Q491A",0.000165705371553712,433
"primary_202003_forest_FALSE","Q560R3",0.000165493380789515,434
"primary_202003_forest_FALSE","Q273R3",0.00016547643188814,435
"primary_202003_forest_FALSE","Q820",0.00016544383335058,436
"primary_202003_forest_FALSE","Q535_Q538R3",0.000165199087254836,437
"primary_202003_forest_FALSE","Q99R5",0.000164963839789885,438
"primary_202003_forest_FALSE","Q456_Q461R3",0.000164628518083993,439
"primary_202003_forest_FALSE","Q453",0.000164446981887843,440
"primary_202003_forest_FALSE","Q709_712R4",0.000163596572165724,441
"primary_202003_forest_FALSE","Q364",0.000163030165820887,442
"primary_202003_forest_FALSE","Q225R3",0.000162587685940578,443
"primary_202003_forest_FALSE","Q534",0.000162511126822408,444
"primary_202003_forest_FALSE","Q591_Q596R1",0.000162350386244313,445
"primary_202003_forest_FALSE","Q811",0.000162009326223234,446
"primary_202003_forest_FALSE","Q814",0.000161754758175167,447
"primary_202003_forest_FALSE","Q131R11",0.000161379389633844,448
"primary_202003_forest_FALSE","Q273R4",0.000161121549693813,449
"primary_202003_forest_FALSE","Q616_Q618R2",0.000160888952040599,450
"primary_202003_forest_FALSE","Q551_Q559R6",0.000160721841790343,451
"primary_202003_forest_FALSE","Q487_Q489R1",0.000159879767133816,452
"primary_202003_forest_FALSE","Q401_Q404R1",0.00015971872710103,453
"primary_202003_forest_FALSE","Q494_Q503R2",0.000159646121958253,454
"primary_202003_forest_FALSE","Q381_Q383R2",0.000159279748204599,455
"primary_202003_forest_FALSE","Q763_Q766R2",0.000159201312948323,456
"primary_202003_forest_FALSE","Q574",0.000159136177817433,457
"primary_202003_forest_FALSE","Q652_Q658R1",0.000159067935926502,458
"primary_202003_forest_FALSE","Q754_Q762R5",0.000158761842854449,459
"primary_202003_forest_FALSE","Q754_Q762R9",0.000158588652600245,460
"primary_202003_forest_FALSE","Q727_Q731R4",0.000158528459411087,461
"primary_202003_forest_FALSE","Q225R8",0.000158171440608893,462
"primary_202003_forest_FALSE","Q316R6",0.000158163077972884,463
"primary_202003_forest_FALSE","Q663_Q666R3",0.000157896509352288,464
"primary_202003_forest_FALSE","Q417_Q424R1",0.000157403636018994,465
"primary_202003_forest_FALSE","Q316R5",0.000157365325778277,466
"primary_202003_forest_FALSE","Q131R12",0.000157051881959765,467
"primary_202003_forest_FALSE","Q62R2",0.00015680312081936,468
"primary_202003_forest_FALSE","Q693_Q700R2",0.000156769958025003,469
"primary_202003_forest_FALSE","Q280",0.000156632092402838,470
"primary_202003_forest_FALSE","Q455",0.000156408310490482,471
"primary_202003_forest_FALSE","Q767_Q771R2",0.000156151180889988,472
"primary_202003_forest_FALSE","Q261",0.000155397739266245,473
"primary_202003_forest_FALSE","Q86",0.000155256930972788,474
"primary_202003_forest_FALSE","Q701_Q705R2",0.00015507747413818,475
"primary_202003_forest_FALSE","Q162R7",0.000154860323872781,476
"primary_202003_forest_FALSE","Q530",0.000154586786365456,477
"primary_202003_forest_FALSE","Q239R1",0.000154512005589018,478
"primary_202003_forest_FALSE","Q741",0.000153972822708027,479
"primary_202003_forest_FALSE","Q441_Q452R5",0.000153944416732542,480
"primary_202003_forest_FALSE","Q715_718R4",0.000153821384069356,481
"primary_202003_forest_FALSE","Q381_Q383R3",0.000153774872915163,482
"primary_202003_forest_FALSE","Q750",0.00015352723706458,483
"primary_202003_forest_FALSE","Q723_Q725R2",0.000153451079865406,484
"primary_202003_forest_FALSE","Q411_Q416R3",0.000153183222789957,485
"primary_202003_forest_FALSE","Q429_Q440R12",0.000152812524838016,486
"primary_202003_forest_FALSE","Q30",0.000151176867659419,487
"primary_202003_forest_FALSE","Q343R1",0.000151066940898884,488
"primary_202003_forest_FALSE","Q287R1",0.0001509291457049,489
"primary_202003_forest_FALSE","Q591_Q596R5",0.000150900471357282,490
"primary_202003_forest_FALSE","Q278",0.000150084590676498,491
"primary_202003_forest_FALSE","Q747",0.000149489945189124,492
"primary_202003_forest_FALSE","Q652_Q658R6",0.000149396225284225,493
"primary_202003_forest_FALSE","Q551_Q559R7",0.000149255733793867,494
"primary_202003_forest_FALSE","Q62R1",0.000148930912463651,495
"primary_202003_forest_FALSE","Q640_Q645R4",0.000148410864621963,496
"primary_202003_forest_FALSE","Q494_Q503R7",0.000147702963840292,497
"primary_202003_forest_FALSE","Q456_Q461R6",0.000147024175929067,498
"primary_202003_forest_FALSE","Q225R6",0.000146344235126719,499
"primary_202003_forest_FALSE","Q816",0.000145457244108361,500
"primary_202003_forest_FALSE","Q715_718R2",0.00014425489415575,501
"primary_202003_forest_FALSE","Q339",0.000144142491549544,502
"primary_202003_forest_FALSE","Q795",0.000144002239481455,503
"primary_202003_forest_FALSE","Q257AR3",0.000142947409186349,504
"primary_202003_forest_FALSE","Q809",0.000142812826931205,505
"primary_202003_forest_FALSE","S7",0.000142333831264347,506
"primary_202003_forest_FALSE","Q719",0.000142072585080144,507
"primary_202003_forest_FALSE","Q672",0.000141889377655386,508
"primary_202003_forest_FALSE","Q316R4",0.00014179221044628,509
"primary_202003_forest_FALSE","Q99R8",0.000141764515637634,510
"primary_202003_forest_FALSE","Q111R1",0.000141759255442061,511
"primary_202003_forest_FALSE","Q417_Q424R5",0.000141519394753299,512
"primary_202003_forest_FALSE","Q788",0.000141362157518715,513
"primary_202003_forest_FALSE","Q162R2",0.000140945641298381,514
"primary_202003_forest_FALSE","Q205",0.000140843748276927,515
"primary_202003_forest_FALSE","Q521_Q528R2",0.000140823665024473,516
"primary_202003_forest_FALSE","Q378",0.000140595895983325,517
"primary_202003_forest_FALSE","Q88",0.000139879066640162,518
"primary_202003_forest_FALSE","Q486",0.000139779620847409,519
"primary_202003_forest_FALSE","Q70R1",0.000139419203491437,520
"primary_202003_forest_FALSE","Q417_Q424R6",0.000138579695597932,521
"primary_202003_forest_FALSE","Q663_Q666R1",0.00013801332935091,522
"primary_202003_forest_FALSE","Q732_Q737R3",0.000137889471781786,523
"primary_202003_forest_FALSE","Q396_Q398R3",0.00013766736003889,524
"primary_202003_forest_FALSE","Q441_Q452R11",0.000137588448072735,525
"primary_202003_forest_FALSE","Q562",0.000136459554346067,526
"primary_202003_forest_FALSE","Q175R3",0.000136357753650055,527
"primary_202003_forest_FALSE","Q401_Q404R4",0.000135786032574077,528
"primary_202003_forest_FALSE","Q630_Q632R2",0.000135417855307406,529
"primary_202003_forest_FALSE","Q801",0.000135001142760429,530
"primary_202003_forest_FALSE","Q815",0.000134825601537344,531
"primary_202003_forest_FALSE","Q267",0.000133934584905966,532
"primary_202003_forest_FALSE","Q505_Q508R1",0.000133884605996183,533
"primary_202003_forest_FALSE","Q652_Q658R4",0.000132665174456538,534
"primary_202003_forest_FALSE","Q493",0.000132509487465056,535
"primary_202003_forest_FALSE","Q217R4",0.000131755998280699,536
"primary_202003_forest_FALSE","Q646_Q651R4",0.000131374929497958,537
"primary_202003_forest_FALSE","Q282",0.000130562486016809,538
"primary_202003_forest_FALSE","Q597_Q602R3",0.000130164270465656,539
"primary_202003_forest_FALSE","S13",0.000130077365768172,540
"primary_202003_forest_FALSE","Q802",0.000130016192417745,541
"primary_202003_forest_FALSE","Q221R1",0.000129506542913849,542
"primary_202003_forest_FALSE","Q386_Q390R4",0.000129459937082742,543
"primary_202003_forest_FALSE","Q356",0.000129065142200529,544
"primary_202003_forest_FALSE","Q652_Q658R3",0.000129060647317321,545
"primary_202003_forest_FALSE","Q93",0.000128825707533908,546
"primary_202003_forest_FALSE","Q379",0.000127993020441966,547
"primary_202003_forest_FALSE","Q663_Q666R2",0.000127376646275343,548
"primary_202003_forest_FALSE","Q62R3",0.000127004556814987,549
"primary_202003_forest_FALSE","Q652_Q658R5",0.000126088304224679,550
"primary_202003_forest_FALSE","Q401_Q404R2",0.00012599951407275,551
"primary_202003_forest_FALSE","Q754_Q762R7",0.000125638905104407,552
"primary_202003_forest_FALSE","Q77R8",0.000125306664867042,553
"primary_202003_forest_FALSE","Q257BR2",0.000125237218472863,554
"primary_202003_forest_FALSE","Q396_Q398R2",0.000124945814934673,555
"primary_202003_forest_FALSE","Q548R7",0.000124719900222701,556
"primary_202003_forest_FALSE","Q551_Q559R8",0.000124669881039239,557
"primary_202003_forest_FALSE","Q77R2",0.000123934217531113,558
"primary_202003_forest_FALSE","Q117R7",0.000123720295760713,559
"primary_202003_forest_FALSE","Q463",0.000123071847541094,560
"primary_202003_forest_FALSE","Q754_Q762R4",0.000123013959561382,561
"primary_202003_forest_FALSE","Q494_Q503R8",0.00012296245016192,562
"primary_202003_forest_FALSE","Q162R3",0.000122618133515131,563
"primary_202003_forest_FALSE","Q767_Q771R5",0.000122599704624224,564
"primary_202003_forest_FALSE","Q441_Q452R2",0.00012247802816874,565
"primary_202003_forest_FALSE","Q77R3",0.000122197058368601,566
"primary_202003_forest_FALSE","Q640_Q645R3",0.000121932327550354,567
"primary_202003_forest_FALSE","Q521_Q528R3",0.000120781611367447,568
"primary_202003_forest_FALSE","Q286",0.00012074279019756,569
"primary_202003_forest_FALSE","Q613",0.000120478738444403,570
"primary_202003_forest_FALSE","Q31",0.000120375911218695,571
"primary_202003_forest_FALSE","Q178R4",0.00012015612702384,572
"primary_202003_forest_FALSE","Q551_Q559R4",0.000120046404885159,573
"primary_202003_forest_FALSE","Q429_Q440R4",0.000119896629729623,574
"primary_202003_forest_FALSE","Q411_Q416R4",0.000119664421344817,575
"primary_202003_forest_FALSE","Q441_Q452R12",0.000119631002924954,576
"primary_202003_forest_FALSE","S2_M",0.000119159386446214,577
"primary_202003_forest_FALSE","Q187R3",0.000118919827639508,578
"primary_202003_forest_FALSE","Q714",0.000118210200967787,579
"primary_202003_forest_FALSE","Q812",0.00011786620061596,580
"primary_202003_forest_FALSE","Q798",0.000117842833958009,581
"primary_202003_forest_FALSE","Q429_Q440R10",0.000117666049317468,582
"primary_202003_forest_FALSE","Q77R7",0.000117537016403588,583
"primary_202003_forest_FALSE","Q68",0.000116906776697042,584
"primary_202003_forest_FALSE","Q117R6",0.000116808469521887,585
"primary_202003_forest_FALSE","Q77R6",0.000116446593135635,586
"primary_202003_forest_FALSE","Q484",0.000116420100491791,587
"primary_202003_forest_FALSE","Q727_Q731R1",0.000116395689420496,588
"primary_202003_forest_FALSE","Q785",0.00011625740715745,589
"primary_202003_forest_FALSE","Q630_Q632R1",0.000115675580984465,590
"primary_202003_forest_FALSE","Q399",0.000115655434020545,591
"primary_202003_forest_FALSE","Q456_Q461R1",0.000115622631711463,592
"primary_202003_forest_FALSE","Q251",0.000115450948171742,593
"primary_202003_forest_FALSE","Q111R3",0.000114645566867797,594
"primary_202003_forest_FALSE","Q521_Q528R6",0.000114179967979889,595
"primary_202003_forest_FALSE","Q723_Q725R1",0.000114008455775767,596
"primary_202003_forest_FALSE","Q75",0.000113749450022846,597
"primary_202003_forest_FALSE","Q652_Q658R2",0.000112647550716121,598
"primary_202003_forest_FALSE","Q441_Q452R6",0.00011218291978115,599
"primary_202003_forest_FALSE","Q285",0.000112004332261078,600
"primary_202003_forest_FALSE","Q95",0.000111985229758348,601
"primary_202003_forest_FALSE","Q748",0.000111952253423382,602
"primary_202003_forest_FALSE","Q265",0.000111371025745914,603
"primary_202003_forest_FALSE","Q172R2",0.000110076670482869,604
"primary_202003_forest_FALSE","Q334",0.000109812059189686,605
"primary_202003_forest_FALSE","Q763_Q766R3",0.00010929295516141,606
"primary_202003_forest_FALSE","Q685",0.000108953740098348,607
"primary_202003_forest_FALSE","Q611",0.000108849526720161,608
"primary_202003_forest_FALSE","Q720_Q722R3",0.000108721126414071,609
"primary_202003_forest_FALSE","Q467_Q469R2",0.000108273324807459,610
"primary_202003_forest_FALSE","Q675",0.000107996570174867,611
"primary_202003_forest_FALSE","S1",0.000107774870014074,612
"primary_202003_forest_FALSE","Q203",0.000107081009657408,613
"primary_202003_forest_FALSE","Q529",0.000106694084200557,614
"primary_202003_forest_FALSE","Q663_Q666R4",0.000105836510243316,615
"primary_202003_forest_FALSE","Q85",0.000105661368516902,616
"primary_202003_forest_FALSE","Q417_Q424R7",0.000105121018249194,617
"primary_202003_forest_FALSE","Q542",0.000104786337875162,618
"primary_202003_forest_FALSE","Q441_Q452R10",0.0001042747132314,619
"primary_202003_forest_FALSE","Q746B",0.000104061409318559,620
"primary_202003_forest_FALSE","Q667_Q671R3",0.000103565826505722,621
"primary_202003_forest_FALSE","Q77R1",0.000103383217451061,622
"primary_202003_forest_FALSE","Q487_Q489R3",0.000102421742512251,623
"primary_202003_forest_FALSE","Q111R2",0.000102062645161588,624
"primary_202003_forest_FALSE","Q494_Q503R5",0.000101701839418576,625
"primary_202003_forest_FALSE","Q77R9",0.00010168913736925,626
"primary_202003_forest_FALSE","Q386_Q390R1",0.000101318702981437,627
"primary_202003_forest_FALSE","Q509_Q511R1",0.000101244896946066,628
"primary_202003_forest_FALSE","Q429_Q440R7",0.000101020664241667,629
"primary_202003_forest_FALSE","Q77R5",0.000101003757938991,630
"primary_202003_forest_FALSE","Q257BR4",0.000100474204139155,631
"primary_202003_forest_FALSE","Q487_Q489R2",9.98463676255546e-05,632
"primary_202003_forest_FALSE","Q70R4",9.97398542741272e-05,633
"primary_202003_forest_FALSE","Q117R9",9.95416487168431e-05,634
"primary_202003_forest_FALSE","Q521_Q528R8",9.93906264887387e-05,635
"primary_202003_forest_FALSE","Q462",9.93363615601625e-05,636
"primary_202003_forest_FALSE","Q535_Q538R4",9.93207380230581e-05,637
"primary_202003_forest_FALSE","Q749",9.90033422837856e-05,638
"primary_202003_forest_FALSE","Q410",9.87195346014996e-05,639
"primary_202003_forest_FALSE","Q77R4",9.85624249588778e-05,640
"primary_202003_forest_FALSE","Q283",9.84022192763677e-05,641
"primary_202003_forest_FALSE","Q257AR4",9.78842158872086e-05,642
"primary_202003_forest_FALSE","Q692",9.77189958679827e-05,643
"primary_202003_forest_FALSE","Q652_Q658R7",9.76596064086339e-05,644
"primary_202003_forest_FALSE","Q250R2",9.73570339983797e-05,645
"primary_202003_forest_FALSE","Q84",9.71831523324562e-05,646
"primary_202003_forest_FALSE","Q400",9.67860768976315e-05,647
"primary_202003_forest_FALSE","Q521_Q528R7",9.57365004297106e-05,648
"primary_202003_forest_FALSE","Q351",9.53690780528341e-05,649
"primary_202003_forest_FALSE","Q263",9.46874941657434e-05,650
"primary_202003_forest_FALSE","Q646_Q651R9",9.45621507883432e-05,651
"primary_202003_forest_FALSE","Q763_Q766R1",9.45041471962657e-05,652
"primary_202003_forest_FALSE","Q266",9.41506774492016e-05,653
"primary_202003_forest_FALSE","Q505_Q508R2",9.41279463870076e-05,654
"primary_202003_forest_FALSE","Q117R12",9.39589087372622e-05,655
"primary_202003_forest_FALSE","S11",9.35079334917859e-05,656
"primary_202003_forest_FALSE","Q470",9.33944415054747e-05,657
"primary_202003_forest_FALSE","Q591_Q596R6",9.31453323369572e-05,658
"primary_202003_forest_FALSE","Q679_Q682R3",9.19521397677125e-05,659
"primary_202003_forest_FALSE","Q78",9.19143930642235e-05,660
"primary_202003_forest_FALSE","Q688",9.10409239853498e-05,661
"primary_202003_forest_FALSE","Q754_Q762R3",9.04821977075201e-05,662
"primary_202003_forest_FALSE","Q687",8.9834982038305e-05,663
"primary_202003_forest_FALSE","Q803",8.96785998195502e-05,664
"primary_202003_forest_FALSE","Q676_Q678R2",8.96633495122161e-05,665
"primary_202003_forest_FALSE","Q732_Q737R6",8.9471846376258e-05,666
"primary_202003_forest_FALSE","Q767_Q771R3",8.94319250320015e-05,667
"primary_202003_forest_FALSE","Q401_Q404R3",8.86365974003983e-05,668
"primary_202003_forest_FALSE","Q630_Q632R3",8.84887862086044e-05,669
"primary_202003_forest_FALSE","Q441_Q452R8",8.790983984641e-05,670
"primary_202003_forest_FALSE","Q17",8.65392525541872e-05,671
"primary_202003_forest_FALSE","Q494_Q503R4",8.54811865978642e-05,672
"primary_202003_forest_FALSE","Q441_Q452R9",8.48938711607599e-05,673
"primary_202003_forest_FALSE","Q287R7",8.47669015600912e-05,674
"primary_202003_forest_FALSE","Q646_Q651R3",8.43074355535557e-05,675
"primary_202003_forest_FALSE","Q257BR1",8.41930497119265e-05,676
"primary_202003_forest_FALSE","Q294",8.38702619058702e-05,677
"primary_202003_forest_FALSE","Q679_Q682R1",8.35367282680955e-05,678
"primary_202003_forest_FALSE","S3B",8.31399609615735e-05,679
"primary_202003_forest_FALSE","Q819",8.22268434446606e-05,680
"primary_202003_forest_FALSE","Q69",8.14713862061589e-05,681
"primary_202003_forest_FALSE","Q494_Q503R10",8.06035813654315e-05,682
"primary_202003_forest_FALSE","Q287R4",7.93136278550159e-05,683
"primary_202003_forest_FALSE","Q752",7.80530486222539e-05,684
"primary_202003_forest_FALSE","Q250R5",7.79049509031415e-05,685
"primary_202003_forest_FALSE","Q676_Q678R1",7.76672751953019e-05,686
"primary_202003_forest_FALSE","Q175R2",7.75723052148716e-05,687
"primary_202003_forest_FALSE","Q767_Q771R4",7.74364480683429e-05,688
"primary_202003_forest_FALSE","Q720_Q722R2",7.66353340008266e-05,689
"primary_202003_forest_FALSE","Q262",7.59888840155327e-05,690
"primary_202003_forest_FALSE","Q391_Q393R3",7.55371995100313e-05,691
"primary_202003_forest_FALSE","Q97",7.55103042910551e-05,692
"primary_202003_forest_FALSE","Q573",7.54662336162754e-05,693
"primary_202003_forest_FALSE","Q763_Q766R4",7.49547251898046e-05,694
"primary_202003_forest_FALSE","Q153",7.44211335591155e-05,695
"primary_202003_forest_FALSE","Q732_Q737R4",7.41000793620775e-05,696
"primary_202003_forest_FALSE","Q754_Q762R6",7.40782134381623e-05,697
"primary_202003_forest_FALSE","Q646_Q651R5",7.37871671017216e-05,698
"primary_202003_forest_FALSE","S10_MEX",7.37081513082947e-05,699
"primary_202003_forest_FALSE","Q646_Q651R2",7.30610105170511e-05,700
"primary_202003_forest_FALSE","Q287R3",7.26604494814337e-05,701
"primary_202003_forest_FALSE","Q441_Q452R1",7.20544189736666e-05,702
"primary_202003_forest_FALSE","Q646_Q651R7",7.20062100208365e-05,703
"primary_202003_forest_FALSE","Q406",7.12056314258097e-05,704
"primary_202003_forest_FALSE","Q253",7.09200765809241e-05,705
"primary_202003_forest_FALSE","Q494_Q503R6",7.08121590482155e-05,706
"primary_202003_forest_FALSE","Q264",7.03511585966719e-05,707
"primary_202003_forest_FALSE","Q40",7.02933818102211e-05,708
"primary_202003_forest_FALSE","Q193",6.92770869549169e-05,709
"primary_202003_forest_FALSE","Q258",6.83078305234344e-05,710
"primary_202003_forest_FALSE","Q646_Q651R1",6.80062794249567e-05,711
"primary_202003_forest_FALSE","Q441_Q452R3",6.73516378303714e-05,712
"primary_202003_forest_FALSE","Q585_Q590R1",6.60943713612774e-05,713
"primary_202003_forest_FALSE","Q646_Q651R11",6.57319246602784e-05,714
"primary_202003_forest_FALSE","Q676_Q678R3",6.54727106827904e-05,715
"primary_202003_forest_FALSE","S2_AFROLAT",6.50092939338267e-05,716
"primary_202003_forest_FALSE","Q391_Q393R2",6.44929743523676e-05,717
"primary_202003_forest_FALSE","Q391_Q393R1",6.42924159604863e-05,718
"primary_202003_forest_FALSE","Q172R3",6.19936316230172e-05,719
"primary_202003_forest_FALSE","Q818",6.1955748371879e-05,720
"primary_202003_forest_FALSE","Q738_Q740R3",6.16746925582188e-05,721
"primary_202003_forest_FALSE","Q561",6.07686112170201e-05,722
"primary_202003_forest_FALSE","Q738_Q740R1",5.93275210274022e-05,723
"primary_202003_forest_FALSE","Q732_Q737R2",5.87575065051301e-05,724
"primary_202003_forest_FALSE","Q269",5.71734911857569e-05,725
"primary_202003_forest_FALSE","Q477",5.6624139519942e-05,726
"primary_202003_forest_FALSE","S3",5.59028361960484e-05,727
"primary_202003_forest_FALSE","Q646_Q651R6",5.53696462180502e-05,728
"primary_202003_forest_FALSE","Q250R3",5.50364051113694e-05,729
"primary_202003_forest_FALSE","Q738_Q740R2",5.48247639611382e-05,730
"primary_202003_forest_FALSE","Q679_Q682R4",5.38511508022915e-05,731
"primary_202003_forest_FALSE","Q405",5.30671224802187e-05,732
"primary_202003_forest_FALSE","Q585_Q590R6",5.25592587062713e-05,733
"primary_202003_forest_FALSE","Q172R1",5.24498147945808e-05,734
"primary_202003_forest_FALSE","Q732_Q737R5",5.15069922016273e-05,735
"primary_202003_forest_FALSE","Q583",5.03915737021463e-05,736
"primary_202003_forest_FALSE","Q679_Q682R2",5.02094673538211e-05,737
"primary_202003_forest_FALSE","Q252",4.84463685346768e-05,738
"primary_202003_forest_FALSE","Q732_Q737R1",4.84024682679891e-05,739
"primary_202003_forest_FALSE","Q175R1",4.81788422835099e-05,740
"primary_202003_forest_FALSE","Q254",4.78100023508162e-05,741
"primary_202003_forest_FALSE","Q585_Q590R2",4.67313627070238e-05,742
"primary_202003_forest_FALSE","Q467_Q469R1",4.54837138362344e-05,743
"primary_202003_forest_FALSE","Q394",4.50326575052883e-05,744
"primary_202003_forest_FALSE","Q279",4.45294641453962e-05,745
"primary_202003_forest_FALSE","Q467_Q469R3",4.41361854436596e-05,746
"primary_202003_forest_FALSE","Q646_Q651R8",4.36685869103627e-05,747
"primary_202003_forest_FALSE","Q640_Q645R1",4.31837375520608e-05,748
"primary_202003_forest_FALSE","Q531",4.06680707630857e-05,749
"primary_202003_forest_FALSE","Q250R8",3.96070097521622e-05,750
"primary_202003_forest_FALSE","S2_RACE_PRIME",3.89003661332222e-05,751
"primary_202003_forest_FALSE","Q585_Q590R5",3.85035499090721e-05,752
"primary_202003_forest_FALSE","Q746A",3.79789134532552e-05,753
"primary_202003_forest_FALSE","Q628",3.76635112707849e-05,754
"primary_202003_forest_FALSE","Q367",3.75448727994789e-05,755
"primary_202003_forest_FALSE","Q646_Q651R10",3.75226879040055e-05,756
"primary_202003_forest_FALSE","Q667_Q671R2",3.67453441698241e-05,757
"primary_202003_forest_FALSE","Q667_Q671R4",3.6344883517478e-05,758
"primary_202003_forest_FALSE","Q87",3.55666320338845e-05,759
"primary_202003_forest_FALSE","Q85B",3.34386127640581e-05,760
"primary_202003_forest_FALSE","Q270",3.32620023323403e-05,761
"primary_202003_forest_FALSE","Q585_Q590R4",3.19154944661107e-05,762
"primary_202003_forest_FALSE","Q170",3.0472312549373e-05,763
"primary_202003_forest_FALSE","Q585_Q590R3",2.9211472304049e-05,764
"primary_202003_forest_FALSE","Q255",2.65521058813829e-05,765
"primary_202003_forest_FALSE","Q466",2.52945553468492e-05,766
"primary_202003_forest_FALSE","Q260",2.35427831686102e-05,767
"primary_202003_forest_FALSE","Q686",1.97851937417122e-05,768
"primary_202003_forest_FALSE","Q667_Q671R5",1.90089153248168e-05,769
"primary_202003_forest_FALSE","S3C",1.01728471299859e-05,770
"withheld_202003_forest_FALSE","Q543",0.080802493292744,1
"withheld_202003_forest_FALSE","Q358",0.0454789801268967,2
"withheld_202003_forest_FALSE","Q606",0.0373588249133696,3
"withheld_202003_forest_FALSE","Q1",0.0361134104487794,4
"withheld_202003_forest_FALSE","Q308R7",0.0310383071448094,5
"withheld_202003_forest_FALSE","Q43",0.0136499958081363,6
"withheld_202003_forest_FALSE","Q485",0.0104071004131687,7
"withheld_202003_forest_FALSE","Q308R2",0.00956585567995558,8
"withheld_202003_forest_FALSE","Q706_Q708R1",0.00794156157328767,9
"withheld_202003_forest_FALSE","Q607_Q610R2",0.00725206475589773,10
"withheld_202003_forest_FALSE","Q308R5",0.00703641810382131,11
"withheld_202003_forest_FALSE","Q184R1",0.0068774978191023,12
"withheld_202003_forest_FALSE","Q563_Q572R10",0.00487919068494705,13
"withheld_202003_forest_FALSE","Q385",0.00391683814421327,14
"withheld_202003_forest_FALSE","Q563_Q572R5",0.00372553875255865,15
"withheld_202003_forest_FALSE","Q308R6",0.0036785223944085,16
"withheld_202003_forest_FALSE","Q607_Q610R4",0.00367534020681417,17
"withheld_202003_forest_FALSE","Q563_Q572R9",0.00358137322611865,18
"withheld_202003_forest_FALSE","Q706_Q708R2",0.00322668556877947,19
"withheld_202003_forest_FALSE","Q359R2",0.00288791232377239,20
"withheld_202003_forest_FALSE","Q607_Q610R1",0.00281690948300704,21
"withheld_202003_forest_FALSE","Q144",0.00264472716514748,22
"withheld_202003_forest_FALSE","Q131R3",0.00264250189595601,23
"withheld_202003_forest_FALSE","Q607_Q610R3",0.00256810953782789,24
"withheld_202003_forest_FALSE","Q359R1",0.0025102343488409,25
"withheld_202003_forest_FALSE","Q475",0.00241030858050406,26
"withheld_202003_forest_FALSE","Q117R13",0.00238247364454118,27
"withheld_202003_forest_FALSE","Q33R3",0.00213488525467937,28
"withheld_202003_forest_FALSE","Q428",0.00191265522089165,29
"withheld_202003_forest_FALSE","Q368",0.00182628691853718,30
"withheld_202003_forest_FALSE","Q217R1",0.00181277357707993,31
"withheld_202003_forest_FALSE","Q619_Q626R5",0.00177945530290718,32
"withheld_202003_forest_FALSE","Q539",0.00175626930798127,33
"withheld_202003_forest_FALSE","Q154R1",0.00170427572123409,34
"withheld_202003_forest_FALSE","Q504R6",0.00169768937895807,35
"withheld_202003_forest_FALSE","Q619_Q626R2",0.00154678511167863,36
"withheld_202003_forest_FALSE","Q208R5",0.00152111999295644,37
"withheld_202003_forest_FALSE","Q60",0.00149153138520369,38
"withheld_202003_forest_FALSE","Q504R3",0.00146569456361287,39
"withheld_202003_forest_FALSE","Q308R3",0.00135624185829346,40
"withheld_202003_forest_FALSE","Q217R2",0.00134572016422712,41
"withheld_202003_forest_FALSE","Q329",0.00132093967070741,42
"withheld_202003_forest_FALSE","Q709_712R1",0.00129296139959944,43
"withheld_202003_forest_FALSE","Q371",0.00127827290319805,44
"withheld_202003_forest_FALSE","Q584",0.00127748875176401,45
"withheld_202003_forest_FALSE","Q183",0.00123401400898673,46
"withheld_202003_forest_FALSE","Q44",0.00122309603553906,47
"withheld_202003_forest_FALSE","Q131R1",0.00118324621991363,48
"withheld_202003_forest_FALSE","Q117R11",0.00117260705601712,49
"withheld_202003_forest_FALSE","Q619_Q626R6",0.00115099095999448,50
"withheld_202003_forest_FALSE","Q295",0.00115016794198883,51
"withheld_202003_forest_FALSE","Q478_Q483R1",0.00114532291776161,52
"withheld_202003_forest_FALSE","Q619_Q626R8",0.00113896217996907,53
"withheld_202003_forest_FALSE","Q131R9",0.00112561845806867,54
"withheld_202003_forest_FALSE","Q563_Q572R7",0.00109200063109106,55
"withheld_202003_forest_FALSE","Q683",0.00106724916338979,56
"withheld_202003_forest_FALSE","Q131R10",0.001004098436391,57
"withheld_202003_forest_FALSE","Q308R1",0.0009995080610003,58
"withheld_202003_forest_FALSE","Q603",0.000999119751069836,59
"withheld_202003_forest_FALSE","Q131R2",0.000996331381306532,60
"withheld_202003_forest_FALSE","Q32",0.000993150548743435,61
"withheld_202003_forest_FALSE","Q490",0.000953572888203967,62
"withheld_202003_forest_FALSE","Q790",0.000951638244031675,63
"withheld_202003_forest_FALSE","Q225R14",0.000919992210068914,64
"withheld_202003_forest_FALSE","Q33R1",0.000913774608142587,65
"withheld_202003_forest_FALSE","Q62R5",0.00089361095354177,66
"withheld_202003_forest_FALSE","Q619_Q626R7",0.00088926921397361,67
"withheld_202003_forest_FALSE","Q478_Q483R6",0.000887213139714439,68
"withheld_202003_forest_FALSE","Q472_Q474R2",0.000886091214159359,69
"withheld_202003_forest_FALSE","Q563_Q572R3",0.000857950803100267,70
"withheld_202003_forest_FALSE","Q715_718R1",0.00085766857174103,71
"withheld_202003_forest_FALSE","Q184R3",0.000848291756759809,72
"withheld_202003_forest_FALSE","Q793",0.00084570853043787,73
"withheld_202003_forest_FALSE","VQ773",0.000842770826833561,74
"withheld_202003_forest_FALSE","Q709_712R2",0.000828389588995691,75
"withheld_202003_forest_FALSE","Q806",0.000826700933494718,76
"withheld_202003_forest_FALSE","Q773",0.000824026504358966,77
"withheld_202003_forest_FALSE","Q441_Q452R4",0.000818212805427005,78
"withheld_202003_forest_FALSE","S4",0.000812102537128017,79
"withheld_202003_forest_FALSE","Q38",0.000811793484843318,80
"withheld_202003_forest_FALSE","Q563_Q572R4",0.000808810598210491,81
"withheld_202003_forest_FALSE","Q131R6",0.000795649310857307,82
"withheld_202003_forest_FALSE","S10",0.000784037307081131,83
"withheld_202003_forest_FALSE","Q799",0.000776124078003043,84
"withheld_202003_forest_FALSE","Q384R1",0.000772655004435052,85
"withheld_202003_forest_FALSE","Q467_Q469R2",0.000770960777771784,86
"withheld_202003_forest_FALSE","Q131R5",0.000769721019490345,87
"withheld_202003_forest_FALSE","VQ774",0.000756876873836456,88
"withheld_202003_forest_FALSE","Q332",0.000755341473606158,89
"withheld_202003_forest_FALSE","Q213R2",0.00074074935747458,90
"withheld_202003_forest_FALSE","Q162R8",0.000700669342592605,91
"withheld_202003_forest_FALSE","Q117R4",0.000700341548228768,92
"withheld_202003_forest_FALSE","Q184R2",0.00070032828655974,93
"withheld_202003_forest_FALSE","Q61",0.00069660357193889,94
"withheld_202003_forest_FALSE","Q62R4",0.000694933551231537,95
"withheld_202003_forest_FALSE","Q213R4",0.000694460949074354,96
"withheld_202003_forest_FALSE","Q513_Q516R2",0.000691989118133742,97
"withheld_202003_forest_FALSE","Q58",0.000688492946911433,98
"withheld_202003_forest_FALSE","Q693_Q700R5",0.000670857022469765,99
"withheld_202003_forest_FALSE","Q544",0.000670827738558743,100
"withheld_202003_forest_FALSE","Q517",0.000656060892232896,101
"withheld_202003_forest_FALSE","Q187R1",0.000654499701972351,102
"withheld_202003_forest_FALSE","Q701_Q705R1",0.000638110756249605,103
"withheld_202003_forest_FALSE","Q116",0.000629291358862981,104
"withheld_202003_forest_FALSE","Q221R4",0.000614870904952336,105
"withheld_202003_forest_FALSE","Q774",0.000609506238150154,106
"withheld_202003_forest_FALSE","Q563_Q572R8",0.000599542807985988,107
"withheld_202003_forest_FALSE","Q504R4",0.000581233235244242,108
"withheld_202003_forest_FALSE","Q563_Q572R6",0.000569217911684121,109
"withheld_202003_forest_FALSE","Q257AR3",0.000556508302233398,110
"withheld_202003_forest_FALSE","Q726",0.000541235287110986,111
"withheld_202003_forest_FALSE","Q70R2",0.000526519308219029,112
"withheld_202003_forest_FALSE","Q257CR3",0.000520468154326684,113
"withheld_202003_forest_FALSE","Q330",0.000504486592817412,114
"withheld_202003_forest_FALSE","Q31",0.000485875071971727,115
"withheld_202003_forest_FALSE","Q551_Q559R3",0.000482499796443162,116
"withheld_202003_forest_FALSE","Q619_Q626R4",0.000479605244161517,117
"withheld_202003_forest_FALSE","Q117R1",0.000476551837765648,118
"withheld_202003_forest_FALSE","Q76",0.000465022512542023,119
"withheld_202003_forest_FALSE","Q131R8",0.000458404599398784,120
"withheld_202003_forest_FALSE","Q187R4",0.00045634870213995,121
"withheld_202003_forest_FALSE","Q131R7",0.000450742781939513,122
"withheld_202003_forest_FALSE","Q386_Q390R5",0.00044307872454672,123
"withheld_202003_forest_FALSE","Q505_Q508R4",0.000442955832583563,124
"withheld_202003_forest_FALSE","Q417_Q424R3",0.00044256727125318,125
"withheld_202003_forest_FALSE","Q208R1",0.000440467310506556,126
"withheld_202003_forest_FALSE","Q117R3",0.000431550120069346,127
"withheld_202003_forest_FALSE","Q39",0.000430233745974977,128
"withheld_202003_forest_FALSE","Q629",0.000429222290668513,129
"withheld_202003_forest_FALSE","Q582",0.000423360772381528,130
"withheld_202003_forest_FALSE","Q225R12",0.000422002423366443,131
"withheld_202003_forest_FALSE","Q417_Q424R2",0.000419147340153472,132
"withheld_202003_forest_FALSE","Q518",0.000417772011157102,133
"withheld_202003_forest_FALSE","Q800",0.000413573295341053,134
"withheld_202003_forest_FALSE","Q225R4",0.000412451505548742,135
"withheld_202003_forest_FALSE","Q540R1",0.000407720941336941,136
"withheld_202003_forest_FALSE","Q794",0.000397011042581226,137
"withheld_202003_forest_FALSE","Q408",0.00039373000438194,138
"withheld_202003_forest_FALSE","Q417_Q424R6",0.000390581025483283,139
"withheld_202003_forest_FALSE","Q492",0.000388822353120182,140
"withheld_202003_forest_FALSE","Q99R2",0.000386324541801157,141
"withheld_202003_forest_FALSE","Q487_Q489R2",0.000384407367943551,142
"withheld_202003_forest_FALSE","Q225R13",0.00037910961137857,143
"withheld_202003_forest_FALSE","Q131R11",0.000378682868888347,144
"withheld_202003_forest_FALSE","Q693_Q700R8",0.000378555938909794,145
"withheld_202003_forest_FALSE","Q117R8",0.000378496162799331,146
"withheld_202003_forest_FALSE","Q33R4",0.000375464692033893,147
"withheld_202003_forest_FALSE","Q187R5",0.000375417928473718,148
"withheld_202003_forest_FALSE","Q693_Q700R1",0.000374152886447519,149
"withheld_202003_forest_FALSE","Q619_Q626R1",0.000373277599709569,150
"withheld_202003_forest_FALSE","Q257CR1",0.00037290718962927,151
"withheld_202003_forest_FALSE","Q273R1",0.000372412732215799,152
"withheld_202003_forest_FALSE","Q491",0.000370646593940628,153
"withheld_202003_forest_FALSE","Q504R2",0.000368843334965432,154
"withheld_202003_forest_FALSE","Q111R4",0.000367659236902059,155
"withheld_202003_forest_FALSE","Q366",0.000367344278361768,156
"withheld_202003_forest_FALSE","Q187R2",0.000366376802376458,157
"withheld_202003_forest_FALSE","Q250R1",0.000363366071114487,158
"withheld_202003_forest_FALSE","Q691",0.00036285813777534,159
"withheld_202003_forest_FALSE","Q675",0.00036155121472758,160
"withheld_202003_forest_FALSE","Q171",0.000359715070019428,161
"withheld_202003_forest_FALSE","Q693_Q700R3",0.000356271224978483,162
"withheld_202003_forest_FALSE","Q471",0.000352494273289268,163
"withheld_202003_forest_FALSE","Q396_Q398R1",0.00035189007555079,164
"withheld_202003_forest_FALSE","Q217R3",0.000351358130555357,165
"withheld_202003_forest_FALSE","Q225R5",0.000350564412478317,166
"withheld_202003_forest_FALSE","Q417_Q424R4",0.000350026725607609,167
"withheld_202003_forest_FALSE","Q779",0.000342764400936093,168
"withheld_202003_forest_FALSE","Q359R3",0.000341820900403372,169
"withheld_202003_forest_FALSE","Q57",0.000338282762228004,170
"withheld_202003_forest_FALSE","Q693_Q700R7",0.000338275862580274,171
"withheld_202003_forest_FALSE","Q478_Q483R2",0.000337631832670832,172
"withheld_202003_forest_FALSE","Q659",0.000335102504026286,173
"withheld_202003_forest_FALSE","Q348",0.000334578067408868,174
"withheld_202003_forest_FALSE","Q178R3",0.000333378191054995,175
"withheld_202003_forest_FALSE","Q99R7",0.000328165621494805,176
"withheld_202003_forest_FALSE","Q257AR2",0.000325267021062974,177
"withheld_202003_forest_FALSE","Q803",0.00032281997336938,178
"withheld_202003_forest_FALSE","Q33R2",0.000321765175310579,179
"withheld_202003_forest_FALSE","Q513_Q516R3",0.000320264062468153,180
"withheld_202003_forest_FALSE","Q287R4",0.000319479538487958,181
"withheld_202003_forest_FALSE","Q162R5",0.000319468739609076,182
"withheld_202003_forest_FALSE","Q221R3",0.000316746235697206,183
"withheld_202003_forest_FALSE","Q154R2",0.00031328622224221,184
"withheld_202003_forest_FALSE","Q45",0.000310057327149199,185
"withheld_202003_forest_FALSE","Q676_Q678R1",0.000308322972058943,186
"withheld_202003_forest_FALSE","Q754_Q762R8",0.000307245249396369,187
"withheld_202003_forest_FALSE","Q111R5",0.000304207911603337,188
"withheld_202003_forest_FALSE","Q99R6",0.000303925695196266,189
"withheld_202003_forest_FALSE","Q33R5",0.000303543908988372,190
"withheld_202003_forest_FALSE","Q509_Q511R2",0.000303038181977233,191
"withheld_202003_forest_FALSE","Q281",0.000302773448949947,192
"withheld_202003_forest_FALSE","Q349",0.000297078764355408,193
"withheld_202003_forest_FALSE","Q331",0.000296966278441644,194
"withheld_202003_forest_FALSE","Q42",0.000296168796866739,195
"withheld_202003_forest_FALSE","Q261",0.000292611842037991,196
"withheld_202003_forest_FALSE","Q693_Q700R6",0.000292558754196208,197
"withheld_202003_forest_FALSE","Q417_Q424R5",0.000290871055878623,198
"withheld_202003_forest_FALSE","Q810",0.000290381787349196,199
"withheld_202003_forest_FALSE","Q709_712R3",0.000290110797986219,200
"withheld_202003_forest_FALSE","Q560R7",0.000286063676658351,201
"withheld_202003_forest_FALSE","Q378",0.000283843501312945,202
"withheld_202003_forest_FALSE","Q257CR2",0.000282771047598855,203
"withheld_202003_forest_FALSE","Q429_Q440R2",0.000282108378481067,204
"withheld_202003_forest_FALSE","Q182",0.000281492117560555,205
"withheld_202003_forest_FALSE","Q411_Q416R6",0.000279456626607587,206
"withheld_202003_forest_FALSE","Q563_Q572R2",0.00027890831876071,207
"withheld_202003_forest_FALSE","Q560R8",0.000278272333358571,208
"withheld_202003_forest_FALSE","Q662",0.000276380374822583,209
"withheld_202003_forest_FALSE","Q811",0.000275455111723908,210
"withheld_202003_forest_FALSE","Q401_Q404R2",0.00027541732007555,211
"withheld_202003_forest_FALSE","Q411_Q416R3",0.000275270187577502,212
"withheld_202003_forest_FALSE","Q813",0.000273494986528326,213
"withheld_202003_forest_FALSE","Q751",0.000272773518182006,214
"withheld_202003_forest_FALSE","Q343R3",0.000272484329544215,215
"withheld_202003_forest_FALSE","Q131R4",0.000271806956140215,216
"withheld_202003_forest_FALSE","Q727_Q731R5",0.000270774461889757,217
"withheld_202003_forest_FALSE","Q417_Q424R7",0.000268572529644279,218
"withheld_202003_forest_FALSE","Q178R1",0.000266861413507371,219
"withheld_202003_forest_FALSE","Q417_Q424R8",0.000265804546450196,220
"withheld_202003_forest_FALSE","Q742",0.000263026150399087,221
"withheld_202003_forest_FALSE","Q395",0.000262861444451442,222
"withheld_202003_forest_FALSE","Q560R1",0.000262440169871083,223
"withheld_202003_forest_FALSE","Q162R4",0.000260088046382525,224
"withheld_202003_forest_FALSE","Q278",0.000259583658450509,225
"withheld_202003_forest_FALSE","Q715_718R3",0.000259429562012354,226
"withheld_202003_forest_FALSE","Q285",0.000259388175119443,227
"withheld_202003_forest_FALSE","Q407",0.000258437671663413,228
"withheld_202003_forest_FALSE","Q660",0.000257872436750666,229
"withheld_202003_forest_FALSE","Q727_Q731R3",0.000256470789893639,230
"withheld_202003_forest_FALSE","Q521_Q528R1",0.000255839075044055,231
"withheld_202003_forest_FALSE","Q257BR3",0.00025312814656463,232
"withheld_202003_forest_FALSE","Q249",0.000252442853787398,233
"withheld_202003_forest_FALSE","Q597_Q602R6",0.000251701054522752,234
"withheld_202003_forest_FALSE","Q287R2",0.000250794423404533,235
"withheld_202003_forest_FALSE","Q752",0.000248569970530578,236
"withheld_202003_forest_FALSE","Q98",0.000247702898805249,237
"withheld_202003_forest_FALSE","Q154R5",0.000246476942407587,238
"withheld_202003_forest_FALSE","Q545R7",0.000246368205599602,239
"withheld_202003_forest_FALSE","Q494_Q503R2",0.000246070882491139,240
"withheld_202003_forest_FALSE","Q504R1",0.000245314499294169,241
"withheld_202003_forest_FALSE","Q478_Q483R4",0.0002452563998255,242
"withheld_202003_forest_FALSE","Q748",0.000244889417052339,243
"withheld_202003_forest_FALSE","Q788",0.000244464244132337,244
"withheld_202003_forest_FALSE","Q777",0.000243314141881205,245
"withheld_202003_forest_FALSE","Q110",0.000242877833770666,246
"withheld_202003_forest_FALSE","Q494_Q503R3",0.000241740978116856,247
"withheld_202003_forest_FALSE","Q574",0.000241648130008027,248
"withheld_202003_forest_FALSE","Q178R2",0.000241178819596788,249
"withheld_202003_forest_FALSE","Q99R4",0.000236488360568395,250
"withheld_202003_forest_FALSE","Q202",0.000236283232787674,251
"withheld_202003_forest_FALSE","Q62R2",0.000235725994200529,252
"withheld_202003_forest_FALSE","Q316R6",0.000235428585914711,253
"withheld_202003_forest_FALSE","Q727_Q731R2",0.000233389149098753,254
"withheld_202003_forest_FALSE","S5",0.000233191921131676,255
"withheld_202003_forest_FALSE","Q99R8",0.000233057540100929,256
"withheld_202003_forest_FALSE","Q257BR1",0.000231972908512071,257
"withheld_202003_forest_FALSE","Q225R9",0.000231621556086876,258
"withheld_202003_forest_FALSE","Q99R9",0.000230842752991648,259
"withheld_202003_forest_FALSE","Q693_Q700R4",0.000230418126241606,260
"withheld_202003_forest_FALSE","Q131R12",0.000230028893982906,261
"withheld_202003_forest_FALSE","Q796",0.000229155844920832,262
"withheld_202003_forest_FALSE","Q456_Q461R3",0.000226827003188744,263
"withheld_202003_forest_FALSE","Q62R1",0.000226244068597823,264
"withheld_202003_forest_FALSE","Q808",0.000226177371580839,265
"withheld_202003_forest_FALSE","Q425",0.000225751198023474,266
"withheld_202003_forest_FALSE","Q504R5",0.000225724358251761,267
"withheld_202003_forest_FALSE","Q225R2",0.000225382072536634,268
"withheld_202003_forest_FALSE","Q243R2",0.000224225909841269,269
"withheld_202003_forest_FALSE","Q616_Q618R3",0.000223747053904686,270
"withheld_202003_forest_FALSE","Q628",0.000219943280831465,271
"withheld_202003_forest_FALSE","Q513_Q516R1",0.000218848739028025,272
"withheld_202003_forest_FALSE","Q131R13",0.000217561182770795,273
"withheld_202003_forest_FALSE","Q271",0.000217263520312282,274
"withheld_202003_forest_FALSE","Q217R4",0.000217244288439341,275
"withheld_202003_forest_FALSE","Q257CR4",0.00021706770753345,276
"withheld_202003_forest_FALSE","Q487_Q489R3",0.000215749353763174,277
"withheld_202003_forest_FALSE","Q429_Q440R11",0.000215059546221351,278
"withheld_202003_forest_FALSE","Q478_Q483R3",0.000214568075518444,279
"withheld_202003_forest_FALSE","Q59",0.000214500093887855,280
"withheld_202003_forest_FALSE","Q213R3",0.000214459291155309,281
"withheld_202003_forest_FALSE","Q225R6",0.000213873746544843,282
"withheld_202003_forest_FALSE","Q619_Q626R3",0.000213291663928264,283
"withheld_202003_forest_FALSE","Q386_Q390R2",0.000213109155786766,284
"withheld_202003_forest_FALSE","Q429_Q440R12",0.000213033324838555,285
"withheld_202003_forest_FALSE","Q352",0.000212940886034868,286
"withheld_202003_forest_FALSE","S11",0.000212148532172231,287
"withheld_202003_forest_FALSE","Q205",0.000212140472037851,288
"withheld_202003_forest_FALSE","Q335",0.000211125337756153,289
"withheld_202003_forest_FALSE","Q221R2",0.000210458058692956,290
"withheld_202003_forest_FALSE","Q194",0.000209342421298395,291
"withheld_202003_forest_FALSE","Q146",0.000207431103891138,292
"withheld_202003_forest_FALSE","Q560R6",0.000206858746740827,293
"withheld_202003_forest_FALSE","Q661",0.000206739355336773,294
"withheld_202003_forest_FALSE","Q504R7",0.000206421070010864,295
"withheld_202003_forest_FALSE","Q782",0.000205930155625842,296
"withheld_202003_forest_FALSE","Q411_Q416R1",0.000203828748303656,297
"withheld_202003_forest_FALSE","Q75",0.000203752257963389,298
"withheld_202003_forest_FALSE","Q256",0.000203204315798319,299
"withheld_202003_forest_FALSE","Q709_712R4",0.000202720266388428,300
"withheld_202003_forest_FALSE","Q243R4",0.000202293000517741,301
"withheld_202003_forest_FALSE","Q809",0.000202174628363437,302
"withheld_202003_forest_FALSE","Q225R8",0.000202055080214624,303
"withheld_202003_forest_FALSE","Q239R2",0.000202005555560226,304
"withheld_202003_forest_FALSE","Q99R1",0.000201139224943102,305
"withheld_202003_forest_FALSE","Q549R7",0.000201103712495566,306
"withheld_202003_forest_FALSE","Q520",0.00020109355229604,307
"withheld_202003_forest_FALSE","Q111R3",0.000200649507153331,308
"withheld_202003_forest_FALSE","Q359R4",0.000200394417432696,309
"withheld_202003_forest_FALSE","Q429_Q440R9",0.000200014254236799,310
"withheld_202003_forest_FALSE","Q208R2",0.000199732552094341,311
"withheld_202003_forest_FALSE","Q243R1",0.000199634982626713,312
"withheld_202003_forest_FALSE","Q456_Q461R1",0.000199521700480009,313
"withheld_202003_forest_FALSE","Q286",0.000199268629454247,314
"withheld_202003_forest_FALSE","Q208R4",0.000199100206544368,315
"withheld_202003_forest_FALSE","Q152",0.000198914340988868,316
"withheld_202003_forest_FALSE","Q701_Q705R3",0.000198424859697427,317
"withheld_202003_forest_FALSE","Q611",0.000198271053148617,318
"withheld_202003_forest_FALSE","Q154R3",0.000197321386953468,319
"withheld_202003_forest_FALSE","Q417_Q424R1",0.000197320332584787,320
"withheld_202003_forest_FALSE","Q29",0.000196780051337754,321
"withheld_202003_forest_FALSE","Q411_Q416R4",0.000196709222287214,322
"withheld_202003_forest_FALSE","Q805",0.000196439230745902,323
"withheld_202003_forest_FALSE","Q159R1",0.00019578522178963,324
"withheld_202003_forest_FALSE","Q747",0.000195705078124045,325
"withheld_202003_forest_FALSE","Q546R7",0.000195600900098409,326
"withheld_202003_forest_FALSE","Q365",0.000194832245985043,327
"withheld_202003_forest_FALSE","Q456_Q461R6",0.000194575113571717,328
"withheld_202003_forest_FALSE","Q597_Q602R1",0.000193707489412338,329
"withheld_202003_forest_FALSE","Q257BR2",0.000193003970444772,330
"withheld_202003_forest_FALSE","S1",0.000192651418527907,331
"withheld_202003_forest_FALSE","Q287R7",0.000192435115203642,332
"withheld_202003_forest_FALSE","S14",0.000192294190241021,333
"withheld_202003_forest_FALSE","Q369",0.000191808715047698,334
"withheld_202003_forest_FALSE","Q308R4",0.000191695105465335,335
"withheld_202003_forest_FALSE","Q551_Q559R8",0.00019058007664832,336
"withheld_202003_forest_FALSE","Q20",0.000190136373150135,337
"withheld_202003_forest_FALSE","Q674R1",0.000189897347871757,338
"withheld_202003_forest_FALSE","Q476",0.000189384139277761,339
"withheld_202003_forest_FALSE","Q690",0.000188876891009163,340
"withheld_202003_forest_FALSE","Q706_Q708R3",0.000188627764387647,341
"withheld_202003_forest_FALSE","Q99R3",0.000188356421634401,342
"withheld_202003_forest_FALSE","Q187R3",0.000188066457125383,343
"withheld_202003_forest_FALSE","Q547R7",0.000186570012857501,344
"withheld_202003_forest_FALSE","Q401_Q404R4",0.000185392586838419,345
"withheld_202003_forest_FALSE","Q117R10",0.000184952774809399,346
"withheld_202003_forest_FALSE","Q396_Q398R2",0.000184843698124075,347
"withheld_202003_forest_FALSE","Q795",0.00018401149968767,348
"withheld_202003_forest_FALSE","Q282",0.000183692306594021,349
"withheld_202003_forest_FALSE","Q689",0.000182804675526574,350
"withheld_202003_forest_FALSE","Q551_Q559R1",0.000181843264851573,351
"withheld_202003_forest_FALSE","Q77R1",0.00018183265734286,352
"withheld_202003_forest_FALSE","Q754_Q762R6",0.000180090776059455,353
"withheld_202003_forest_FALSE","Q667_Q671R3",0.00017992405968427,354
"withheld_202003_forest_FALSE","Q381_Q383R1",0.000179411464947234,355
"withheld_202003_forest_FALSE","Q472_Q474R3",0.000179083357660553,356
"withheld_202003_forest_FALSE","Q693_Q700R2",0.000178014648327299,357
"withheld_202003_forest_FALSE","Q701_Q705R5",0.000177420052625545,358
"withheld_202003_forest_FALSE","Q591_Q596R2",0.000177362801824512,359
"withheld_202003_forest_FALSE","Q265",0.000177212581345763,360
"withheld_202003_forest_FALSE","Q820",0.000176946623626807,361
"withheld_202003_forest_FALSE","Q239R1",0.00017470670691645,362
"withheld_202003_forest_FALSE","Q753",0.000174101689267207,363
"withheld_202003_forest_FALSE","Q225R7",0.000173357717669992,364
"withheld_202003_forest_FALSE","Q154R4",0.000172611769466822,365
"withheld_202003_forest_FALSE","Q208R3",0.000172468376058424,366
"withheld_202003_forest_FALSE","Q206",0.000171984264401145,367
"withheld_202003_forest_FALSE","Q343R2",0.000171560500028843,368
"withheld_202003_forest_FALSE","Q775",0.000171498293130187,369
"withheld_202003_forest_FALSE","Q429_Q440R8",0.000171387431018686,370
"withheld_202003_forest_FALSE","Q521_Q528R7",0.000171276605704051,371
"withheld_202003_forest_FALSE","Q117R7",0.000170988767802216,372
"withheld_202003_forest_FALSE","Q159R3",0.000170906055945352,373
"withheld_202003_forest_FALSE","Q630_Q632R2",0.000170750817396272,374
"withheld_202003_forest_FALSE","Q550",0.000170493654488425,375
"withheld_202003_forest_FALSE","Q804",0.000170395104818604,376
"withheld_202003_forest_FALSE","Q512",0.000169001951898222,377
"withheld_202003_forest_FALSE","Q534",0.000168443578566202,378
"withheld_202003_forest_FALSE","Q351",0.000168243997116662,379
"withheld_202003_forest_FALSE","Q754_Q762R5",0.000166940663482608,380
"withheld_202003_forest_FALSE","Q268",0.000166270639588121,381
"withheld_202003_forest_FALSE","Q616_Q618R2",0.000166086518642554,382
"withheld_202003_forest_FALSE","Q672",0.000166055398695234,383
"withheld_202003_forest_FALSE","Q263",0.000165944114023777,384
"withheld_202003_forest_FALSE","Q454",0.000164368396567299,385
"withheld_202003_forest_FALSE","S2_M",0.000163880770219866,386
"withheld_202003_forest_FALSE","Q504R8",0.000163544647212433,387
"withheld_202003_forest_FALSE","Q560R5",0.000162822288932578,388
"withheld_202003_forest_FALSE","Q273R2",0.000161881288243873,389
"withheld_202003_forest_FALSE","Q162R1",0.000161452544248847,390
"withheld_202003_forest_FALSE","Q273R4",0.000161298996092822,391
"withheld_202003_forest_FALSE","Q519",0.000161144187068456,392
"withheld_202003_forest_FALSE","Q347",0.000160799064468243,393
"withheld_202003_forest_FALSE","Q560R3",0.000160613375055363,394
"withheld_202003_forest_FALSE","S13",0.000159597100668232,395
"withheld_202003_forest_FALSE","Q630_Q632R3",0.000159524012035267,396
"withheld_202003_forest_FALSE","Q41",0.000159397371637681,397
"withheld_202003_forest_FALSE","Q117R2",0.000159232096547485,398
"withheld_202003_forest_FALSE","Q117R5",0.000159230863566632,399
"withheld_202003_forest_FALSE","Q521_Q528R5",0.000158909961662331,400
"withheld_202003_forest_FALSE","Q597_Q602R5",0.000158487399771535,401
"withheld_202003_forest_FALSE","Q521_Q528R4",0.000158324710426645,402
"withheld_202003_forest_FALSE","Q386_Q390R3",0.000158059295544393,403
"withheld_202003_forest_FALSE","Q816",0.000157931098908097,404
"withheld_202003_forest_FALSE","Q652_Q658R4",0.000156896340063235,405
"withheld_202003_forest_FALSE","Q145",0.000156877991867193,406
"withheld_202003_forest_FALSE","Q273R5",0.00015656075104771,407
"withheld_202003_forest_FALSE","Q149",0.000156086369980278,408
"withheld_202003_forest_FALSE","Q411_Q416R2",0.000155473456978588,409
"withheld_202003_forest_FALSE","Q399",0.000155283657001365,410
"withheld_202003_forest_FALSE","Q99R5",0.000154446224236278,411
"withheld_202003_forest_FALSE","Q381_Q383R3",0.000154422775842159,412
"withheld_202003_forest_FALSE","Q562",0.000154364857419279,413
"withheld_202003_forest_FALSE","Q363",0.000153684983782951,414
"withheld_202003_forest_FALSE","Q13",0.000152353520020168,415
"withheld_202003_forest_FALSE","Q287R1",0.00015228601262894,416
"withheld_202003_forest_FALSE","Q573",0.000152233502734948,417
"withheld_202003_forest_FALSE","Q493",0.000149343763820715,418
"withheld_202003_forest_FALSE","Q633",0.000149067465436338,419
"withheld_202003_forest_FALSE","Q676_Q678R3",0.000148441092722011,420
"withheld_202003_forest_FALSE","Q162R3",0.000148273287039096,421
"withheld_202003_forest_FALSE","Q749",0.000147599388393552,422
"withheld_202003_forest_FALSE","Q812",0.000147026530184587,423
"withheld_202003_forest_FALSE","Q409",0.00014643979238256,424
"withheld_202003_forest_FALSE","Q147",0.000145846106532841,425
"withheld_202003_forest_FALSE","Q597_Q602R3",0.000145578131954003,426
"withheld_202003_forest_FALSE","Q99R11",0.000145546195313924,427
"withheld_202003_forest_FALSE","Q535_Q538R3",0.000145291440619247,428
"withheld_202003_forest_FALSE","Q741",0.000145093333634816,429
"withheld_202003_forest_FALSE","Q316R5",0.000143837965545797,430
"withheld_202003_forest_FALSE","Q750",0.000143404296705338,431
"withheld_202003_forest_FALSE","Q505_Q508R1",0.00014290721407749,432
"withheld_202003_forest_FALSE","Q640_Q645R4",0.000142856002945365,433
"withheld_202003_forest_FALSE","Q505_Q508R2",0.000142322340575587,434
"withheld_202003_forest_FALSE","Q99R10",0.000142310489897063,435
"withheld_202003_forest_FALSE","Q754_Q762R9",0.000141897935575197,436
"withheld_202003_forest_FALSE","Q70R4",0.000141890244495852,437
"withheld_202003_forest_FALSE","Q410",0.00014164287507957,438
"withheld_202003_forest_FALSE","Q646_Q651R9",0.000141021987530809,439
"withheld_202003_forest_FALSE","Q250R2",0.000140490510716862,440
"withheld_202003_forest_FALSE","Q386_Q390R4",0.00014020613986271,441
"withheld_202003_forest_FALSE","Q754_Q762R4",0.000140035947497603,442
"withheld_202003_forest_FALSE","S2_NATIVE",0.00014000889860132,443
"withheld_202003_forest_FALSE","Q491A",0.000139478859166933,444
"withheld_202003_forest_FALSE","Q746B",0.000138430325526039,445
"withheld_202003_forest_FALSE","Q701_Q705R4",0.000138003244679571,446
"withheld_202003_forest_FALSE","Q379",0.000137783059919079,447
"withheld_202003_forest_FALSE","Q535_Q538R1",0.000137619572112455,448
"withheld_202003_forest_FALSE","Q117R6",0.000137497091172434,449
"withheld_202003_forest_FALSE","Q239R4",0.000136973228296314,450
"withheld_202003_forest_FALSE","Q86",0.000136927061599586,451
"withheld_202003_forest_FALSE","Q213R1",0.000136508078901814,452
"withheld_202003_forest_FALSE","Q178R4",0.000135974786556159,453
"withheld_202003_forest_FALSE","Q343R1",0.000135551754197375,454
"withheld_202003_forest_FALSE","Q67",0.000135117829585016,455
"withheld_202003_forest_FALSE","Q441_Q452R2",0.000134922344345964,456
"withheld_202003_forest_FALSE","Q316R2",0.000133452184669061,457
"withheld_202003_forest_FALSE","Q401_Q404R3",0.00013266964631748,458
"withheld_202003_forest_FALSE","Q333",0.000132611382548923,459
"withheld_202003_forest_FALSE","Q478_Q483R5",0.000132019690828992,460
"withheld_202003_forest_FALSE","Q591_Q596R1",0.000131727938387206,461
"withheld_202003_forest_FALSE","Q535_Q538R2",0.000130914934076808,462
"withheld_202003_forest_FALSE","Q316R3",0.000130812684424189,463
"withheld_202003_forest_FALSE","Q401_Q404R1",0.000130639574507134,464
"withheld_202003_forest_FALSE","Q673",0.000130571793723413,465
"withheld_202003_forest_FALSE","Q162R6",0.000130462478009229,466
"withheld_202003_forest_FALSE","Q88",0.000130188058506004,467
"withheld_202003_forest_FALSE","Q316R4",0.000129260041476282,468
"withheld_202003_forest_FALSE","Q248",0.000128822541278375,469
"withheld_202003_forest_FALSE","Q203",0.000128475277505806,470
"withheld_202003_forest_FALSE","Q456_Q461R4",0.000128206946635662,471
"withheld_202003_forest_FALSE","Q494_Q503R9",0.000128000888083699,472
"withheld_202003_forest_FALSE","Q162R2",0.00012737683631276,473
"withheld_202003_forest_FALSE","Q411_Q416R5",0.000127333088868594,474
"withheld_202003_forest_FALSE","Q646_Q651R6",0.000127285783070396,475
"withheld_202003_forest_FALSE","Q472_Q474R1",0.000127189514038763,476
"withheld_202003_forest_FALSE","Q798",0.000126727870076884,477
"withheld_202003_forest_FALSE","Q663_Q666R1",0.000126211124635598,478
"withheld_202003_forest_FALSE","Q591_Q596R3",0.000126007431740062,479
"withheld_202003_forest_FALSE","Q77R6",0.000125647331197357,480
"withheld_202003_forest_FALSE","Q364",0.000125583592164099,481
"withheld_202003_forest_FALSE","Q597_Q602R4",0.000125226377128346,482
"withheld_202003_forest_FALSE","Q221R1",0.000125010492718648,483
"withheld_202003_forest_FALSE","Q239R3",0.000124765844029054,484
"withheld_202003_forest_FALSE","Q429_Q440R10",0.000124724260468115,485
"withheld_202003_forest_FALSE","Q429_Q440R6",0.000124512352229408,486
"withheld_202003_forest_FALSE","Q819",0.000124462355361477,487
"withheld_202003_forest_FALSE","Q207",0.000124386665606322,488
"withheld_202003_forest_FALSE","Q652_Q658R6",0.000124189572200358,489
"withheld_202003_forest_FALSE","Q754_Q762R1",0.000123932866085951,490
"withheld_202003_forest_FALSE","Q175R1",0.000123407978888976,491
"withheld_202003_forest_FALSE","Q754_Q762R2",0.000123135000158794,492
"withheld_202003_forest_FALSE","Q381_Q383R2",0.000123056042266526,493
"withheld_202003_forest_FALSE","Q69",0.000123009822321793,494
"withheld_202003_forest_FALSE","Q204",0.000122952234005128,495
"withheld_202003_forest_FALSE","Q548R7",0.000122478247258819,496
"withheld_202003_forest_FALSE","Q640_Q645R6",0.000122281045026791,497
"withheld_202003_forest_FALSE","Q441_Q452R10",0.00012221392212759,498
"withheld_202003_forest_FALSE","Q727_Q731R4",0.00012213823967767,499
"withheld_202003_forest_FALSE","Q151",0.000121660403709395,500
"withheld_202003_forest_FALSE","Q563_Q572R1",0.000121244691989599,501
"withheld_202003_forest_FALSE","Q551_Q559R9",0.000120782776765563,502
"withheld_202003_forest_FALSE","Q646_Q651R8",0.000120033061573661,503
"withheld_202003_forest_FALSE","Q591_Q596R5",0.000119572155913263,504
"withheld_202003_forest_FALSE","Q679_Q682R4",0.000118835591675962,505
"withheld_202003_forest_FALSE","Q287R5",0.00011883477114824,506
"withheld_202003_forest_FALSE","Q551_Q559R4",0.000118063200721439,507
"withheld_202003_forest_FALSE","Q509_Q511R1",0.000117973461048203,508
"withheld_202003_forest_FALSE","Q273R3",0.000117924495888856,509
"withheld_202003_forest_FALSE","Q117R9",0.000117767147840546,510
"withheld_202003_forest_FALSE","Q640_Q645R3",0.000117593827403514,511
"withheld_202003_forest_FALSE","Q370",0.000117574045570452,512
"withheld_202003_forest_FALSE","Q560R2",0.000117132586648038,513
"withheld_202003_forest_FALSE","Q429_Q440R5",0.000116687358026031,514
"withheld_202003_forest_FALSE","Q477",0.000116340673465658,515
"withheld_202003_forest_FALSE","Q225R1",0.000116328750800595,516
"withheld_202003_forest_FALSE","Q667_Q671R1",0.000116208069385695,517
"withheld_202003_forest_FALSE","Q815",0.000116100219350723,518
"withheld_202003_forest_FALSE","Q77R4",0.000115773689315851,519
"withheld_202003_forest_FALSE","Q727_Q731R1",0.000115320375311578,520
"withheld_202003_forest_FALSE","Q62R3",0.00011474192291503,521
"withheld_202003_forest_FALSE","Q720_Q722R3",0.000114543580023771,522
"withheld_202003_forest_FALSE","Q551_Q559R5",0.000113340301123559,523
"withheld_202003_forest_FALSE","Q153",0.000113006426007855,524
"withheld_202003_forest_FALSE","Q148",0.000112864725151959,525
"withheld_202003_forest_FALSE","Q521_Q528R2",0.000112819445656677,526
"withheld_202003_forest_FALSE","Q93",0.00011273154447906,527
"withheld_202003_forest_FALSE","Q280",0.000111660560323289,528
"withheld_202003_forest_FALSE","Q257BR4",0.000111307068772074,529
"withheld_202003_forest_FALSE","Q162R7",0.000111268064089736,530
"withheld_202003_forest_FALSE","Q77R8",0.000111213386053768,531
"withheld_202003_forest_FALSE","Q356",0.000110825473096614,532
"withheld_202003_forest_FALSE","Q77R5",0.000109810265598672,533
"withheld_202003_forest_FALSE","Q159R2",0.000109527615625286,534
"withheld_202003_forest_FALSE","Q732_Q737R1",0.000109466354327205,535
"withheld_202003_forest_FALSE","Q604_Q605R1",0.000109345496471614,536
"withheld_202003_forest_FALSE","Q377",0.000109052537178861,537
"withheld_202003_forest_FALSE","Q283",0.000107261835260557,538
"withheld_202003_forest_FALSE","Q172R2",0.000107158013182384,539
"withheld_202003_forest_FALSE","Q785",0.000106952363628291,540
"withheld_202003_forest_FALSE","Q613",0.000106850587852794,541
"withheld_202003_forest_FALSE","Q339",0.000106375315813616,542
"withheld_202003_forest_FALSE","Q701_Q705R2",0.000106282685135722,543
"withheld_202003_forest_FALSE","Q663_Q666R2",0.000105509624452544,544
"withheld_202003_forest_FALSE","Q646_Q651R10",0.000104975276764047,545
"withheld_202003_forest_FALSE","Q257AR1",0.000104118429309234,546
"withheld_202003_forest_FALSE","Q84",0.000104037747059651,547
"withheld_202003_forest_FALSE","Q663_Q666R4",0.000103647932466697,548
"withheld_202003_forest_FALSE","Q77R2",0.0001035432410116,549
"withheld_202003_forest_FALSE","Q386_Q390R1",0.000103177246839072,550
"withheld_202003_forest_FALSE","Q111R1",0.00010313250211997,551
"withheld_202003_forest_FALSE","Q467_Q469R3",0.000102926712958177,552
"withheld_202003_forest_FALSE","Q30",0.000102811850076588,553
"withheld_202003_forest_FALSE","Q542",0.000102475530779295,554
"withheld_202003_forest_FALSE","Q254",0.000102223485477447,555
"withheld_202003_forest_FALSE","Q551_Q559R6",0.000101726933675211,556
"withheld_202003_forest_FALSE","Q685",0.000101459372483386,557
"withheld_202003_forest_FALSE","Q287R3",0.0001014529429444,558
"withheld_202003_forest_FALSE","Q591_Q596R6",0.000100544786514339,559
"withheld_202003_forest_FALSE","Q591_Q596R4",9.96097581130994e-05,560
"withheld_202003_forest_FALSE","Q719",9.95958837106939e-05,561
"withheld_202003_forest_FALSE","Q723_Q725R1",9.95201807914497e-05,562
"withheld_202003_forest_FALSE","Q551_Q559R7",9.93226445310903e-05,563
"withheld_202003_forest_FALSE","Q767_Q771R2",9.90359953005105e-05,564
"withheld_202003_forest_FALSE","Q343R4",9.87089487024856e-05,565
"withheld_202003_forest_FALSE","Q676_Q678R2",9.79600984177944e-05,566
"withheld_202003_forest_FALSE","Q247",9.75533135417592e-05,567
"withheld_202003_forest_FALSE","Q597_Q602R2",9.72522102987272e-05,568
"withheld_202003_forest_FALSE","Q396_Q398R3",9.71613278594045e-05,569
"withheld_202003_forest_FALSE","Q77R9",9.71030440835841e-05,570
"withheld_202003_forest_FALSE","Q494_Q503R5",9.57110647092744e-05,571
"withheld_202003_forest_FALSE","Q561",9.46695635912582e-05,572
"withheld_202003_forest_FALSE","Q814",9.46486330019961e-05,573
"withheld_202003_forest_FALSE","Q738_Q740R1",9.44134626512021e-05,574
"withheld_202003_forest_FALSE","Q767_Q771R5",9.44013761087797e-05,575
"withheld_202003_forest_FALSE","Q150",9.42017033046072e-05,576
"withheld_202003_forest_FALSE","Q494_Q503R1",9.40368464779136e-05,577
"withheld_202003_forest_FALSE","Q714",9.28398505920336e-05,578
"withheld_202003_forest_FALSE","Q646_Q651R7",9.28018390719362e-05,579
"withheld_202003_forest_FALSE","Q720_Q722R2",9.27715869292587e-05,580
"withheld_202003_forest_FALSE","Q225R3",9.18645285438618e-05,581
"withheld_202003_forest_FALSE","Q663_Q666R3",9.09393596967117e-05,582
"withheld_202003_forest_FALSE","Q535_Q538R4",9.08854043646256e-05,583
"withheld_202003_forest_FALSE","Q763_Q766R2",9.07587172190353e-05,584
"withheld_202003_forest_FALSE","Q441_Q452R11",9.03429407294244e-05,585
"withheld_202003_forest_FALSE","Q380",9.01454815467652e-05,586
"withheld_202003_forest_FALSE","Q646_Q651R1",8.99305450941469e-05,587
"withheld_202003_forest_FALSE","Q441_Q452R3",8.91287475787207e-05,588
"withheld_202003_forest_FALSE","Q640_Q645R5",8.90121104193395e-05,589
"withheld_202003_forest_FALSE","Q802",8.89370682201313e-05,590
"withheld_202003_forest_FALSE","Q746A",8.82450070307946e-05,591
"withheld_202003_forest_FALSE","Q486",8.7696433763802e-05,592
"withheld_202003_forest_FALSE","Q16",8.6472652749661e-05,593
"withheld_202003_forest_FALSE","Q257AR4",8.63615652930991e-05,594
"withheld_202003_forest_FALSE","Q763_Q766R1",8.62856941374179e-05,595
"withheld_202003_forest_FALSE","Q715_718R4",8.61267367247486e-05,596
"withheld_202003_forest_FALSE","Q111R2",8.5773775675312e-05,597
"withheld_202003_forest_FALSE","Q264",8.37421509295057e-05,598
"withheld_202003_forest_FALSE","Q616_Q618R1",8.34976094860985e-05,599
"withheld_202003_forest_FALSE","Q754_Q762R3",8.31179505211248e-05,600
"withheld_202003_forest_FALSE","Q40",8.28135438362707e-05,601
"withheld_202003_forest_FALSE","Q77R3",8.25146973446919e-05,602
"withheld_202003_forest_FALSE","Q484",8.24823948955921e-05,603
"withheld_202003_forest_FALSE","Q494_Q503R8",8.1814229896206e-05,604
"withheld_202003_forest_FALSE","S2_RACE_PRIME",7.95754704487908e-05,605
"withheld_202003_forest_FALSE","Q723_Q725R2",7.93396084219295e-05,606
"withheld_202003_forest_FALSE","Q715_718R2",7.92807377748003e-05,607
"withheld_202003_forest_FALSE","Q487_Q489R1",7.8926928616328e-05,608
"withheld_202003_forest_FALSE","Q316R1",7.88269203568381e-05,609
"withheld_202003_forest_FALSE","Q441_Q452R7",7.87457067769138e-05,610
"withheld_202003_forest_FALSE","S7",7.79732983782348e-05,611
"withheld_202003_forest_FALSE","Q732_Q737R3",7.70793987846988e-05,612
"withheld_202003_forest_FALSE","S2_RACE",7.57904467617282e-05,613
"withheld_202003_forest_FALSE","Q801",7.50738102908857e-05,614
"withheld_202003_forest_FALSE","Q763_Q766R4",7.50701030491154e-05,615
"withheld_202003_forest_FALSE","Q175R2",7.50137197591226e-05,616
"withheld_202003_forest_FALSE","Q243R3",7.48764169178381e-05,617
"withheld_202003_forest_FALSE","Q429_Q440R1",7.46709796090216e-05,618
"withheld_202003_forest_FALSE","Q652_Q658R2",7.41341554855257e-05,619
"withheld_202003_forest_FALSE","Q640_Q645R2",7.39108732502355e-05,620
"withheld_202003_forest_FALSE","Q400",7.32746583705307e-05,621
"withheld_202003_forest_FALSE","Q583",7.30001937677257e-05,622
"withheld_202003_forest_FALSE","Q70R1",7.29447841369067e-05,623
"withheld_202003_forest_FALSE","Q521_Q528R8",7.2659833183494e-05,624
"withheld_202003_forest_FALSE","Q70R3",7.23330265633768e-05,625
"withheld_202003_forest_FALSE","Q797",7.22947169736439e-05,626
"withheld_202003_forest_FALSE","Q494_Q503R7",7.16346880496614e-05,627
"withheld_202003_forest_FALSE","Q646_Q651R5",7.12953130388613e-05,628
"withheld_202003_forest_FALSE","Q456_Q461R5",7.11693062570512e-05,629
"withheld_202003_forest_FALSE","Q494_Q503R10",7.09467396621442e-05,630
"withheld_202003_forest_FALSE","Q494_Q503R6",7.03055778208189e-05,631
"withheld_202003_forest_FALSE","Q738_Q740R3",7.01552783514511e-05,632
"withheld_202003_forest_FALSE","Q70R5",6.98947605631632e-05,633
"withheld_202003_forest_FALSE","Q394",6.96729888934883e-05,634
"withheld_202003_forest_FALSE","Q692",6.95412439966845e-05,635
"withheld_202003_forest_FALSE","Q456_Q461R2",6.93014512619431e-05,636
"withheld_202003_forest_FALSE","Q679_Q682R3",6.84225713900941e-05,637
"withheld_202003_forest_FALSE","Q455",6.75967615045113e-05,638
"withheld_202003_forest_FALSE","Q406",6.73402874201096e-05,639
"withheld_202003_forest_FALSE","S3",6.69108351856279e-05,640
"withheld_202003_forest_FALSE","Q262",6.64289471780941e-05,641
"withheld_202003_forest_FALSE","Q193",6.63584958528505e-05,642
"withheld_202003_forest_FALSE","Q68",6.61860887102394e-05,643
"withheld_202003_forest_FALSE","Q467_Q469R1",6.60808217655214e-05,644
"withheld_202003_forest_FALSE","Q604_Q605R2",6.58860387665615e-05,645
"withheld_202003_forest_FALSE","Q441_Q452R5",6.54922778870722e-05,646
"withheld_202003_forest_FALSE","S10_MEX",6.4757209838401e-05,647
"withheld_202003_forest_FALSE","Q429_Q440R3",6.33713829209319e-05,648
"withheld_202003_forest_FALSE","Q441_Q452R12",6.32599087639537e-05,649
"withheld_202003_forest_FALSE","Q763_Q766R3",6.2385994083138e-05,650
"withheld_202003_forest_FALSE","Q639",6.13843380522872e-05,651
"withheld_202003_forest_FALSE","Q767_Q771R1",6.13244141604257e-05,652
"withheld_202003_forest_FALSE","Q279",6.11324320257527e-05,653
"withheld_202003_forest_FALSE","Q46",6.11119483830797e-05,654
"withheld_202003_forest_FALSE","Q429_Q440R4",6.10496533612732e-05,655
"withheld_202003_forest_FALSE","Q350",6.05575027080664e-05,656
"withheld_202003_forest_FALSE","Q646_Q651R4",6.03772686669732e-05,657
"withheld_202003_forest_FALSE","Q646_Q651R11",5.9925234853806e-05,658
"withheld_202003_forest_FALSE","Q250R5",5.94288590383139e-05,659
"withheld_202003_forest_FALSE","Q429_Q440R7",5.89114397408095e-05,660
"withheld_202003_forest_FALSE","Q686",5.85149613999734e-05,661
"withheld_202003_forest_FALSE","Q551_Q559R2",5.84257687777382e-05,662
"withheld_202003_forest_FALSE","Q630_Q632R1",5.81369889631723e-05,663
"withheld_202003_forest_FALSE","Q405",5.80331340103429e-05,664
"withheld_202003_forest_FALSE","Q453",5.57552686821398e-05,665
"withheld_202003_forest_FALSE","NEWQ67",5.4497408790902e-05,666
"withheld_202003_forest_FALSE","Q521_Q528R6",5.44656691770723e-05,667
"withheld_202003_forest_FALSE","Q505_Q508R3",5.4265177005487e-05,668
"withheld_202003_forest_FALSE","Q679_Q682R2",5.25389504174011e-05,669
"withheld_202003_forest_FALSE","Q687",5.24536221000883e-05,670
"withheld_202003_forest_FALSE","Q679_Q682R1",5.20356344239308e-05,671
"withheld_202003_forest_FALSE","Q521_Q528R3",4.99829144967314e-05,672
"withheld_202003_forest_FALSE","Q652_Q658R1",4.96030263514827e-05,673
"withheld_202003_forest_FALSE","Q646_Q651R2",4.92939708430032e-05,674
"withheld_202003_forest_FALSE","Q494_Q503R4",4.89968848181226e-05,675
"withheld_202003_forest_FALSE","Q95",4.86722857222274e-05,676
"withheld_202003_forest_FALSE","Q720_Q722R1",4.84936337573612e-05,677
"withheld_202003_forest_FALSE","Q117R12",4.83282698168668e-05,678
"withheld_202003_forest_FALSE","Q78",4.8224442818083e-05,679
"withheld_202003_forest_FALSE","Q441_Q452R8",4.72007988390518e-05,680
"withheld_202003_forest_FALSE","Q250R3",4.69440785880614e-05,681
"withheld_202003_forest_FALSE","Q441_Q452R1",4.67757420424135e-05,682
"withheld_202003_forest_FALSE","Q172R1",4.66845801906298e-05,683
"withheld_202003_forest_FALSE","Q767_Q771R4",4.6420785388756e-05,684
"withheld_202003_forest_FALSE","Q767_Q771R3",4.64199943346807e-05,685
"withheld_202003_forest_FALSE","Q723_Q725R3",4.59986086648667e-05,686
"withheld_202003_forest_FALSE","Q266",4.50697589378654e-05,687
"withheld_202003_forest_FALSE","Q462",4.42957148736184e-05,688
"withheld_202003_forest_FALSE","Q585_Q590R5",4.41379208443609e-05,689
"withheld_202003_forest_FALSE","Q585_Q590R6",4.39691905218473e-05,690
"withheld_202003_forest_FALSE","Q441_Q452R6",4.28016388186004e-05,691
"withheld_202003_forest_FALSE","Q754_Q762R7",4.24659462280116e-05,692
"withheld_202003_forest_FALSE","Q372",4.23718243373317e-05,693
"withheld_202003_forest_FALSE","Q818",4.22904644446888e-05,694
"withheld_202003_forest_FALSE","Q172R3",4.22683408000181e-05,695
"withheld_202003_forest_FALSE","Q688",4.19553037347491e-05,696
"withheld_202003_forest_FALSE","Q391_Q393R2",4.04977173772455e-05,697
"withheld_202003_forest_FALSE","Q640_Q645R1",4.03956870605612e-05,698
"withheld_202003_forest_FALSE","Q258",4.01040781609655e-05,699
"withheld_202003_forest_FALSE","Q255",3.9639933496792e-05,700
"withheld_202003_forest_FALSE","Q713",3.94243018291282e-05,701
"withheld_202003_forest_FALSE","Q732_Q737R6",3.88705245687161e-05,702
"withheld_202003_forest_FALSE","Q77R7",3.86785105876866e-05,703
"withheld_202003_forest_FALSE","Q732_Q737R4",3.86743106337245e-05,704
"withheld_202003_forest_FALSE","Q529",3.8566154136785e-05,705
"withheld_202003_forest_FALSE","Q585_Q590R4",3.69162286991018e-05,706
"withheld_202003_forest_FALSE","Q738_Q740R2",3.60488955097474e-05,707
"withheld_202003_forest_FALSE","Q170",3.60058177287091e-05,708
"withheld_202003_forest_FALSE","Q667_Q671R4",3.52433436379377e-05,709
"withheld_202003_forest_FALSE","Q87",3.36290873003072e-05,710
"withheld_202003_forest_FALSE","Q463",3.33293835945106e-05,711
"withheld_202003_forest_FALSE","Q192",3.27379244547689e-05,712
"withheld_202003_forest_FALSE","Q85B",3.2443266658814e-05,713
"withheld_202003_forest_FALSE","Q253",3.2428619864841e-05,714
"withheld_202003_forest_FALSE","Q367",3.23599900852174e-05,715
"withheld_202003_forest_FALSE","Q97",3.22834017336748e-05,716
"withheld_202003_forest_FALSE","Q260",3.22071540245396e-05,717
"withheld_202003_forest_FALSE","Q541",3.21378857891154e-05,718
"withheld_202003_forest_FALSE","S2_AFROLAT",3.01566558811831e-05,719
"withheld_202003_forest_FALSE","Q530",2.95705113703396e-05,720
"withheld_202003_forest_FALSE","Q391_Q393R1",2.9363644257741e-05,721
"withheld_202003_forest_FALSE","Q652_Q658R5",2.91647453482871e-05,722
"withheld_202003_forest_FALSE","Q652_Q658R3",2.87574620583968e-05,723
"withheld_202003_forest_FALSE","Q85",2.84672251305739e-05,724
"withheld_202003_forest_FALSE","Q252",2.84578436039578e-05,725
"withheld_202003_forest_FALSE","Q732_Q737R5",2.74119456550927e-05,726
"withheld_202003_forest_FALSE","Q652_Q658R7",2.73649333757754e-05,727
"withheld_202003_forest_FALSE","Q470",2.60188596073802e-05,728
"withheld_202003_forest_FALSE","Q646_Q651R3",2.51501911752765e-05,729
"withheld_202003_forest_FALSE","Q175R3",2.46838037787611e-05,730
"withheld_202003_forest_FALSE","Q270",2.43145460886576e-05,731
"withheld_202003_forest_FALSE","Q251",2.20744703686846e-05,732
"withheld_202003_forest_FALSE","Q357",2.00691138368257e-05,733
"withheld_202003_forest_FALSE","Q466",2.00053761668693e-05,734
"withheld_202003_forest_FALSE","Q267",1.93582833566091e-05,735
"withheld_202003_forest_FALSE","Q269",1.9182636356827e-05,736
"withheld_202003_forest_FALSE","Q531",1.84345743340911e-05,737
"withheld_202003_forest_FALSE","Q585_Q590R3",1.64674037864628e-05,738
"withheld_202003_forest_FALSE","S3B",1.51144749698499e-05,739
"withheld_202003_forest_FALSE","Q391_Q393R3",1.28106615429675e-05,740
"withheld_202003_forest_FALSE","Q732_Q737R2",1.26857251160595e-05,741
"withheld_202003_forest_FALSE","Q441_Q452R9",1.25697593323502e-05,742
"withheld_202003_forest_FALSE","Q667_Q671R5",1.17475097825867e-05,743
"withheld_202003_forest_FALSE","Q627",1.07534270704754e-05,744
"withheld_202003_forest_FALSE","Q585_Q590R1",9.80873358002614e-06,745
"withheld_202003_forest_FALSE","Q250R8",8.92745019421614e-06,746
"withheld_202003_forest_FALSE","S3C",8.35826963484518e-06,747
"withheld_202003_forest_FALSE","Q667_Q671R2",5.25980076405021e-06,748
"withheld_202003_forest_FALSE","Q585_Q590R2",0,749
