"variable","response","sample_n"
"S1","(01) English",2002
"S1","(02) Spanish",80
"S1","(03) Chinese (simplified)",0
"S1","(04) Chinese (traditional)",0
"S1","(05) Korean",0
"S1","(06) Vietnamese",0
"S1","(07) Arabic",0
"S1","(08) Urdu",0
"S1","(09) Farsi",0
"S1","(10) Haitian Creole",0
"S2_RACER1","(0) NO TO: White",1294
"S2_RACER1","(1) White",788
"S2_RACER2","(0) NO TO: Hispanic or Latino",0
"S2_RACER2","(1) Hispanic or Latino",2082
"S2_RACER3","(0) NO TO: Black or African American",2012
"S2_RACER3","(1) Black or African American",70
"S2_RACER4","(0) NO TO: Asian American",2082
"S2_RACER4","(1) Asian American",0
"S2_RACER5","(0) NO TO: American Indian/Native American",2082
"S2_RACER5","(1) American Indian/Native American",0
"S2_RACER6","(0) NO TO: Arab, Middle Eastern or North African",2082
"S2_RACER6","(1) Arab, Middle Eastern or North African",0
"S2_RACER7","(0) NO TO: Native Hawaiian",2082
"S2_RACER7","(1) Native Hawaiian",0
"S2_RACER8","(0) NO TO: Not Hawaiian, but other Pacific Islander",2082
"S2_RACER8","(1) Not Hawaiian, but other Pacific Islander",0
"S2_RACE_PRIME","(1) White",286
"S2_RACE_PRIME","(2) Hispanic or Latino",1754
"S2_RACE_PRIME","(3) Black or African American",42
"S2_RACE_PRIME","(4) Asian American",0
"S2_RACE_PRIME","(5) American Indian/Native American",0
"S2_RACE_PRIME","(6) Arab, Middle Eastern or North African",0
"S2_RACE_PRIME","(7) Native Hawaiian",0
"S2_RACE_PRIME","(8) Not Hawaiian, but other Pacific Islander",0
"S2_HISPANICR1","(0) NO TO: No, not Hispanic or Latino",0
"S2_HISPANICR1","(1) No, not Hispanic or Latino",0
"S2_HISPANICR2","(0) NO TO: Yes, myself",0
"S2_HISPANICR2","(2) Yes, myself",0
"S2_HISPANICR3","(0) NO TO: Yes, one of my parents",0
"S2_HISPANICR3","(3) Yes, one of my parents",0
"S2_HISPANICR4","(0) NO TO: Yes, one of my grandparents",0
"S2_HISPANICR4","(4) Yes, one of my grandparents",0
"S2_HISPANICR5","(0) NO TO: Yes, another more distant relative",0
"S2_HISPANICR5","(5) Yes, another more distant relative",0
"S2_NATIVER1","(0) NO TO: No, not Native American",440
"S2_NATIVER1","(1) No, not Native American",1642
"S2_NATIVER2","(0) NO TO: Yes, myself",1952
"S2_NATIVER2","(1) Yes, myself",130
"S2_NATIVER3","(0) NO TO: Yes, one of my parents",1979
"S2_NATIVER3","(1) Yes, one of my parents",103
"S2_NATIVER4","(0) NO TO: Yes, one of my grandparents",1912
"S2_NATIVER4","(1) Yes, one of my grandparents",170
"S2_NATIVER5","(0) NO TO: Yes, another more distant relative",1930
"S2_NATIVER5","(1) Yes, another more distant relative",152
"S2_AFROLATR1","(0) NO TO: No, not Afro-Latino",272
"S2_AFROLATR1","(1) No, not Afro-Latino",1810
"S2_AFROLATR2","(0) NO TO: Yes, myself",1927
"S2_AFROLATR2","(1) Yes, myself",155
"S2_AFROLATR3","(0) NO TO: Yes, one of my parents",1995
"S2_AFROLATR3","(1) Yes, one of my parents",87
"S2_AFROLATR4","(0) NO TO: Yes, one of my grandparents",2014
"S2_AFROLATR4","(1) Yes, one of my grandparents",68
"S2_AFROLATR5","(0) NO TO: Yes, another more distant relative",2017
"S2_AFROLATR5","(1) Yes, another more distant relative",65
"S3","(01) Straight, that is, not gay or lesbian",1866
"S3","(02) Gay or lesbian",108
"S3","(03) Bisexual",59
"S3","(04) Something else (Specify)",21
"S3","(88) Refused",18
"S3","(99) I don",10
"S3B","(1) Man",823
"S3B","(2) Woman",1253
"S3B","(3) Non-binary",5
"S3B","(4) Something else (Specify)",1
"S3C","(01) Yes",26
"S3C","(02) No",2054
"S3C","(88) Don",2
"S4","(01) Alaska",1
"S4","(02) Alabama",14
"S4","(03) Arizona",109
"S4","(04) Arkansas",7
"S4","(05) California",444
"S4","(06) Colorado",42
"S4","(07) Connecticut",22
"S4","(08) Delaware",4
"S4","(09) District of Columbia",1
"S4","(10) Florida",319
"S4","(11) Georgia",25
"S4","(12) Hawaii",4
"S4","(13) Idaho",4
"S4","(14) Illinois",85
"S4","(15) Indiana",19
"S4","(16) Iowa",6
"S4","(17) Kansas",8
"S4","(18) Kentucky",5
"S4","(19) Louisiana",12
"S4","(20) Maine",0
"S4","(21) Maryland",18
"S4","(22) Massachusetts",34
"S4","(23) Michigan",23
"S4","(24) Minnesota",15
"S4","(25) Mississippi",0
"S4","(26) Missouri",8
"S4","(27) Montana",1
"S4","(28) Nebraska",5
"S4","(29) Nevada",19
"S4","(30) New Hampshire",2
"S4","(31) New Jersey",66
"S4","(32) New Mexico",37
"S4","(33) New York",181
"S4","(34) North Carolina",28
"S4","(35) North Dakota",0
"S4","(36) Ohio",24
"S4","(37) Oklahoma",9
"S4","(38) Oregon",12
"S4","(39) Pennsylvania",49
"S4","(40) Rhode Island",4
"S4","(41) South Carolina",10
"S4","(42) South Dakota",0
"S4","(43) Tennessee",12
"S4","(44) Texas",309
"S4","(45) Utah",7
"S4","(46) Vermont",1
"S4","(47) Virginia",30
"S4","(48) Washington",24
"S4","(49) West virginia",3
"S4","(50) Wisconsin",20
"S4","(51) Wyoming",0
"S7","(1) United States",1607
"S7","(2) Another country",338
"S7","(3) on the Island of Puerto Rico",137
"S8","(01) Chinese",0
"S8","(02) Taiwanese",0
"S8","(03) Indian",0
"S8","(04) Filipino",0
"S8","(05) Korean",0
"S8","(06) Vietnamese",0
"S8","(07) Japanese",0
"S8","(08) Pakistani",0
"S8","(09) Hmong",0
"S8","(10) Thai",0
"S8","(11) Lao",0
"S8","(12) Iranian",0
"S8","(13) Bangladeshi",0
"S8","(14) Cambodian",0
"S8","(15) Pacific Islander (Samoa, Guam, Tonga",0
"S8","(16) Other (Specify)",0
"S8_PACIFIC","(1) Native Hawaiian",0
"S8_PACIFIC","(2) Samoan",0
"S8_PACIFIC","(3) Guamanian",0
"S8_PACIFIC","(4) Tongan",0
"S8_PACIFIC","(5) Micronesian",0
"S8_PACIFIC","(6) Fijian",0
"S8_PACIFIC","(7) Tahitian",0
"S8_PACIFIC","(8) Other pacific island (Specify)",0
"S9","(01) Roots in America for many generations",28
"S9","(02) Nigeria",3
"S9","(03) Ethiopia",1
"S9","(04) Egypt",0
"S9","(05) Ghana",2
"S9","(06) Kenya",2
"S9","(07) Liberia",0
"S9","(08) Somalia",0
"S9","(09) Other country in Africa",0
"S9","(10) Jamaica",2
"S9","(11) Haiti",0
"S9","(12) Trinidad and Tobago",1
"S9","(13) Barbados",1
"S9","(14) Dominican Republic",6
"S9","(15) Other country in Caribbean",14
"S9","(16) Guyana",0
"S9","(17) Brazil",0
"S9","(18) Other country in Latin America",7
"S9","(19) Other country (Specify)",3
"S10","(01) Argentina",18
"S10","(02) Bolivia",9
"S10","(03) Chile",11
"S10","(04) Colombia",15
"S10","(05) Costa Rica",16
"S10","(06) Cuba",151
"S10","(07) Dominican Republic",70
"S10","(08) Ecuador",23
"S10","(09) El Salvador",41
"S10","(10) Guatemala",25
"S10","(11) Honduras",19
"S10","(12) Mexico",944
"S10","(13) Nicaragua",14
"S10","(14) Panama",13
"S10","(15) Paraguay",3
"S10","(16) Peru",35
"S10","(17) Puerto Rico",378
"S10","(18) Uruguay",2
"S10","(19) Venezuela",12
"S10","(20) Brazil",14
"S10","(21) Spain / Spanish",230
"S10","(22) Other country (Specify)",39
"S10_MEX","(1) Yes, have Mexican ancestry",102
"S10_MEX","(2) No",167
"S11","(01) Navajo",23
"S11","(02) Cherokee",32
"S11","(03) Sioux",3
"S11","(04) Chippewa or Ojibwe",2
"S11","(05) Choctaw",4
"S11","(06) Apache",18
"S11","(07) Pueblo",6
"S11","(08) Iroquois",4
"S11","(09) Creek",8
"S11","(10) Blackfeet",6
"S11","(11) Alaska Native",4
"S11","(12) Latin American indigenous",77
"S11","(13) Other (Specify)",31
"S11","(88) Don",91
"S11","(99) Refused",2
"S12","(01) Afghanistan",0
"S12","(02) Algeria",0
"S12","(03) Bahrain",0
"S12","(04) Djibouti",0
"S12","(05) Egypt",0
"S12","(06) Eritrea",0
"S12","(07) Ethiopia",0
"S12","(08) Iran",0
"S12","(09) Iraq",0
"S12","(10) Israel",0
"S12","(11) Jordan",0
"S12","(12) Kuwait",0
"S12","(13) Lebanon",0
"S12","(14) Libya",0
"S12","(15) Morocco",0
"S12","(16) Oman",0
"S12","(17) Palestine",0
"S12","(18) Qatar",0
"S12","(19) Saudi Arabia",0
"S12","(20) Somalia",0
"S12","(21) Sudan",0
"S12","(22) Syria",0
"S12","(23) Tunisia",0
"S12","(24) Turkey",0
"S12","(25) United Arab Emirates UAE",0
"S12","(26) Yemen",0
"S12","(27) Other (Specify)",0
"S12","(88) Don",0
"S12","(99) Refused",0
"S2_M","(1) Yes",771
"S2_M","(2) No",1311
"S13","(1) Grades 1-8",3
"S13","(2) Some High School, but did not graduate",21
"S13","(3) High School graduate or GED",290
"S13","(4) Some college",473
"S13","(5) Associates, 2-year degree",298
"S13","(6) Bachelors, 4-year degree",613
"S13","(7) Post-graduate degree",384
"S14","(1) Large urban area",646
"S14","(2) Large suburb near large city",712
"S14","(3) Small suburb near small town or city",344
"S14","(4) Small town or small city",246
"S14","(5) Rural area",134
"Q58R1","(0) NO TO: Catholic",1079
"Q58R1","(1) Catholic",1002
"Q58R2","(0) NO TO: Protestant (such as Methodist, Presbyterian, Assembly of God, Baptist, Lutheran, non-denominational Christian, et",1764
"Q58R2","(1) Protestant (such as Methodist, Presbyterian, Assembly of God, Baptist, Lutheran, non-denominational Christian, etc.)",317
"Q58R3","(0) NO TO: Other Christian",1894
"Q58R3","(1) Other Christian",187
"Q58R4","(0) NO TO: Jewish",2044
"Q58R4","(1) Jewish",37
"Q58R5","(0) NO TO: Muslim",2073
"Q58R5","(1) Muslim",8
"Q58R6","(0) NO TO: Hindu",2078
"Q58R6","(1) Hindu",3
"Q58R7","(0) NO TO: Buddhist",2067
"Q58R7","(1) Buddhist",14
"Q58R8","(0) NO TO: Mormon/LDS",2069
"Q58R8","(1) Mormon/LDS",12
"Q58R9","(0) NO TO: Folk religion",2078
"Q58R9","(1) Folk religion",3
"Q58R10","(0) NO TO: Daoist",2079
"Q58R10","(1) Daoist",2
"Q58R11","(0) NO TO: Shamanism",2080
"Q58R11","(1) Shamanism",1
"Q58R12","(0) NO TO: Ancestral religion",2077
"Q58R12","(1) Ancestral religion",4
"Q58R13","(0) NO TO: Spiritual but not religious",1952
"Q58R13","(1) Spiritual but not religious",129
"Q58R14","(0) NO TO: Atheist",1981
"Q58R14","(1) Atheist",100
"Q58R15","(0) NO TO: Agnostic",1954
"Q58R15","(1) Agnostic",127
"Q58R16","(0) NO TO: None",1902
"Q58R16","(1) None",179
"Q58R17","(0) NO TO: Other (SPECIFY)",2042
"Q58R17","(1) Other (SPECIFY)",39
"Q1R1","(0) NO TO: Responding to Coronavirus / COVID-19",1502
"Q1R1","(1) Responding to Coronavirus / COVID-19",580
"Q1R2","(0) NO TO: Lowering the costs of health care",1445
"Q1R2","(1) Lowering the costs of health care",637
"Q1R3","(0) NO TO: Improving wages and incomes",1608
"Q1R3","(1) Improving wages and incomes",474
"Q1R4","(0) NO TO: Unemployment / Creating more jobs",1756
"Q1R4","(1) Unemployment / Creating more jobs",326
"Q1R5","(0) NO TO: Stopping discrimination against racial/ethnic minorities",1641
"Q1R5","(1) Stopping discrimination against racial/ethnic minorities",441
"Q1R6","(0) NO TO: Criminal justice and police reform",1801
"Q1R6","(1) Criminal justice and police reform",281
"Q1R7","(0) NO TO: Protecting immigrant rights",1869
"Q1R7","(1) Protecting immigrant rights",213
"Q1R8","(0) NO TO: Improving K-12 education and schools",1904
"Q1R8","(1) Improving K-12 education and schools",178
"Q1R9","(0) NO TO: Lowering taxes",1714
"Q1R9","(1) Lowering taxes",368
"Q1R10","(0) NO TO: Decrease government spending",1879
"Q1R10","(1) Decrease government spending",203
"Q1R11","(0) NO TO: Combating climate change and pollution",1788
"Q1R11","(1) Combating climate change and pollution",294
"Q1R12","(0) NO TO: Creating more affordable housing",1932
"Q1R12","(1) Creating more affordable housing",150
"Q1R13","(0) NO TO: Addressing mass shootings and gun safety policy",1800
"Q1R13","(1) Addressing mass shootings and gun safety policy",282
"Q1R14","(0) NO TO: Lowering the cost of college",1973
"Q1R14","(1) Lowering the cost of college",109
"Q1R15","(0) NO TO: Protecting women",1947
"Q1R15","(1) Protecting women",135
"Q1R16","(0) NO TO: Limiting abortion",2008
"Q1R16","(1) Limiting abortion",74
"Q1R17","(0) NO TO: Stopping the left-wing Democratic agenda",1881
"Q1R17","(1) Stopping the left-wing Democratic agenda",201
"Q1R18","(0) NO TO: Stopping the right-wing Republican agenda",1925
"Q1R18","(1) Stopping the right-wing Republican agenda",157
"Q1R19","(0) NO TO: Border security to control immigration",1766
"Q1R19","(1) Border security to control immigration",316
"Q1R20","(0) NO TO: Combating terrorism",1986
"Q1R20","(1) Combating terrorism",96
"Q1R21","(0) NO TO: Reducing crime",1857
"Q1R21","(1) Reducing crime",225
"Q1R22","(0) NO TO: Eliminating voter suppression",1878
"Q1R22","(1) Eliminating voter suppression",204
"Q1R23","(0) NO TO: Other",2045
"Q1R23","(1) Other",37
"Q2R1","(1) Very favorable",322
"Q2R1","(2) Somewhat favorable",238
"Q2R1","(3) Somewhat unfavorable",142
"Q2R1","(4) Very unfavorable",1321
"Q2R1","(5) No opinion",57
"Q2R1","(6) Haven",2
"Q2R2","(1) Very favorable",221
"Q2R2","(2) Somewhat favorable",380
"Q2R2","(3) Somewhat unfavorable",408
"Q2R2","(4) Very unfavorable",866
"Q2R2","(5) No opinion",173
"Q2R2","(6) Haven",34
"Q2R3","(1) Very favorable",836
"Q2R3","(2) Somewhat favorable",567
"Q2R3","(3) Somewhat unfavorable",177
"Q2R3","(4) Very unfavorable",405
"Q2R3","(5) No opinion",78
"Q2R3","(6) Haven",19
"Q2R4","(1) Very favorable",708
"Q2R4","(2) Somewhat favorable",565
"Q2R4","(3) Somewhat unfavorable",158
"Q2R4","(4) Very unfavorable",482
"Q2R4","(5) No opinion",117
"Q2R4","(6) Haven",52
"Q2R5","(1) Very favorable",1065
"Q2R5","(2) Somewhat favorable",418
"Q2R5","(3) Somewhat unfavorable",197
"Q2R5","(4) Very unfavorable",343
"Q2R5","(5) No opinion",53
"Q2R5","(6) Haven",6
"Q2R6","(1) Very favorable",294
"Q2R6","(2) Somewhat favorable",843
"Q2R6","(3) Somewhat unfavorable",509
"Q2R6","(4) Very unfavorable",262
"Q2R6","(5) No opinion",158
"Q2R6","(6) Haven",16
"Q2R7","(1) Very favorable",398
"Q2R7","(2) Somewhat favorable",680
"Q2R7","(3) Somewhat unfavorable",301
"Q2R7","(4) Very unfavorable",563
"Q2R7","(5) No opinion",127
"Q2R7","(6) Haven",13
"Q2R8","(1) Very favorable",290
"Q2R8","(2) Somewhat favorable",273
"Q2R8","(3) Somewhat unfavorable",305
"Q2R8","(4) Very unfavorable",926
"Q2R8","(5) No opinion",257
"Q2R8","(6) Haven",31
"Q2R9","(1) Very favorable",1117
"Q2R9","(2) Somewhat favorable",400
"Q2R9","(3) Somewhat unfavorable",136
"Q2R9","(4) Very unfavorable",314
"Q2R9","(5) No opinion",106
"Q2R9","(6) Haven",9
"Q2R10","(1) Very favorable",795
"Q2R10","(2) Somewhat favorable",550
"Q2R10","(3) Somewhat unfavorable",135
"Q2R10","(4) Very unfavorable",249
"Q2R10","(5) No opinion",263
"Q2R10","(6) Haven",90
"Q13","(1) Voted by absentee ballot using U.S. Mail",682
"Q13","(2) Voted by absentee ballot using ballot drop box",366
"Q13","(3) Voted early in person",615
"Q13","(4) Voted in person on Election Day",388
"Q15","(1) Republican candidate",634
"Q15","(2) Democratic candidate",1414
"Q15","(3) Someone else (SPECIFY)",34
"Q15","(4) None of these",0
"Q16","(1) Yes",179
"Q16","(2) No",296
"Q17","(1) Yes",130
"Q17","(2) No",345
"Q18","(01) Liberal (on the left)",26
"Q18","(02) Conservative (on the right)",45
"Q18","(03) Centrist",34
"Q18","(04) Other",10
"Q18","(88) Don",15
"Q19","(01) Very different",39
"Q19","(02) Somewhat similar/not much difference",59
"Q19","(03) Very similar",29
"Q19","(88) Don",3
"Q20","(01) No, not active in any groups",439
"Q20","(02) Yes, somewhat active",21
"Q20","(03) Yes, very active",5
"Q20","(88) Don",10
"Q21","(1) Republican",441
"Q21","(2) Democrat",1091
"Q21","(3) Independent",508
"Q21","(4) Other party",42
"Q22","(1) Strong",982
"Q22","(2) Not strong",550
"Q23","(01) Republican",92
"Q23","(02) Democrat",146
"Q23","(03) Independent",259
"Q23","(04) Other party",24
"Q23","(88) Don",29
"Q24","(01) Always called myself a Republican",272
"Q24","(02) Used to call myself a Democrat",113
"Q24","(03) Used to call myself an Independent",35
"Q24","(88) Don",21
"Q25","(01) Always called myself a Democrat",866
"Q25","(02) Used to call myself a Republican",78
"Q25","(03) Used to call myself an Independent",106
"Q25","(88) Don",41
"Q26","(01) Always called myself an Independent",240
"Q26","(02) Used to be closer to the Republican party",100
"Q26","(03) Used to be closer to the Democratic party",142
"Q26","(88) Don",26
"Q27R1","(0) NO TO: Older Americans",1720
"Q27R1","(1) Older Americans",362
"Q27R2","(0) NO TO: Younger Americans",1040
"Q27R2","(1) Younger Americans",1042
"Q27R3","(0) NO TO: Men",1587
"Q27R3","(1) Men",495
"Q27R4","(0) NO TO: Women",1132
"Q27R4","(1) Women",950
"Q27R5","(0) NO TO: LGBTQ Americans",1003
"Q27R5","(1) LGBTQ Americans",1079
"Q27R6","(0) NO TO: Catholics",1577
"Q27R6","(1) Catholics",505
"Q27R7","(0) NO TO: Protestants",1852
"Q27R7","(1) Protestants",230
"Q27R8","(0) NO TO: Jews",1693
"Q27R8","(1) Jews",389
"Q27R9","(0) NO TO: Muslims",1736
"Q27R9","(1) Muslims",346
"Q27R10","(0) NO TO: Hindus",1853
"Q27R10","(1) Hindus",229
"Q27R11","(0) NO TO: Buddhists",1851
"Q27R11","(1) Buddhists",231
"Q27R12","(0) NO TO: Atheists",1620
"Q27R12","(1) Atheists",462
"Q27R13","(0) NO TO: Agnostics",1700
"Q27R13","(1) Agnostics",382
"Q27R14","(0) NO TO: Non-religious people",1389
"Q27R14","(1) Non-religious people",693
"Q27R15","(0) NO TO: Rich people",1778
"Q27R15","(1) Rich people",304
"Q27R16","(0) NO TO: Poor people",1209
"Q27R16","(1) Poor people",873
"Q27R17","(0) NO TO: Middle class people",1037
"Q27R17","(1) Middle class people",1045
"Q27R18","(0) NO TO: People who are racist",1840
"Q27R18","(1) People who are racist",242
"Q27R19","(0) NO TO: People who fight against racism",1034
"Q27R19","(1) People who fight against racism",1048
"Q28R1","(0) NO TO: Older Americans",975
"Q28R1","(1) Older Americans",1107
"Q28R2","(0) NO TO: Younger Americans",1901
"Q28R2","(1) Younger Americans",181
"Q28R3","(0) NO TO: Men",1107
"Q28R3","(1) Men",975
"Q28R4","(0) NO TO: Women",1644
"Q28R4","(1) Women",438
"Q28R5","(0) NO TO: LGBTQ Americans",1981
"Q28R5","(1) LGBTQ Americans",101
"Q28R6","(0) NO TO: Catholics",1512
"Q28R6","(1) Catholics",570
"Q28R7","(0) NO TO: Protestants",1497
"Q28R7","(1) Protestants",585
"Q28R8","(0) NO TO: Jews",1858
"Q28R8","(1) Jews",224
"Q28R9","(0) NO TO: Muslims",2008
"Q28R9","(1) Muslims",74
"Q28R10","(0) NO TO: Hindus",2005
"Q28R10","(1) Hindus",77
"Q28R11","(0) NO TO: Buddhists",2007
"Q28R11","(1) Buddhists",75
"Q28R12","(0) NO TO: Atheists",1935
"Q28R12","(1) Atheists",147
"Q28R13","(0) NO TO: Agnostics",1964
"Q28R13","(1) Agnostics",118
"Q28R14","(0) NO TO: Non-religious people",1887
"Q28R14","(1) Non-religious people",195
"Q28R15","(0) NO TO: Rich people",834
"Q28R15","(1) Rich people",1248
"Q28R16","(0) NO TO: Poor people",1851
"Q28R16","(1) Poor people",231
"Q28R17","(0) NO TO: Middle class people",1467
"Q28R17","(1) Middle class people",615
"Q28R18","(0) NO TO: People who are racist",1141
"Q28R18","(1) People who are racist",941
"Q28R19","(0) NO TO: People who fight against racism",1821
"Q28R19","(1) People who fight against racism",261
"Q29","(1) Very interested in politics",687
"Q29","(2) Somewhat interested",950
"Q29","(3) Not that interested in politics",326
"Q29","(4) Not at all interested in politics",119
"Q30","(1) During a presidential campaign",742
"Q30","(2) During a state or local campaign",161
"Q30","(3) Something I experienced",345
"Q30","(4) A major political event",171
"Q30","(5) Other (SPECIFY)",218
"Q31","(1) The system is not responsive to people like me",72
"Q31","(2) Politics are too complicated",80
"Q31","(3) I don",232
"Q31","(4) Politics don't affect my personal life",44
"Q31","(5) Other (SPECIFY)",17
"Q32R1","(1) 1",781
"Q32R1","(2) 2",423
"Q32R1","(3) 3",204
"Q32R1","(4) 4",176
"Q32R1","(5) 5",164
"Q32R1","(6) 6",75
"Q32R1","(7) 7",83
"Q32R1","(8) 8",76
"Q32R1","(9) 9",58
"Q32R2","(1) 1",472
"Q32R2","(2) 2",449
"Q32R2","(3) 3",253
"Q32R2","(4) 4",209
"Q32R2","(5) 5",162
"Q32R2","(6) 6",147
"Q32R2","(7) 7",103
"Q32R2","(8) 8",88
"Q32R2","(9) 9",144
"Q32R3","(1) 1",80
"Q32R3","(2) 2",119
"Q32R3","(3) 3",165
"Q32R3","(4) 4",138
"Q32R3","(5) 5",177
"Q32R3","(6) 6",166
"Q32R3","(7) 7",283
"Q32R3","(8) 8",370
"Q32R3","(9) 9",436
"Q32R4","(1) 1",107
"Q32R4","(2) 2",152
"Q32R4","(3) 3",156
"Q32R4","(4) 4",140
"Q32R4","(5) 5",144
"Q32R4","(6) 6",174
"Q32R4","(7) 7",278
"Q32R4","(8) 8",432
"Q32R4","(9) 9",344
"Q32R5","(1) 1",100
"Q32R5","(2) 2",204
"Q32R5","(3) 3",355
"Q32R5","(4) 4",314
"Q32R5","(5) 5",376
"Q32R5","(6) 6",319
"Q32R5","(7) 7",175
"Q32R5","(8) 8",120
"Q32R5","(9) 9",61
"Q32R6","(1) 1",230
"Q32R6","(2) 2",343
"Q32R6","(3) 3",404
"Q32R6","(4) 4",334
"Q32R6","(5) 5",231
"Q32R6","(6) 6",192
"Q32R6","(7) 7",131
"Q32R6","(8) 8",78
"Q32R6","(9) 9",72
"Q32R7","(1) 1",73
"Q32R7","(2) 2",74
"Q32R7","(3) 3",78
"Q32R7","(4) 4",119
"Q32R7","(5) 5",156
"Q32R7","(6) 6",263
"Q32R7","(7) 7",425
"Q32R7","(8) 8",353
"Q32R7","(9) 9",396
"Q32R8","(1) 1",141
"Q32R8","(2) 2",189
"Q32R8","(3) 3",257
"Q32R8","(4) 4",354
"Q32R8","(5) 5",354
"Q32R8","(6) 6",276
"Q32R8","(7) 7",189
"Q32R8","(8) 8",148
"Q32R8","(9) 9",78
"Q32R9","(1) 1",98
"Q32R9","(2) 2",129
"Q32R9","(3) 3",210
"Q32R9","(4) 4",298
"Q32R9","(5) 5",318
"Q32R9","(6) 6",282
"Q32R9","(7) 7",204
"Q32R9","(8) 8",194
"Q32R9","(9) 9",252
"Q33R1","(1) Very often",372
"Q33R1","(2) Occasionally, but not often",418
"Q33R1","(3) Rarely, maybe once in a while",363
"Q33R1","(4) Almost never",929
"Q33R2","(1) Very often",311
"Q33R2","(2) Occasionally, but not often",575
"Q33R2","(3) Rarely, maybe once in a while",528
"Q33R2","(4) Almost never",668
"Q33R3","(1) Very often",632
"Q33R3","(2) Occasionally, but not often",537
"Q33R3","(3) Rarely, maybe once in a while",368
"Q33R3","(4) Almost never",545
"Q33R4","(1) Very often",368
"Q33R4","(2) Occasionally, but not often",534
"Q33R4","(3) Rarely, maybe once in a while",428
"Q33R4","(4) Almost never",752
"Q33R5","(1) Very often",342
"Q33R5","(2) Occasionally, but not often",436
"Q33R5","(3) Rarely, maybe once in a while",435
"Q33R5","(4) Almost never",869
"Q38R1","(0) NO TO: Yes, people from the Democratic side",1178
"Q38R1","(1) Yes, people from the Democratic side",904
"Q38R2","(0) NO TO: Yes, people from the Republican side",1572
"Q38R2","(1) Yes, people from the Republican side",510
"Q38R3","(0) NO TO: Yes, people from community groups",1754
"Q38R3","(1) Yes, people from community groups",328
"Q38R4","(0) NO TO: No, nobody contacted me",1201
"Q38R4","(1) No, nobody contacted me",881
"Q39R1","(0) NO TO: Someone came to my home",969
"Q39R1","(1) Someone came to my home",232
"Q39R2","(0) NO TO: Phone call",506
"Q39R2","(1) Phone call",695
"Q39R3","(0) NO TO: Text message",557
"Q39R3","(1) Text message",644
"Q39R4","(0) NO TO: Email",641
"Q39R4","(1) Email",560
"Q39R5","(0) NO TO: Direct message on social media",1125
"Q39R5","(1) Direct message on social media",76
"Q39R6","(0) NO TO: Mail sent to my house",583
"Q39R6","(1) Mail sent to my house",618
"Q39R7","(0) NO TO: Someone talked to me on the street, outside a store or something similar",1100
"Q39R7","(1) Someone talked to me on the street, outside a store or something similar",101
"Q40","(01) Yes",233
"Q40","(02) No",1622
"Q40","(88) Don",210
"Q40","(99) Refused",17
"Q41R1","(0) NO TO: Encouraging me to vote",49
"Q41R1","(1) Encouraging me to vote",184
"Q41R2","(0) NO TO: Encouraging me to vote for a specific candidate",163
"Q41R2","(1) Encouraging me to vote for a specific candidate",70
"Q41R3","(0) NO TO: Informing me about the issues",161
"Q41R3","(1) Informing me about the issues",72
"Q41R4","(0) NO TO: Something else",225
"Q41R4","(1) Something else",8
"Q42","(1) Very important",379
"Q42","(2) Somewhat important",663
"Q42","(3) Not that important",497
"Q42","(4) Not at all important",543
"Q43","(1) Very Liberal",290
"Q43","(2) Somewhat Liberal",446
"Q43","(3) Moderate",749
"Q43","(4) Somewhat Conservative",293
"Q43","(5) Very Conservative",237
"Q43","(6) None of these",67
"Q44","(1) Always",82
"Q44","(2) Most of the time",554
"Q44","(3) Only some of the time",1157
"Q44","(4) Never",289
"Q45","(1) Strongly agree",104
"Q45","(2) Agree",715
"Q45","(3) Disagree",921
"Q45","(4) Strongly disagree",342
"Q46","(1) Strongly agree",609
"Q46","(2) Agree",987
"Q46","(3) Disagree",436
"Q46","(4) Strongly disagree",50
"Q47","(1) A great deal",1369
"Q47","(2) Some",558
"Q47","(3) Not too much",122
"Q47","(4) Nothing",33
"Q48","(1) Yes, there was definitely fraud",86
"Q48","(2) Yes, there was probably fraud",57
"Q48","(3) There might have been some fraud",97
"Q48","(4) No, I don",109
"Q48","(5) No, I don",339
"Q49","(1) Yes, there was definitely fraud",106
"Q49","(2) Yes, there was probably fraud",72
"Q49","(3) There might have been some fraud",69
"Q49","(4) No, I don",105
"Q49","(5) No, I don",356
"Q50","(1) Yes, there was definitely fraud",102
"Q50","(2) Yes, there was probably fraud",51
"Q50","(3) There might have been some fraud",69
"Q50","(4) No, I don",108
"Q50","(5) No, I don",356
"Q51","(1) Trump knew he had lost and was trying to cheat and illegally change election results to win the election",710
"Q51","(2) Trump was not trying to cheat, he truly believed there was voter fraud in Georgia",165
"Q51","(3) I strongly believe there was voter fraud. Trump was right to challenge the results in Georgia",152
"Q52","(1) Trump knew he had lost and was trying to cheat and illegally change election results to win the election",726
"Q52","(2) Trump was not trying to cheat, he truly believed there was voter fraud in many states",180
"Q52","(3) I strongly believe there was voter fraud. Trump was right to challenge the results",149
"Q53","(1) Mostly a protest that went too far",800
"Q53","(2) A coordinated act of insurrection against the United States",1282
"Q54","(1) Trump encouraged or incited the attack, he shares blame for what happened",1376
"Q54","(2) Rioters were inspired by Trump, but he should not be blamed for encouraging them",360
"Q54","(3) Trump had no connection to the rioters, he should not be blamed at all",346
"Q55","(1) Undermining democracy",1310
"Q55","(2) Protecting democracy",427
"Q55","(3) I don",345
"Q56","(1) Many were White supremacists and racism was an underlying factor in their actions",969
"Q56","(2) Some may have been White supremacists, but they were mostly upset about Biden winning",761
"Q56","(3) They were not White supremacists, racism had nothing to do with their actions",352
"Q57","(1) Always",85
"Q57","(2) Most of the time",754
"Q57","(3) Only some of the time",1032
"Q57","(4) Never",211
"Q59","(1) More than once per week",148
"Q59","(2) Once per week",468
"Q59","(3) A few times per month",207
"Q59","(4) About once per month",82
"Q59","(5) A few times per year",494
"Q59","(6) Never",683
"Q60R1","(0) NO TO: Fundamentalist",1953
"Q60R1","(1) Fundamentalist",68
"Q60R2","(0) NO TO: Evangelical",1805
"Q60R2","(1) Evangelical",216
"Q60R3","(0) NO TO: Mainline",1870
"Q60R3","(1) Mainline",151
"Q60R4","(0) NO TO: Liberal",1693
"Q60R4","(1) Liberal",328
"Q60R5","(0) NO TO: Pentecostal",1939
"Q60R5","(1) Pentecostal",82
"Q60R6","(0) NO TO: None of these",786
"Q60R6","(1) None of these",1235
"Q61","(01) Catholic",1379
"Q61","(02) Protestant (such as Methodist, Presbyterian, Assembly of God, Baptist, Lutheran, non-denominational Christian, etc.)",307
"Q61","(03) Other Christian",136
"Q61","(04) Jewish",32
"Q61","(05) Muslim",8
"Q61","(06) Hindu",1
"Q61","(07) Buddhist",1
"Q61","(08) Mormon/LDS",9
"Q61","(09) Folk religion",1
"Q61","(10) Daoist",0
"Q61","(11) Shamanism",0
"Q61","(12) Ancestral religion",2
"Q61","(13) Spiritual but not religious",28
"Q61","(14) Atheist",14
"Q61","(15) Agnostic",8
"Q61","(16) None",132
"Q61","(17) Other (SPECIFY)",24
"Q62R1","(1) Strongly disagree",397
"Q62R1","(2) Disagree",568
"Q62R1","(3) Agree",802
"Q62R1","(4) Strongly agree",315
"Q62R2","(1) Strongly disagree",419
"Q62R2","(2) Disagree",1115
"Q62R2","(3) Agree",444
"Q62R2","(4) Strongly agree",104
"Q62R3","(1) Strongly disagree",74
"Q62R3","(2) Disagree",267
"Q62R3","(3) Agree",1231
"Q62R3","(4) Strongly agree",510
"Q62R4","(1) Strongly disagree",126
"Q62R4","(2) Disagree",410
"Q62R4","(3) Agree",939
"Q62R4","(4) Strongly agree",607
"Q62R5","(1) Strongly disagree",221
"Q62R5","(2) Disagree",849
"Q62R5","(3) Agree",775
"Q62R5","(4) Strongly agree",237
"NEWQ67","(1) My religion is the only one that will lead to Heaven",269
"NEWQ67","(2) My religion is the surest path, but believers of other faiths may also enter Heaven",415
"NEWQ67","(3) Believers of any faith, or no faith at all, are each equally able to enter Heaven",935
"NEWQ67","(4) I do not believe in a literal Heaven",463
"Q67","(1) Never",427
"Q67","(2) Once a year or less",168
"Q67","(3) Several times a year",293
"Q67","(4) Once a month",161
"Q67","(5) Several times a month",345
"Q67","(6) Once a week",217
"Q67","(7) Several times a week",352
"Q67","(8) Just about every day",119
"Q68","(1) Trust them a lot",383
"Q68","(2) Trust them some",1074
"Q68","(3) Trust them only a little",461
"Q68","(4) Trust them not at all",164
"Q69","(01) Very similar",181
"Q69","(02) Somewhat similar",740
"Q69","(03) Not very similar",445
"Q69","(04) Not at all similar",157
"Q69","(88) Don",559
"Q70R1","(1) Excellent",248
"Q70R1","(2) Very good",564
"Q70R1","(3) Good",744
"Q70R1","(4) Fair",383
"Q70R1","(5) Poor",143
"Q70R2","(1) Excellent",282
"Q70R2","(2) Very good",535
"Q70R2","(3) Good",726
"Q70R2","(4) Fair",402
"Q70R2","(5) Poor",137
"Q70R3","(1) Excellent",307
"Q70R3","(2) Very good",615
"Q70R3","(3) Good",742
"Q70R3","(4) Fair",326
"Q70R3","(5) Poor",92
"Q70R4","(1) Excellent",178
"Q70R4","(2) Very good",395
"Q70R4","(3) Good",695
"Q70R4","(4) Fair",488
"Q70R4","(5) Poor",326
"Q70R5","(1) Excellent",374
"Q70R5","(2) Very good",683
"Q70R5","(3) Good",677
"Q70R5","(4) Fair",268
"Q70R5","(5) Poor",80
"Q75","(1) Excellent",409
"Q75","(2) Very good",839
"Q75","(3) Good",597
"Q75","(4) Fair",196
"Q75","(5) Poor",41
"Q76R1","(1) 1",762
"Q76R1","(2) 2",553
"Q76R1","(3) 3",215
"Q76R1","(4) 4",154
"Q76R1","(5) 5",96
"Q76R1","(6) 6",302
"Q76R2","(1) 1",1061
"Q76R2","(2) 2",603
"Q76R2","(3) 3",191
"Q76R2","(4) 4",131
"Q76R2","(5) 5",65
"Q76R2","(6) 6",31
"Q76R3","(1) 1",74
"Q76R3","(2) 2",265
"Q76R3","(3) 3",416
"Q76R3","(4) 4",385
"Q76R3","(5) 5",450
"Q76R3","(6) 6",492
"Q76R4","(1) 1",86
"Q76R4","(2) 2",299
"Q76R4","(3) 3",564
"Q76R4","(4) 4",540
"Q76R4","(5) 5",399
"Q76R4","(6) 6",194
"Q76R5","(1) 1",76
"Q76R5","(2) 2",293
"Q76R5","(3) 3",498
"Q76R5","(4) 4",504
"Q76R5","(5) 5",398
"Q76R5","(6) 6",313
"Q76R6","(1) 1",23
"Q76R6","(2) 2",69
"Q76R6","(3) 3",198
"Q76R6","(4) 4",368
"Q76R6","(5) 5",674
"Q76R6","(6) 6",750
"Q77R1","(1) Yes, I am certain I did that last year",1471
"Q77R1","(2) I think I did that, I can",206
"Q77R1","(3) No, I did not do this, and I am unlikely to do this",272
"Q77R1","(4) No, I did not do this, but I might do this in the future",85
"Q77R1","(5) No, I did not do this, but I will definitely do this in the future",48
"Q77R2","(1) Yes, I am certain I did that last year",393
"Q77R2","(2) I think I did that, I can",125
"Q77R2","(3) No, I did not do this, and I am unlikely to do this",1034
"Q77R2","(4) No, I did not do this, but I might do this in the future",349
"Q77R2","(5) No, I did not do this, but I will definitely do this in the future",181
"Q77R3","(1) Yes, I am certain I did that last year",361
"Q77R3","(2) I think I did that, I can",138
"Q77R3","(3) No, I did not do this, and I am unlikely to do this",1013
"Q77R3","(4) No, I did not do this, but I might do this in the future",384
"Q77R3","(5) No, I did not do this, but I will definitely do this in the future",186
"Q77R4","(1) Yes, I am certain I did that last year",442
"Q77R4","(2) I think I did that, I can",190
"Q77R4","(3) No, I did not do this, and I am unlikely to do this",763
"Q77R4","(4) No, I did not do this, but I might do this in the future",521
"Q77R4","(5) No, I did not do this, but I will definitely do this in the future",166
"Q77R5","(1) Yes, I am certain I did that last year",409
"Q77R5","(2) I think I did that, I can",202
"Q77R5","(3) No, I did not do this, and I am unlikely to do this",786
"Q77R5","(4) No, I did not do this, but I might do this in the future",502
"Q77R5","(5) No, I did not do this, but I will definitely do this in the future",183
"Q77R6","(1) Yes, I am certain I did that last year",345
"Q77R6","(2) I think I did that, I can",224
"Q77R6","(3) No, I did not do this, and I am unlikely to do this",644
"Q77R6","(4) No, I did not do this, but I might do this in the future",690
"Q77R6","(5) No, I did not do this, but I will definitely do this in the future",179
"Q77R7","(1) Yes, I am certain I did that last year",510
"Q77R7","(2) I think I did that, I can",178
"Q77R7","(3) No, I did not do this, and I am unlikely to do this",1038
"Q77R7","(4) No, I did not do this, but I might do this in the future",205
"Q77R7","(5) No, I did not do this, but I will definitely do this in the future",151
"Q77R8","(1) Yes, I am certain I did that last year",708
"Q77R8","(2) I think I did that, I can",228
"Q77R8","(3) No, I did not do this, and I am unlikely to do this",542
"Q77R8","(4) No, I did not do this, but I might do this in the future",441
"Q77R8","(5) No, I did not do this, but I will definitely do this in the future",163
"Q77R9","(1) Yes, I am certain I did that last year",614
"Q77R9","(2) I think I did that, I can",196
"Q77R9","(3) No, I did not do this, and I am unlikely to do this",758
"Q77R9","(4) No, I did not do this, but I might do this in the future",351
"Q77R9","(5) No, I did not do this, but I will definitely do this in the future",163
"Q78","(1) Yes, I am certain I did that last year",137
"Q78","(2) I think I did that, I can",76
"Q78","(3) No, I did not do this, and I am unlikely to do this",1034
"Q78","(4) No, I did not do this, but I might do this in the future",550
"Q78","(5) No, I did not do this, but I will definitely do this in the future",285
"Q79","(1) In-Person",78
"Q79","(2) Remotely",59
"Q84","(1) Yes, I am certain I did that last year",260
"Q84","(2) I think I did that, I can",112
"Q84","(3) No, I did not do this, and I am unlikely to do this",923
"Q84","(4) No, I did not do this, but I might do this in the future",517
"Q84","(5) No, I did not do this, but I will definitely do this in the future",270
"Q85","(1) 1",128
"Q85","(2) 2",89
"Q85","(3) 3",28
"Q85","(4) 4",5
"Q85","(5) 5 or more",10
"Q85B","(1) Yes",209
"Q85B","(2) No",48
"Q86","(1) Yes, I am certain I did that last year",263
"Q86","(2) I think I did that, I can",107
"Q86","(3) No, I did not do this, and I am unlikely to do this",718
"Q86","(4) No, I did not do this, but I might do this in the future",681
"Q86","(5) No, I did not do this, but I will definitely do this in the future",313
"Q87","(1) In-Person",124
"Q87","(2) Remotely",139
"Q88","(1) Yes",141
"Q88","(2) No",122
"Q93","(1) Yes, I am certain I did that last year",147
"Q93","(2) I think I did that, I can",76
"Q93","(3) No, I did not do this, and I am unlikely to do this",1028
"Q93","(4) No, I did not do this, but I might do this in the future",526
"Q93","(5) No, I did not do this, but I will definitely do this in the future",305
"Q94","(1) In-Person",108
"Q94","(2) Remotely",39
"Q95","(1) Yes, I am certain I did that last year",148
"Q95","(2) I think I did that, I can",70
"Q95","(3) No, I did not do this, and I am unlikely to do this",1097
"Q95","(4) No, I did not do this, but I might do this in the future",476
"Q95","(5) No, I did not do this, but I will definitely do this in the future",291
"Q96R1","(0) NO TO: In support of Black Lives Matter",60
"Q96R1","(1) In support of Black Lives Matter",88
"Q96R2","(0) NO TO: To protest racial bias in policing or the criminal justice system",93
"Q96R2","(1) To protest racial bias in policing or the criminal justice system",55
"Q96R3","(0) NO TO: In support of humane immigration reform",124
"Q96R3","(1) In support of humane immigration reform",24
"Q96R4","(0) NO TO: Urging stronger government actions to address COVID-19",129
"Q96R4","(1) Urging stronger government actions to address COVID-19",19
"Q96R5","(0) NO TO: Opposing government overreach to address COVID-19",134
"Q96R5","(1) Opposing government overreach to address COVID-19",14
"Q96R6","(0) NO TO: In support of wages and economic equality",125
"Q96R6","(1) In support of wages and economic equality",23
"Q96R7","(0) NO TO: To address climate change",124
"Q96R7","(1) To address climate change",24
"Q96R8","(0) NO TO: Opposing gun violence and stronger gun laws",125
"Q96R8","(1) Opposing gun violence and stronger gun laws",23
"Q96R9","(0) NO TO: In support of",118
"Q96R9","(1) In support of",30
"Q96R10","(0) NO TO: In support of President-Elect Joe Biden",122
"Q96R10","(1) In support of President-Elect Joe Biden",26
"Q96R11","(0) NO TO: In support of President Trump",139
"Q96R11","(1) In support of President Trump",9
"Q96R12","(0) NO TO: To protest voter fraud in the 2020 election",137
"Q96R12","(1) To protest voter fraud in the 2020 election",11
"Q96R13","(0) NO TO: In support of equal voting rights for all",118
"Q96R13","(1) In support of equal voting rights for all",30
"Q96R14","(0) NO TO: Other (SPECIFY)",141
"Q96R14","(1) Other (SPECIFY)",7
"Q97","(1) Yes",285
"Q97","(2) No",1718
"Q97","(3) Don",79
"Q98R1","(0) NO TO: In support of Black Lives Matter",201
"Q98R1","(1) In support of Black Lives Matter",84
"Q98R2","(0) NO TO: To protest racial bias in policing or the criminal justice system",233
"Q98R2","(1) To protest racial bias in policing or the criminal justice system",52
"Q98R3","(0) NO TO: In support of humane immigration reform",238
"Q98R3","(1) In support of humane immigration reform",47
"Q98R4","(0) NO TO: In support of wages and economic equality",237
"Q98R4","(1) In support of wages and economic equality",48
"Q98R5","(0) NO TO: To address climate change",222
"Q98R5","(1) To address climate change",63
"Q98R6","(0) NO TO: Opposing gun violence and stronger gun laws",227
"Q98R6","(1) Opposing gun violence and stronger gun laws",58
"Q98R7","(0) NO TO: In support of",187
"Q98R7","(1) In support of",98
"Q98R8","(0) NO TO: In opposition to President Trump",214
"Q98R8","(1) In opposition to President Trump",71
"Q98R9","(0) NO TO: In support of President Trump",256
"Q98R9","(1) In support of President Trump",29
"Q98R10","(0) NO TO: In support of equal voting rights for all",233
"Q98R10","(1) In support of equal voting rights for all",52
"Q98R11","(0) NO TO: Other (SPECIFY)",259
"Q98R11","(1) Other (SPECIFY)",26
"Q99R1","(1) Very effective",283
"Q99R1","(2) Somewhat effective",675
"Q99R1","(3) Neither effective nor ineffective",557
"Q99R1","(4) Somewhat ineffective",303
"Q99R1","(5) Very ineffective",264
"Q99R2","(1) Very effective",384
"Q99R2","(2) Somewhat effective",734
"Q99R2","(3) Neither effective nor ineffective",455
"Q99R2","(4) Somewhat ineffective",234
"Q99R2","(5) Very ineffective",275
"Q99R3","(1) Very effective",199
"Q99R3","(2) Somewhat effective",609
"Q99R3","(3) Neither effective nor ineffective",660
"Q99R3","(4) Somewhat ineffective",333
"Q99R3","(5) Very ineffective",281
"Q99R4","(1) Very effective",302
"Q99R4","(2) Somewhat effective",679
"Q99R4","(3) Neither effective nor ineffective",645
"Q99R4","(4) Somewhat ineffective",238
"Q99R4","(5) Very ineffective",218
"Q99R5","(1) Very effective",194
"Q99R5","(2) Somewhat effective",465
"Q99R5","(3) Neither effective nor ineffective",820
"Q99R5","(4) Somewhat ineffective",347
"Q99R5","(5) Very ineffective",256
"Q99R6","(1) Very effective",223
"Q99R6","(2) Somewhat effective",614
"Q99R6","(3) Neither effective nor ineffective",663
"Q99R6","(4) Somewhat ineffective",323
"Q99R6","(5) Very ineffective",259
"Q99R7","(1) Very effective",228
"Q99R7","(2) Somewhat effective",609
"Q99R7","(3) Neither effective nor ineffective",601
"Q99R7","(4) Somewhat ineffective",332
"Q99R7","(5) Very ineffective",312
"Q99R8","(1) Very effective",222
"Q99R8","(2) Somewhat effective",463
"Q99R8","(3) Neither effective nor ineffective",588
"Q99R8","(4) Somewhat ineffective",432
"Q99R8","(5) Very ineffective",377
"Q99R9","(1) Very effective",324
"Q99R9","(2) Somewhat effective",769
"Q99R9","(3) Neither effective nor ineffective",574
"Q99R9","(4) Somewhat ineffective",236
"Q99R9","(5) Very ineffective",179
"Q99R10","(1) Very effective",324
"Q99R10","(2) Somewhat effective",716
"Q99R10","(3) Neither effective nor ineffective",596
"Q99R10","(4) Somewhat ineffective",244
"Q99R10","(5) Very ineffective",202
"Q99R11","(1) Very effective",239
"Q99R11","(2) Somewhat effective",470
"Q99R11","(3) Neither effective nor ineffective",739
"Q99R11","(4) Somewhat ineffective",309
"Q99R11","(5) Very ineffective",325
"Q110R1","(0) NO TO: No, none of these",2082
"Q110R2","(0) NO TO: Religious Organization",1567
"Q110R2","(1) Religious Organization",515
"Q110R3","(0) NO TO: Political Party or candidate",1799
"Q110R3","(2) Political Party or candidate",283
"Q110R4","(0) NO TO: Social/Human Services Organization",1712
"Q110R4","(3) Social/Human Services Organization",370
"Q110R5","(0) NO TO: COVID Relief Efforts",1920
"Q110R5","(4) COVID Relief Efforts",162
"Q110R6","(0) NO TO: Black Lives Matter",1952
"Q110R6","(5) Black Lives Matter",130
"Q110R7","(0) NO TO: Police association",1978
"Q110R7","(6) Police association",104
"Q110R8","(0) NO TO: Political civic group (not a political party)",2020
"Q110R8","(7) Political civic group (not a political party)",62
"Q111R1","(0) None",1832
"Q111R1","(1) $50 or less",166
"Q111R1","(2) $51 to $100",49
"Q111R1","(3) $101 to $500",25
"Q111R1","(5) More than $500",10
"Q111R2","(0) None",1772
"Q111R2","(1) $50 or less",194
"Q111R2","(2) $51 to $100",66
"Q111R2","(3) $101 to $500",31
"Q111R2","(5) More than $500",19
"Q111R3","(0) None",1807
"Q111R3","(1) $50 or less",166
"Q111R3","(2) $51 to $100",60
"Q111R3","(3) $101 to $500",38
"Q111R3","(5) More than $500",11
"Q111R4","(0) None",1191
"Q111R4","(1) $50 or less",324
"Q111R4","(2) $51 to $100",156
"Q111R4","(3) $101 to $500",178
"Q111R4","(5) More than $500",233
"Q111R5","(0) None",1570
"Q111R5","(1) $50 or less",280
"Q111R5","(2) $51 to $100",117
"Q111R5","(3) $101 to $500",76
"Q111R5","(5) More than $500",39
"Q116R1","(1) 1",364
"Q116R1","(2) 2",225
"Q116R1","(3) 3",120
"Q116R2","(1) 1",326
"Q116R2","(2) 2",261
"Q116R2","(3) 3",150
"Q116R3","(1) 1",51
"Q116R3","(2) 2",108
"Q116R3","(3) 3",144
"Q116R4","(1) 1",64
"Q116R4","(2) 2",75
"Q116R4","(3) 3",85
"Q116R5","(1) 1",45
"Q116R5","(2) 2",66
"Q116R5","(3) 3",104
"Q116R6","(1) 1",14
"Q116R6","(2) 2",24
"Q116R6","(3) 3",40
"Q116R7","(1) 1",70
"Q116R7","(2) 2",89
"Q116R7","(3) 3",93
"Q116R8","(1) 1",48
"Q116R8","(2) 2",70
"Q116R8","(3) 3",100
"Q116R9","(1) 1",47
"Q116R9","(2) 2",55
"Q116R9","(3) 3",54
"Q116R10","(1) 1",38
"Q116R10","(2) 2",76
"Q116R10","(3) 3",113
"Q116R11","(1) 1",23
"Q116R11","(2) 2",35
"Q116R11","(3) 3",60
"Q116R12","(1) 1",25
"Q116R12","(2) 2",33
"Q116R12","(3) 3",41
"Q116R13","(1) 1",13
"Q116R13","(2) 2",12
"Q116R13","(3) 3",20
"Q116R14","(1) 1",29
"Q116R14","(2) 2",28
"Q116R14","(3) 3",33
"Q117R1","(1) Very Low Priority",173
"Q117R1","(2) Low Priority",366
"Q117R1","(3) High Priority",754
"Q117R1","(4) Very High Priority",789
"Q117R2","(1) Very Low Priority",261
"Q117R2","(2) Low Priority",639
"Q117R2","(3) High Priority",744
"Q117R2","(4) Very High Priority",438
"Q117R3","(1) Very Low Priority",1081
"Q117R3","(2) Low Priority",513
"Q117R3","(3) High Priority",261
"Q117R3","(4) Very High Priority",227
"Q117R4","(1) Very Low Priority",160
"Q117R4","(2) Low Priority",393
"Q117R4","(3) High Priority",776
"Q117R4","(4) Very High Priority",753
"Q117R5","(1) Very Low Priority",820
"Q117R5","(2) Low Priority",569
"Q117R5","(3) High Priority",423
"Q117R5","(4) Very High Priority",270
"Q117R6","(1) Very Low Priority",65
"Q117R6","(2) Low Priority",203
"Q117R6","(3) High Priority",949
"Q117R6","(4) Very High Priority",865
"Q117R7","(1) Very Low Priority",579
"Q117R7","(2) Low Priority",802
"Q117R7","(3) High Priority",441
"Q117R7","(4) Very High Priority",260
"Q117R8","(1) Very Low Priority",226
"Q117R8","(2) Low Priority",431
"Q117R8","(3) High Priority",694
"Q117R8","(4) Very High Priority",731
"Q117R9","(1) Very Low Priority",40
"Q117R9","(2) Low Priority",168
"Q117R9","(3) High Priority",858
"Q117R9","(4) Very High Priority",1016
"Q117R10","(1) Very Low Priority",90
"Q117R10","(2) Low Priority",297
"Q117R10","(3) High Priority",934
"Q117R10","(4) Very High Priority",761
"Q117R11","(1) Very Low Priority",228
"Q117R11","(2) Low Priority",440
"Q117R11","(3) High Priority",792
"Q117R11","(4) Very High Priority",622
"Q117R12","(1) Very Low Priority",220
"Q117R12","(2) Low Priority",541
"Q117R12","(3) High Priority",669
"Q117R12","(4) Very High Priority",652
"Q117R13","(1) Very Low Priority",320
"Q117R13","(2) Low Priority",359
"Q117R13","(3) High Priority",695
"Q117R13","(4) Very High Priority",708
"Q130","(1) President Trump ignored the early warning signs of coronavirus and because of his mismanagement, millions of Americans b",1433
"Q130","(2) The coronavirus is unfortunate, but there is nothing that President Trump could have done differently to limit the sprea",649
"Q131R1","(1) Strongly support",688
"Q131R1","(2) Somewhat support",486
"Q131R1","(3) Neither support or oppose",440
"Q131R1","(4) Somewhat oppose",187
"Q131R1","(5) Strongly oppose",281
"Q131R2","(1) Strongly support",495
"Q131R2","(2) Somewhat support",220
"Q131R2","(3) Neither support or oppose",179
"Q131R2","(4) Somewhat oppose",47
"Q131R2","(5) Strongly oppose",141
"Q131R3","(1) Strongly support",578
"Q131R3","(2) Somewhat support",158
"Q131R3","(3) Neither support or oppose",144
"Q131R3","(4) Somewhat oppose",40
"Q131R3","(5) Strongly oppose",80
"Q131R4","(1) Strongly support",499
"Q131R4","(2) Somewhat support",293
"Q131R4","(3) Neither support or oppose",160
"Q131R4","(4) Somewhat oppose",52
"Q131R4","(5) Strongly oppose",78
"Q131R5","(1) Strongly support",308
"Q131R5","(2) Somewhat support",257
"Q131R5","(3) Neither support or oppose",225
"Q131R5","(4) Somewhat oppose",77
"Q131R5","(5) Strongly oppose",133
"Q131R6","(1) Strongly support",514
"Q131R6","(2) Somewhat support",233
"Q131R6","(3) Neither support or oppose",163
"Q131R6","(4) Somewhat oppose",61
"Q131R6","(5) Strongly oppose",111
"Q131R7","(1) Strongly support",401
"Q131R7","(2) Somewhat support",187
"Q131R7","(3) Neither support or oppose",171
"Q131R7","(4) Somewhat oppose",58
"Q131R7","(5) Strongly oppose",183
"Q131R8","(1) Strongly support",479
"Q131R8","(2) Somewhat support",267
"Q131R8","(3) Neither support or oppose",192
"Q131R8","(4) Somewhat oppose",42
"Q131R8","(5) Strongly oppose",102
"Q131R9","(1) Strongly support",468
"Q131R9","(2) Somewhat support",165
"Q131R9","(3) Neither support or oppose",165
"Q131R9","(4) Somewhat oppose",84
"Q131R9","(5) Strongly oppose",118
"Q131R10","(1) Strongly support",307
"Q131R10","(2) Somewhat support",185
"Q131R10","(3) Neither support or oppose",354
"Q131R10","(4) Somewhat oppose",57
"Q131R10","(5) Strongly oppose",179
"Q131R11","(1) Strongly support",379
"Q131R11","(2) Somewhat support",218
"Q131R11","(3) Neither support or oppose",242
"Q131R11","(4) Somewhat oppose",38
"Q131R11","(5) Strongly oppose",123
"Q131R12","(1) Strongly support",463
"Q131R12","(2) Somewhat support",267
"Q131R12","(3) Neither support or oppose",208
"Q131R12","(4) Somewhat oppose",84
"Q131R12","(5) Strongly oppose",60
"Q131R13","(1) Strongly support",274
"Q131R13","(2) Somewhat support",292
"Q131R13","(3) Neither support or oppose",253
"Q131R13","(4) Somewhat oppose",77
"Q131R13","(5) Strongly oppose",104
"Q144","(1) I have already received the vaccine",1541
"Q144","(2) I plan to get the vaccine as soon as I am able to",140
"Q144","(3) I am not sure about the vaccine, I want to wait a while",214
"Q144","(4) I do not trust the vaccine, I do NOT plan to take it",187
"Q145","(1) Much more hopeful",429
"Q145","(2) Somewhat more",711
"Q145","(3) Neither more or less",489
"Q145","(4) Somewhat less",250
"Q145","(5) Much less hopeful",203
"Q146","(1) Much more angry",189
"Q146","(2) Somewhat more",349
"Q146","(3) Neither more or less",847
"Q146","(4) Somewhat less",404
"Q146","(5) Much less angry",293
"Q147","(1) Much more afraid",189
"Q147","(2) Somewhat more",383
"Q147","(3) Neither more or less",796
"Q147","(4) Somewhat less",448
"Q147","(5) Much less afraid",266
"Q148","(1) Much more hopeful",364
"Q148","(2) Somewhat more",649
"Q148","(3) Neither more or less",684
"Q148","(4) Somewhat less",243
"Q148","(5) Much less hopeful",142
"Q149","(1) Much more angry",137
"Q149","(2) Somewhat more",298
"Q149","(3) Neither more or less",989
"Q149","(4) Somewhat less",377
"Q149","(5) Much less angry",281
"Q150","(1) Much more afraid",173
"Q150","(2) Somewhat more",352
"Q150","(3) Neither more or less",887
"Q150","(4) Somewhat less",402
"Q150","(5) Much less afraid",268
"Q151","(1) Much more hopeful",195
"Q151","(2) Somewhat more",533
"Q151","(3) Neither more or less",667
"Q151","(4) Somewhat less",415
"Q151","(5) Much less hopeful",272
"Q152","(1) Much more angry",282
"Q152","(2) Somewhat more",502
"Q152","(3) Neither more or less",890
"Q152","(4) Somewhat less",283
"Q152","(5) Much less angry",125
"Q153","(1) Much more afraid",252
"Q153","(2) Somewhat more",486
"Q153","(3) Neither more or less",968
"Q153","(4) Somewhat less",247
"Q153","(5) Much less afraid",129
"Q154R1","(01) A lot",1045
"Q154R1","(02) Some",435
"Q154R1","(03) A little",304
"Q154R1","(04) None at all",249
"Q154R1","(88) Don",49
"Q154R2","(01) A lot",796
"Q154R2","(02) Some",573
"Q154R2","(03) A little",319
"Q154R2","(04) None at all",257
"Q154R2","(88) Don",137
"Q154R3","(01) A lot",598
"Q154R3","(02) Some",653
"Q154R3","(03) A little",369
"Q154R3","(04) None at all",307
"Q154R3","(88) Don",155
"Q154R4","(01) A lot",1036
"Q154R4","(02) Some",512
"Q154R4","(03) A little",245
"Q154R4","(04) None at all",193
"Q154R4","(88) Don",96
"Q154R5","(01) A lot",939
"Q154R5","(02) Some",566
"Q154R5","(03) A little",269
"Q154R5","(04) None at all",209
"Q154R5","(88) Don",99
"Q159R1","(1) Never",206
"Q159R1","(2) Some of the time",983
"Q159R1","(3) About half the time",557
"Q159R1","(4) Much of the time",247
"Q159R1","(5) All of the time",89
"Q159R2","(1) Never",229
"Q159R2","(2) Some of the time",910
"Q159R2","(3) About half the time",506
"Q159R2","(4) Much of the time",301
"Q159R2","(5) All of the time",136
"Q159R3","(1) Never",139
"Q159R3","(2) Some of the time",741
"Q159R3","(3) About half the time",571
"Q159R3","(4) Much of the time",468
"Q159R3","(5) All of the time",163
"Q162R1","(01) Very important",1371
"Q162R1","(02) Somewhat important",429
"Q162R1","(03) Not that important",83
"Q162R1","(04) Not at all important",81
"Q162R1","(05) Disapprove",18
"Q162R1","(06) Strongly disapprove",12
"Q162R1","(88) I don",88
"Q162R2","(01) Very important",213
"Q162R2","(02) Somewhat important",599
"Q162R2","(03) Not that important",447
"Q162R2","(04) Not at all important",370
"Q162R2","(05) Disapprove",90
"Q162R2","(06) Strongly disapprove",77
"Q162R2","(88) I don",286
"Q162R3","(01) Very important",559
"Q162R3","(02) Somewhat important",900
"Q162R3","(03) Not that important",229
"Q162R3","(04) Not at all important",158
"Q162R3","(05) Disapprove",18
"Q162R3","(06) Strongly disapprove",19
"Q162R3","(88) I don",199
"Q162R4","(01) Very important",222
"Q162R4","(02) Somewhat important",585
"Q162R4","(03) Not that important",454
"Q162R4","(04) Not at all important",320
"Q162R4","(05) Disapprove",124
"Q162R4","(06) Strongly disapprove",114
"Q162R4","(88) I don",263
"Q162R5","(01) Very important",284
"Q162R5","(02) Somewhat important",558
"Q162R5","(03) Not that important",461
"Q162R5","(04) Not at all important",379
"Q162R5","(05) Disapprove",86
"Q162R5","(06) Strongly disapprove",75
"Q162R5","(88) I don",239
"Q162R6","(01) Very important",392
"Q162R6","(02) Somewhat important",757
"Q162R6","(03) Not that important",358
"Q162R6","(04) Not at all important",250
"Q162R6","(05) Disapprove",40
"Q162R6","(06) Strongly disapprove",19
"Q162R6","(88) I don",266
"Q162R7","(01) Very important",190
"Q162R7","(02) Somewhat important",576
"Q162R7","(03) Not that important",472
"Q162R7","(04) Not at all important",421
"Q162R7","(05) Disapprove",61
"Q162R7","(06) Strongly disapprove",51
"Q162R7","(88) I don",311
"Q162R8","(01) Very important",1095
"Q162R8","(02) Somewhat important",479
"Q162R8","(03) Not that important",168
"Q162R8","(04) Not at all important",151
"Q162R8","(05) Disapprove",36
"Q162R8","(06) Strongly disapprove",70
"Q162R8","(88) I don",83
"Q170","(1) Yes",832
"Q170","(2) No",1250
"Q171R1","(0) NO TO: Elected officials",465
"Q171R1","(1) Elected officials",367
"Q171R2","(0) NO TO: Religious leaders",601
"Q171R2","(1) Religious leaders",231
"Q171R3","(0) NO TO: Community leaders",472
"Q171R3","(1) Community leaders",360
"Q171R4","(0) NO TO: Union or work association leaders",672
"Q171R4","(1) Union or work association leaders",160
"Q171R5","(0) NO TO: A media figure",726
"Q171R5","(1) A media figure",106
"Q171R6","(0) NO TO: Celebrity or artist",724
"Q171R6","(1) Celebrity or artist",108
"Q171R7","(0) NO TO: Someone you know",646
"Q171R7","(1) Someone you know",186
"Q171R8","(0) NO TO: Other",758
"Q171R8","(1) Other",74
"Q171R9","(0) NO TO: Can",760
"Q171R9","(1) Can",72
"Q172R1","(1) Yes",411
"Q172R1","(2) No",421
"Q172R2","(1) Yes",256
"Q172R2","(2) No",576
"Q172R3","(1) Yes",382
"Q172R3","(2) No",450
"Q175R1","(1) Yes",471
"Q175R1","(2) No",779
"Q175R2","(1) Yes",160
"Q175R2","(2) No",1090
"Q175R3","(1) Yes",216
"Q175R3","(2) No",1034
"Q178R1","(1) Strongly agree",256
"Q178R1","(2) Agree",802
"Q178R1","(3) Disagree",767
"Q178R1","(4) Strongly disagree",257
"Q178R2","(1) Strongly agree",210
"Q178R2","(2) Agree",682
"Q178R2","(3) Disagree",821
"Q178R2","(4) Strongly disagree",369
"Q178R3","(1) Strongly agree",933
"Q178R3","(2) Agree",904
"Q178R3","(3) Disagree",190
"Q178R3","(4) Strongly disagree",55
"Q178R4","(1) Strongly agree",932
"Q178R4","(2) Agree",934
"Q178R4","(3) Disagree",179
"Q178R4","(4) Strongly disagree",37
"Q182","(1) The employers who hire undocumented immigrant workers",1095
"Q182","(2) The undocumented immigrant workers themselves",126
"Q182","(3) Both the employers who hire undocumented immigrant workers and the undocumented immigrant workers are equally responsibl",861
"Q183","(1) Very unfavorable",587
"Q183","(2) Mostly unfavorable",671
"Q183","(3) Mostly favorable",551
"Q183","(4) Very favorable",273
"Q184R1","(1) Strongly agree",530
"Q184R1","(2) Weakly agree",349
"Q184R1","(3) Neither agree nor disagree",462
"Q184R1","(4) Weakly disagree",236
"Q184R1","(5) Strongly disagree",505
"Q184R2","(1) Strongly agree",718
"Q184R2","(2) Weakly agree",468
"Q184R2","(3) Neither agree nor disagree",465
"Q184R2","(4) Weakly disagree",172
"Q184R2","(5) Strongly disagree",259
"Q184R3","(1) Strongly agree",926
"Q184R3","(2) Weakly agree",444
"Q184R3","(3) Neither agree nor disagree",365
"Q184R3","(4) Weakly disagree",141
"Q184R3","(5) Strongly disagree",206
"Q187R1","(1) Strongly Disagree",814
"Q187R1","(2) Somewhat Disagree",303
"Q187R1","(3) Neither Agree nor Disagree",331
"Q187R1","(4) Somewhat Agree",306
"Q187R1","(5) Strongly Agree",328
"Q187R2","(1) Strongly Disagree",562
"Q187R2","(2) Somewhat Disagree",325
"Q187R2","(3) Neither Agree nor Disagree",667
"Q187R2","(4) Somewhat Agree",322
"Q187R2","(5) Strongly Agree",206
"Q187R3","(1) Strongly Disagree",174
"Q187R3","(2) Somewhat Disagree",165
"Q187R3","(3) Neither Agree nor Disagree",776
"Q187R3","(4) Somewhat Agree",553
"Q187R3","(5) Strongly Agree",414
"Q187R4","(1) Strongly Disagree",605
"Q187R4","(2) Somewhat Disagree",316
"Q187R4","(3) Neither Agree nor Disagree",712
"Q187R4","(4) Somewhat Agree",240
"Q187R4","(5) Strongly Agree",209
"Q187R5","(1) Strongly Disagree",775
"Q187R5","(2) Somewhat Disagree",404
"Q187R5","(3) Neither Agree nor Disagree",517
"Q187R5","(4) Somewhat Agree",227
"Q187R5","(5) Strongly Agree",159
"Q192","(1) The best way to achieve equality is for LGBTQ people to be a part of mainstream culture and institutions like marriage",737
"Q192","(2) LGBTQ people should be able to achieve equality while still maintaining their own distinct culture and way of life",1345
"Q193","(1) Strongly Agree",146
"Q193","(2) Somewhat Agree",172
"Q193","(3) Neither Agree Nor Disagree",520
"Q193","(4) Somewhat Disagree",91
"Q193","(5) Strongly Disagree",125
"Q194","(1) Strongly Agree",173
"Q194","(2) Somewhat Agree",261
"Q194","(3) Neither Agree Nor Disagree",432
"Q194","(4) Somewhat Disagree",88
"Q194","(5) Strongly Disagree",74
"Q195A1R1","(1) 1st Choice",234
"Q195A1R1","(2) 2nd Choice",88
"Q195A1R1","(3) 3rd Choice",47
"Q195A1R2","(1) 1st Choice",125
"Q195A1R2","(2) 2nd Choice",307
"Q195A1R2","(3) 3rd Choice",572
"Q195A1R3","(1) 1st Choice",96
"Q195A1R3","(2) 2nd Choice",526
"Q195A1R3","(3) 3rd Choice",320
"Q195A1R4","(1) 1st Choice",588
"Q195A1R4","(2) 2nd Choice",122
"Q195A1R4","(3) 3rd Choice",104
"Q195A2R1","(1) 1st Choice",155
"Q195A2R1","(2) 2nd Choice",52
"Q195A2R1","(3) 3rd Choice",39
"Q195A2R1","(4) 4th Choice",28
"Q195A2R1","(5) 5th Choice",50
"Q195A2R2","(1) 1st Choice",44
"Q195A2R2","(2) 2nd Choice",72
"Q195A2R2","(3) 3rd Choice",114
"Q195A2R2","(4) 4th Choice",101
"Q195A2R2","(5) 5th Choice",124
"Q195A2R3","(1) 1st Choice",30
"Q195A2R3","(2) 2nd Choice",67
"Q195A2R3","(3) 3rd Choice",97
"Q195A2R3","(4) 4th Choice",90
"Q195A2R3","(5) 5th Choice",85
"Q195A2R4","(1) 1st Choice",60
"Q195A2R4","(2) 2nd Choice",91
"Q195A2R4","(3) 3rd Choice",80
"Q195A2R4","(4) 4th Choice",65
"Q195A2R4","(5) 5th Choice",69
"Q195A2R5","(1) 1st Choice",76
"Q195A2R5","(2) 2nd Choice",86
"Q195A2R5","(3) 3rd Choice",62
"Q195A2R5","(4) 4th Choice",48
"Q195A2R5","(5) 5th Choice",48
"Q195A2R6","(1) 1st Choice",382
"Q195A2R6","(2) 2nd Choice",137
"Q195A2R6","(3) 3rd Choice",94
"Q195A2R6","(4) 4th Choice",51
"Q195A2R6","(5) 5th Choice",27
"Q195A2R7","(1) 1st Choice",58
"Q195A2R7","(2) 2nd Choice",127
"Q195A2R7","(3) 3rd Choice",172
"Q195A2R7","(4) 4th Choice",141
"Q195A2R7","(5) 5th Choice",103
"Q195A2R8","(1) 1st Choice",102
"Q195A2R8","(2) 2nd Choice",137
"Q195A2R8","(3) 3rd Choice",122
"Q195A2R8","(4) 4th Choice",107
"Q195A2R8","(5) 5th Choice",82
"Q195A2R9","(1) 1st Choice",56
"Q195A2R9","(2) 2nd Choice",106
"Q195A2R9","(3) 3rd Choice",111
"Q195A2R9","(4) 4th Choice",144
"Q195A2R9","(5) 5th Choice",187
"Q195A2R10","(1) 1st Choice",80
"Q195A2R10","(2) 2nd Choice",168
"Q195A2R10","(3) 3rd Choice",152
"Q195A2R10","(4) 4th Choice",123
"Q195A2R10","(5) 5th Choice",87
"Q195B1R1","(1) 1st Choice",192
"Q195B1R1","(2) 2nd Choice",73
"Q195B1R1","(3) 3rd Choice",58
"Q195B1R2","(1) 1st Choice",116
"Q195B1R2","(2) 2nd Choice",282
"Q195B1R2","(3) 3rd Choice",602
"Q195B1R3","(1) 1st Choice",89
"Q195B1R3","(2) 2nd Choice",576
"Q195B1R3","(3) 3rd Choice",292
"Q195B1R4","(1) 1st Choice",642
"Q195B1R4","(2) 2nd Choice",108
"Q195B1R4","(3) 3rd Choice",87
"Q195B2R1","(1) 1st Choice",121
"Q195B2R1","(2) 2nd Choice",51
"Q195B2R1","(3) 3rd Choice",29
"Q195B2R1","(4) 4th Choice",32
"Q195B2R1","(5) 5th Choice",45
"Q195B2R2","(1) 1st Choice",41
"Q195B2R2","(2) 2nd Choice",64
"Q195B2R2","(3) 3rd Choice",96
"Q195B2R2","(4) 4th Choice",109
"Q195B2R2","(5) 5th Choice",153
"Q195B2R3","(1) 1st Choice",34
"Q195B2R3","(2) 2nd Choice",65
"Q195B2R3","(3) 3rd Choice",99
"Q195B2R3","(4) 4th Choice",87
"Q195B2R3","(5) 5th Choice",59
"Q195B2R4","(1) 1st Choice",51
"Q195B2R4","(2) 2nd Choice",83
"Q195B2R4","(3) 3rd Choice",72
"Q195B2R4","(4) 4th Choice",56
"Q195B2R4","(5) 5th Choice",81
"Q195B2R5","(1) 1st Choice",73
"Q195B2R5","(2) 2nd Choice",73
"Q195B2R5","(3) 3rd Choice",60
"Q195B2R5","(4) 4th Choice",68
"Q195B2R5","(5) 5th Choice",49
"Q195B2R6","(1) 1st Choice",435
"Q195B2R6","(2) 2nd Choice",139
"Q195B2R6","(3) 3rd Choice",80
"Q195B2R6","(4) 4th Choice",50
"Q195B2R6","(5) 5th Choice",47
"Q195B2R7","(1) 1st Choice",67
"Q195B2R7","(2) 2nd Choice",119
"Q195B2R7","(3) 3rd Choice",173
"Q195B2R7","(4) 4th Choice",185
"Q195B2R7","(5) 5th Choice",130
"Q195B2R8","(1) 1st Choice",105
"Q195B2R8","(2) 2nd Choice",131
"Q195B2R8","(3) 3rd Choice",124
"Q195B2R8","(4) 4th Choice",143
"Q195B2R8","(5) 5th Choice",144
"Q195B2R9","(1) 1st Choice",50
"Q195B2R9","(2) 2nd Choice",117
"Q195B2R9","(3) 3rd Choice",123
"Q195B2R9","(4) 4th Choice",160
"Q195B2R9","(5) 5th Choice",230
"Q195B2R10","(1) 1st Choice",62
"Q195B2R10","(2) 2nd Choice",197
"Q195B2R10","(3) 3rd Choice",183
"Q195B2R10","(4) 4th Choice",149
"Q195B2R10","(5) 5th Choice",101
"Q196","(00) 0Not at all satisfied",222
"Q196","(01) 1",62
"Q196","(02) 2",70
"Q196","(03) 3",72
"Q196","(04) 4",70
"Q196","(05) 5",340
"Q196","(06) 6",192
"Q196","(07) 7",252
"Q196","(08) 8",269
"Q196","(09) 9",144
"Q196","(10) 10Very satisfied",389
"Q197A1","(1) Donald Trump, Jr., Republican",210
"Q197A1","(2) Nikki Haley, former Republican governor of South Carolina and ambassador to the UN",137
"Q197A1","(3) Andrew Cuomo, Democratic governor of New York",103
"Q197A1","(4) Kamala Harris, former Democratic California Senator and Vice-President elect",593
"Q197A2","(01) Donald Trump, Jr., Republican",139
"Q197A2","(02) Nikki Haley, former Republican governor of South Carolina and ambassador to the UN",50
"Q197A2","(03) Marco Rubio, Republican Senator from Florida",22
"Q197A2","(04) Mike Pence, Republican Vice President",54
"Q197A2","(05) Ron DeSantis, Republican governor of Florida",94
"Q197A2","(06) Kamala Harris, former Democratic California Senator and Vice-President elect",386
"Q197A2","(07) Pete Buttigieg, former Democratic mayor of South Bend, Indiana",67
"Q197A2","(08) Alexandria Ocasio-Cortez, Democratic representative from New York",107
"Q197A2","(09) Andrew Cuomo, Democratic governor of New York",48
"Q197A2","(10) Stacey Abrams, former Democratic leader in the Georgia House of Representatives",76
"Q197B1","(1) Donald Trump, Jr., Republican",183
"Q197B1","(2) Nikki Haley, former Republican governor of South Carolina and ambassador to the UN",128
"Q197B1","(3) Andrew Cuomo, Democratic governor of New York",89
"Q197B1","(4) Kamala Harris, former Democratic California Senator and Vice-President elect",639
"Q197B2","(01) Donald Trump, Jr., Republican",106
"Q197B2","(02) Nikki Haley, former Republican governor of South Carolina and ambassador to the UN",44
"Q197B2","(03) Marco Rubio, Republican Senator from Florida",42
"Q197B2","(04) Mike Pence, Republican Vice President",58
"Q197B2","(05) Ron DeSantis, Republican governor of Florida",74
"Q197B2","(06) Kamala Harris, former Democratic California Senator and Vice-President elect",423
"Q197B2","(07) Pete Buttigieg, former Democratic mayor of South Bend, Indiana",79
"Q197B2","(08) Alexandria Ocasio-Cortez, Democratic representative from New York",99
"Q197B2","(09) Andrew Cuomo, Democratic governor of New York",58
"Q197B2","(10) Stacey Abrams, former Democratic leader in the Georgia House of Representatives",56
"Q198","(00) 0Not at all satisfied",72
"Q198","(01) 1",28
"Q198","(02) 2",29
"Q198","(03) 3",48
"Q198","(04) 4",88
"Q198","(05) 5",262
"Q198","(06) 6",158
"Q198","(07) 7",258
"Q198","(08) 8",340
"Q198","(09) 9",238
"Q198","(10) 10Very satisfied",561
"Q199","(1) Single vote",546
"Q199","(2) Ranked vote",133
"Q200","(1) Single vote",465
"Q200","(2) Ranked vote",211
"Q201","(1) Single vote",599
"Q201","(2) Ranked vote",128
"Q202R1","(0) NO TO: Run for political office",1831
"Q202R1","(1) Run for political office",251
"Q202R2","(0) NO TO: Encourage someone you know to run for office",1095
"Q202R2","(1) Encourage someone you know to run for office",987
"Q202R3","(0) NO TO: Volunteer for a candidate or political party",987
"Q202R3","(1) Volunteer for a candidate or political party",1095
"Q203","(1) Strongly Approve",700
"Q203","(2) Somewhat Approve",681
"Q203","(3) Neither Approve nor Disapprove",594
"Q203","(4) Somewhat Disapprove",51
"Q203","(5) Strongly Disapprove",56
"Q204","(1) Strongly Approve",240
"Q204","(2) Somewhat Approve",362
"Q204","(3) Neither Approve nor Disapprove",716
"Q204","(4) Somewhat Disapprove",394
"Q204","(5) Strongly Disapprove",370
"Q205","(1) Strongly Approve",427
"Q205","(2) Somewhat Approve",490
"Q205","(3) Neither Approve nor Disapprove",727
"Q205","(4) Somewhat Disapprove",195
"Q205","(5) Strongly Disapprove",243
"Q208R1","(1) Strongly agree",698
"Q208R1","(2) Somewhat agree",665
"Q208R1","(3) Neither agree nor disagree",380
"Q208R1","(4) Somewhat disagree",243
"Q208R1","(5) Strongly disagree",96
"Q208R2","(1) Strongly agree",756
"Q208R2","(2) Somewhat agree",710
"Q208R2","(3) Neither agree nor disagree",333
"Q208R2","(4) Somewhat disagree",207
"Q208R2","(5) Strongly disagree",76
"Q208R3","(1) Strongly agree",856
"Q208R3","(2) Somewhat agree",772
"Q208R3","(3) Neither agree nor disagree",274
"Q208R3","(4) Somewhat disagree",125
"Q208R3","(5) Strongly disagree",55
"Q208R4","(1) Strongly agree",485
"Q208R4","(2) Somewhat agree",760
"Q208R4","(3) Neither agree nor disagree",494
"Q208R4","(4) Somewhat disagree",196
"Q208R4","(5) Strongly disagree",147
"Q208R5","(1) Strongly agree",384
"Q208R5","(2) Somewhat agree",578
"Q208R5","(3) Neither agree nor disagree",540
"Q208R5","(4) Somewhat disagree",254
"Q208R5","(5) Strongly disagree",326
"Q213R1","(1) Agree strongly",512
"Q213R1","(2) Agree somewhat",488
"Q213R1","(3) Neither agree nor disagree",482
"Q213R1","(4) Disagree somewhat",306
"Q213R1","(5) Disagree strongly",294
"Q213R2","(1) Agree strongly",522
"Q213R2","(2) Agree somewhat",573
"Q213R2","(3) Neither agree nor disagree",366
"Q213R2","(4) Disagree somewhat",281
"Q213R2","(5) Disagree strongly",340
"Q213R3","(1) Agree strongly",414
"Q213R3","(2) Agree somewhat",559
"Q213R3","(3) Neither agree nor disagree",491
"Q213R3","(4) Disagree somewhat",275
"Q213R3","(5) Disagree strongly",343
"Q213R4","(1) Agree strongly",370
"Q213R4","(2) Agree somewhat",401
"Q213R4","(3) Neither agree nor disagree",495
"Q213R4","(4) Disagree somewhat",349
"Q213R4","(5) Disagree strongly",467
"Q217R1","(1) Strongly agree",817
"Q217R1","(2) Agree",506
"Q217R1","(3) Slightly agree",341
"Q217R1","(4) Slightly disagree",148
"Q217R1","(5) Disagree",117
"Q217R1","(6) Strongly disagree",153
"Q217R2","(1) Strongly agree",151
"Q217R2","(2) Agree",191
"Q217R2","(3) Slightly agree",229
"Q217R2","(4) Slightly disagree",283
"Q217R2","(5) Disagree",493
"Q217R2","(6) Strongly disagree",735
"Q217R3","(1) Strongly agree",935
"Q217R3","(2) Agree",604
"Q217R3","(3) Slightly agree",314
"Q217R3","(4) Slightly disagree",95
"Q217R3","(5) Disagree",73
"Q217R3","(6) Strongly disagree",61
"Q217R4","(1) Strongly agree",153
"Q217R4","(2) Agree",264
"Q217R4","(3) Slightly agree",471
"Q217R4","(4) Slightly disagree",313
"Q217R4","(5) Disagree",478
"Q217R4","(6) Strongly disagree",403
"Q221R1","(1) Agree strongly",710
"Q221R1","(2) Agree somewhat",779
"Q221R1","(3) Neither agree nor disagree",452
"Q221R1","(4) Disagree somewhat",90
"Q221R1","(5) Disagree strongly",51
"Q221R2","(1) Agree strongly",118
"Q221R2","(2) Agree somewhat",244
"Q221R2","(3) Neither agree nor disagree",464
"Q221R2","(4) Disagree somewhat",485
"Q221R2","(5) Disagree strongly",771
"Q221R3","(1) Agree strongly",509
"Q221R3","(2) Agree somewhat",696
"Q221R3","(3) Neither agree nor disagree",587
"Q221R3","(4) Disagree somewhat",192
"Q221R3","(5) Disagree strongly",98
"Q221R4","(1) Agree strongly",853
"Q221R4","(2) Agree somewhat",774
"Q221R4","(3) Neither agree nor disagree",349
"Q221R4","(4) Disagree somewhat",74
"Q221R4","(5) Disagree strongly",32
"Q225R1","(1) Strongly supports",208
"Q225R1","(2) Supports",339
"Q225R1","(3) Supports a little",186
"Q225R1","(4) Neither supports nor threatens",912
"Q225R1","(5) Threatens a little",173
"Q225R1","(6) Threatens",133
"Q225R1","(7) Strongly threatens",131
"Q225R2","(1) Strongly supports",235
"Q225R2","(2) Supports",453
"Q225R2","(3) Supports a little",291
"Q225R2","(4) Neither supports nor threatens",686
"Q225R2","(5) Threatens a little",222
"Q225R2","(6) Threatens",94
"Q225R2","(7) Strongly threatens",101
"Q225R3","(1) Strongly supports",366
"Q225R3","(2) Supports",618
"Q225R3","(3) Supports a little",304
"Q225R3","(4) Neither supports nor threatens",667
"Q225R3","(5) Threatens a little",78
"Q225R3","(6) Threatens",24
"Q225R3","(7) Strongly threatens",25
"Q225R4","(1) Strongly supports",240
"Q225R4","(2) Supports",351
"Q225R4","(3) Supports a little",261
"Q225R4","(4) Neither supports nor threatens",514
"Q225R4","(5) Threatens a little",274
"Q225R4","(6) Threatens",188
"Q225R4","(7) Strongly threatens",254
"Q225R5","(1) Strongly supports",387
"Q225R5","(2) Supports",613
"Q225R5","(3) Supports a little",302
"Q225R5","(4) Neither supports nor threatens",549
"Q225R5","(5) Threatens a little",102
"Q225R5","(6) Threatens",71
"Q225R5","(7) Strongly threatens",58
"Q225R6","(1) Strongly supports",260
"Q225R6","(2) Supports",561
"Q225R6","(3) Supports a little",292
"Q225R6","(4) Neither supports nor threatens",548
"Q225R6","(5) Threatens a little",205
"Q225R6","(6) Threatens",127
"Q225R6","(7) Strongly threatens",89
"Q225R7","(1) Strongly supports",607
"Q225R7","(2) Supports",762
"Q225R7","(3) Supports a little",241
"Q225R7","(4) Neither supports nor threatens",418
"Q225R7","(5) Threatens a little",27
"Q225R7","(6) Threatens",11
"Q225R7","(7) Strongly threatens",16
"Q225R8","(1) Strongly supports",415
"Q225R8","(2) Supports",701
"Q225R8","(3) Supports a little",306
"Q225R8","(4) Neither supports nor threatens",581
"Q225R8","(5) Threatens a little",54
"Q225R8","(6) Threatens",16
"Q225R8","(7) Strongly threatens",9
"Q225R9","(1) Strongly supports",467
"Q225R9","(2) Supports",673
"Q225R9","(3) Supports a little",290
"Q225R9","(4) Neither supports nor threatens",589
"Q225R9","(5) Threatens a little",34
"Q225R9","(6) Threatens",16
"Q225R9","(7) Strongly threatens",13
"Q225R10","(1) Strongly supports",458
"Q225R10","(2) Supports",572
"Q225R10","(3) Supports a little",259
"Q225R10","(4) Neither supports nor threatens",380
"Q225R10","(5) Threatens a little",125
"Q225R10","(6) Threatens",108
"Q225R10","(7) Strongly threatens",180
"Q225R11","(1) Strongly supports",253
"Q225R11","(2) Supports",316
"Q225R11","(3) Supports a little",240
"Q225R11","(4) Neither supports nor threatens",378
"Q225R11","(5) Threatens a little",252
"Q225R11","(6) Threatens",272
"Q225R11","(7) Strongly threatens",371
"Q225R12","(1) Strongly supports",372
"Q225R12","(2) Supports",580
"Q225R12","(3) Supports a little",239
"Q225R12","(4) Neither supports nor threatens",609
"Q225R12","(5) Threatens a little",126
"Q225R12","(6) Threatens",70
"Q225R12","(7) Strongly threatens",86
"Q225R13","(1) Strongly supports",399
"Q225R13","(2) Supports",607
"Q225R13","(3) Supports a little",311
"Q225R13","(4) Neither supports nor threatens",529
"Q225R13","(5) Threatens a little",131
"Q225R13","(6) Threatens",65
"Q225R13","(7) Strongly threatens",40
"Q225R14","(1) Strongly supports",80
"Q225R14","(2) Supports",126
"Q225R14","(3) Supports a little",122
"Q225R14","(4) Neither supports nor threatens",412
"Q225R14","(5) Threatens a little",233
"Q225R14","(6) Threatens",304
"Q225R14","(7) Strongly threatens",805
"Q239R1","(1) Strongly Disagree",91
"Q239R1","(2) Somewhat Disagree",212
"Q239R1","(3) Neither Agree nor Disagree",584
"Q239R1","(4) Somewhat Agree",700
"Q239R1","(5) Strongly Agree",495
"Q239R2","(1) Strongly Disagree",79
"Q239R2","(2) Somewhat Disagree",124
"Q239R2","(3) Neither Agree nor Disagree",626
"Q239R2","(4) Somewhat Agree",553
"Q239R2","(5) Strongly Agree",700
"Q239R3","(1) Strongly Disagree",55
"Q239R3","(2) Somewhat Disagree",79
"Q239R3","(3) Neither Agree nor Disagree",408
"Q239R3","(4) Somewhat Agree",506
"Q239R3","(5) Strongly Agree",1034
"Q239R4","(1) Strongly Disagree",175
"Q239R4","(2) Somewhat Disagree",284
"Q239R4","(3) Neither Agree nor Disagree",740
"Q239R4","(4) Somewhat Agree",510
"Q239R4","(5) Strongly Agree",373
"Q243R1","(1) Strongly Agree",362
"Q243R1","(2) Somewhat Agree",505
"Q243R1","(3) Neither Agree Nor Disagree",518
"Q243R1","(4) Somewhat Disagree",360
"Q243R1","(5) Strongly Disagree",337
"Q243R2","(1) Strongly Agree",604
"Q243R2","(2) Somewhat Agree",616
"Q243R2","(3) Neither Agree Nor Disagree",500
"Q243R2","(4) Somewhat Disagree",201
"Q243R2","(5) Strongly Disagree",161
"Q243R3","(1) Strongly Agree",213
"Q243R3","(2) Somewhat Agree",393
"Q243R3","(3) Neither Agree Nor Disagree",474
"Q243R3","(4) Somewhat Disagree",411
"Q243R3","(5) Strongly Disagree",591
"Q243R4","(1) Strongly Agree",474
"Q243R4","(2) Somewhat Agree",582
"Q243R4","(3) Neither Agree Nor Disagree",552
"Q243R4","(4) Somewhat Disagree",267
"Q243R4","(5) Strongly Disagree",207
"Q247","(1) None of them",36
"Q247","(2) Some of them",554
"Q247","(3) About half of them",622
"Q247","(4) Most of them",664
"Q247","(5) Almost all of them",206
"Q248","(1) A lot less than it currently does",94
"Q248","(2) A little less",118
"Q248","(3) About the same",789
"Q248","(4) A little more",564
"Q248","(5) A lot more",517
"Q249","(1) A lot less than it currently does",119
"Q249","(2) A little less",103
"Q249","(3) About the same",681
"Q249","(4) A little more",448
"Q249","(5) A lot more",731
"Q250R1","(1) Strongly disagree",334
"Q250R1","(2) Disagree",122
"Q250R1","(3) Neither agree nor disagree",215
"Q250R1","(4) Agree",69
"Q250R1","(5) Strongly agree",48
"Q250R2","(1) Strongly disagree",116
"Q250R2","(2) Disagree",95
"Q250R2","(3) Neither agree nor disagree",450
"Q250R2","(4) Agree",725
"Q250R2","(5) Strongly agree",696
"Q250R3","(1) Strongly disagree",11
"Q250R3","(2) Disagree",8
"Q250R3","(3) Neither agree nor disagree",48
"Q250R3","(4) Agree",69
"Q250R3","(5) Strongly agree",101
"Q250R4","(1) Strongly disagree",0
"Q250R4","(2) Disagree",0
"Q250R4","(3) Neither agree nor disagree",0
"Q250R4","(4) Agree",0
"Q250R4","(5) Strongly agree",0
"Q250R5","(1) Strongly disagree",13
"Q250R5","(2) Disagree",10
"Q250R5","(3) Neither agree nor disagree",64
"Q250R5","(4) Agree",99
"Q250R5","(5) Strongly agree",125
"Q250R6","(1) Strongly disagree",0
"Q250R6","(2) Disagree",0
"Q250R6","(3) Neither agree nor disagree",0
"Q250R6","(4) Agree",0
"Q250R6","(5) Strongly agree",0
"Q250R7","(1) Strongly disagree",0
"Q250R7","(2) Disagree",1
"Q250R7","(3) Neither agree nor disagree",2
"Q250R7","(4) Agree",0
"Q250R7","(5) Strongly agree",5
"Q250R8","(1) Strongly disagree",10
"Q250R8","(2) Disagree",8
"Q250R8","(3) Neither agree nor disagree",62
"Q250R8","(4) Agree",58
"Q250R8","(5) Strongly agree",89
"Q251","(1) Black Americans face more discrimination than Black immigrants",59
"Q251","(2) Black immigrants face more discrimination than Black Americans",44
"Q251","(3) Black Americans and Black immigrants face similar levels of discrimination",134
"Q252","(1) White Americans hold more negative stereotypes about Black immigrants than they do about Black Americans",59
"Q252","(2) White Americans hold similar stereotypes about Black immigrants and Black Americans",178
"Q253","(1) These racial differences are mainly due to racism, discrimination against Black Americans, and the legacies of slavery",173
"Q253","(2) These racial differences are mainly due to Black Americans just not having the motivation, will power, or work ethic to",64
"Q254","(1) Anglo-American name",173
"Q254","(2) Name that comes from your country of origin",302
"Q255","(1) Assume I am Black American",113
"Q255","(2) Assume I have recent immigrant heritage",124
"Q256","(1) As acts of discrimination that individuals commit against individuals of another racial group",512
"Q256","(2) As acts of discrimination that our country",138
"Q256","(3) Both of these equally",1361
"Q256","(4) I do not think that racism exists in this country",71
"Q257AR1","(1) Strongly agree",30
"Q257AR1","(2) Somewhat agree",51
"Q257AR1","(3) Neither agree nor disagree",135
"Q257AR1","(4) Somewhat disagree",101
"Q257AR1","(5) Strongly disagree",369
"Q257AR2","(1) Strongly agree",39
"Q257AR2","(2) Somewhat agree",92
"Q257AR2","(3) Neither agree nor disagree",136
"Q257AR2","(4) Somewhat disagree",127
"Q257AR2","(5) Strongly disagree",292
"Q257AR3","(1) Strongly agree",27
"Q257AR3","(2) Somewhat agree",26
"Q257AR3","(3) Neither agree nor disagree",96
"Q257AR3","(4) Somewhat disagree",105
"Q257AR3","(5) Strongly disagree",432
"Q257AR4","(1) Strongly agree",28
"Q257AR4","(2) Somewhat agree",27
"Q257AR4","(3) Neither agree nor disagree",100
"Q257AR4","(4) Somewhat disagree",91
"Q257AR4","(5) Strongly disagree",440
"Q257BR1","(1) Strongly agree",27
"Q257BR1","(2) Somewhat agree",47
"Q257BR1","(3) Neither agree nor disagree",139
"Q257BR1","(4) Somewhat disagree",102
"Q257BR1","(5) Strongly disagree",398
"Q257BR2","(1) Strongly agree",34
"Q257BR2","(2) Somewhat agree",61
"Q257BR2","(3) Neither agree nor disagree",161
"Q257BR2","(4) Somewhat disagree",123
"Q257BR2","(5) Strongly disagree",334
"Q257BR3","(1) Strongly agree",23
"Q257BR3","(2) Somewhat agree",43
"Q257BR3","(3) Neither agree nor disagree",117
"Q257BR3","(4) Somewhat disagree",90
"Q257BR3","(5) Strongly disagree",440
"Q257BR4","(1) Strongly agree",34
"Q257BR4","(2) Somewhat agree",41
"Q257BR4","(3) Neither agree nor disagree",105
"Q257BR4","(4) Somewhat disagree",84
"Q257BR4","(5) Strongly disagree",449
"Q257CR1","(1) Strongly agree",31
"Q257CR1","(2) Somewhat agree",84
"Q257CR1","(3) Neither agree nor disagree",151
"Q257CR1","(4) Somewhat disagree",104
"Q257CR1","(5) Strongly disagree",313
"Q257CR2","(1) Strongly agree",43
"Q257CR2","(2) Somewhat agree",119
"Q257CR2","(3) Neither agree nor disagree",175
"Q257CR2","(4) Somewhat disagree",101
"Q257CR2","(5) Strongly disagree",245
"Q257CR3","(1) Strongly agree",31
"Q257CR3","(2) Somewhat agree",46
"Q257CR3","(3) Neither agree nor disagree",114
"Q257CR3","(4) Somewhat disagree",97
"Q257CR3","(5) Strongly disagree",395
"Q257CR4","(1) Strongly agree",31
"Q257CR4","(2) Somewhat agree",54
"Q257CR4","(3) Neither agree nor disagree",110
"Q257CR4","(4) Somewhat disagree",90
"Q257CR4","(5) Strongly disagree",398
"Q258","(1) Extremely likely",31
"Q258","(2) Very likely",41
"Q258","(3) Moderately likely",75
"Q258","(4) Slightly likely",59
"Q258","(5) Not at all likely",31
"Q260","(1) Black",37
"Q260","(2) White",40
"Q260","(3) Another race",45
"Q260","(4) I do not see Christ as any particular race",115
"Q261","(01) 1",253
"Q261","(02) 2",569
"Q261","(03) 3",534
"Q261","(04) 4",334
"Q261","(05) 5",169
"Q261","(06) 6",117
"Q261","(07) 7",52
"Q261","(08) 8",22
"Q261","(09) 9",14
"Q261","(10) 10",18
"Q262","(1) Yes,",16
"Q262","(2) Yes,",34
"Q262","(3) Yes, 1/8 blood quantum",40
"Q262","(4) Yes, tribe specific blood quantum requirement less than 1/8",18
"Q262","(5) No, my tribe uses lineal descent",66
"Q262","(6) No, my tribe uses something other than lineal descent",80
"Q262","(7) Other",57
"Q263","(1) 1",26
"Q263","(2) 2",32
"Q263","(3) 1/8 blood quantum",49
"Q263","(4) A blood quantum requirement of less than 1/8",38
"Q263","(5) Lineal descent/only have to descend from an original roll with no blood quantum amount required",126
"Q263","(6) Other",40
"Q264","(1) Never",106
"Q264","(2) 2-3 times a year",88
"Q264","(3) Once a month",39
"Q264","(4) Every other week",24
"Q264","(5) Weekly",23
"Q264","(6) Two to three times a week",8
"Q264","(7) Everyday",23
"Q265","(1) Never",155
"Q265","(2) Have only been to a few over my life",71
"Q265","(3) Yearly",37
"Q265","(4) 2-3 times a year",23
"Q265","(5) Monthly",20
"Q265","(6) Every other week",0
"Q265","(7) Weekly",5
"Q266","(0) (My tribe does not hold any tribal elections)",141
"Q266","(1) Almost never",120
"Q266","(2) Sometimes, but not always",30
"Q266","(3) I always vote in tribal elections",20
"Q267","(1) Very light brown",83
"Q267","(2) Light brown",73
"Q267","(3) Medium brown",68
"Q267","(4) Dark brown",10
"Q267","(5) Very dark brown",3
"Q268","(1) Very light",253
"Q268","(2) Light",870
"Q268","(3) About the same",787
"Q268","(4) Dark",169
"Q268","(5) Very dark",3
"Q269","(1) Extremely important",45
"Q269","(2) Very important",31
"Q269","(3) Moderately important",48
"Q269","(4) Slightly important",20
"Q269","(5) Not at all important",93
"Q270","(1) Extremely likely",54
"Q270","(2) Very likely",46
"Q270","(3) Moderately likely",51
"Q270","(4) Slightly likely",26
"Q270","(5) Not at all likely",60
"Q271","(1) Extremely important",696
"Q271","(2) Very important",582
"Q271","(3) Moderately important",407
"Q271","(4) Slightly important",173
"Q271","(5) Not at all important",224
"Q272","(1) Jake Connor",1058
"Q272","(2) Tanner Wyatt",1024
"Q273R1","(1) Strongly agree",190
"Q273R1","(2) Agree",449
"Q273R1","(3) Somewhat agree",439
"Q273R1","(4) Neither agree or disagree",510
"Q273R1","(5) Somewhat disagree",228
"Q273R1","(6) Disagree",139
"Q273R1","(7) Strongly disagree",127
"Q273R2","(1) Strongly agree",357
"Q273R2","(2) Agree",568
"Q273R2","(3) Somewhat agree",490
"Q273R2","(4) Neither agree or disagree",432
"Q273R2","(5) Somewhat disagree",106
"Q273R2","(6) Disagree",72
"Q273R2","(7) Strongly disagree",57
"Q273R3","(1) Strongly agree",339
"Q273R3","(2) Agree",590
"Q273R3","(3) Somewhat agree",496
"Q273R3","(4) Neither agree or disagree",493
"Q273R3","(5) Somewhat disagree",85
"Q273R3","(6) Disagree",46
"Q273R3","(7) Strongly disagree",33
"Q273R4","(1) Strongly agree",179
"Q273R4","(2) Agree",378
"Q273R4","(3) Somewhat agree",487
"Q273R4","(4) Neither agree or disagree",692
"Q273R4","(5) Somewhat disagree",167
"Q273R4","(6) Disagree",101
"Q273R4","(7) Strongly disagree",78
"Q273R5","(1) Strongly agree",247
"Q273R5","(2) Agree",462
"Q273R5","(3) Somewhat agree",446
"Q273R5","(4) Neither agree or disagree",533
"Q273R5","(5) Somewhat disagree",195
"Q273R5","(6) Disagree",97
"Q273R5","(7) Strongly disagree",102
"Q278","(1) Yes, a lot",261
"Q278","(2) Yes, some",528
"Q278","(3) Yes, but not too much",502
"Q278","(4) No",791
"Q279","(1) Yes",543
"Q279","(2) No",1539
"Q280","(1) Not as important to me",645
"Q280","(2) Equally as important to me",1252
"Q280","(3) More important to me",185
"Q281R1","(0) NO TO: When seeking medical care for you or your family",1921
"Q281R1","(1) When seeking medical care for you or your family",161
"Q281R2","(0) NO TO: In dealings with police",1832
"Q281R2","(1) In dealings with police",250
"Q281R3","(0) NO TO: In dealings with immigration officers",1967
"Q281R3","(1) In dealings with immigration officers",115
"Q281R4","(0) NO TO: At your place of work",1785
"Q281R4","(1) At your place of work",297
"Q281R5","(0) NO TO: In a restaurant, theater, or other place of entertainment",1798
"Q281R5","(1) In a restaurant, theater, or other place of entertainment",284
"Q281R6","(0) NO TO: In a store",1706
"Q281R6","(1) In a store",376
"Q281R7","(0) NO TO: From other people",1578
"Q281R7","(1) From other people",504
"Q281R8","(0) NO TO: Other",2037
"Q281R8","(1) Other",45
"Q281R9","(0) NO TO: No, none of these",926
"Q281R9","(1) No, none of these",1156
"Q282","(1) Duty",651
"Q282","(2) Choice",312
"Q282","(3) Not sure",52
"Q283","(1) Duty",700
"Q283","(2) Choice",306
"Q283","(3) Not sure",61
"Q284","(1) Very strongly",109
"Q284","(2) Somewhat strongly",30
"Q284","(3) Not very strongly",9
"Q285","(1) One",186
"Q285","(2) Two",261
"Q285","(3) Three",284
"Q285","(4) Four",311
"Q286","(1) One",67
"Q286","(2) Two",152
"Q286","(3) Three",276
"Q286","(4) Four",283
"Q286","(5) Five",262
"Q287R1","(1) Not close at all",13
"Q287R1","(2) Not very close",37
"Q287R1","(3) Somewhere in the middle",134
"Q287R1","(4) Somewhat close",186
"Q287R1","(5) Very close",360
"Q287R2","(1) Not close at all",43
"Q287R2","(2) Not very close",87
"Q287R2","(3) Somewhere in the middle",195
"Q287R2","(4) Somewhat close",167
"Q287R2","(5) Very close",238
"Q287R3","(1) Not close at all",8
"Q287R3","(2) Not very close",13
"Q287R3","(3) Somewhere in the middle",85
"Q287R3","(4) Somewhat close",111
"Q287R3","(5) Very close",513
"Q287R4","(1) Not close at all",74
"Q287R4","(2) Not very close",39
"Q287R4","(3) Somewhere in the middle",184
"Q287R4","(4) Somewhat close",146
"Q287R4","(5) Very close",287
"Q287R5","(1) Not close at all",27
"Q287R5","(2) Not very close",47
"Q287R5","(3) Somewhere in the middle",298
"Q287R5","(4) Somewhat close",209
"Q287R5","(5) Very close",149
"Q287R6","(1) Not close at all",12
"Q287R6","(2) Not very close",42
"Q287R6","(3) Somewhere in the middle",181
"Q287R6","(4) Somewhat close",215
"Q287R6","(5) Very close",280
"Q287R7","(1) Not close at all",232
"Q287R7","(2) Not very close",32
"Q287R7","(3) Somewhere in the middle",229
"Q287R7","(4) Somewhat close",60
"Q287R7","(5) Very close",177
"Q294","(1) (pipe: S2_Race_Prime)",239
"Q294","(2) (pipe: ancestryverb)",93
"Q294","(3) (pipe: genderverb)",193
"Q294","(4) (pipe: religionverb)",101
"Q294","(5) Your socioeconomic class",28
"Q294","(6) (pipe: partyverb)",41
"Q294","(7) Other (Specify)",35
"Q315","(1) A lot",599
"Q315","(2) Somewhat",722
"Q315","(3) A little bit",327
"Q315","(4) Not very much",434
"Q316R1","(1) Very unimportant",581
"Q316R1","(2) Somewhat unimportant",259
"Q316R1","(3) Neither important/unimportant",839
"Q316R1","(4) Somewhat important",287
"Q316R1","(5) Very important",116
"Q316R2","(1) Very unimportant",650
"Q316R2","(2) Somewhat unimportant",244
"Q316R2","(3) Neither important/unimportant",831
"Q316R2","(4) Somewhat important",236
"Q316R2","(5) Very important",121
"Q316R3","(1) Very unimportant",99
"Q316R3","(2) Somewhat unimportant",98
"Q316R3","(3) Neither important/unimportant",313
"Q316R3","(4) Somewhat important",561
"Q316R3","(5) Very important",1011
"Q316R4","(1) Very unimportant",81
"Q316R4","(2) Somewhat unimportant",82
"Q316R4","(3) Neither important/unimportant",326
"Q316R4","(4) Somewhat important",785
"Q316R4","(5) Very important",808
"Q316R5","(1) Very unimportant",92
"Q316R5","(2) Somewhat unimportant",66
"Q316R5","(3) Neither important/unimportant",264
"Q316R5","(4) Somewhat important",665
"Q316R5","(5) Very important",995
"Q316R6","(1) Very unimportant",86
"Q316R6","(2) Somewhat unimportant",87
"Q316R6","(3) Neither important/unimportant",312
"Q316R6","(4) Somewhat important",704
"Q316R6","(5) Very important",893
"Q316R7","(1) Very unimportant",210
"Q316R7","(2) Somewhat unimportant",222
"Q316R7","(3) Neither important/unimportant",769
"Q316R7","(4) Somewhat important",477
"Q316R7","(5) Very important",404
"Q323_BLW","(1) Very unlikely",182
"Q323_BLW","(2) Somewhat unlikely",181
"Q323_BLW","(3) Neither likely nor unlikely",780
"Q323_BLW","(4) Somewhat likely",654
"Q323_BLW","(5) Very likely",285
"Q323_API","(1) Very unlikely",0
"Q323_API","(2) Somewhat unlikely",0
"Q323_API","(3) Neither likely nor unlikely",0
"Q323_API","(4) Somewhat likely",0
"Q323_API","(5) Very likely",0
"Q323_NINH","(1) Very unlikely",0
"Q323_NINH","(2) Somewhat unlikely",0
"Q323_NINH","(3) Neither likely nor unlikely",0
"Q323_NINH","(4) Somewhat likely",0
"Q323_NINH","(5) Very likely",0
"Q324","(1) Not well at all",135
"Q324","(2) Not very well",226
"Q324","(3) Somewhere in the middle",949
"Q324","(4) Somewhat well",548
"Q324","(5) Very well",224
"Q325_BLW","(1) Not at all",203
"Q325_BLW","(2) A little",445
"Q325_BLW","(3) A moderate amount",934
"Q325_BLW","(4) Somewhat well",383
"Q325_BLW","(5) A lot",117
"Q325_API","(1) Not at all",0
"Q325_API","(2) A little",0
"Q325_API","(3) A moderate amount",0
"Q325_API","(4) Somewhat well",0
"Q325_API","(5) A lot",0
"Q325_NINH","(1) Not at all",0
"Q325_NINH","(2) A little",0
"Q325_NINH","(3) A moderate amount",0
"Q325_NINH","(4) Somewhat well",0
"Q325_NINH","(5) A lot",0
"Q326R1","(1) Very unlikely",154
"Q326R1","(2) Somewhat unlikely",365
"Q326R1","(3) Neither Likely nor Unlikely",998
"Q326R1","(4) Very likely",565
"Q326R2","(1) Very unlikely",0
"Q326R2","(2) Somewhat unlikely",0
"Q326R2","(3) Neither Likely nor Unlikely",0
"Q326R2","(4) Very likely",0
"Q326R3","(1) Very unlikely",0
"Q326R3","(2) Somewhat unlikely",0
"Q326R3","(3) Neither Likely nor Unlikely",0
"Q326R3","(4) Very likely",0
"Q326R4","(1) Very unlikely",134
"Q326R4","(2) Somewhat unlikely",279
"Q326R4","(3) Neither Likely nor Unlikely",899
"Q326R4","(4) Very likely",770
"Q326R5","(1) Very unlikely",115
"Q326R5","(2) Somewhat unlikely",284
"Q326R5","(3) Neither Likely nor Unlikely",910
"Q326R5","(4) Very likely",773
"Q326R6","(1) Very unlikely",0
"Q326R6","(2) Somewhat unlikely",0
"Q326R6","(3) Neither Likely nor Unlikely",0
"Q326R6","(4) Very likely",0
"Q326R7","(1) Very unlikely",0
"Q326R7","(2) Somewhat unlikely",0
"Q326R7","(3) Neither Likely nor Unlikely",0
"Q326R7","(4) Very likely",0
"Q329R1","(1) A Good Deal",57
"Q329R1","(2) A Lot",69
"Q329R1","(3) Moderate Amount",53
"Q329R2","(1) A Good Deal",175
"Q329R2","(2) A Lot",205
"Q329R2","(3) Moderate Amount",152
"Q329R3","(1) A Good Deal",379
"Q329R3","(2) A Lot",299
"Q329R3","(3) Moderate Amount",214
"Q329R4","(1) A Good Deal",68
"Q329R4","(2) A Lot",105
"Q329R4","(3) Moderate Amount",87
"Q329R5","(1) A Good Deal",426
"Q329R5","(2) A Lot",321
"Q329R5","(3) Moderate Amount",284
"Q329R6","(1) A Good Deal",9
"Q329R6","(2) A Lot",43
"Q329R6","(3) Moderate Amount",92
"Q329R7","(1) A Good Deal",206
"Q329R7","(2) A Lot",253
"Q329R7","(3) Moderate Amount",305
"Q329R8","(1) A Good Deal",307
"Q329R8","(2) A Lot",297
"Q329R8","(3) Moderate Amount",278
"Q329R9","(1) A Good Deal",186
"Q329R9","(2) A Lot",201
"Q329R9","(3) Moderate Amount",323
"Q329R10","(1) A Good Deal",269
"Q329R10","(2) A Lot",289
"Q329R10","(3) Moderate Amount",294
"Q333","(1) Be the Majorities in Some Districts",486
"Q333","(2) Be Spread Evenly",1081
"Q333","(3) Don",515
"Q334","(1) Yes",202
"Q334","(2) No",176
"Q334","(3) Don",108
"Q335","(1) Yes",337
"Q335","(2) No",427
"Q335","(3) Don",317
"Q339","(1) Radical social change that dismantles institutions such as marriage and rejects binary gender and sex systems, such as n",185
"Q339","(2) Civil rights protections, such as employment and housing policies that protect LGBT people from discrimination as a grou",1332
"Q339","(3) Civil liberties protections, such as the right to privacy from government interference in one's personal life when LGBT",565
"Q340","(1) Candidate 1",1119
"Q340","(2) Candidate 2",963
"Q341R1","(01) 0 - No time",1081
"Q341R1","(02) 1 minute",56
"Q341R1","(03) 2 minutes",36
"Q341R1","(04) 3 minutes",27
"Q341R1","(05) 4 minutes",25
"Q341R1","(06) 5 minutes",152
"Q341R1","(07) 6 minutes",20
"Q341R1","(08) 7 minutes",8
"Q341R1","(09) 8 minutes",5
"Q341R1","(10) 9 minutes",13
"Q341R1","(11) 10 minutes",148
"Q341R1","(12) 11 minutes",5
"Q341R1","(13) 12 minutes",7
"Q341R1","(14) 13 minutes",6
"Q341R1","(15) 14 minutes",9
"Q341R1","(16) 15 minutes",74
"Q341R1","(17) 16 minutes",6
"Q341R1","(18) 17 minutes",3
"Q341R1","(19) 18 minutes",2
"Q341R1","(20) 19 minutes",3
"Q341R1","(21) 20 minutes",51
"Q341R1","(22) 21 minutes",2
"Q341R1","(23) 22 minutes",1
"Q341R1","(24) 23 minutes",1
"Q341R1","(25) 24 minutes",0
"Q341R1","(26) 25 minutes",10
"Q341R1","(27) 26 minutes",1
"Q341R1","(28) 27 minutes",0
"Q341R1","(29) 28 minutes",3
"Q341R1","(30) 29 minutes",3
"Q341R1","(31) 30 minutes",140
"Q341R1","(32) 31 minutes",0
"Q341R1","(33) 32 minutes",2
"Q341R1","(34) 33 minutes",1
"Q341R1","(35) 34 minutes",1
"Q341R1","(36) 35 minutes",1
"Q341R1","(37) 36 minutes",0
"Q341R1","(38) 37 minutes",0
"Q341R1","(39) 38 minutes",0
"Q341R1","(40) 39 minutes",0
"Q341R1","(41) 40 minutes",21
"Q341R1","(42) 41 minutes",1
"Q341R1","(43) 42 minutes",1
"Q341R1","(44) 43 minutes",0
"Q341R1","(45) 44 minutes",1
"Q341R1","(46) 45 minutes",21
"Q341R1","(47) 46 minutes",0
"Q341R1","(48) 47 minutes",0
"Q341R1","(49) 48 minutes",2
"Q341R1","(50) 49 minutes",1
"Q341R1","(51) 50 minutes",15
"Q341R1","(52) 51 minutes",1
"Q341R1","(53) 52 minutes",0
"Q341R1","(54) 53 minutes",0
"Q341R1","(55) 54 minutes",0
"Q341R1","(56) 55 minutes",6
"Q341R1","(57) 56 minutes",0
"Q341R1","(58) 57 minutes",1
"Q341R1","(59) 58 minutes",1
"Q341R1","(60) 59 minutes",2
"Q341R1","(61) 1 hour",105
"Q341R2","(01) 0 - No time",1075
"Q341R2","(02) 1 minute",53
"Q341R2","(03) 2 minutes",49
"Q341R2","(04) 3 minutes",32
"Q341R2","(05) 4 minutes",25
"Q341R2","(06) 5 minutes",143
"Q341R2","(07) 6 minutes",16
"Q341R2","(08) 7 minutes",15
"Q341R2","(09) 8 minutes",11
"Q341R2","(10) 9 minutes",6
"Q341R2","(11) 10 minutes",141
"Q341R2","(12) 11 minutes",3
"Q341R2","(13) 12 minutes",12
"Q341R2","(14) 13 minutes",7
"Q341R2","(15) 14 minutes",6
"Q341R2","(16) 15 minutes",85
"Q341R2","(17) 16 minutes",2
"Q341R2","(18) 17 minutes",5
"Q341R2","(19) 18 minutes",4
"Q341R2","(20) 19 minutes",1
"Q341R2","(21) 20 minutes",61
"Q341R2","(22) 21 minutes",1
"Q341R2","(23) 22 minutes",1
"Q341R2","(24) 23 minutes",0
"Q341R2","(25) 24 minutes",0
"Q341R2","(26) 25 minutes",8
"Q341R2","(27) 26 minutes",2
"Q341R2","(28) 27 minutes",0
"Q341R2","(29) 28 minutes",0
"Q341R2","(30) 29 minutes",0
"Q341R2","(31) 30 minutes",151
"Q341R2","(32) 31 minutes",3
"Q341R2","(33) 32 minutes",0
"Q341R2","(34) 33 minutes",1
"Q341R2","(35) 34 minutes",0
"Q341R2","(36) 35 minutes",9
"Q341R2","(37) 36 minutes",1
"Q341R2","(38) 37 minutes",1
"Q341R2","(39) 38 minutes",0
"Q341R2","(40) 39 minutes",1
"Q341R2","(41) 40 minutes",10
"Q341R2","(42) 41 minutes",2
"Q341R2","(43) 42 minutes",0
"Q341R2","(44) 43 minutes",0
"Q341R2","(45) 44 minutes",1
"Q341R2","(46) 45 minutes",11
"Q341R2","(47) 46 minutes",0
"Q341R2","(48) 47 minutes",2
"Q341R2","(49) 48 minutes",0
"Q341R2","(50) 49 minutes",0
"Q341R2","(51) 50 minutes",13
"Q341R2","(52) 51 minutes",1
"Q341R2","(53) 52 minutes",0
"Q341R2","(54) 53 minutes",0
"Q341R2","(55) 54 minutes",0
"Q341R2","(56) 55 minutes",5
"Q341R2","(57) 56 minutes",2
"Q341R2","(58) 57 minutes",0
"Q341R2","(59) 58 minutes",2
"Q341R2","(60) 59 minutes",5
"Q341R2","(61) 1 hour",97
"Q343R1","(1) Strongly support",694
"Q343R1","(2) Somewhat support",931
"Q343R1","(3) Somewhat oppose",319
"Q343R1","(4) Strongly oppose",138
"Q343R2","(1) Strongly support",810
"Q343R2","(2) Somewhat support",838
"Q343R2","(3) Somewhat oppose",321
"Q343R2","(4) Strongly oppose",113
"Q343R3","(1) Strongly support",622
"Q343R3","(2) Somewhat support",880
"Q343R3","(3) Somewhat oppose",410
"Q343R3","(4) Strongly oppose",170
"Q343R4","(1) Strongly support",780
"Q343R4","(2) Somewhat support",865
"Q343R4","(3) Somewhat oppose",294
"Q343R4","(4) Strongly oppose",143
"Q347","(1) Very diverse",359
"Q347","(2) Somewhat diverse",1040
"Q347","(3) Not very diverse",555
"Q347","(4) Not diverse at all",128
"Q348","(1) A great deal of influence",213
"Q348","(2) A lot of influence",354
"Q348","(3) A moderate level of influence",686
"Q348","(4) A small level of influence",503
"Q348","(5) No influence at all",326
"Q349","(1) They care a great deal",242
"Q349","(2) They care a lot",446
"Q349","(3) They care somewhat",860
"Q349","(4) They care a little",367
"Q349","(5) They don",167
"Q350","(1) A lot",253
"Q350","(2) Some",1044
"Q350","(3) Not Much at All",619
"Q350","(4) Do not know",166
"Q351","(1) A lot",240
"Q351","(2) Some",946
"Q351","(3) Not Much at All",666
"Q351","(4) Do not know",230
"Q352","(01) No collaboration",535
"Q352","(02) Some collaboration",762
"Q352","(03) Extensive collaboration",476
"Q352","(88) Don",309
"Q353","(1) Less than $100",3
"Q353","(2) $100 to $999",0
"Q353","(3) $1,000",4
"Q353","(4) $5,000",1
"Q353","(5) $10,000 or more",0
"Q354","(1) Less than $100",3
"Q354","(2) $100 to $999",1
"Q354","(3) $1,000",3
"Q354","(4) $5,000",0
"Q354","(5) $10,000 or more",1
"Q355R1","(0) NO TO: Relief organizations for overseas relief efforts",6
"Q355R1","(1) Relief organizations for overseas relief efforts",2
"Q355R2","(0) NO TO: Relief organizations for domestic poverty alleviation",4
"Q355R2","(1) Relief organizations for domestic poverty alleviation",4
"Q355R3","(0) NO TO: Civil rights organizations dedicated to protecting the rights of people in your religious community",5
"Q355R3","(1) Civil rights organizations dedicated to protecting the rights of people in your religious community",3
"Q355R4","(0) NO TO: Educational purpose",6
"Q355R4","(1) Educational purpose",2
"Q355R5","(0) NO TO: Youth and family services",7
"Q355R5","(1) Youth and family services",1
"Q355R6","(0) NO TO: Arts and culture",5
"Q355R6","(1) Arts and culture",3
"Q355R7","(0) NO TO: Health care or medical research",6
"Q355R7","(1) Health care or medical research",2
"Q355R8","(0) NO TO: Preserving the environment",8
"Q355R8","(1) Preserving the environment",0
"Q355R9","(0) NO TO: None of these",7
"Q355R9","(1) None of these",1
"Q356","(1) Yes",231
"Q356","(2) No",1851
"Q357","(1) Once / one day",107
"Q357","(2) Twice / two days",73
"Q357","(3) Three to five days",30
"Q357","(4) More than five days",21
"Q358","(1) Strongly support",583
"Q358","(2) Somewhat support",520
"Q358","(3) Neither support nor oppose",413
"Q358","(4) Somewhat oppose",157
"Q358","(5) Strongly oppose",409
"Q359R1","(1) Strongly agree",441
"Q359R1","(2) Somewhat agree",483
"Q359R1","(3) Neither agree nor disagree",517
"Q359R1","(4) Somewhat disagree",169
"Q359R1","(5) Strongly disagree",472
"Q359R2","(1) Strongly agree",411
"Q359R2","(2) Somewhat agree",520
"Q359R2","(3) Neither agree nor disagree",535
"Q359R2","(4) Somewhat disagree",218
"Q359R2","(5) Strongly disagree",398
"Q359R3","(1) Strongly agree",543
"Q359R3","(2) Somewhat agree",618
"Q359R3","(3) Neither agree nor disagree",594
"Q359R3","(4) Somewhat disagree",165
"Q359R3","(5) Strongly disagree",162
"Q359R4","(1) Strongly agree",408
"Q359R4","(2) Somewhat agree",542
"Q359R4","(3) Neither agree nor disagree",680
"Q359R4","(4) Somewhat disagree",217
"Q359R4","(5) Strongly disagree",235
"Q363","(01) A lot in common",404
"Q363","(02) Some",839
"Q363","(03) Little",538
"Q363","(04) Nothing at all in common",197
"Q363","(88) Don",104
"Q364","(1) Very comfortable",211
"Q364","(2) Somewhat comfortable",270
"Q364","(3) Somewhat uncomfortable",255
"Q364","(4) Very uncomfortable",335
"Q365","(1) Very comfortable",186
"Q365","(2) Somewhat comfortable",219
"Q365","(3) Somewhat uncomfortable",265
"Q365","(4) Very uncomfortable",341
"Q366R1","(0) NO TO: No, I did not engage online on this issue at all",704
"Q366R1","(1) No, I did not engage online on this issue at all",1378
"Q366R2","(0) NO TO: Yes, I engaged in support of BLM",1642
"Q366R2","(2) Yes, I engaged in support of BLM",440
"Q366R3","(0) NO TO: Yes, I engaged in support of police",1919
"Q366R3","(3) Yes, I engaged in support of police",163
"Q366R4","(0) NO TO: Yes, I engaged in general on the issue",1882
"Q366R4","(4) Yes, I engaged in general on the issue",200
"Q367","(1) More people will support fighting racism everywhere, and things will change for the better. This is a different moment i",1264
"Q367","(2) Almost nothing will change. People will return to their normal lives, without fighting racism. Racism benefits White peo",818
"Q368","(1) Strongly agree",940
"Q368","(2) Somewhat agree",497
"Q368","(3) Neither agree or disagree",338
"Q368","(4) Somewhat disagree",105
"Q368","(5) Strongly disagree",202
"Q369","(1) Our children's educational curriculum should require that they take a course in Black History as a means to learn about",485
"Q369","(2) Our children's educational curriculum should give them a choice in taking a course in Black History as a means to learn",219
"Q370","(1) Focus on one course about race/racism and compare the experiences of American Indians, Asians, Blacks and Latinos",157
"Q370","(2) Focus on multiple courses about race/racism and offer a separate course for each racial/ethnic group to learn about that",186
"Q370","(3) Curriculum should do both",361
"Q371","(1) The governors were declaring this within reason: The policy helped promote safety and better public health. It was a use",1619
"Q371","(2) The governors were acting without reason: The policy stepped too far into people's personal space. It was an abuse of go",463
"Q372","(01) Yes, required by the government",768
"Q372","(02) Yes, required by the places themselves, but not the government",934
"Q372","(03) No, no requirement where I live",292
"Q372","(88) I don",88
"Q373","(1) No role",3
"Q373","(2) Negative Role",1
"Q373","(3) Positive Role",3
"Q373","(4) Does not apply",1
"Q374","(1) Less than 10 percent",3
"Q374","(2) 10-24 percent",0
"Q374","(3) 25-49 percent",2
"Q374","(4) 50-74 percent",2
"Q374","(5) 75-100 percent",0
"Q374","(6) Does not apply",1
"Q375","(1) Higher than last year",2
"Q375","(2) Lower than Last year",1
"Q375","(3) Same as Last year",4
"Q375","(4) Does not apply",1
"Q376","(1) All the time",2
"Q376","(2) Most of the time",2
"Q376","(3) Only some of the time",3
"Q376","(4) Never",1
"Q376","(5) Does not apply",0
"Q377","(1) A great deal of sympathy",431
"Q377","(2) A lot of sympathy",166
"Q377","(3) Some sympathy",111
"Q377","(4) A little sympathy",30
"Q377","(5) I do not feel any sympathy for Laurette",50
"Q378","(1) A great deal of sympathy",435
"Q378","(2) A lot of sympathy",156
"Q378","(3) Some sympathy",116
"Q378","(4) A little sympathy",34
"Q378","(5) I do not feel any sympathy for the applicants",47
"Q379","(1) A great deal of sympathy",203
"Q379","(2) A lot of sympathy",172
"Q379","(3) Some sympathy",251
"Q379","(4) A little sympathy",83
"Q379","(5) I do not feel any sympathy for them",79
"Q380","(1) A great deal of sympathy",280
"Q380","(2) A lot of sympathy",180
"Q380","(3) Some sympathy",157
"Q380","(4) A little sympathy",74
"Q380","(5) I do not feel any sympathy for him",97
"Q381_Q383R1","(1) 1= Peaceful",134
"Q381_Q383R1","(2) 2",248
"Q381_Q383R1","(3) 3",303
"Q381_Q383R1","(4) 4",781
"Q381_Q383R1","(5) 5",329
"Q381_Q383R1","(6) 6",179
"Q381_Q383R1","(7) 7=Violent",108
"Q381_Q383R2","(1) 1= Peaceful",171
"Q381_Q383R2","(2) 2",223
"Q381_Q383R2","(3) 3",301
"Q381_Q383R2","(4) 4",729
"Q381_Q383R2","(5) 5",369
"Q381_Q383R2","(6) 6",171
"Q381_Q383R2","(7) 7=Violent",118
"Q381_Q383R3","(1) 1= Peaceful",228
"Q381_Q383R3","(2) 2",389
"Q381_Q383R3","(3) 3",387
"Q381_Q383R3","(4) 4",770
"Q381_Q383R3","(5) 5",223
"Q381_Q383R3","(6) 6",59
"Q381_Q383R3","(7) 7=Violent",26
"Q384R1","(1) 1=Protest against unfair conditions",427
"Q384R1","(2) 2",290
"Q384R1","(3) 3",224
"Q384R1","(4) 4",428
"Q384R1","(5) 5",264
"Q384R1","(6) 6",162
"Q384R1","(7) 7=Looting",287
"Q385","(1) 1=Defunding the police is pushing things too far",683
"Q385","(2) 2",236
"Q385","(3) 3",236
"Q385","(4) 4",443
"Q385","(5) 5",199
"Q385","(6) 6",132
"Q385","(7) 7=Defunding the police is not going far enough",153
"Q386_Q390R1","(1) Strongly agree",68
"Q386_Q390R1","(2) Somewhat agree",177
"Q386_Q390R1","(3) Neither agree nor disagree.",307
"Q386_Q390R1","(4) Somewhat disagree.",102
"Q386_Q390R1","(5) Strongly disagree.",134
"Q386_Q390R2","(1) Strongly agree",33
"Q386_Q390R2","(2) Somewhat agree",81
"Q386_Q390R2","(3) Neither agree nor disagree.",332
"Q386_Q390R2","(4) Somewhat disagree.",150
"Q386_Q390R2","(5) Strongly disagree.",192
"Q386_Q390R3","(1) Strongly agree",62
"Q386_Q390R3","(2) Somewhat agree",141
"Q386_Q390R3","(3) Neither agree nor disagree.",275
"Q386_Q390R3","(4) Somewhat disagree.",129
"Q386_Q390R3","(5) Strongly disagree.",181
"Q386_Q390R4","(1) Strongly agree",56
"Q386_Q390R4","(2) Somewhat agree",125
"Q386_Q390R4","(3) Neither agree nor disagree.",367
"Q386_Q390R4","(4) Somewhat disagree.",113
"Q386_Q390R4","(5) Strongly disagree.",127
"Q386_Q390R5","(1) Strongly agree",34
"Q386_Q390R5","(2) Somewhat agree",80
"Q386_Q390R5","(3) Neither agree nor disagree.",198
"Q386_Q390R5","(4) Somewhat disagree.",142
"Q386_Q390R5","(5) Strongly disagree.",334
"Q391_Q393R1","(1) Very Much In Line",40
"Q391_Q393R1","(2) Somewhat In Line",112
"Q391_Q393R1","(3) Not Very Much In Line",52
"Q391_Q393R1","(4) Not In Line At All",33
"Q391_Q393R2","(1) Very Much In Line",41
"Q391_Q393R2","(2) Somewhat In Line",106
"Q391_Q393R2","(3) Not Very Much In Line",52
"Q391_Q393R2","(4) Not In Line At All",38
"Q391_Q393R3","(1) Very Much In Line",50
"Q391_Q393R3","(2) Somewhat In Line",119
"Q391_Q393R3","(3) Not Very Much In Line",40
"Q391_Q393R3","(4) Not In Line At All",28
"Q394","(01) Yes",92
"Q394","(02) Yes",35
"Q394","(03) No",63
"Q394","(04) No",27
"Q394","(88) Don",18
"Q394","(99) Refused",2
"Q395","(1) A great deal",548
"Q395","(2) A lot",668
"Q395","(3) Some",628
"Q395","(4) A little",238
"Q396_Q398R1","(1) Strongly agree",976
"Q396_Q398R1","(2) Agree",664
"Q396_Q398R1","(3) No opinion",390
"Q396_Q398R1","(4) Disagree",31
"Q396_Q398R1","(5) Strongly disagree",21
"Q396_Q398R2","(1) Strongly agree",333
"Q396_Q398R2","(2) Agree",947
"Q396_Q398R2","(3) No opinion",509
"Q396_Q398R2","(4) Disagree",253
"Q396_Q398R2","(5) Strongly disagree",40
"Q396_Q398R3","(1) Strongly agree",380
"Q396_Q398R3","(2) Agree",917
"Q396_Q398R3","(3) No opinion",586
"Q396_Q398R3","(4) Disagree",149
"Q396_Q398R3","(5) Strongly disagree",50
"Q399","(1) Yes",1473
"Q399","(2) No",236
"Q399","(3) Don't Know",373
"Q400","(1) Yes",1042
"Q400","(2) No",539
"Q400","(3) Don",501
"Q401_Q404R1","(1) Strongly agree",340
"Q401_Q404R1","(2) Somewhat agree",335
"Q401_Q404R1","(3) Neither agree nor disagree",285
"Q401_Q404R1","(4) Somewhat disagree",67
"Q401_Q404R1","(5) Strongly disagree",44
"Q401_Q404R2","(1) Strongly agree",506
"Q401_Q404R2","(2) Somewhat agree",275
"Q401_Q404R2","(3) Neither agree nor disagree",215
"Q401_Q404R2","(4) Somewhat disagree",41
"Q401_Q404R2","(5) Strongly disagree",34
"Q401_Q404R3","(1) Strongly agree",234
"Q401_Q404R3","(2) Somewhat agree",257
"Q401_Q404R3","(3) Neither agree nor disagree",438
"Q401_Q404R3","(4) Somewhat disagree",77
"Q401_Q404R3","(5) Strongly disagree",65
"Q401_Q404R4","(1) Strongly agree",266
"Q401_Q404R4","(2) Somewhat agree",315
"Q401_Q404R4","(3) Neither agree nor disagree",382
"Q401_Q404R4","(4) Somewhat disagree",62
"Q401_Q404R4","(5) Strongly disagree",46
"Q405","(1) 1= Government should help Blacks",50
"Q405","(2) 2",24
"Q405","(3) 3",26
"Q405","(4) 4",71
"Q405","(5) 5",30
"Q405","(6) 6",17
"Q405","(7) 7= Blacks should help themselves]",19
"Q406","(1) More active",438
"Q406","(2) Less active",490
"Q406","(3) Had little effect",1154
"Q407R1","(0) NO TO: Personal or family health",501
"Q407R1","(1) Personal or family health",427
"Q407R2","(0) NO TO: Personal or family finances",598
"Q407R2","(1) Personal or family finances",330
"Q407R3","(0) NO TO: Social changes like distancing and closures",428
"Q407R3","(1) Social changes like distancing and closures",500
"Q407R4","(0) NO TO: New policies and issues",684
"Q407R4","(1) New policies and issues",244
"Q407R5","(0) NO TO: Other (Specify)",897
"Q407R5","(1) Other (Specify)",31
"Q408","(1) Always",1419
"Q408","(2) Usually",305
"Q408","(3) Sometimes",199
"Q408","(4) Rarely",103
"Q408","(5) Never",56
"Q409","(1) Excellent",322
"Q409","(2) Very good",732
"Q409","(3) Good",710
"Q409","(4) Fair",276
"Q409","(5) Poor",42
"Q410","(1) Excellent",511
"Q410","(2) Very good",675
"Q410","(3) Good",563
"Q410","(4) Fair",283
"Q410","(5) Poor",50
"Q411_Q416R1","(1) Not at all",1183
"Q411_Q416R1","(2) Several days",483
"Q411_Q416R1","(3) More than half of the days",229
"Q411_Q416R1","(4) Almost every day",128
"Q411_Q416R1","(5) Everyday",59
"Q411_Q416R2","(1) Not at all",1191
"Q411_Q416R2","(2) Several days",500
"Q411_Q416R2","(3) More than half of the days",206
"Q411_Q416R2","(4) Almost every day",125
"Q411_Q416R2","(5) Everyday",60
"Q411_Q416R3","(1) Not at all",992
"Q411_Q416R3","(2) Several days",630
"Q411_Q416R3","(3) More than half of the days",231
"Q411_Q416R3","(4) Almost every day",155
"Q411_Q416R3","(5) Everyday",74
"Q411_Q416R4","(1) Not at all",1234
"Q411_Q416R4","(2) Several days",444
"Q411_Q416R4","(3) More than half of the days",232
"Q411_Q416R4","(4) Almost every day",107
"Q411_Q416R4","(5) Everyday",65
"Q411_Q416R5","(1) Not at all",1199
"Q411_Q416R5","(2) Several days",433
"Q411_Q416R5","(3) More than half of the days",244
"Q411_Q416R5","(4) Almost every day",132
"Q411_Q416R5","(5) Everyday",74
"Q411_Q416R6","(1) Not at all",915
"Q411_Q416R6","(2) Several days",620
"Q411_Q416R6","(3) More than half of the days",275
"Q411_Q416R6","(4) Almost every day",161
"Q411_Q416R6","(5) Everyday",111
"Q417_Q424R1","(1) Strongly support",51
"Q417_Q424R1","(2) Support",46
"Q417_Q424R1","(3) Somewhat support",110
"Q417_Q424R1","(4) Somewhat oppose",43
"Q417_Q424R1","(5) Oppose",28
"Q417_Q424R1","(6) Strongly oppose",107
"Q417_Q424R2","(1) Strongly support",45
"Q417_Q424R2","(2) Support",50
"Q417_Q424R2","(3) Somewhat support",98
"Q417_Q424R2","(4) Somewhat oppose",62
"Q417_Q424R2","(5) Oppose",34
"Q417_Q424R2","(6) Strongly oppose",114
"Q417_Q424R3","(1) Strongly support",81
"Q417_Q424R3","(2) Support",73
"Q417_Q424R3","(3) Somewhat support",86
"Q417_Q424R3","(4) Somewhat oppose",39
"Q417_Q424R3","(5) Oppose",33
"Q417_Q424R3","(6) Strongly oppose",73
"Q417_Q424R4","(1) Strongly support",35
"Q417_Q424R4","(2) Support",45
"Q417_Q424R4","(3) Somewhat support",60
"Q417_Q424R4","(4) Somewhat oppose",49
"Q417_Q424R4","(5) Oppose",55
"Q417_Q424R4","(6) Strongly oppose",159
"Q417_Q424R5","(1) Strongly support",109
"Q417_Q424R5","(2) Support",74
"Q417_Q424R5","(3) Somewhat support",100
"Q417_Q424R5","(4) Somewhat oppose",30
"Q417_Q424R5","(5) Oppose",25
"Q417_Q424R5","(6) Strongly oppose",47
"Q417_Q424R6","(1) Strongly support",112
"Q417_Q424R6","(2) Support",85
"Q417_Q424R6","(3) Somewhat support",102
"Q417_Q424R6","(4) Somewhat oppose",27
"Q417_Q424R6","(5) Oppose",16
"Q417_Q424R6","(6) Strongly oppose",61
"Q417_Q424R7","(1) Strongly support",74
"Q417_Q424R7","(2) Support",81
"Q417_Q424R7","(3) Somewhat support",105
"Q417_Q424R7","(4) Somewhat oppose",38
"Q417_Q424R7","(5) Oppose",32
"Q417_Q424R7","(6) Strongly oppose",55
"Q417_Q424R8","(1) Strongly support",87
"Q417_Q424R8","(2) Support",87
"Q417_Q424R8","(3) Somewhat support",107
"Q417_Q424R8","(4) Somewhat oppose",39
"Q417_Q424R8","(5) Oppose",20
"Q417_Q424R8","(6) Strongly oppose",63
"Q425","(1) Very important",675
"Q425","(2) Somewhat important",545
"Q425","(3) Not too important",324
"Q425","(4) Not at all important",458
"Q425","(5) Don",59
"Q425","(6) Refused",21
"Q429_Q440R1","(1) Strongly Agree",121
"Q429_Q440R1","(2) Somewhat Agree",375
"Q429_Q440R1","(3) Somewhat Disagree",879
"Q429_Q440R1","(4) Strongly Disagree",707
"Q429_Q440R2","(1) Strongly Agree",162
"Q429_Q440R2","(2) Somewhat Agree",544
"Q429_Q440R2","(3) Somewhat Disagree",952
"Q429_Q440R2","(4) Strongly Disagree",424
"Q429_Q440R3","(1) Strongly Agree",429
"Q429_Q440R3","(2) Somewhat Agree",810
"Q429_Q440R3","(3) Somewhat Disagree",617
"Q429_Q440R3","(4) Strongly Disagree",226
"Q429_Q440R4","(1) Strongly Agree",193
"Q429_Q440R4","(2) Somewhat Agree",597
"Q429_Q440R4","(3) Somewhat Disagree",852
"Q429_Q440R4","(4) Strongly Disagree",440
"Q429_Q440R5","(1) Strongly Agree",204
"Q429_Q440R5","(2) Somewhat Agree",685
"Q429_Q440R5","(3) Somewhat Disagree",635
"Q429_Q440R5","(4) Strongly Disagree",558
"Q429_Q440R6","(1) Strongly Agree",979
"Q429_Q440R6","(2) Somewhat Agree",851
"Q429_Q440R6","(3) Somewhat Disagree",193
"Q429_Q440R6","(4) Strongly Disagree",59
"Q429_Q440R7","(1) Strongly Agree",542
"Q429_Q440R7","(2) Somewhat Agree",977
"Q429_Q440R7","(3) Somewhat Disagree",405
"Q429_Q440R7","(4) Strongly Disagree",158
"Q429_Q440R8","(1) Strongly Agree",179
"Q429_Q440R8","(2) Somewhat Agree",674
"Q429_Q440R8","(3) Somewhat Disagree",679
"Q429_Q440R8","(4) Strongly Disagree",550
"Q429_Q440R9","(1) Strongly Agree",330
"Q429_Q440R9","(2) Somewhat Agree",715
"Q429_Q440R9","(3) Somewhat Disagree",561
"Q429_Q440R9","(4) Strongly Disagree",476
"Q429_Q440R10","(1) Strongly Agree",366
"Q429_Q440R10","(2) Somewhat Agree",922
"Q429_Q440R10","(3) Somewhat Disagree",503
"Q429_Q440R10","(4) Strongly Disagree",291
"Q429_Q440R11","(1) Strongly Agree",473
"Q429_Q440R11","(2) Somewhat Agree",806
"Q429_Q440R11","(3) Somewhat Disagree",458
"Q429_Q440R11","(4) Strongly Disagree",345
"Q429_Q440R12","(1) Strongly Agree",867
"Q429_Q440R12","(2) Somewhat Agree",916
"Q429_Q440R12","(3) Somewhat Disagree",210
"Q429_Q440R12","(4) Strongly Disagree",89
"Q441_Q452R1","(1) Yes, this has happened within the last 4 years",343
"Q441_Q452R1","(2) Yes, this has happened, but over 4 years ago",617
"Q441_Q452R1","(3) No, this has never happened to me",1122
"Q441_Q452R2","(1) Yes, this has happened within the last 4 years",126
"Q441_Q452R2","(2) Yes, this has happened, but over 4 years ago",306
"Q441_Q452R2","(3) No, this has never happened to me",1650
"Q441_Q452R3","(1) Yes, this has happened within the last 4 years",129
"Q441_Q452R3","(2) Yes, this has happened, but over 4 years ago",278
"Q441_Q452R3","(3) No, this has never happened to me",1675
"Q441_Q452R4","(1) Yes, this has happened within the last 4 years",89
"Q441_Q452R4","(2) Yes, this has happened, but over 4 years ago",235
"Q441_Q452R4","(3) No, this has never happened to me",1758
"Q441_Q452R5","(1) Yes, this has happened within the last 4 years",72
"Q441_Q452R5","(2) Yes, this has happened, but over 4 years ago",122
"Q441_Q452R5","(3) No, this has never happened to me",1888
"Q441_Q452R6","(1) Yes, this has happened within the last 4 years",64
"Q441_Q452R6","(2) Yes, this has happened, but over 4 years ago",171
"Q441_Q452R6","(3) No, this has never happened to me",1847
"Q441_Q452R7","(1) Yes, this has happened within the last 4 years",60
"Q441_Q452R7","(2) Yes, this has happened, but over 4 years ago",181
"Q441_Q452R7","(3) No, this has never happened to me",1841
"Q441_Q452R8","(1) Yes, this has happened within the last 4 years",77
"Q441_Q452R8","(2) Yes, this has happened, but over 4 years ago",171
"Q441_Q452R8","(3) No, this has never happened to me",1834
"Q441_Q452R9","(1) Yes, this has happened within the last 4 years",190
"Q441_Q452R9","(2) Yes, this has happened, but over 4 years ago",573
"Q441_Q452R9","(3) No, this has never happened to me",1319
"Q441_Q452R10","(1) Yes, this has happened within the last 4 years",257
"Q441_Q452R10","(2) Yes, this has happened, but over 4 years ago",537
"Q441_Q452R10","(3) No, this has never happened to me",1288
"Q441_Q452R11","(1) Yes, this has happened within the last 4 years",131
"Q441_Q452R11","(2) Yes, this has happened, but over 4 years ago",271
"Q441_Q452R11","(3) No, this has never happened to me",1680
"Q441_Q452R12","(1) Yes, this has happened within the last 4 years",235
"Q441_Q452R12","(2) Yes, this has happened, but over 4 years ago",510
"Q441_Q452R12","(3) No, this has never happened to me",1337
"Q453","(0) I have never had an encounter with law enforcement",677
"Q453","(1) I was younger than 14 years old",222
"Q453","(2) Between 14 and 17 years old",371
"Q453","(3) Between 18 and 24 years old",447
"Q453","(4) Between 25 and 35 years old",220
"Q453","(5) Older than 35",145
"Q454","(1) 1 to 2 times",751
"Q454","(2) 3 to 4 times",352
"Q454","(3) 5 to 7 times",136
"Q454","(4) More than 7 times",131
"Q455","(1) Mostly positive",454
"Q455","(2) Neutral",657
"Q455","(3) Mostly negative",259
"Q456_Q461R1","(1) Always",153
"Q456_Q461R1","(2) Often",136
"Q456_Q461R1","(3) Sometimes",230
"Q456_Q461R1","(4) Almost never",201
"Q456_Q461R1","(5) Never",1362
"Q456_Q461R2","(1) Always",178
"Q456_Q461R2","(2) Often",252
"Q456_Q461R2","(3) Sometimes",362
"Q456_Q461R2","(4) Almost never",205
"Q456_Q461R2","(5) Never",1085
"Q456_Q461R3","(1) Always",85
"Q456_Q461R3","(2) Often",102
"Q456_Q461R3","(3) Sometimes",257
"Q456_Q461R3","(4) Almost never",196
"Q456_Q461R3","(5) Never",1442
"Q456_Q461R4","(1) Always",178
"Q456_Q461R4","(2) Often",168
"Q456_Q461R4","(3) Sometimes",284
"Q456_Q461R4","(4) Almost never",211
"Q456_Q461R4","(5) Never",1241
"Q456_Q461R5","(1) Always",461
"Q456_Q461R5","(2) Often",263
"Q456_Q461R5","(3) Sometimes",294
"Q456_Q461R5","(4) Almost never",141
"Q456_Q461R5","(5) Never",923
"Q456_Q461R6","(1) Always",113
"Q456_Q461R6","(2) Often",159
"Q456_Q461R6","(3) Sometimes",393
"Q456_Q461R6","(4) Almost never",224
"Q456_Q461R6","(5) Never",1193
"Q462","(1) Treated better than most",229
"Q462","(2) About the same as others",1534
"Q462","(3) Harder time than others",319
"Q463","(1) No, I have never done that",1771
"Q463","(2) Yes, I have done that once",135
"Q463","(3) Yes, I have done that two or more times",56
"Q463","(4) I do not have a mobile with a camera",120
"Q464","(1) Yes",61
"Q464","(2) No",130
"Q465R1","(1) Yes",76
"Q465R1","(2) No",115
"Q465R2","(1) Yes",73
"Q465R2","(2) No",118
"Q466","(1) No",1873
"Q466","(2) Yes, a friend or someone know.",144
"Q466","(3) Yes, a member of my extended family",49
"Q466","(4) Yes, a member of my immediate family",16
"Q467_Q469R1","(1) Yes",415
"Q467_Q469R1","(2) No",1667
"Q467_Q469R2","(1) Yes",189
"Q467_Q469R2","(2) No",1893
"Q467_Q469R3","(1) Yes",173
"Q467_Q469R3","(2) No",1909
"Q470","(1) Yes",254
"Q470","(2) No",1828
"Q471R6","(0) NO TO: My aunt or uncle",240
"Q471R6","(1) My aunt or uncle",14
"Q471R7","(0) NO TO: My cousin or other relative",214
"Q471R7","(1) My cousin or other relative",40
"Q471R8","(0) NO TO: My grandparent",250
"Q471R8","(1) My grandparent",4
"Q471R9","(0) NO TO: A close personal friend",118
"Q471R9","(1) A close personal friend",136
"Q472_Q474R1","(1) Strongly agree",364
"Q472_Q474R1","(2) Agree",421
"Q472_Q474R1","(3) Somewhat agree",353
"Q472_Q474R1","(4) Neither agree nor disagree",710
"Q472_Q474R1","(5) Somewhat disagree",92
"Q472_Q474R1","(6) Disagree",65
"Q472_Q474R1","(7) Strongly disagree",77
"Q472_Q474R2","(1) Strongly agree",103
"Q472_Q474R2","(2) Agree",146
"Q472_Q474R2","(3) Somewhat agree",263
"Q472_Q474R2","(4) Neither agree nor disagree",493
"Q472_Q474R2","(5) Somewhat disagree",215
"Q472_Q474R2","(6) Disagree",361
"Q472_Q474R2","(7) Strongly disagree",501
"Q472_Q474R3","(1) Strongly agree",170
"Q472_Q474R3","(2) Agree",251
"Q472_Q474R3","(3) Somewhat agree",378
"Q472_Q474R3","(4) Neither agree nor disagree",728
"Q472_Q474R3","(5) Somewhat disagree",191
"Q472_Q474R3","(6) Disagree",182
"Q472_Q474R3","(7) Strongly disagree",182
"Q475R1","(1) 1st",190
"Q475R1","(2) 2nd",209
"Q475R1","(3) 3rd",275
"Q475R1","(4) 4th",403
"Q475R1","(5) 5th",511
"Q475R1","(6) 6th",311
"Q475R1","(7) 7th",103
"Q475R2","(1) 1st",141
"Q475R2","(2) 2nd",145
"Q475R2","(3) 3rd",153
"Q475R2","(4) 4th",250
"Q475R2","(5) 5th",511
"Q475R2","(6) 6th",631
"Q475R2","(7) 7th",166
"Q475R3","(1) 1st",510
"Q475R3","(2) 2nd",458
"Q475R3","(3) 3rd",491
"Q475R3","(4) 4th",301
"Q475R3","(5) 5th",154
"Q475R3","(6) 6th",84
"Q475R3","(7) 7th",53
"Q475R4","(1) 1st",347
"Q475R4","(2) 2nd",500
"Q475R4","(3) 3rd",496
"Q475R4","(4) 4th",361
"Q475R4","(5) 5th",201
"Q475R4","(6) 6th",101
"Q475R4","(7) 7th",50
"Q475R5","(1) 1st",60
"Q475R5","(2) 2nd",72
"Q475R5","(3) 3rd",88
"Q475R5","(4) 4th",139
"Q475R5","(5) 5th",193
"Q475R5","(6) 6th",410
"Q475R5","(7) 7th",1032
"Q475R6","(1) 1st",319
"Q475R6","(2) 2nd",218
"Q475R6","(3) 3rd",231
"Q475R6","(4) 4th",293
"Q475R6","(5) 5th",261
"Q475R6","(6) 6th",308
"Q475R6","(7) 7th",400
"Q475R7","(1) 1st",515
"Q475R7","(2) 2nd",480
"Q475R7","(3) 3rd",348
"Q475R7","(4) 4th",254
"Q475R7","(5) 5th",159
"Q475R7","(6) 6th",134
"Q475R7","(7) 7th",153
"Q476","(1) Slow to respond to big emergencies AND slow to respond to small infractions like loitering or broken taillights",276
"Q476","(2) Slow to respond to big emergencies BUT fast to respond to small infractions like loitering or broken taillights",437
"Q476","(3) Fast to respond to big emergencies BUT slow to respond to small infractions like loitering or broken taillights",899
"Q476","(4) Fast to respond to big emergencies AND fast to respond to small infractions like loitering or broken taillights",470
"Q477","(1) When you call the police, they are adamant about getting out to your house within a good timeframe to deal with whatever",622
"Q477","(2) Police often take a long time to get there. If you call them, they act like they don",489
"Q477","(3) Neither of these reflect my experience",971
"Q478_Q483R1","(1) Strongly agree",372
"Q478_Q483R1","(2) Agree",446
"Q478_Q483R1","(3) Somewhat agree",426
"Q478_Q483R1","(4) Neither agree nor disagree",461
"Q478_Q483R1","(5) Somewhat disagree",164
"Q478_Q483R1","(6) Disagree",112
"Q478_Q483R1","(7) Strongly disagree",101
"Q478_Q483R2","(1) Strongly agree",308
"Q478_Q483R2","(2) Agree",379
"Q478_Q483R2","(3) Somewhat agree",406
"Q478_Q483R2","(4) Neither agree nor disagree",556
"Q478_Q483R2","(5) Somewhat disagree",175
"Q478_Q483R2","(6) Disagree",130
"Q478_Q483R2","(7) Strongly disagree",128
"Q478_Q483R3","(1) Strongly agree",154
"Q478_Q483R3","(2) Agree",246
"Q478_Q483R3","(3) Somewhat agree",384
"Q478_Q483R3","(4) Neither agree nor disagree",610
"Q478_Q483R3","(5) Somewhat disagree",321
"Q478_Q483R3","(6) Disagree",205
"Q478_Q483R3","(7) Strongly disagree",162
"Q478_Q483R4","(1) Strongly agree",408
"Q478_Q483R4","(2) Agree",428
"Q478_Q483R4","(3) Somewhat agree",407
"Q478_Q483R4","(4) Neither agree nor disagree",476
"Q478_Q483R4","(5) Somewhat disagree",189
"Q478_Q483R4","(6) Disagree",101
"Q478_Q483R4","(7) Strongly disagree",73
"Q478_Q483R5","(1) Strongly agree",509
"Q478_Q483R5","(2) Agree",524
"Q478_Q483R5","(3) Somewhat agree",450
"Q478_Q483R5","(4) Neither agree nor disagree",403
"Q478_Q483R5","(5) Somewhat disagree",112
"Q478_Q483R5","(6) Disagree",40
"Q478_Q483R5","(7) Strongly disagree",44
"Q478_Q483R6","(1) Strongly agree",107
"Q478_Q483R6","(2) Agree",135
"Q478_Q483R6","(3) Somewhat agree",200
"Q478_Q483R6","(4) Neither agree nor disagree",480
"Q478_Q483R6","(5) Somewhat disagree",380
"Q478_Q483R6","(6) Disagree",384
"Q478_Q483R6","(7) Strongly disagree",396
"Q484","(1) Black women are treated better by police than Black men",466
"Q484","(2) Black men and women are treated about the same by police",1494
"Q484","(3) Black women are treated worse by police than Black men",122
"Q485","(1) Neither treatment of Blacks by police nor treatment of Latinos by immigration officials are racially biased",560
"Q485","(2) Both the treatment of Blacks by the police and treatment of Latinos by immigration officials are racially biased",1286
"Q485","(3) Only the treatment of Blacks by the police is racially biased",121
"Q485","(4) Only the treatment of Latinos by immigration officials is racially biased",115
"Q486","(1) I never faced charges, they let me go",457
"Q486","(2) I reached a plea agreement",147
"Q486","(3) The case was resolved by a trial with a jury",51
"Q486","(4) The case was resolved by a judge, without a jury present",130
"Q486","(5) Don",282
"Q487_Q489R1","(1) White",301
"Q487_Q489R1","(2) Black",29
"Q487_Q489R1","(3) Latino",72
"Q487_Q489R1","(4) Asian",4
"Q487_Q489R1","(5) Other",12
"Q487_Q489R1","(6) Don",192
"Q487_Q489R2","(1) White",241
"Q487_Q489R2","(2) Black",33
"Q487_Q489R2","(3) Latino",88
"Q487_Q489R2","(4) Asian",8
"Q487_Q489R2","(5) Other",19
"Q487_Q489R2","(6) Don",221
"Q487_Q489R3","(1) White",248
"Q487_Q489R3","(2) Black",23
"Q487_Q489R3","(3) Latino",67
"Q487_Q489R3","(4) Asian",15
"Q487_Q489R3","(5) Other",13
"Q487_Q489R3","(6) Don",244
"Q490R1","(0) NO TO: Yes, I have been stopped or questioned",1984
"Q490R1","(1) Yes, I have been stopped or questioned",98
"Q490R2","(0) NO TO: Yes, a close family member has been stopped or questioned",1945
"Q490R2","(1) Yes, a close family member has been stopped or questioned",137
"Q490R3","(0) NO TO: Yes, a close family member has been detained or deported",1988
"Q490R3","(1) Yes, a close family member has been detained or deported",94
"Q490R4","(0) NO TO: Yes, some other relative has been stopped or questioned",1994
"Q490R4","(1) Yes, some other relative has been stopped or questioned",88
"Q490R5","(0) NO TO: Yes, some other relative has been detained or deported",2027
"Q490R5","(1) Yes, some other relative has been detained or deported",55
"Q490R6","(0) NO TO: Yes, a friend or co-worker has been stopped or questioned",1964
"Q490R6","(1) Yes, a friend or co-worker has been stopped or questioned",118
"Q490R7","(0) NO TO: Yes, a friend or co-worker has been detained or deported",1996
"Q490R7","(1) Yes, a friend or co-worker has been detained or deported",86
"Q490R8","(0) NO TO: No, do not know anyone",470
"Q490R8","(1) No, do not know anyone",1612
"Q491A","(1) Mostly positive",79
"Q491A","(2) Neutral",224
"Q491A","(3) Mostly negative",167
"Q491R1","(0) NO TO: No, I do not know anyone undocumented",595
"Q491R1","(1) No, I do not know anyone undocumented",1487
"Q491R2","(0) NO TO: Yes, one of my parents",2017
"Q491R2","(1) Yes, one of my parents",65
"Q491R3","(0) NO TO: Yes, one of my siblings",2043
"Q491R3","(1) Yes, one of my siblings",39
"Q491R4","(0) NO TO: Yes, one of my children",2063
"Q491R4","(1) Yes, one of my children",19
"Q491R5","(0) NO TO: Yes, another family member (aunt, grandparent, cousin)",1955
"Q491R5","(1) Yes, another family member (aunt, grandparent, cousin)",127
"Q491R6","(0) NO TO: Yes, a close personal friend",1763
"Q491R6","(1) Yes, a close personal friend",319
"Q491R7","(0) NO TO: Yes, someone I work with",1934
"Q491R7","(1) Yes, someone I work with",148
"Q492","(1) A lot",206
"Q492","(2) Some",392
"Q492","(3) Not much",371
"Q492","(4) Not at all",1113
"Q493","(1) A lot",67
"Q493","(2) Some",164
"Q493","(3) Not much",191
"Q493","(4) Not at all",1660
"Q494_Q503R1","(1) Do not prefer",836
"Q494_Q503R1","(2) Prefer moderately",985
"Q494_Q503R1","(3) Prefer a great deal",261
"Q494_Q503R2","(1) Do not prefer",1022
"Q494_Q503R2","(2) Prefer moderately",853
"Q494_Q503R2","(3) Prefer a great deal",207
"Q494_Q503R3","(1) Do not prefer",918
"Q494_Q503R3","(2) Prefer moderately",849
"Q494_Q503R3","(3) Prefer a great deal",315
"Q494_Q503R4","(1) Do not prefer",740
"Q494_Q503R4","(2) Prefer moderately",1101
"Q494_Q503R4","(3) Prefer a great deal",241
"Q494_Q503R5","(1) Do not prefer",231
"Q494_Q503R5","(2) Prefer moderately",1069
"Q494_Q503R5","(3) Prefer a great deal",782
"Q494_Q503R6","(1) Do not prefer",1480
"Q494_Q503R6","(2) Prefer moderately",493
"Q494_Q503R6","(3) Prefer a great deal",109
"Q494_Q503R7","(1) Do not prefer",366
"Q494_Q503R7","(2) Prefer moderately",1131
"Q494_Q503R7","(3) Prefer a great deal",585
"Q494_Q503R8","(1) Do not prefer",951
"Q494_Q503R8","(2) Prefer moderately",911
"Q494_Q503R8","(3) Prefer a great deal",220
"Q494_Q503R9","(1) Do not prefer",433
"Q494_Q503R9","(2) Prefer moderately",1121
"Q494_Q503R9","(3) Prefer a great deal",528
"Q494_Q503R10","(1) Do not prefer",401
"Q494_Q503R10","(2) Prefer moderately",1098
"Q494_Q503R10","(3) Prefer a great deal",583
"Q505_Q508R1","(1) Never",1211
"Q505_Q508R1","(2) Once in awhile",601
"Q505_Q508R1","(3) Somewhat often",196
"Q505_Q508R1","(4) Very often",74
"Q505_Q508R2","(1) Never",1302
"Q505_Q508R2","(2) Once in awhile",546
"Q505_Q508R2","(3) Somewhat often",177
"Q505_Q508R2","(4) Very often",57
"Q505_Q508R3","(1) Never",711
"Q505_Q508R3","(2) Once in awhile",660
"Q505_Q508R3","(3) Somewhat often",485
"Q505_Q508R3","(4) Very often",226
"Q505_Q508R4","(1) Never",1417
"Q505_Q508R4","(2) Once in awhile",437
"Q505_Q508R4","(3) Somewhat often",149
"Q505_Q508R4","(4) Very often",79
"Q509_Q511R1","(1) Never",1487
"Q509_Q511R1","(2) Once in awhile",362
"Q509_Q511R1","(3) Somewhat often",172
"Q509_Q511R1","(4) Very often",61
"Q509_Q511R2","(1) Never",843
"Q509_Q511R2","(2) Once in awhile",661
"Q509_Q511R2","(3) Somewhat often",375
"Q509_Q511R2","(4) Very often",203
"Q509_Q511R3","(1) Never",1055
"Q509_Q511R3","(2) Once in awhile",448
"Q509_Q511R3","(3) Somewhat often",306
"Q509_Q511R3","(4) Very often",273
"Q512R1","(1) 1st",799
"Q512R1","(2) 2nd",677
"Q512R1","(3) 3rd",606
"Q512R2","(1) 1st",498
"Q512R2","(2) 2nd",611
"Q512R2","(3) 3rd",973
"Q512R3","(1) 1st",785
"Q512R3","(2) 2nd",794
"Q512R3","(3) 3rd",503
"Q513_Q516R1","(1) Strongly agree",387
"Q513_Q516R1","(2) Somewhat agree",501
"Q513_Q516R1","(3) Neither agree nor disagree",925
"Q513_Q516R1","(4) Somewhat disagree",161
"Q513_Q516R1","(5) Strongly disagree",108
"Q513_Q516R2","(1) Strongly agree",93
"Q513_Q516R2","(2) Somewhat agree",166
"Q513_Q516R2","(3) Neither agree nor disagree",764
"Q513_Q516R2","(4) Somewhat disagree",343
"Q513_Q516R2","(5) Strongly disagree",716
"Q513_Q516R3","(1) Strongly agree",161
"Q513_Q516R3","(2) Somewhat agree",233
"Q513_Q516R3","(3) Neither agree nor disagree",436
"Q513_Q516R3","(4) Somewhat disagree",493
"Q513_Q516R3","(5) Strongly disagree",759
"Q517","(1) Extremely competent",278
"Q517","(2) Somewhat competent",309
"Q517","(3) Neither competent nor incompetent",293
"Q517","(4) Somewhat incompetent",106
"Q517","(5) Extremely incompetent",19
"Q518","(1) Extremely competent",346
"Q518","(2) Somewhat competent",333
"Q518","(3) Neither competent nor incompetent",294
"Q518","(4) Somewhat incompetent",84
"Q518","(5) Extremely incompetent",20
"Q519","(1) Extremely warm",197
"Q519","(2) Somewhat warm",366
"Q519","(3) Neither warm nor cold",353
"Q519","(4) Somewhat cold",76
"Q519","(5) Extremely cold",13
"Q520","(1) Extremely warm",305
"Q520","(2) Somewhat warm",357
"Q520","(3) Neither warm nor cold",336
"Q520","(4) Somewhat cold",70
"Q520","(5) Extremely cold",9
"Q521_Q528R1","(1) Agree strongly",196
"Q521_Q528R1","(2) Agree somewhat",551
"Q521_Q528R1","(3) Neither agree nor disagree",768
"Q521_Q528R1","(4) Disagree somewhat",290
"Q521_Q528R1","(5) Disagree strongly",277
"Q521_Q528R2","(1) Agree strongly",169
"Q521_Q528R2","(2) Agree somewhat",356
"Q521_Q528R2","(3) Neither agree nor disagree",795
"Q521_Q528R2","(4) Disagree somewhat",354
"Q521_Q528R2","(5) Disagree strongly",408
"Q521_Q528R3","(1) Agree strongly",148
"Q521_Q528R3","(2) Agree somewhat",329
"Q521_Q528R3","(3) Neither agree nor disagree",753
"Q521_Q528R3","(4) Disagree somewhat",384
"Q521_Q528R3","(5) Disagree strongly",468
"Q521_Q528R4","(1) Agree strongly",135
"Q521_Q528R4","(2) Agree somewhat",290
"Q521_Q528R4","(3) Neither agree nor disagree",714
"Q521_Q528R4","(4) Disagree somewhat",395
"Q521_Q528R4","(5) Disagree strongly",548
"Q521_Q528R5","(1) Agree strongly",598
"Q521_Q528R5","(2) Agree somewhat",594
"Q521_Q528R5","(3) Neither agree nor disagree",684
"Q521_Q528R5","(4) Disagree somewhat",124
"Q521_Q528R5","(5) Disagree strongly",82
"Q521_Q528R6","(1) Agree strongly",375
"Q521_Q528R6","(2) Agree somewhat",456
"Q521_Q528R6","(3) Neither agree nor disagree",715
"Q521_Q528R6","(4) Disagree somewhat",241
"Q521_Q528R6","(5) Disagree strongly",295
"Q521_Q528R7","(1) Agree strongly",241
"Q521_Q528R7","(2) Agree somewhat",562
"Q521_Q528R7","(3) Neither agree nor disagree",908
"Q521_Q528R7","(4) Disagree somewhat",227
"Q521_Q528R7","(5) Disagree strongly",144
"Q521_Q528R8","(1) Agree strongly",237
"Q521_Q528R8","(2) Agree somewhat",455
"Q521_Q528R8","(3) Neither agree nor disagree",812
"Q521_Q528R8","(4) Disagree somewhat",322
"Q521_Q528R8","(5) Disagree strongly",256
"Q529","(1) Yes, unwanted sexual conversations",286
"Q529","(2) Yes, unwanted physical contact",182
"Q529","(3) Yes, both unwanted sexual conversations and physical contact",474
"Q529","(4) No",1140
"Q530","(1) Yes",251
"Q530","(2) No",691
"Q531","(1) Yes",147
"Q531","(2) No",104
"Q532","(1) 1=I was believed and my claims were taken seriously",58
"Q532","(2) 2",30
"Q532","(3) 3",53
"Q532","(4) 4",30
"Q532","(5) 5=I was not believed and my claims were dismissed",37
"Q533","(1) 1=I was believed and my claims were taken seriously",35
"Q533","(2) 2",23
"Q533","(3) 3",59
"Q533","(4) 4",33
"Q533","(5) 5=I was not believed and my claims were dismissed",26
"Q534R1","(0) NO TO: No, none of these",454
"Q534R1","(1) No, none of these",1628
"Q534R2","(0) NO TO: I have shared my support for #MeToo online",1810
"Q534R2","(1) I have shared my support for #MeToo online",272
"Q534R3","(0) NO TO: I have shared my opposition to #MeToo online",2004
"Q534R3","(1) I have shared my opposition to #MeToo online",78
"Q534R4","(0) NO TO: I have discussed my support for MeToo in person",1906
"Q534R4","(1) I have discussed my support for MeToo in person",176
"Q534R5","(0) NO TO: I have discussed my opposition to MeToo in person",2038
"Q534R5","(1) I have discussed my opposition to MeToo in person",44
"Q535_Q538R1","(1) Extremely likely",511
"Q535_Q538R1","(2) Very likely",498
"Q535_Q538R1","(3) Moderately likely",481
"Q535_Q538R1","(4) Slightly likely",266
"Q535_Q538R1","(5) Not likely at all",326
"Q535_Q538R2","(1) Extremely likely",421
"Q535_Q538R2","(2) Very likely",401
"Q535_Q538R2","(3) Moderately likely",456
"Q535_Q538R2","(4) Slightly likely",328
"Q535_Q538R2","(5) Not likely at all",476
"Q535_Q538R3","(1) Extremely likely",535
"Q535_Q538R3","(2) Very likely",497
"Q535_Q538R3","(3) Moderately likely",430
"Q535_Q538R3","(4) Slightly likely",268
"Q535_Q538R3","(5) Not likely at all",352
"Q535_Q538R4","(1) Extremely likely",485
"Q535_Q538R4","(2) Very likely",515
"Q535_Q538R4","(3) Moderately likely",475
"Q535_Q538R4","(4) Slightly likely",297
"Q535_Q538R4","(5) Not likely at all",310
"Q541","(1) Local police should take an active role in identifying undocumented or illegal immigrants",554
"Q541","(2) Immigration enforcement should be left mainly to the federal authorities",1528
"Q542","(1) Prioritize the process for highly skilled people to immigrate to the U.S. over all other types of immigrants",1130
"Q542","(2) Do not prioritize highly skilled people in the immigration process over all other types of immigrants",952
"Q543","(1) Support government increasing spending by $25 billion on border security, including building a wall between the U.S. and",757
"Q543","(2) Oppose government increasing spending by $25 billion on border security, including building a wall between the U.S. and",1325
"Q544","(1) Restrict immigration from predominately Muslim-countries more severely than immigration from other parts of the world",760
"Q544","(2) Allow just as much immigration from predominately Muslim-countries as we do immigration from other parts of the world",1322
"Q545R7","(1) 1=Violent",28
"Q545R7","(2) 2",86
"Q545R7","(3) 3",143
"Q545R7","(4) 4=In the middle",753
"Q545R7","(5) 5",342
"Q545R7","(6) 6",488
"Q545R7","(7) 7=Non-Violent",242
"Q546R7","(1) 1=Intelligent",325
"Q546R7","(2) 2",354
"Q546R7","(3) 3",321
"Q546R7","(4) 4=In the middle",851
"Q546R7","(5) 5",152
"Q546R7","(6) 6",62
"Q546R7","(7) 7=Unintelligent",17
"Q547R7","(1) 1=Hardworking",681
"Q547R7","(2) 2",503
"Q547R7","(3) 3",221
"Q547R7","(4) 4=In the middle",501
"Q547R7","(5) 5",104
"Q547R7","(6) 6",50
"Q547R7","(7) 7=Lazy",22
"Q548R7","(1) 1=Shares my values",218
"Q548R7","(2) 2",280
"Q548R7","(3) 3",297
"Q548R7","(4) 4=In the middle",952
"Q548R7","(5) 5",203
"Q548R7","(6) 6",96
"Q548R7","(7) 7=Does not share my values",36
"Q549R7","(1) 1=Cares about this country",331
"Q549R7","(2) 2",336
"Q549R7","(3) 3",300
"Q549R7","(4) 4=In the middle",750
"Q549R7","(5) 5",203
"Q549R7","(6) 6",107
"Q549R7","(7) 7=Does not care about this country",55
"Q550R1","(0) NO TO: Yes, my spouse, partner, boyfriend or girlfriend",1888
"Q550R1","(1) Yes, my spouse, partner, boyfriend or girlfriend",194
"Q550R2","(0) NO TO: Yes, one of my parents or grandparents",1474
"Q550R2","(1) Yes, one of my parents or grandparents",608
"Q550R3","(0) NO TO: Yes, one of my children",2011
"Q550R3","(1) Yes, one of my children",71
"Q550R4","(0) NO TO: Yes, one of my close friends",1412
"Q550R4","(1) Yes, one of my close friends",670
"Q550R5","(0) NO TO: No, I do not know a Latino immigrant",1562
"Q550R5","(1) No, I do not know a Latino immigrant",520
"Q550R6","(0) NO TO: Not sure",1696
"Q550R6","(1) Not sure",386
"Q551_Q559R1","(1) Nothing to do with what happens in my life",484
"Q551_Q559R1","(2) Only a little to do with what happens in my life",504
"Q551_Q559R1","(3) Something to do with what happens in my life",674
"Q551_Q559R1","(4) A lot to do with what happens in my life",292
"Q551_Q559R1","(5) A huge amount to do with what happens in my life",128
"Q551_Q559R2","(1) Nothing to do with what happens in my life",230
"Q551_Q559R2","(2) Only a little to do with what happens in my life",358
"Q551_Q559R2","(3) Something to do with what happens in my life",686
"Q551_Q559R2","(4) A lot to do with what happens in my life",488
"Q551_Q559R2","(5) A huge amount to do with what happens in my life",320
"Q551_Q559R3","(1) Nothing to do with what happens in my life",672
"Q551_Q559R3","(2) Only a little to do with what happens in my life",493
"Q551_Q559R3","(3) Something to do with what happens in my life",561
"Q551_Q559R3","(4) A lot to do with what happens in my life",224
"Q551_Q559R3","(5) A huge amount to do with what happens in my life",132
"Q551_Q559R4","(1) Nothing to do with what happens in my life",487
"Q551_Q559R4","(2) Only a little to do with what happens in my life",472
"Q551_Q559R4","(3) Something to do with what happens in my life",691
"Q551_Q559R4","(4) A lot to do with what happens in my life",293
"Q551_Q559R4","(5) A huge amount to do with what happens in my life",139
"Q551_Q559R5","(1) Nothing to do with what happens in my life",587
"Q551_Q559R5","(2) Only a little to do with what happens in my life",539
"Q551_Q559R5","(3) Something to do with what happens in my life",648
"Q551_Q559R5","(4) A lot to do with what happens in my life",221
"Q551_Q559R5","(5) A huge amount to do with what happens in my life",87
"Q551_Q559R6","(1) Nothing to do with what happens in my life",690
"Q551_Q559R6","(2) Only a little to do with what happens in my life",531
"Q551_Q559R6","(3) Something to do with what happens in my life",572
"Q551_Q559R6","(4) A lot to do with what happens in my life",201
"Q551_Q559R6","(5) A huge amount to do with what happens in my life",88
"Q551_Q559R7","(1) Nothing to do with what happens in my life",596
"Q551_Q559R7","(2) Only a little to do with what happens in my life",537
"Q551_Q559R7","(3) Something to do with what happens in my life",612
"Q551_Q559R7","(4) A lot to do with what happens in my life",232
"Q551_Q559R7","(5) A huge amount to do with what happens in my life",105
"Q551_Q559R8","(1) Nothing to do with what happens in my life",253
"Q551_Q559R8","(2) Only a little to do with what happens in my life",276
"Q551_Q559R8","(3) Something to do with what happens in my life",603
"Q551_Q559R8","(4) A lot to do with what happens in my life",528
"Q551_Q559R8","(5) A huge amount to do with what happens in my life",422
"Q551_Q559R9","(1) Nothing to do with what happens in my life",370
"Q551_Q559R9","(2) Only a little to do with what happens in my life",393
"Q551_Q559R9","(3) Something to do with what happens in my life",651
"Q551_Q559R9","(4) A lot to do with what happens in my life",410
"Q551_Q559R9","(5) A huge amount to do with what happens in my life",258
"Q560R1","(1) 1st",343
"Q560R1","(2) 2nd",381
"Q560R1","(3) 3rd",274
"Q560R1","(4) 4th",247
"Q560R1","(5) 5th",257
"Q560R1","(6) 6th",176
"Q560R1","(7) 7th",162
"Q560R1","(8) 8th",242
"Q560R2","(1) 1st",416
"Q560R2","(2) 2nd",417
"Q560R2","(3) 3rd",333
"Q560R2","(4) 4th",250
"Q560R2","(5) 5th",205
"Q560R2","(6) 6th",169
"Q560R2","(7) 7th",168
"Q560R2","(8) 8th",124
"Q560R3","(1) 1st",262
"Q560R3","(2) 2nd",180
"Q560R3","(3) 3rd",230
"Q560R3","(4) 4th",229
"Q560R3","(5) 5th",214
"Q560R3","(6) 6th",246
"Q560R3","(7) 7th",264
"Q560R3","(8) 8th",457
"Q560R4","(1) 1st",52
"Q560R4","(2) 2nd",107
"Q560R4","(3) 3rd",131
"Q560R4","(4) 4th",204
"Q560R4","(5) 5th",241
"Q560R4","(6) 6th",350
"Q560R4","(7) 7th",476
"Q560R4","(8) 8th",521
"Q560R5","(1) 1st",282
"Q560R5","(2) 2nd",372
"Q560R5","(3) 3rd",457
"Q560R5","(4) 4th",387
"Q560R5","(5) 5th",241
"Q560R5","(6) 6th",180
"Q560R5","(7) 7th",105
"Q560R5","(8) 8th",58
"Q560R6","(1) 1st",73
"Q560R6","(2) 2nd",138
"Q560R6","(3) 3rd",221
"Q560R6","(4) 4th",280
"Q560R6","(5) 5th",378
"Q560R6","(6) 6th",449
"Q560R6","(7) 7th",340
"Q560R6","(8) 8th",203
"Q560R7","(1) 1st",115
"Q560R7","(2) 2nd",247
"Q560R7","(3) 3rd",222
"Q560R7","(4) 4th",285
"Q560R7","(5) 5th",329
"Q560R7","(6) 6th",306
"Q560R7","(7) 7th",344
"Q560R7","(8) 8th",234
"Q560R8","(1) 1st",539
"Q560R8","(2) 2nd",240
"Q560R8","(3) 3rd",214
"Q560R8","(4) 4th",200
"Q560R8","(5) 5th",217
"Q560R8","(6) 6th",206
"Q560R8","(7) 7th",223
"Q560R8","(8) 8th",243
"Q561","(1) Yes",373
"Q561","(2) No",340
"Q561","(3) Unsure",67
"Q562","(1) A lot in common",306
"Q562","(2) Some",795
"Q562","(3) Little",634
"Q562","(4) Nothing at all in common",189
"Q562","(5) Don",158
"Q563_Q572R1","(1) Underrepresented",1098
"Q563_Q572R1","(2) Fairly represented",928
"Q563_Q572R1","(3) Overrepresented",56
"Q563_Q572R2","(1) Underrepresented",112
"Q563_Q572R2","(2) Fairly represented",778
"Q563_Q572R2","(3) Overrepresented",1192
"Q563_Q572R3","(1) Underrepresented",1411
"Q563_Q572R3","(2) Fairly represented",576
"Q563_Q572R3","(3) Overrepresented",95
"Q563_Q572R4","(1) Underrepresented",1517
"Q563_Q572R4","(2) Fairly represented",512
"Q563_Q572R4","(3) Overrepresented",53
"Q563_Q572R5","(1) Underrepresented",97
"Q563_Q572R5","(2) Fairly represented",632
"Q563_Q572R5","(3) Overrepresented",1353
"Q563_Q572R6","(1) Underrepresented",1105
"Q563_Q572R6","(2) Fairly represented",820
"Q563_Q572R6","(3) Overrepresented",157
"Q563_Q572R7","(1) Underrepresented",1248
"Q563_Q572R7","(2) Fairly represented",780
"Q563_Q572R7","(3) Overrepresented",54
"Q563_Q572R8","(1) Underrepresented",1335
"Q563_Q572R8","(2) Fairly represented",692
"Q563_Q572R8","(3) Overrepresented",55
"Q563_Q572R9","(1) Underrepresented",1382
"Q563_Q572R9","(2) Fairly represented",575
"Q563_Q572R9","(3) Overrepresented",125
"Q563_Q572R10","(1) Underrepresented",1264
"Q563_Q572R10","(2) Fairly represented",618
"Q563_Q572R10","(3) Overrepresented",200
"Q573","(1) Yes, would do this",309
"Q573","(2) No, would not do this",1402
"Q573","(3) Not sure",371
"Q574","(1) Yes, absolutely",531
"Q574","(2) Maybe",956
"Q574","(3) No, probably not",464
"Q574","(4) No, absolutely no",131
"Q582","(1) Extremely important",201
"Q582","(2) Very important",330
"Q582","(3) Somewhat important",640
"Q582","(4) Not very important",388
"Q582","(5) Not at all important",453
"Q583","(1) Much higher quality",20
"Q583","(2) Somewhat higher quality",42
"Q583","(3) The same quality",88
"Q583","(4) Somewhat lower quality",70
"Q583","(5) Much lower quality",17
"Q584","(1) Strongly oppose",324
"Q584","(2) Somewhat oppose",351
"Q584","(3) Somewhat favor",695
"Q584","(4) Strongly favor",712
"Q585_Q590R1","(1) Yes",82
"Q585_Q590R1","(2) No",155
"Q585_Q590R2","(1) Yes",75
"Q585_Q590R2","(2) No",162
"Q585_Q590R3","(1) Yes",95
"Q585_Q590R3","(2) No",142
"Q585_Q590R4","(1) Yes",84
"Q585_Q590R4","(2) No",153
"Q585_Q590R5","(1) Yes",54
"Q585_Q590R5","(2) No",183
"Q585_Q590R6","(1) Yes",96
"Q585_Q590R6","(2) No",141
"Q591_Q596R1","(1) A lot",100
"Q591_Q596R1","(2) Some",304
"Q591_Q596R1","(3) A little",614
"Q591_Q596R1","(4) None",772
"Q591_Q596R1","(5) Don",292
"Q591_Q596R2","(1) A lot",221
"Q591_Q596R2","(2) Some",496
"Q591_Q596R2","(3) A little",656
"Q591_Q596R2","(4) None",471
"Q591_Q596R2","(5) Don",238
"Q591_Q596R3","(1) A lot",778
"Q591_Q596R3","(2) Some",472
"Q591_Q596R3","(3) A little",352
"Q591_Q596R3","(4) None",295
"Q591_Q596R3","(5) Don",185
"Q591_Q596R4","(1) A lot",107
"Q591_Q596R4","(2) Some",293
"Q591_Q596R4","(3) A little",537
"Q591_Q596R4","(4) None",855
"Q591_Q596R4","(5) Don",290
"Q591_Q596R5","(1) A lot",85
"Q591_Q596R5","(2) Some",231
"Q591_Q596R5","(3) A little",489
"Q591_Q596R5","(4) None",970
"Q591_Q596R5","(5) Don",307
"Q591_Q596R6","(1) A lot",323
"Q591_Q596R6","(2) Some",541
"Q591_Q596R6","(3) A little",530
"Q591_Q596R6","(4) None",429
"Q591_Q596R6","(5) Don",259
"Q597_Q602R1","(1) A lot",96
"Q597_Q602R1","(2) Some",380
"Q597_Q602R1","(3) A little",845
"Q597_Q602R1","(4) None",606
"Q597_Q602R1","(5) Don",155
"Q597_Q602R2","(1) A lot",249
"Q597_Q602R2","(2) Some",691
"Q597_Q602R2","(3) A little",786
"Q597_Q602R2","(4) None",239
"Q597_Q602R2","(5) Don",117
"Q597_Q602R3","(1) A lot",253
"Q597_Q602R3","(2) Some",533
"Q597_Q602R3","(3) A little",759
"Q597_Q602R3","(4) None",407
"Q597_Q602R3","(5) Don",130
"Q597_Q602R4","(1) A lot",215
"Q597_Q602R4","(2) Some",671
"Q597_Q602R4","(3) A little",820
"Q597_Q602R4","(4) None",262
"Q597_Q602R4","(5) Don",114
"Q597_Q602R5","(1) A lot",91
"Q597_Q602R5","(2) Some",320
"Q597_Q602R5","(3) A little",701
"Q597_Q602R5","(4) None",798
"Q597_Q602R5","(5) Don",172
"Q597_Q602R6","(1) A lot",1037
"Q597_Q602R6","(2) Some",493
"Q597_Q602R6","(3) A little",300
"Q597_Q602R6","(4) None",136
"Q597_Q602R6","(5) Don",116
"Q604_Q605R1","(1) Strongly Agree",445
"Q604_Q605R1","(2) Somewhat Agree",1070
"Q604_Q605R1","(3) Somewhat Disagree",426
"Q604_Q605R1","(4) Strongly Disagree",141
"Q604_Q605R2","(1) Strongly Agree",793
"Q604_Q605R2","(2) Somewhat Agree",1016
"Q604_Q605R2","(3) Somewhat Disagree",213
"Q604_Q605R2","(4) Strongly Disagree",60
"Q606R1","(1) 1st",1305
"Q606R1","(2) 2nd",272
"Q606R1","(3) 3rd",172
"Q606R2","(1) 1st",136
"Q606R2","(2) 2nd",413
"Q606R2","(3) 3rd",526
"Q606R3","(1) 1st",207
"Q606R3","(2) 2nd",207
"Q606R3","(3) 3rd",202
"Q606R4","(1) 1st",223
"Q606R4","(2) 2nd",686
"Q606R4","(3) 3rd",450
"Q606R5","(1) 1st",143
"Q606R5","(2) 2nd",170
"Q606R5","(3) 3rd",248
"Q606R6","(1) 1st",68
"Q606R6","(2) 2nd",334
"Q606R6","(3) 3rd",484
"Q607_Q610R1","(1) Strongly disagree",124
"Q607_Q610R1","(2) Somewhat disagree",225
"Q607_Q610R1","(3) Somewhat agree",507
"Q607_Q610R1","(4) Strongly agree",1226
"Q607_Q610R2","(1) Strongly disagree",94
"Q607_Q610R2","(2) Somewhat disagree",148
"Q607_Q610R2","(3) Somewhat agree",387
"Q607_Q610R2","(4) Strongly agree",1453
"Q607_Q610R3","(1) Strongly disagree",172
"Q607_Q610R3","(2) Somewhat disagree",299
"Q607_Q610R3","(3) Somewhat agree",417
"Q607_Q610R3","(4) Strongly agree",1194
"Q607_Q610R4","(1) Strongly disagree",153
"Q607_Q610R4","(2) Somewhat disagree",261
"Q607_Q610R4","(3) Somewhat agree",361
"Q607_Q610R4","(4) Strongly agree",1307
"Q611","(1) White",234
"Q611","(2) Black",182
"Q611","(3) Asian",160
"Q611","(4) Some other description",1506
"Q613","(1) Yes",1634
"Q613","(2) No",448
"Q614","(1) I oppose Trump",1463
"Q614","(2) I support Trump",619
"Q615","(1) I attended an in-person event to express this view",104
"Q615","(2) I participated online and/or on social media to express this view",504
"Q615","(3) I didn't share my view at an in-person event or online",1474
"Q616_Q618R1","(1) Nothing",459
"Q616_Q618R1","(2) A little",706
"Q616_Q618R1","(3) Some",688
"Q616_Q618R1","(4) A lot",229
"Q616_Q618R2","(1) Nothing",145
"Q616_Q618R2","(2) A little",433
"Q616_Q618R2","(3) Some",699
"Q616_Q618R2","(4) A lot",805
"Q616_Q618R3","(1) Nothing",488
"Q616_Q618R3","(2) A little",675
"Q616_Q618R3","(3) Some",618
"Q616_Q618R3","(4) A lot",301
"Q619_Q626R1","(1) A lot",144
"Q619_Q626R1","(2) Some",277
"Q619_Q626R1","(3) A little",576
"Q619_Q626R1","(4) None at all",997
"Q619_Q626R1","(5) Don",88
"Q619_Q626R2","(1) A lot",995
"Q619_Q626R2","(2) Some",569
"Q619_Q626R2","(3) A little",332
"Q619_Q626R2","(4) None at all",128
"Q619_Q626R2","(5) Don",58
"Q619_Q626R3","(1) A lot",704
"Q619_Q626R3","(2) Some",719
"Q619_Q626R3","(3) A little",462
"Q619_Q626R3","(4) None at all",131
"Q619_Q626R3","(5) Don",66
"Q619_Q626R4","(1) A lot",594
"Q619_Q626R4","(2) Some",686
"Q619_Q626R4","(3) A little",520
"Q619_Q626R4","(4) None at all",192
"Q619_Q626R4","(5) Don",90
"Q619_Q626R5","(1) A lot",1003
"Q619_Q626R5","(2) Some",596
"Q619_Q626R5","(3) A little",330
"Q619_Q626R5","(4) None at all",98
"Q619_Q626R5","(5) Don",55
"Q619_Q626R6","(1) A lot",685
"Q619_Q626R6","(2) Some",827
"Q619_Q626R6","(3) A little",416
"Q619_Q626R6","(4) None at all",104
"Q619_Q626R6","(5) Don",50
"Q619_Q626R7","(1) A lot",765
"Q619_Q626R7","(2) Some",687
"Q619_Q626R7","(3) A little",394
"Q619_Q626R7","(4) None at all",165
"Q619_Q626R7","(5) Don",71
"Q619_Q626R8","(1) A lot",966
"Q619_Q626R8","(2) Some",593
"Q619_Q626R8","(3) A little",349
"Q619_Q626R8","(4) None at all",105
"Q619_Q626R8","(5) Don",69
"Q627","(1) Yes",1016
"Q627","(2) No",1066
"Q628","(1) In the United States",202
"Q628","(2) In my country of origin",6
"Q628","(3) In both places",23
"Q629R1","(0) NO TO: Racial background or ethnicity",333
"Q629R1","(1) Racial background or ethnicity",683
"Q629R2","(0) NO TO: Skin color",602
"Q629R2","(1) Skin color",414
"Q629R3","(0) NO TO: Gender",701
"Q629R3","(1) Gender",315
"Q629R4","(0) NO TO: Sexuality or sexual orientation",896
"Q629R4","(1) Sexuality or sexual orientation",120
"Q629R5","(0) NO TO: Immigration status",968
"Q629R5","(1) Immigration status",48
"Q629R6","(0) NO TO: Religion",927
"Q629R6","(1) Religion",89
"Q629R7","(0) NO TO: Accent, regardless of whether or not you have an accent",816
"Q629R7","(1) Accent, regardless of whether or not you have an accent",200
"Q630_Q632R1","(1) Yes",573
"Q630_Q632R1","(2) No",1509
"Q630_Q632R2","(1) Yes",315
"Q630_Q632R2","(2) No",1767
"Q630_Q632R3","(1) Yes",628
"Q630_Q632R3","(2) No",1454
"Q633","(1) A lot",100
"Q633","(2) Some",304
"Q633","(3) A little",578
"Q633","(4) Not at all",938
"Q633","(5) Don",144
"Q633","(6) Refused",18
"Q639","(1) Own my home",1286
"Q639","(2) Live with people who own the home",156
"Q639","(3) Rent my home",549
"Q639","(4) Live with people who rent the home",61
"Q639","(5) Have some other housing arrangement",30
"Q640_Q645R1","(1) Yes, I or someone in my household experienced this",29
"Q640_Q645R1","(2) No, neither I nor someone in my household experienced this",214
"Q640_Q645R2","(1) Yes, I or someone in my household experienced this",78
"Q640_Q645R2","(2) No, neither I nor someone in my household experienced this",574
"Q640_Q645R3","(1) Yes, I or someone in my household experienced this",62
"Q640_Q645R3","(2) No, neither I nor someone in my household experienced this",590
"Q640_Q645R4","(1) Yes, I or someone in my household experienced this",87
"Q640_Q645R4","(2) No, neither I nor someone in my household experienced this",565
"Q640_Q645R5","(1) Yes, I or someone in my household experienced this",62
"Q640_Q645R5","(2) No, neither I nor someone in my household experienced this",590
"Q640_Q645R6","(1) Yes, I or someone in my household experienced this",67
"Q640_Q645R6","(2) No, neither I nor someone in my household experienced this",585
"Q646_Q651R1","(1) Yes, I or someone in my household experienced this",113
"Q646_Q651R1","(2) No, neither I nor someone in my household experienced this",600
"Q646_Q651R2","(1) Yes, I or someone in my household experienced this",84
"Q646_Q651R2","(2) No, neither I nor someone in my household experienced this",629
"Q646_Q651R3","(1) Yes, I or someone in my household experienced this",132
"Q646_Q651R3","(2) No, neither I nor someone in my household experienced this",581
"Q646_Q651R4","(1) Yes, I or someone in my household experienced this",94
"Q646_Q651R4","(2) No, neither I nor someone in my household experienced this",619
"Q646_Q651R5","(1) Yes, I or someone in my household experienced this",82
"Q646_Q651R5","(2) No, neither I nor someone in my household experienced this",631
"Q646_Q651R6","(1) Yes, I or someone in my household experienced this",19
"Q646_Q651R6","(2) No, neither I nor someone in my household experienced this",203
"Q646_Q651R7","(1) Yes, I or someone in my household experienced this",24
"Q646_Q651R7","(2) No, neither I nor someone in my household experienced this",198
"Q646_Q651R8","(1) Yes, I or someone in my household experienced this",14
"Q646_Q651R8","(2) No, neither I nor someone in my household experienced this",208
"Q646_Q651R9","(1) Yes, I or someone in my household experienced this",37
"Q646_Q651R9","(2) No, neither I nor someone in my household experienced this",185
"Q646_Q651R10","(1) Yes, I or someone in my household experienced this",24
"Q646_Q651R10","(2) No, neither I nor someone in my household experienced this",198
"Q646_Q651R11","(1) Yes, I or someone in my household experienced this",21
"Q646_Q651R11","(2) No, neither I nor someone in my household experienced this",201
"Q652_Q658R1","(1) Yes, I or someone in my household experienced this",79
"Q652_Q658R1","(2) No, neither I nor someone in my household experienced this",638
"Q652_Q658R2","(1) Yes, I or someone in my household experienced this",111
"Q652_Q658R2","(2) No, neither I nor someone in my household experienced this",606
"Q652_Q658R3","(1) Yes, I or someone in my household experienced this",121
"Q652_Q658R3","(2) No, neither I nor someone in my household experienced this",596
"Q652_Q658R4","(1) Yes, I or someone in my household experienced this",74
"Q652_Q658R4","(2) No, neither I nor someone in my household experienced this",643
"Q652_Q658R5","(1) Yes, I or someone in my household experienced this",108
"Q652_Q658R5","(2) No, neither I nor someone in my household experienced this",609
"Q652_Q658R6","(1) Yes, I or someone in my household experienced this",29
"Q652_Q658R6","(2) No, neither I nor someone in my household experienced this",688
"Q652_Q658R7","(1) Yes, I or someone in my household experienced this",51
"Q652_Q658R7","(2) No, neither I nor someone in my household experienced this",666
"Q659R1","(0) NO TO: Online resource",333
"Q659R1","(1) Online resource",303
"Q659R2","(0) NO TO: Paid Private Attorney",545
"Q659R2","(1) Paid Private Attorney",91
"Q659R3","(0) NO TO: Volunteer Attorney",575
"Q659R3","(1) Volunteer Attorney",61
"Q659R4","(0) NO TO: Legal Aid Organization or Attorney",568
"Q659R4","(1) Legal Aid Organization or Attorney",68
"Q659R5","(0) NO TO: Legal Hotline",590
"Q659R5","(1) Legal Hotline",46
"Q659R6","(0) NO TO: Community, Nonprofit, or Social Service Organization",555
"Q659R6","(1) Community, Nonprofit, or Social Service Organization",81
"Q659R7","(0) NO TO: Law School Clinic",622
"Q659R7","(1) Law School Clinic",14
"Q659R8","(0) NO TO: Family or Friend",359
"Q659R8","(1) Family or Friend",277
"Q660","(1) Not at all",137
"Q660","(2) Rarely",335
"Q660","(3) Some of the time",772
"Q660","(4) Most of the time",501
"Q660","(5) All of the time",337
"Q661","(1) Not at all",127
"Q661","(2) Rarely",336
"Q661","(3) Some of the time",798
"Q661","(4) Most of the time",636
"Q661","(5) All of the time",185
"Q662R1","(0) NO TO: Credit card debt",744
"Q662R1","(1) Credit card debt",1338
"Q662R2","(0) NO TO: Mortgage loan debt",1323
"Q662R2","(1) Mortgage loan debt",759
"Q662R3","(0) NO TO: Auto loan debt",1367
"Q662R3","(1) Auto loan debt",715
"Q662R4","(0) NO TO: Student loan debt",1661
"Q662R4","(1) Student loan debt",421
"Q662R5","(0) NO TO: Payday loan debt",2022
"Q662R5","(1) Payday loan debt",60
"Q662R6","(0) NO TO: Other personal loan debt",1783
"Q662R6","(1) Other personal loan debt",299
"Q663_Q666R1","(1) Very likely",639
"Q663_Q666R1","(2) Somewhat likely",642
"Q663_Q666R1","(3) Neither likely nor unlikely",342
"Q663_Q666R1","(4) Somewhat unlikely",191
"Q663_Q666R1","(5) Very unlikely",268
"Q663_Q666R2","(1) Very likely",117
"Q663_Q666R2","(2) Somewhat likely",206
"Q663_Q666R2","(3) Neither likely nor unlikely",344
"Q663_Q666R2","(4) Somewhat unlikely",296
"Q663_Q666R2","(5) Very unlikely",1119
"Q663_Q666R3","(1) Very likely",262
"Q663_Q666R3","(2) Somewhat likely",386
"Q663_Q666R3","(3) Neither likely nor unlikely",442
"Q663_Q666R3","(4) Somewhat unlikely",288
"Q663_Q666R3","(5) Very unlikely",704
"Q663_Q666R4","(1) Very likely",215
"Q663_Q666R4","(2) Somewhat likely",521
"Q663_Q666R4","(3) Neither likely nor unlikely",500
"Q663_Q666R4","(4) Somewhat unlikely",302
"Q663_Q666R4","(5) Very unlikely",544
"Q667_Q671R1","(1) Yes",162
"Q667_Q671R1","(2) No",1920
"Q667_Q671R2","(1) Yes",115
"Q667_Q671R2","(2) No",1967
"Q667_Q671R3","(1) Yes",1651
"Q667_Q671R3","(2) No",431
"Q667_Q671R4","(1) Yes",131
"Q667_Q671R4","(2) No",1951
"Q667_Q671R5","(1) Yes",80
"Q667_Q671R5","(2) No",2002
"Q672","(1) Once or twice a month",60
"Q672","(2) A few times a year",139
"Q672","(3) Once or twice a year",123
"Q672","(4) Never",1760
"Q673","(1) Once or twice a month",53
"Q673","(2) A few times a year",150
"Q673","(3) Once or twice a year",146
"Q673","(4) Never",1733
"Q675","(1) Yes, a bank account in my name",1386
"Q675","(2) Yes, a joint bank account with my spouse or partner",585
"Q675","(3) No, but I would like to have a bank account",43
"Q675","(4) No, and I am not interested in a bank account",68
"Q676_Q678R1","(1) Definitely yes",48
"Q676_Q678R1","(2) Probably yes",68
"Q676_Q678R1","(3) Might or might not",112
"Q676_Q678R1","(4) Probably not",21
"Q676_Q678R1","(5) Definitely not",62
"Q676_Q678R2","(1) Definitely yes",33
"Q676_Q678R2","(2) Probably yes",61
"Q676_Q678R2","(3) Might or might not",127
"Q676_Q678R2","(4) Probably not",33
"Q676_Q678R2","(5) Definitely not",57
"Q676_Q678R3","(1) Definitely yes",77
"Q676_Q678R3","(2) Probably yes",93
"Q676_Q678R3","(3) Might or might not",101
"Q676_Q678R3","(4) Probably not",20
"Q676_Q678R3","(5) Definitely not",20
"Q679_Q682R1","(1) Strongly agree",54
"Q679_Q682R1","(2) Somewhat agree",40
"Q679_Q682R1","(3) Neither agree nor disagree",170
"Q679_Q682R1","(4) Somewhat disagree",34
"Q679_Q682R1","(5) Strongly disagree",13
"Q679_Q682R2","(1) Strongly agree",50
"Q679_Q682R2","(2) Somewhat agree",69
"Q679_Q682R2","(3) Neither agree nor disagree",166
"Q679_Q682R2","(4) Somewhat disagree",6
"Q679_Q682R2","(5) Strongly disagree",20
"Q679_Q682R3","(1) Strongly agree",57
"Q679_Q682R3","(2) Somewhat agree",65
"Q679_Q682R3","(3) Neither agree nor disagree",165
"Q679_Q682R3","(4) Somewhat disagree",9
"Q679_Q682R3","(5) Strongly disagree",15
"Q679_Q682R4","(1) Strongly agree",62
"Q679_Q682R4","(2) Somewhat agree",67
"Q679_Q682R4","(3) Neither agree nor disagree",155
"Q679_Q682R4","(4) Somewhat disagree",9
"Q679_Q682R4","(5) Strongly disagree",18
"Q683","(1) Necessary today",1083
"Q683","(2) No longer necessary",506
"Q683","(3) Don",463
"Q683","(4) Refused",30
"Q684","(1) Some people were prevented from voting in the election even though they were U.S. citizens who met all eligibility requi",1395
"Q684","(2) Some people voted in the election even though they were not eligible to do so",687
"Q685","(1) Domestic threats",364
"Q685","(2) International threats",315
"Q685","(3) Both equally",1403
"Q686","(1) Yes",614
"Q686","(2) No",1468
"Q687","(1) Yes",127
"Q687","(2) No",487
"Q688","(1) You asked to be excused from jury duty",111
"Q688","(2) You were dismissed for some other reason",188
"Q688","(3) You were never asked to be on a jury",289
"Q689","(1) Increased",1047
"Q689","(2) Decreased",221
"Q689","(3) Kept the same",814
"Q690","(1) Increased a lot",323
"Q690","(2) Increased a little",492
"Q690","(3) Stay about the same",895
"Q690","(4) Decreased a little",231
"Q690","(5) Decreased a lot",141
"Q691","(1) Much more involved",342
"Q691","(2) Somewhat more involved",576
"Q691","(3) About as involved as they are now",897
"Q691","(4) Somewhat less involved",146
"Q691","(5) Much less involved",121
"Q692","(1) Have been affected",713
"Q692","(2) Have never been affected",1369
"Q693_Q700R1","(1) Always",132
"Q693_Q700R1","(2) Most of the time",588
"Q693_Q700R1","(3) Only some of the time",1068
"Q693_Q700R1","(4) Never",294
"Q693_Q700R2","(1) Always",145
"Q693_Q700R2","(2) Most of the time",863
"Q693_Q700R2","(3) Only some of the time",921
"Q693_Q700R2","(4) Never",153
"Q693_Q700R3","(1) Always",771
"Q693_Q700R3","(2) Most of the time",729
"Q693_Q700R3","(3) Only some of the time",419
"Q693_Q700R3","(4) Never",163
"Q693_Q700R4","(1) Always",170
"Q693_Q700R4","(2) Most of the time",790
"Q693_Q700R4","(3) Only some of the time",980
"Q693_Q700R4","(4) Never",142
"Q693_Q700R5","(1) Always",121
"Q693_Q700R5","(2) Most of the time",532
"Q693_Q700R5","(3) Only some of the time",1035
"Q693_Q700R5","(4) Never",394
"Q693_Q700R6","(1) Always",134
"Q693_Q700R6","(2) Most of the time",619
"Q693_Q700R6","(3) Only some of the time",1091
"Q693_Q700R6","(4) Never",238
"Q693_Q700R7","(1) Always",644
"Q693_Q700R7","(2) Most of the time",855
"Q693_Q700R7","(3) Only some of the time",454
"Q693_Q700R7","(4) Never",129
"Q693_Q700R8","(1) Always",161
"Q693_Q700R8","(2) Most of the time",656
"Q693_Q700R8","(3) Only some of the time",1072
"Q693_Q700R8","(4) Never",193
"Q701_Q705R1","(1) Strongly Approve",199
"Q701_Q705R1","(2) Approve",495
"Q701_Q705R1","(3) Neither Approve nor Disapprove",920
"Q701_Q705R1","(4) Disapprove",145
"Q701_Q705R1","(5) Strongly Disapprove",97
"Q701_Q705R1","(6) Never Heard of the Caucus",226
"Q701_Q705R2","(1) Strongly Approve",213
"Q701_Q705R2","(2) Approve",547
"Q701_Q705R2","(3) Neither Approve nor Disapprove",904
"Q701_Q705R2","(4) Disapprove",119
"Q701_Q705R2","(5) Strongly Disapprove",49
"Q701_Q705R2","(6) Never Heard of the Caucus",250
"Q701_Q705R3","(1) Strongly Approve",157
"Q701_Q705R3","(2) Approve",452
"Q701_Q705R3","(3) Neither Approve nor Disapprove",1001
"Q701_Q705R3","(4) Disapprove",103
"Q701_Q705R3","(5) Strongly Disapprove",47
"Q701_Q705R3","(6) Never Heard of the Caucus",322
"Q701_Q705R4","(1) Strongly Approve",110
"Q701_Q705R4","(2) Approve",289
"Q701_Q705R4","(3) Neither Approve nor Disapprove",1062
"Q701_Q705R4","(4) Disapprove",140
"Q701_Q705R4","(5) Strongly Disapprove",141
"Q701_Q705R4","(6) Never Heard of the Caucus",340
"Q701_Q705R5","(1) Strongly Approve",184
"Q701_Q705R5","(2) Approve",531
"Q701_Q705R5","(3) Neither Approve nor Disapprove",925
"Q701_Q705R5","(4) Disapprove",108
"Q701_Q705R5","(5) Strongly Disapprove",49
"Q701_Q705R5","(6) Never Heard of the Caucus",285
"Q706_Q708R1","(1) Strongly favor",289
"Q706_Q708R1","(2) Somewhat favor",371
"Q706_Q708R1","(3) Neither favor nor oppose",504
"Q706_Q708R1","(4) Somewhat oppose",317
"Q706_Q708R1","(5) Strongly oppose",601
"Q706_Q708R2","(1) Strongly favor",104
"Q706_Q708R2","(2) Somewhat favor",145
"Q706_Q708R2","(3) Neither favor nor oppose",392
"Q706_Q708R2","(4) Somewhat oppose",259
"Q706_Q708R2","(5) Strongly oppose",1182
"Q706_Q708R3","(1) Strongly favor",653
"Q706_Q708R3","(2) Somewhat favor",599
"Q706_Q708R3","(3) Neither favor nor oppose",493
"Q706_Q708R3","(4) Somewhat oppose",135
"Q706_Q708R3","(5) Strongly oppose",202
"Q709_712R1","(1) Strongly agree",758
"Q709_712R1","(2) Agree",687
"Q709_712R1","(3) Disagree",376
"Q709_712R1","(4) Strongly disagree",261
"Q709_712R2","(1) Strongly agree",252
"Q709_712R2","(2) Agree",485
"Q709_712R2","(3) Disagree",606
"Q709_712R2","(4) Strongly disagree",739
"Q709_712R3","(1) Strongly agree",491
"Q709_712R3","(2) Agree",772
"Q709_712R3","(3) Disagree",560
"Q709_712R3","(4) Strongly disagree",259
"Q709_712R4","(1) Strongly agree",325
"Q709_712R4","(2) Agree",770
"Q709_712R4","(3) Disagree",761
"Q709_712R4","(4) Strongly disagree",226
"Q713","(1) All the time",210
"Q713","(2) Sometimes",484
"Q713","(3) Rarely",418
"Q713","(4) Never",970
"Q714","(1) Frequently",312
"Q714","(2) Occasionally",785
"Q714","(3) Rarely",660
"Q714","(4) Never",325
"Q715_718R1","(1) A lot",1543
"Q715_718R1","(2) Not much",365
"Q715_718R1","(3) Not at all",174
"Q715_718R2","(1) A lot",704
"Q715_718R2","(2) Not much",662
"Q715_718R2","(3) Not at all",716
"Q715_718R3","(1) A lot",1111
"Q715_718R3","(2) Not much",752
"Q715_718R3","(3) Not at all",219
"Q715_718R4","(1) A lot",1185
"Q715_718R4","(2) Not much",676
"Q715_718R4","(3) Not at all",221
"Q719","(1) Governed by a few powerful interests looking out for themselves",1561
"Q719","(2) Governed for the good of the people",521
"Q720_Q722R1","(1) Very good",209
"Q720_Q722R1","(2) Good",496
"Q720_Q722R1","(3) Neither good or poor",831
"Q720_Q722R1","(4) Poor",324
"Q720_Q722R1","(5) Very poor",222
"Q720_Q722R2","(1) Very good",209
"Q720_Q722R2","(2) Good",503
"Q720_Q722R2","(3) Neither good or poor",747
"Q720_Q722R2","(4) Poor",352
"Q720_Q722R2","(5) Very poor",271
"Q720_Q722R3","(1) Very good",178
"Q720_Q722R3","(2) Good",492
"Q720_Q722R3","(3) Neither good or poor",835
"Q720_Q722R3","(4) Poor",355
"Q720_Q722R3","(5) Very poor",222
"Q723_Q725R1","(1) Much more about solving problems",170
"Q723_Q725R1","(2) Somewhat more about solving problems",340
"Q723_Q725R1","(3) Some of both",892
"Q723_Q725R1","(4) Somewhat more about gaining influence",374
"Q723_Q725R1","(5) Much more about gaining influence",306
"Q723_Q725R2","(1) Much more about solving problems",194
"Q723_Q725R2","(2) Somewhat more about solving problems",366
"Q723_Q725R2","(3) Some of both",832
"Q723_Q725R2","(4) Somewhat more about gaining influence",340
"Q723_Q725R2","(5) Much more about gaining influence",350
"Q723_Q725R3","(1) Much more about solving problems",170
"Q723_Q725R3","(2) Somewhat more about solving problems",354
"Q723_Q725R3","(3) Some of both",908
"Q723_Q725R3","(4) Somewhat more about gaining influence",353
"Q723_Q725R3","(5) Much more about gaining influence",297
"Q726","(1) Much better off",280
"Q726","(2) Somewhat better off",656
"Q726","(3) Neither better nor worse",1079
"Q726","(4) Somewhat worse off",53
"Q726","(5) Much worse off",14
"Q727_Q731R1","(1) 0",293
"Q727_Q731R1","(2) 1",323
"Q727_Q731R1","(3) 2",312
"Q727_Q731R1","(4) 3",227
"Q727_Q731R1","(5) 4",160
"Q727_Q731R1","(6) 5",259
"Q727_Q731R1","(7) 6",74
"Q727_Q731R1","(8) 7",434
"Q727_Q731R2","(1) 0",286
"Q727_Q731R2","(2) 1",263
"Q727_Q731R2","(3) 2",296
"Q727_Q731R2","(4) 3",239
"Q727_Q731R2","(5) 4",166
"Q727_Q731R2","(6) 5",306
"Q727_Q731R2","(7) 6",85
"Q727_Q731R2","(8) 7",441
"Q727_Q731R3","(1) 0",1427
"Q727_Q731R3","(2) 1",117
"Q727_Q731R3","(3) 2",106
"Q727_Q731R3","(4) 3",92
"Q727_Q731R3","(5) 4",51
"Q727_Q731R3","(6) 5",205
"Q727_Q731R3","(7) 6",23
"Q727_Q731R3","(8) 7",61
"Q727_Q731R4","(1) 0",992
"Q727_Q731R4","(2) 1",126
"Q727_Q731R4","(3) 2",99
"Q727_Q731R4","(4) 3",91
"Q727_Q731R4","(5) 4",91
"Q727_Q731R4","(6) 5",518
"Q727_Q731R4","(7) 6",55
"Q727_Q731R4","(8) 7",110
"Q727_Q731R5","(1) 0",1178
"Q727_Q731R5","(2) 1",166
"Q727_Q731R5","(3) 2",74
"Q727_Q731R5","(4) 3",76
"Q727_Q731R5","(5) 4",61
"Q727_Q731R5","(6) 5",70
"Q727_Q731R5","(7) 6",25
"Q727_Q731R5","(8) 7",432
"Q732_Q737R1","(1) Strongly disagree",69
"Q732_Q737R1","(2) Disagree",28
"Q732_Q737R1","(3) Somewhat disagree",28
"Q732_Q737R1","(4) Neither agree nor disagree",63
"Q732_Q737R1","(5) Somewhat agree",20
"Q732_Q737R1","(6) Agree",16
"Q732_Q737R1","(7) Strongly agree",13
"Q732_Q737R2","(1) Strongly disagree",54
"Q732_Q737R2","(2) Disagree",27
"Q732_Q737R2","(3) Somewhat disagree",22
"Q732_Q737R2","(4) Neither agree nor disagree",61
"Q732_Q737R2","(5) Somewhat agree",33
"Q732_Q737R2","(6) Agree",23
"Q732_Q737R2","(7) Strongly agree",17
"Q732_Q737R3","(1) Strongly disagree",61
"Q732_Q737R3","(2) Disagree",30
"Q732_Q737R3","(3) Somewhat disagree",27
"Q732_Q737R3","(4) Neither agree nor disagree",65
"Q732_Q737R3","(5) Somewhat agree",26
"Q732_Q737R3","(6) Agree",13
"Q732_Q737R3","(7) Strongly agree",15
"Q732_Q737R4","(1) Strongly disagree",25
"Q732_Q737R4","(2) Disagree",14
"Q732_Q737R4","(3) Somewhat disagree",18
"Q732_Q737R4","(4) Neither agree nor disagree",62
"Q732_Q737R4","(5) Somewhat agree",45
"Q732_Q737R4","(6) Agree",41
"Q732_Q737R4","(7) Strongly agree",32
"Q732_Q737R5","(1) Strongly disagree",25
"Q732_Q737R5","(2) Disagree",13
"Q732_Q737R5","(3) Somewhat disagree",13
"Q732_Q737R5","(4) Neither agree nor disagree",61
"Q732_Q737R5","(5) Somewhat agree",46
"Q732_Q737R5","(6) Agree",48
"Q732_Q737R5","(7) Strongly agree",31
"Q732_Q737R6","(1) Strongly disagree",23
"Q732_Q737R6","(2) Disagree",13
"Q732_Q737R6","(3) Somewhat disagree",15
"Q732_Q737R6","(4) Neither agree nor disagree",61
"Q732_Q737R6","(5) Somewhat agree",44
"Q732_Q737R6","(6) Agree",45
"Q732_Q737R6","(7) Strongly agree",36
"Q738_Q740R1","(1) Strongly disagree",9
"Q738_Q740R1","(2) Disagree",5
"Q738_Q740R1","(3) Somewhat disagree",12
"Q738_Q740R1","(4) Neither agree nor disagree",52
"Q738_Q740R1","(5) Somewhat agree",36
"Q738_Q740R1","(6) Agree",53
"Q738_Q740R1","(7) Strongly agree",70
"Q738_Q740R2","(1) Strongly disagree",13
"Q738_Q740R2","(2) Disagree",7
"Q738_Q740R2","(3) Somewhat disagree",18
"Q738_Q740R2","(4) Neither agree nor disagree",45
"Q738_Q740R2","(5) Somewhat agree",47
"Q738_Q740R2","(6) Agree",40
"Q738_Q740R2","(7) Strongly agree",67
"Q738_Q740R3","(1) Strongly disagree",5
"Q738_Q740R3","(2) Disagree",6
"Q738_Q740R3","(3) Somewhat disagree",16
"Q738_Q740R3","(4) Neither agree nor disagree",49
"Q738_Q740R3","(5) Somewhat agree",37
"Q738_Q740R3","(6) Agree",52
"Q738_Q740R3","(7) Strongly agree",72
"Q741","(1) Married",1089
"Q741","(2) Single, not in a relationship",491
"Q741","(3) In a romantic relationship, but not living together",90
"Q741","(4) In a relationship and living together",181
"Q741","(5) Divorced",159
"Q741","(6) Widowed",72
"Q742","(001) 1900",1
"Q742","(002) 1901",0
"Q742","(003) 1902",1
"Q742","(004) 1903",0
"Q742","(005) 1904",0
"Q742","(006) 1905",0
"Q742","(007) 1906",0
"Q742","(008) 1907",2
"Q742","(009) 1908",1
"Q742","(010) 1909",0
"Q742","(011) 1910",0
"Q742","(012) 1911",0
"Q742","(013) 1912",1
"Q742","(014) 1913",0
"Q742","(015) 1914",1
"Q742","(016) 1915",0
"Q742","(017) 1916",0
"Q742","(018) 1917",0
"Q742","(019) 1918",0
"Q742","(020) 1919",0
"Q742","(021) 1920",0
"Q742","(022) 1921",0
"Q742","(023) 1922",0
"Q742","(024) 1923",0
"Q742","(025) 1924",0
"Q742","(026) 1925",0
"Q742","(027) 1926",0
"Q742","(028) 1927",0
"Q742","(029) 1928",0
"Q742","(030) 1929",0
"Q742","(031) 1930",0
"Q742","(032) 1931",0
"Q742","(033) 1932",0
"Q742","(034) 1933",0
"Q742","(035) 1934",0
"Q742","(036) 1935",0
"Q742","(037) 1936",0
"Q742","(038) 1937",0
"Q742","(039) 1938",0
"Q742","(040) 1939",0
"Q742","(041) 1940",0
"Q742","(042) 1941",0
"Q742","(043) 1942",0
"Q742","(044) 1943",0
"Q742","(045) 1944",1
"Q742","(046) 1945",1
"Q742","(047) 1946",0
"Q742","(048) 1947",0
"Q742","(049) 1948",2
"Q742","(050) 1949",1
"Q742","(051) 1950",1
"Q742","(052) 1951",0
"Q742","(053) 1952",0
"Q742","(054) 1953",0
"Q742","(055) 1954",2
"Q742","(056) 1955",2
"Q742","(057) 1956",1
"Q742","(058) 1957",0
"Q742","(059) 1958",3
"Q742","(060) 1959",2
"Q742","(061) 1960",2
"Q742","(062) 1961",2
"Q742","(063) 1962",5
"Q742","(064) 1963",4
"Q742","(065) 1964",7
"Q742","(066) 1965",5
"Q742","(067) 1966",4
"Q742","(068) 1967",13
"Q742","(069) 1968",9
"Q742","(070) 1969",9
"Q742","(071) 1970",16
"Q742","(072) 1971",16
"Q742","(073) 1972",16
"Q742","(074) 1973",11
"Q742","(075) 1974",11
"Q742","(076) 1975",21
"Q742","(077) 1976",23
"Q742","(078) 1977",31
"Q742","(079) 1978",31
"Q742","(080) 1979",22
"Q742","(081) 1980",31
"Q742","(082) 1981",21
"Q742","(083) 1982",23
"Q742","(084) 1983",22
"Q742","(085) 1984",20
"Q742","(086) 1985",14
"Q742","(087) 1986",25
"Q742","(088) 1987",31
"Q742","(089) 1988",27
"Q742","(090) 1989",25
"Q742","(091) 1990",32
"Q742","(092) 1991",12
"Q742","(093) 1992",27
"Q742","(094) 1993",19
"Q742","(095) 1994",13
"Q742","(096) 1995",23
"Q742","(097) 1996",24
"Q742","(098) 1997",18
"Q742","(099) 1998",38
"Q742","(100) 1999",23
"Q742","(101) 2000",43
"Q742","(102) 2001",22
"Q742","(103) 2002",21
"Q742","(104) 2003",20
"Q742","(105) 2004",25
"Q742","(106) 2005",21
"Q742","(107) 2006",28
"Q742","(108) 2007",27
"Q742","(109) 2008",34
"Q742","(110) 2009",20
"Q742","(111) 2010",36
"Q742","(112) 2011",30
"Q742","(113) 2012",29
"Q742","(114) 2013",30
"Q742","(115) 2014",33
"Q742","(116) 2015",33
"Q742","(117) 2016",19
"Q742","(118) 2017",26
"Q742","(119) 2018",33
"Q742","(120) 2019",16
"Q742","(121) 2020",20
"Q742","(122) 2021",5
"Q743","(1) Republican",362
"Q743","(2) Democratic",652
"Q743","(3) Independent",303
"Q743","(4) Other party",43
"Q744","(1) Strong",620
"Q744","(2) Not strong",394
"Q745","(1) Closer to the Democratic Party",98
"Q745","(2) Closer to the Republican Party",86
"Q745","(3) Not closer to one party or the other",162
"Q746A","(1) White",79
"Q746A","(2) Hispanic or Latino",128
"Q746A","(3) Black or African American",16
"Q746A","(4) Asian American",3
"Q746A","(5) American Indian/Native American",2
"Q746A","(6) Arab, Middle Eastern or North African",2
"Q746A","(7) Native Hawaiian",0
"Q746A","(8) Not Hawaiian, but other Pacific Islander",1
"Q746B","(1) White",527
"Q746B","(2) Hispanic or Latino",720
"Q746B","(3) Black or African American",54
"Q746B","(4) Asian American",37
"Q746B","(5) American Indian/Native American",9
"Q746B","(6) Arab, Middle Eastern or North African",10
"Q746B","(7) Native Hawaiian",0
"Q746B","(8) Not Hawaiian, but other Pacific Islander",3
"Q747","(1) United States",1204
"Q747","(2) Another country",302
"Q747","(3) Puerto Rico",85
"Q748","(1) No",1427
"Q748","(2) Yes, one child",288
"Q748","(3) Yes, two children",240
"Q748","(4) Yes, three children",89
"Q748","(5) Yes, four or more children",38
"Q749","(1) No",1673
"Q749","(2) Yes, one adult child",274
"Q749","(3) Yes, two adult children",102
"Q749","(4) Yes, three adult children",23
"Q749","(5) Yes, four or more adult children",10
"Q750R1","(0) NO TO: No, no other adult family member",452
"Q750R1","(1) No, no other adult family member",1630
"Q750R2","(0) NO TO: My own mother or father",1773
"Q750R2","(1) My own mother or father",309
"Q750R3","(0) NO TO: My spouse",2050
"Q750R3","(1) My spouse",32
"Q750R4","(0) NO TO: An aunt, uncle or cousin",2064
"Q750R4","(1) An aunt, uncle or cousin",18
"Q750R5","(0) NO TO: My own grandparent",2061
"Q750R5","(1) My own grandparent",21
"Q750R6","(0) NO TO: My spouse",2079
"Q750R6","(1) My spouse",3
"Q750R7","(0) NO TO: Another adult family member lives here",1914
"Q750R7","(1) Another adult family member lives here",168
"Q751R1","(0) NO TO: Yes, I have had coronavirus",1829
"Q751R1","(1) Yes, I have had coronavirus",253
"Q751R2","(0) NO TO: Yes, someone in my household has had coronavirus",1860
"Q751R2","(1) Yes, someone in my household has had coronavirus",222
"Q751R3","(0) NO TO: Yes, family outside of my household has had coronavirus",1448
"Q751R3","(1) Yes, family outside of my household has had coronavirus",634
"Q751R4","(0) NO TO: Yes, someone else I know has had coronavirus",1401
"Q751R4","(1) Yes, someone else I know has had coronavirus",681
"Q751R5","(0) NO TO: No, nobody I know has had the virus",1230
"Q751R5","(1) No, nobody I know has had the virus",852
"Q752","(1) Asymptomatic",42
"Q752","(2) Some symptoms but not severe",124
"Q752","(3) Strong Symptoms",72
"Q752","(4) Needed to be Hospitalized",15
"Q753","(1) Asymptomatic",80
"Q753","(2) Some symptoms but not severe",447
"Q753","(3) Strong Symptoms",293
"Q753","(4) Needed to be Hospitalized",127
"Q753","(5) They died",157
"Q754_Q762R1C1","(0) NO TO: Yes, me",1854
"Q754_Q762R1C1","(1) Yes, me",228
"Q754_Q762R1C2","(0) NO TO: Yes, someone else in my household",1862
"Q754_Q762R1C2","(1) Yes, someone else in my household",220
"Q754_Q762R1C3","(0) NO TO: No, nobody in my household",431
"Q754_Q762R1C3","(1) No, nobody in my household",1651
"Q754_Q762R2C1","(0) NO TO: Yes, me",1770
"Q754_Q762R2C1","(1) Yes, me",312
"Q754_Q762R2C2","(0) NO TO: Yes, someone else in my household",1766
"Q754_Q762R2C2","(1) Yes, someone else in my household",316
"Q754_Q762R2C3","(0) NO TO: No, nobody in my household",582
"Q754_Q762R2C3","(1) No, nobody in my household",1500
"Q754_Q762R3C1","(0) NO TO: Yes, me",1954
"Q754_Q762R3C1","(1) Yes, me",128
"Q754_Q762R3C2","(0) NO TO: Yes, someone else in my household",1977
"Q754_Q762R3C2","(1) Yes, someone else in my household",105
"Q754_Q762R3C3","(0) NO TO: No, nobody in my household",219
"Q754_Q762R3C3","(1) No, nobody in my household",1863
"Q754_Q762R4C1","(0) NO TO: Yes, me",1857
"Q754_Q762R4C1","(1) Yes, me",225
"Q754_Q762R4C2","(0) NO TO: Yes, someone else in my household",1907
"Q754_Q762R4C2","(1) Yes, someone else in my household",175
"Q754_Q762R4C3","(0) NO TO: No, nobody in my household",385
"Q754_Q762R4C3","(1) No, nobody in my household",1697
"Q754_Q762R5C1","(0) NO TO: Yes, me",1942
"Q754_Q762R5C1","(1) Yes, me",140
"Q754_Q762R5C2","(0) NO TO: Yes, someone else in my household",1973
"Q754_Q762R5C2","(1) Yes, someone else in my household",109
"Q754_Q762R5C3","(0) NO TO: No, nobody in my household",227
"Q754_Q762R5C3","(1) No, nobody in my household",1855
"Q754_Q762R6C1","(0) NO TO: Yes, me",1923
"Q754_Q762R6C1","(1) Yes, me",159
"Q754_Q762R6C2","(0) NO TO: Yes, someone else in my household",1986
"Q754_Q762R6C2","(1) Yes, someone else in my household",96
"Q754_Q762R6C3","(0) NO TO: No, nobody in my household",240
"Q754_Q762R6C3","(1) No, nobody in my household",1842
"Q754_Q762R7C1","(0) NO TO: Yes, me",1870
"Q754_Q762R7C1","(1) Yes, me",212
"Q754_Q762R7C2","(0) NO TO: Yes, someone else in my household",1931
"Q754_Q762R7C2","(1) Yes, someone else in my household",151
"Q754_Q762R7C3","(0) NO TO: No, nobody in my household",337
"Q754_Q762R7C3","(1) No, nobody in my household",1745
"Q754_Q762R8C1","(0) NO TO: Yes, me",1852
"Q754_Q762R8C1","(1) Yes, me",230
"Q754_Q762R8C2","(0) NO TO: Yes, someone else in my household",1917
"Q754_Q762R8C2","(1) Yes, someone else in my household",165
"Q754_Q762R8C3","(0) NO TO: No, nobody in my household",351
"Q754_Q762R8C3","(1) No, nobody in my household",1731
"Q754_Q762R9C1","(0) NO TO: Yes, me",1745
"Q754_Q762R9C1","(1) Yes, me",337
"Q754_Q762R9C2","(0) NO TO: Yes, someone else in my household",1897
"Q754_Q762R9C2","(1) Yes, someone else in my household",185
"Q754_Q762R9C3","(0) NO TO: No, nobody in my household",478
"Q754_Q762R9C3","(1) No, nobody in my household",1604
"Q763_Q766R1","(1) Yes",157
"Q763_Q766R1","(2) No",498
"Q763_Q766R2","(1) Yes",226
"Q763_Q766R2","(2) No",429
"Q763_Q766R3","(1) Yes",239
"Q763_Q766R3","(2) No",416
"Q763_Q766R4","(1) Yes",310
"Q763_Q766R4","(2) No",345
"Q767_Q771R1","(1) Yes",185
"Q767_Q771R1","(2) No",290
"Q767_Q771R2","(1) Yes",86
"Q767_Q771R2","(2) No",389
"Q767_Q771R3","(1) Yes",32
"Q767_Q771R3","(2) No",443
"Q767_Q771R4","(1) Yes",118
"Q767_Q771R4","(2) No",357
"Q767_Q771R5","(1) Yes",51
"Q767_Q771R5","(2) No",424
"Q773","(001) Less than a year",45
"Q773","(002) 1 year",44
"Q773","(003) 2",1
"Q773","(004) 3",2
"Q773","(005) 4",2
"Q773","(006) 5",3
"Q773","(007) 6",7
"Q773","(008) 7",3
"Q773","(009) 8",0
"Q773","(010) 9",0
"Q773","(011) 10",4
"Q773","(012) 11",1
"Q773","(013) 12",2
"Q773","(014) 13",2
"Q773","(015) 14",4
"Q773","(016) 15",5
"Q773","(017) 16",1
"Q773","(018) 17",1
"Q773","(019) 18",2
"Q773","(020) 19",0
"Q773","(021) 20",3
"Q773","(022) 21",2
"Q773","(023) 22",4
"Q773","(024) 23",3
"Q773","(025) 24",2
"Q773","(026) 25",0
"Q773","(027) 26",3
"Q773","(028) 27",1
"Q773","(029) 28",1
"Q773","(030) 29",0
"Q773","(031) 30",2
"Q773","(032) 31",0
"Q773","(033) 32",2
"Q773","(034) 33",1
"Q773","(035) 34",1
"Q773","(036) 35",5
"Q773","(037) 36",0
"Q773","(038) 37",0
"Q773","(039) 38",0
"Q773","(040) 39",0
"Q773","(041) 40",1
"Q773","(042) 41",2
"Q773","(043) 42",1
"Q773","(044) 43",1
"Q773","(045) 44",0
"Q773","(046) 45",3
"Q773","(047) 46",1
"Q773","(048) 47",0
"Q773","(049) 48",0
"Q773","(050) 49",0
"Q773","(051) 50",1
"Q773","(052) 51",0
"Q773","(053) 52",1
"Q773","(054) 53",1
"Q773","(055) 54",0
"Q773","(056) 55",2
"Q773","(057) 56",2
"Q773","(058) 57",0
"Q773","(059) 58",0
"Q773","(060) 59",0
"Q773","(061) 60",1
"Q773","(062) 61",0
"Q773","(063) 62",0
"Q773","(064) 63",0
"Q773","(065) 64",0
"Q773","(066) 65",0
"Q773","(067) 66",1
"Q773","(068) 67",0
"Q773","(069) 68",0
"Q773","(070) 69",0
"Q773","(071) 70",0
"Q773","(072) 71",0
"Q773","(073) 72",0
"Q773","(074) 73",0
"Q773","(075) 74",0
"Q773","(076) 75",0
"Q773","(077) 76",0
"Q773","(078) 77",0
"Q773","(079) 78",0
"Q773","(080) 79",0
"Q773","(081) 80",0
"Q773","(082) 81",0
"Q773","(083) 82",0
"Q773","(084) 83",0
"Q773","(085) 84",0
"Q773","(086) 85",0
"Q773","(087) 86",0
"Q773","(088) 87",0
"Q773","(089) 88",0
"Q773","(090) 89",0
"Q773","(091) 90",0
"Q773","(092) 91",0
"Q773","(093) 92",0
"Q773","(094) 93",0
"Q773","(095) 94",0
"Q773","(096) 95",0
"Q773","(097) 96",0
"Q773","(098) 97",0
"Q773","(099) 98",0
"Q773","(100) 99",0
"Q773","(101) 100",0
"Q773","(102) 2 years",81
"Q773","(103) 3 years",95
"Q773","(104) 4 years",63
"Q773","(105) 5 years",84
"Q773","(106) 6 years",78
"Q773","(107) 7 years",41
"Q773","(108) 8 years",38
"Q773","(109) 9 years",32
"Q773","(110) 10 years",83
"Q773","(111) 11 years",42
"Q773","(112) 12 years",40
"Q773","(113) 13 years",30
"Q773","(114) 14 years",22
"Q773","(115) 15 years",56
"Q773","(116) 16 years",40
"Q773","(117) 17 years",30
"Q773","(118) 18 years",38
"Q773","(119) 19 years",19
"Q773","(120) 20 years",94
"Q773","(121) 21 years",44
"Q773","(122) 22 years",35
"Q773","(123) 23 years",33
"Q773","(124) 24 years",24
"Q773","(125) 25 years",43
"Q773","(126) 26 years",37
"Q773","(127) 27 years",21
"Q773","(128) 28 years",41
"Q773","(129) 29 years",30
"Q773","(130) 30 years",75
"Q773","(131) 31 years",30
"Q773","(132) 32 years",26
"Q773","(133) 33 years",21
"Q773","(134) 34 years",22
"Q773","(135) 35 years",37
"Q773","(136) 36 years",20
"Q773","(137) 37 years",17
"Q773","(138) 38 years",17
"Q773","(139) 39 years",12
"Q773","(140) 40 years",34
"Q773","(141) 41 years",12
"Q773","(142) 42 years",18
"Q773","(143) 43 years",18
"Q773","(144) 44 years",7
"Q773","(145) 45 years",15
"Q773","(146) 46 years",11
"Q773","(147) 47 years",13
"Q773","(148) 48 years",14
"Q773","(149) 49 years",6
"Q773","(150) 50 years",15
"Q773","(151) 51 years",8
"Q773","(152) 52 years",9
"Q773","(153) 53 years",12
"Q773","(154) 54 years",8
"Q773","(155) 55 years",10
"Q773","(156) 56 years",13
"Q773","(157) 57 years",6
"Q773","(158) 58 years",9
"Q773","(159) 59 years",3
"Q773","(160) 60 years",10
"Q773","(161) 61 years",5
"Q773","(162) 62 years",8
"Q773","(163) 63 years",3
"Q773","(164) 64 years",6
"Q773","(165) 65 years",7
"Q773","(166) 66 years",4
"Q773","(167) 67 years",9
"Q773","(168) 68 years",3
"Q773","(169) 69 years",2
"Q773","(170) 70 years",3
"Q773","(171) 71 years",3
"Q773","(172) 72 years",4
"Q773","(173) 73 years",0
"Q773","(174) 74 years",2
"Q773","(175) 75 years",1
"Q773","(176) 76 years",1
"Q773","(177) 77 years",0
"Q773","(178) 78 years",0
"Q773","(179) 79 years",0
"Q773","(180) 80 years",1
"Q773","(181) 81 years",0
"Q773","(182) 82 years",0
"Q773","(183) 83 years",0
"Q773","(184) 84 years",0
"Q773","(185) 85 years",0
"Q773","(186) 86 years",0
"Q773","(187) 87 years",0
"Q773","(188) 88 years",0
"Q773","(189) 89 years",0
"Q773","(190) 90 years",0
"Q773","(191) 91 years",0
"Q773","(192) 92 years",0
"Q773","(193) 93 years",0
"Q773","(194) 94 years",0
"Q773","(195) 95 years",0
"Q773","(196) 96 years",0
"Q773","(197) 97 years",0
"Q773","(198) 98 years",0
"Q773","(199) 99 years",0
"Q773","(200) 100 years",1
"VQ773","(001) Less than a year",45
"VQ773","(002) 1 year",44
"VQ773","(003) 2 years",82
"VQ773","(004) 3 years",97
"VQ773","(005) 4 years",65
"VQ773","(006) 5 years",87
"VQ773","(007) 6 years",85
"VQ773","(008) 7 years",44
"VQ773","(009) 8 years",38
"VQ773","(010) 9 years",32
"VQ773","(011) 10 years",87
"VQ773","(012) 11 years",43
"VQ773","(013) 12 years",42
"VQ773","(014) 13 years",32
"VQ773","(015) 14 years",26
"VQ773","(016) 15 years",61
"VQ773","(017) 16 years",41
"VQ773","(018) 17 years",31
"VQ773","(019) 18 years",40
"VQ773","(020) 19 years",19
"VQ773","(021) 20 years",97
"VQ773","(022) 21 years",46
"VQ773","(023) 22 years",39
"VQ773","(024) 23 years",36
"VQ773","(025) 24 years",26
"VQ773","(026) 25 years",43
"VQ773","(027) 26 years",40
"VQ773","(028) 27 years",22
"VQ773","(029) 28 years",42
"VQ773","(030) 29 years",30
"VQ773","(031) 30 years",77
"VQ773","(032) 31 years",30
"VQ773","(033) 32 years",28
"VQ773","(034) 33 years",22
"VQ773","(035) 34 years",23
"VQ773","(036) 35 years",42
"VQ773","(037) 36 years",20
"VQ773","(038) 37 years",17
"VQ773","(039) 38 years",17
"VQ773","(040) 39 years",12
"VQ773","(041) 40 years",35
"VQ773","(042) 41 years",14
"VQ773","(043) 42 years",19
"VQ773","(044) 43 years",19
"VQ773","(045) 44 years",7
"VQ773","(046) 45 years",18
"VQ773","(047) 46 years",12
"VQ773","(048) 47 years",13
"VQ773","(049) 48 years",14
"VQ773","(050) 49 years",6
"VQ773","(051) 50 years",16
"VQ773","(052) 51 years",8
"VQ773","(053) 52 years",10
"VQ773","(054) 53 years",13
"VQ773","(055) 54 years",8
"VQ773","(056) 55 years",12
"VQ773","(057) 56 years",15
"VQ773","(058) 57 years",6
"VQ773","(059) 58 years",9
"VQ773","(060) 59 years",3
"VQ773","(061) 60 years",11
"VQ773","(062) 61 years",5
"VQ773","(063) 62 years",8
"VQ773","(064) 63 years",3
"VQ773","(065) 64 years",6
"VQ773","(066) 65 years",7
"VQ773","(067) 66 years",5
"VQ773","(068) 67 years",9
"VQ773","(069) 68 years",3
"VQ773","(070) 69 years",2
"VQ773","(071) 70 years",3
"VQ773","(072) 71 years",3
"VQ773","(073) 72 years",4
"VQ773","(074) 73 years",0
"VQ773","(075) 74 years",2
"VQ773","(076) 75 years",1
"VQ773","(077) 76 years",1
"VQ773","(078) 77 years",0
"VQ773","(079) 78 years",0
"VQ773","(080) 79 years",0
"VQ773","(081) 80 years",1
"VQ773","(082) 81 years",0
"VQ773","(083) 82 years",0
"VQ773","(084) 83 years",0
"VQ773","(085) 84 years",0
"VQ773","(086) 85 years",0
"VQ773","(087) 86 years",0
"VQ773","(088) 87 years",0
"VQ773","(089) 88 years",0
"VQ773","(090) 89 years",0
"VQ773","(091) 90 years",0
"VQ773","(092) 91 years",0
"VQ773","(093) 92 years",0
"VQ773","(094) 93 years",0
"VQ773","(095) 94 years",0
"VQ773","(096) 95 years",0
"VQ773","(097) 96 years",0
"VQ773","(098) 97 years",0
"VQ773","(099) 98 years",0
"VQ773","(100) 99 years",0
"VQ773","(101) 100 years",1
"Q774","(001) Less than a year",95
"Q774","(002) 1 year",91
"Q774","(003) 2",4
"Q774","(004) 3",6
"Q774","(005) 4",5
"Q774","(006) 5",4
"Q774","(007) 6",5
"Q774","(008) 7",2
"Q774","(009) 8",0
"Q774","(010) 9",1
"Q774","(011) 10",6
"Q774","(012) 11",2
"Q774","(013) 12",3
"Q774","(014) 13",2
"Q774","(015) 14",4
"Q774","(016) 15",4
"Q774","(017) 16",0
"Q774","(018) 17",0
"Q774","(019) 18",1
"Q774","(020) 19",0
"Q774","(021) 20",4
"Q774","(022) 21",2
"Q774","(023) 22",4
"Q774","(024) 23",3
"Q774","(025) 24",1
"Q774","(026) 25",0
"Q774","(027) 26",2
"Q774","(028) 27",0
"Q774","(029) 28",2
"Q774","(030) 29",0
"Q774","(031) 30",2
"Q774","(032) 31",0
"Q774","(033) 32",1
"Q774","(034) 33",1
"Q774","(035) 34",0
"Q774","(036) 35",4
"Q774","(037) 36",0
"Q774","(038) 37",0
"Q774","(039) 38",0
"Q774","(040) 39",0
"Q774","(041) 40",1
"Q774","(042) 41",3
"Q774","(043) 42",0
"Q774","(044) 43",0
"Q774","(045) 44",0
"Q774","(046) 45",0
"Q774","(047) 46",0
"Q774","(048) 47",0
"Q774","(049) 48",0
"Q774","(050) 49",0
"Q774","(051) 50",1
"Q774","(052) 51",0
"Q774","(053) 52",2
"Q774","(054) 53",1
"Q774","(055) 54",0
"Q774","(056) 55",0
"Q774","(057) 56",0
"Q774","(058) 57",0
"Q774","(059) 58",0
"Q774","(060) 59",0
"Q774","(061) 60",0
"Q774","(062) 61",0
"Q774","(063) 62",0
"Q774","(064) 63",1
"Q774","(065) 64",0
"Q774","(066) 65",0
"Q774","(067) 66",0
"Q774","(068) 67",0
"Q774","(069) 68",0
"Q774","(070) 69",0
"Q774","(071) 70",0
"Q774","(072) 71",0
"Q774","(073) 72",0
"Q774","(074) 73",0
"Q774","(075) 74",0
"Q774","(076) 75",0
"Q774","(077) 76",0
"Q774","(078) 77",0
"Q774","(079) 78",0
"Q774","(080) 79",0
"Q774","(081) 80",0
"Q774","(082) 81",0
"Q774","(083) 82",0
"Q774","(084) 83",0
"Q774","(085) 84",0
"Q774","(086) 85",0
"Q774","(087) 86",0
"Q774","(088) 87",0
"Q774","(089) 88",0
"Q774","(090) 89",0
"Q774","(091) 90",0
"Q774","(092) 91",0
"Q774","(093) 92",0
"Q774","(094) 93",0
"Q774","(095) 94",0
"Q774","(096) 95",0
"Q774","(097) 96",0
"Q774","(098) 97",0
"Q774","(099) 98",0
"Q774","(100) 99",0
"Q774","(101) 100",0
"Q774","(102) 2 years",145
"Q774","(103) 3 years",141
"Q774","(104) 4 years",102
"Q774","(105) 5 years",131
"Q774","(106) 6 years",94
"Q774","(107) 7 years",53
"Q774","(108) 8 years",58
"Q774","(109) 9 years",43
"Q774","(110) 10 years",103
"Q774","(111) 11 years",47
"Q774","(112) 12 years",43
"Q774","(113) 13 years",35
"Q774","(114) 14 years",28
"Q774","(115) 15 years",64
"Q774","(116) 16 years",46
"Q774","(117) 17 years",29
"Q774","(118) 18 years",31
"Q774","(119) 19 years",24
"Q774","(120) 20 years",79
"Q774","(121) 21 years",42
"Q774","(122) 22 years",34
"Q774","(123) 23 years",22
"Q774","(124) 24 years",22
"Q774","(125) 25 years",43
"Q774","(126) 26 years",24
"Q774","(127) 27 years",21
"Q774","(128) 28 years",12
"Q774","(129) 29 years",15
"Q774","(130) 30 years",43
"Q774","(131) 31 years",13
"Q774","(132) 32 years",14
"Q774","(133) 33 years",7
"Q774","(134) 34 years",7
"Q774","(135) 35 years",16
"Q774","(136) 36 years",9
"Q774","(137) 37 years",9
"Q774","(138) 38 years",5
"Q774","(139) 39 years",7
"Q774","(140) 40 years",12
"Q774","(141) 41 years",4
"Q774","(142) 42 years",5
"Q774","(143) 43 years",5
"Q774","(144) 44 years",3
"Q774","(145) 45 years",5
"Q774","(146) 46 years",5
"Q774","(147) 47 years",2
"Q774","(148) 48 years",6
"Q774","(149) 49 years",1
"Q774","(150) 50 years",1
"Q774","(151) 51 years",1
"Q774","(152) 52 years",1
"Q774","(153) 53 years",2
"Q774","(154) 54 years",3
"Q774","(155) 55 years",1
"Q774","(156) 56 years",0
"Q774","(157) 57 years",0
"Q774","(158) 58 years",0
"Q774","(159) 59 years",0
"Q774","(160) 60 years",2
"Q774","(161) 61 years",0
"Q774","(162) 62 years",0
"Q774","(163) 63 years",0
"Q774","(164) 64 years",1
"Q774","(165) 65 years",0
"Q774","(166) 66 years",0
"Q774","(167) 67 years",1
"Q774","(168) 68 years",0
"Q774","(169) 69 years",0
"Q774","(170) 70 years",0
"Q774","(171) 71 years",0
"Q774","(172) 72 years",0
"Q774","(173) 73 years",0
"Q774","(174) 74 years",0
"Q774","(175) 75 years",0
"Q774","(176) 76 years",0
"Q774","(177) 77 years",0
"Q774","(178) 78 years",0
"Q774","(179) 79 years",0
"Q774","(180) 80 years",0
"Q774","(181) 81 years",0
"Q774","(182) 82 years",0
"Q774","(183) 83 years",0
"Q774","(184) 84 years",0
"Q774","(185) 85 years",0
"Q774","(186) 86 years",0
"Q774","(187) 87 years",0
"Q774","(188) 88 years",0
"Q774","(189) 89 years",0
"Q774","(190) 90 years",0
"Q774","(191) 91 years",0
"Q774","(192) 92 years",0
"Q774","(193) 93 years",0
"Q774","(194) 94 years",0
"Q774","(195) 95 years",0
"Q774","(196) 96 years",0
"Q774","(197) 97 years",0
"Q774","(198) 98 years",0
"Q774","(199) 99 years",0
"Q774","(200) 100 years",1
"VQ774","(001) Less than a year",95
"VQ774","(002) 1 year",91
"VQ774","(003) 2 years",149
"VQ774","(004) 3 years",147
"VQ774","(005) 4 years",107
"VQ774","(006) 5 years",135
"VQ774","(007) 6 years",99
"VQ774","(008) 7 years",55
"VQ774","(009) 8 years",58
"VQ774","(010) 9 years",44
"VQ774","(011) 10 years",109
"VQ774","(012) 11 years",49
"VQ774","(013) 12 years",46
"VQ774","(014) 13 years",37
"VQ774","(015) 14 years",32
"VQ774","(016) 15 years",68
"VQ774","(017) 16 years",46
"VQ774","(018) 17 years",29
"VQ774","(019) 18 years",32
"VQ774","(020) 19 years",24
"VQ774","(021) 20 years",83
"VQ774","(022) 21 years",44
"VQ774","(023) 22 years",38
"VQ774","(024) 23 years",25
"VQ774","(025) 24 years",23
"VQ774","(026) 25 years",43
"VQ774","(027) 26 years",26
"VQ774","(028) 27 years",21
"VQ774","(029) 28 years",14
"VQ774","(030) 29 years",15
"VQ774","(031) 30 years",45
"VQ774","(032) 31 years",13
"VQ774","(033) 32 years",15
"VQ774","(034) 33 years",8
"VQ774","(035) 34 years",7
"VQ774","(036) 35 years",20
"VQ774","(037) 36 years",9
"VQ774","(038) 37 years",9
"VQ774","(039) 38 years",5
"VQ774","(040) 39 years",7
"VQ774","(041) 40 years",13
"VQ774","(042) 41 years",7
"VQ774","(043) 42 years",5
"VQ774","(044) 43 years",5
"VQ774","(045) 44 years",3
"VQ774","(046) 45 years",5
"VQ774","(047) 46 years",5
"VQ774","(048) 47 years",2
"VQ774","(049) 48 years",6
"VQ774","(050) 49 years",1
"VQ774","(051) 50 years",2
"VQ774","(052) 51 years",1
"VQ774","(053) 52 years",3
"VQ774","(054) 53 years",3
"VQ774","(055) 54 years",3
"VQ774","(056) 55 years",1
"VQ774","(057) 56 years",0
"VQ774","(058) 57 years",0
"VQ774","(059) 58 years",0
"VQ774","(060) 59 years",0
"VQ774","(061) 60 years",2
"VQ774","(062) 61 years",0
"VQ774","(063) 62 years",0
"VQ774","(064) 63 years",1
"VQ774","(065) 64 years",1
"VQ774","(066) 65 years",0
"VQ774","(067) 66 years",0
"VQ774","(068) 67 years",1
"VQ774","(069) 68 years",0
"VQ774","(070) 69 years",0
"VQ774","(071) 70 years",0
"VQ774","(072) 71 years",0
"VQ774","(073) 72 years",0
"VQ774","(074) 73 years",0
"VQ774","(075) 74 years",0
"VQ774","(076) 75 years",0
"VQ774","(077) 76 years",0
"VQ774","(078) 77 years",0
"VQ774","(079) 78 years",0
"VQ774","(080) 79 years",0
"VQ774","(081) 80 years",0
"VQ774","(082) 81 years",0
"VQ774","(083) 82 years",0
"VQ774","(084) 83 years",0
"VQ774","(085) 84 years",0
"VQ774","(086) 85 years",0
"VQ774","(087) 86 years",0
"VQ774","(088) 87 years",0
"VQ774","(089) 88 years",0
"VQ774","(090) 89 years",0
"VQ774","(091) 90 years",0
"VQ774","(092) 91 years",0
"VQ774","(093) 92 years",0
"VQ774","(094) 93 years",0
"VQ774","(095) 94 years",0
"VQ774","(096) 95 years",0
"VQ774","(097) 96 years",0
"VQ774","(098) 97 years",0
"VQ774","(099) 98 years",0
"VQ774","(100) 99 years",0
"VQ774","(101) 100 years",1
"Q775","(1) Yes, in my same state, but different city",883
"Q775","(2) Yes, in a different state",609
"Q775","(3) Yes, in a different country",124
"Q775","(4) No, have always lived here my entire life",466
"Q777","(01) Alaska",4
"Q777","(02) Alabama",6
"Q777","(03) Arizona",12
"Q777","(04) Arkansas",1
"Q777","(05) California",111
"Q777","(06) Colorado",16
"Q777","(07) Connecticut",10
"Q777","(08) Delaware",2
"Q777","(09) District of Columbia",2
"Q777","(10) Florida",44
"Q777","(11) Georgia",17
"Q777","(12) Hawaii",2
"Q777","(13) Idaho",0
"Q777","(14) Illinois",20
"Q777","(15) Indiana",13
"Q777","(16) Iowa",4
"Q777","(17) Kansas",7
"Q777","(18) Kentucky",1
"Q777","(19) Louisiana",5
"Q777","(20) Maine",2
"Q777","(21) Maryland",10
"Q777","(22) Massachusetts",19
"Q777","(23) Michigan",12
"Q777","(24) Minnesota",3
"Q777","(25) Mississippi",3
"Q777","(26) Missouri",4
"Q777","(27) Montana",2
"Q777","(28) Nebraska",3
"Q777","(29) Nevada",6
"Q777","(30) New Hampshire",3
"Q777","(31) New Jersey",29
"Q777","(32) New Mexico",12
"Q777","(33) New York",102
"Q777","(34) North Carolina",7
"Q777","(35) North Dakota",0
"Q777","(36) Ohio",5
"Q777","(37) Oklahoma",5
"Q777","(38) Oregon",1
"Q777","(39) Pennsylvania",11
"Q777","(40) Rhode Island",3
"Q777","(41) South Carolina",4
"Q777","(42) South Dakota",1
"Q777","(43) Tennessee",5
"Q777","(44) Texas",41
"Q777","(45) Utah",3
"Q777","(46) Vermont",0
"Q777","(47) Virginia",14
"Q777","(48) Washington",12
"Q777","(49) West virginia",3
"Q777","(50) Wisconsin",5
"Q777","(51) Wyoming",2
"Q779","(01) Another country",169
"Q779","(02) Alaska",1
"Q779","(03) Alabama",14
"Q779","(04) Arizona",41
"Q779","(05) Arkansas",4
"Q779","(06) California",348
"Q779","(07) Colorado",26
"Q779","(08) Connecticut",15
"Q779","(09) Delaware",3
"Q779","(10) District of Columbia",2
"Q779","(11) Florida",98
"Q779","(12) Georgia",13
"Q779","(13) Hawaii",1
"Q779","(14) Idaho",0
"Q779","(15) Illinois",55
"Q779","(16) Indiana",16
"Q779","(17) Iowa",5
"Q779","(18) Kansas",11
"Q779","(19) Kentucky",2
"Q779","(20) Louisiana",7
"Q779","(21) Maine",0
"Q779","(22) Maryland",7
"Q779","(23) Massachusetts",25
"Q779","(24) Michigan",28
"Q779","(25) Minnesota",12
"Q779","(26) Mississippi",0
"Q779","(27) Missouri",6
"Q779","(28) Montana",0
"Q779","(29) Nebraska",4
"Q779","(30) Nevada",6
"Q779","(31) New Hampshire",0
"Q779","(32) New Jersey",47
"Q779","(33) New Mexico",27
"Q779","(34) New York",185
"Q779","(35) North Carolina",4
"Q779","(36) North Dakota",0
"Q779","(37) Ohio",19
"Q779","(38) Oklahoma",4
"Q779","(39) Oregon",8
"Q779","(40) Pennsylvania",32
"Q779","(41) Rhode Island",4
"Q779","(42) South Carolina",1
"Q779","(43) South Dakota",0
"Q779","(44) Tennessee",2
"Q779","(45) Texas",186
"Q779","(46) Utah",6
"Q779","(47) Vermont",0
"Q779","(48) Virginia",17
"Q779","(49) Washington",12
"Q779","(50) West virginia",3
"Q779","(51) Wisconsin",13
"Q779","(52) Wyoming",3
"Q782","(01) Alaska",0
"Q782","(02) Alabama",6
"Q782","(03) Arizona",37
"Q782","(04) Arkansas",3
"Q782","(05) California",324
"Q782","(06) Colorado",21
"Q782","(07) Connecticut",9
"Q782","(08) Delaware",3
"Q782","(09) District of Columbia",5
"Q782","(10) Florida",60
"Q782","(11) Georgia",8
"Q782","(12) Hawaii",5
"Q782","(13) Idaho",1
"Q782","(14) Illinois",60
"Q782","(15) Indiana",20
"Q782","(16) Iowa",6
"Q782","(17) Kansas",11
"Q782","(18) Kentucky",1
"Q782","(19) Louisiana",5
"Q782","(20) Maine",2
"Q782","(21) Maryland",8
"Q782","(22) Massachusetts",22
"Q782","(23) Michigan",31
"Q782","(24) Minnesota",13
"Q782","(25) Mississippi",1
"Q782","(26) Missouri",7
"Q782","(27) Montana",0
"Q782","(28) Nebraska",2
"Q782","(29) Nevada",3
"Q782","(30) New Hampshire",0
"Q782","(31) New Jersey",35
"Q782","(32) New Mexico",26
"Q782","(33) New York",181
"Q782","(34) North Carolina",5
"Q782","(35) North Dakota",1
"Q782","(36) Ohio",19
"Q782","(37) Oklahoma",2
"Q782","(38) Oregon",5
"Q782","(39) Pennsylvania",27
"Q782","(40) Rhode Island",3
"Q782","(41) South Carolina",1
"Q782","(42) South Dakota",1
"Q782","(43) Tennessee",1
"Q782","(44) Texas",183
"Q782","(45) Utah",4
"Q782","(46) Vermont",0
"Q782","(47) Virginia",10
"Q782","(48) Washington",9
"Q782","(49) West virginia",6
"Q782","(50) Wisconsin",13
"Q782","(51) Wyoming",3
"Q785","(1) Yes",119
"Q785","(2) No",356
"Q788","(01) Alaska",0
"Q788","(02) Alabama",2
"Q788","(03) Arizona",7
"Q788","(04) Arkansas",1
"Q788","(05) California",78
"Q788","(06) Colorado",5
"Q788","(07) Connecticut",8
"Q788","(08) Delaware",0
"Q788","(09) District of Columbia",2
"Q788","(10) Florida",118
"Q788","(11) Georgia",3
"Q788","(12) Hawaii",0
"Q788","(13) Idaho",2
"Q788","(14) Illinois",14
"Q788","(15) Indiana",0
"Q788","(16) Iowa",2
"Q788","(17) Kansas",4
"Q788","(18) Kentucky",1
"Q788","(19) Louisiana",7
"Q788","(20) Maine",0
"Q788","(21) Maryland",1
"Q788","(22) Massachusetts",11
"Q788","(23) Michigan",2
"Q788","(24) Minnesota",2
"Q788","(25) Mississippi",1
"Q788","(26) Missouri",0
"Q788","(27) Montana",0
"Q788","(28) Nebraska",1
"Q788","(29) Nevada",0
"Q788","(30) New Hampshire",1
"Q788","(31) New Jersey",22
"Q788","(32) New Mexico",0
"Q788","(33) New York",118
"Q788","(34) North Carolina",5
"Q788","(35) North Dakota",0
"Q788","(36) Ohio",6
"Q788","(37) Oklahoma",1
"Q788","(38) Oregon",0
"Q788","(39) Pennsylvania",9
"Q788","(40) Rhode Island",2
"Q788","(41) South Carolina",1
"Q788","(42) South Dakota",0
"Q788","(43) Tennessee",2
"Q788","(44) Texas",26
"Q788","(45) Utah",0
"Q788","(46) Vermont",0
"Q788","(47) Virginia",5
"Q788","(48) Washington",3
"Q788","(49) West virginia",0
"Q788","(50) Wisconsin",2
"Q788","(51) Wyoming",0
"Q790","(01) Alaska",1
"Q790","(02) Alabama",10
"Q790","(03) Arizona",66
"Q790","(04) Arkansas",6
"Q790","(05) California",378
"Q790","(06) Colorado",27
"Q790","(07) Connecticut",21
"Q790","(08) Delaware",3
"Q790","(09) District of Columbia",1
"Q790","(10) Florida",224
"Q790","(11) Georgia",13
"Q790","(12) Hawaii",2
"Q790","(13) Idaho",3
"Q790","(14) Illinois",63
"Q790","(15) Indiana",19
"Q790","(16) Iowa",7
"Q790","(17) Kansas",9
"Q790","(18) Kentucky",4
"Q790","(19) Louisiana",11
"Q790","(20) Maine",0
"Q790","(21) Maryland",15
"Q790","(22) Massachusetts",32
"Q790","(23) Michigan",26
"Q790","(24) Minnesota",16
"Q790","(25) Mississippi",0
"Q790","(26) Missouri",6
"Q790","(27) Montana",0
"Q790","(28) Nebraska",4
"Q790","(29) Nevada",7
"Q790","(30) New Hampshire",1
"Q790","(31) New Jersey",58
"Q790","(32) New Mexico",31
"Q790","(33) New York",175
"Q790","(34) North Carolina",12
"Q790","(35) North Dakota",0
"Q790","(36) Ohio",21
"Q790","(37) Oklahoma",8
"Q790","(38) Oregon",9
"Q790","(39) Pennsylvania",36
"Q790","(40) Rhode Island",3
"Q790","(41) South Carolina",5
"Q790","(42) South Dakota",0
"Q790","(43) Tennessee",5
"Q790","(44) Texas",217
"Q790","(45) Utah",6
"Q790","(46) Vermont",1
"Q790","(47) Virginia",20
"Q790","(48) Washington",14
"Q790","(49) West virginia",3
"Q790","(50) Wisconsin",17
"Q790","(51) Wyoming",0
"Q793R1","(1) 1st",237
"Q793R1","(2) 2nd",111
"Q793R1","(3) 3rd",75
"Q793R1","(4) 4th",39
"Q793R1","(5) 5th",8
"Q793R2","(1) 1st",95
"Q793R2","(2) 2nd",108
"Q793R2","(3) 3rd",117
"Q793R2","(4) 4th",109
"Q793R2","(5) 5th",40
"Q793R3","(1) 1st",54
"Q793R3","(2) 2nd",206
"Q793R3","(3) 3rd",162
"Q793R3","(4) 4th",39
"Q793R3","(5) 5th",12
"Q793R4","(1) 1st",85
"Q793R4","(2) 2nd",36
"Q793R4","(3) 3rd",68
"Q793R4","(4) 4th",114
"Q793R4","(5) 5th",147
"Q793R5","(1) 1st",4
"Q793R5","(2) 2nd",14
"Q793R5","(3) 3rd",53
"Q793R5","(4) 4th",145
"Q793R5","(5) 5th",233
"Q794R1","(0) NO TO: No, I do not send money or remittances",479
"Q794R1","(1) No, I do not send money or remittances",1603
"Q794R2","(0) NO TO: Yes, to my parents",1920
"Q794R2","(1) Yes, to my parents",162
"Q794R3","(0) NO TO: Yes, to my children",2018
"Q794R3","(1) Yes, to my children",64
"Q794R4","(0) NO TO: Yes, to my grandparents",2032
"Q794R4","(1) Yes, to my grandparents",50
"Q794R5","(0) NO TO: Yes to other family members",1848
"Q794R5","(1) Yes to other family members",234
"Q794R6","(0) NO TO: Yes, to my friends",2021
"Q794R6","(1) Yes, to my friends",61
"Q795","(1) I sent more in 2020 than in 2019",129
"Q795","(2) I sent roughly the same amount as in 2019",453
"Q795","(3) I sent less in 2020 than in 2019",125
"Q795","(4) I no longer send remittances",1308
"Q796R1","(0) NO TO: Loss of job/income",325
"Q796R1","(1) Loss of job/income",150
"Q796R2","(0) NO TO: Trouble paying basic monthly bills",357
"Q796R2","(1) Trouble paying basic monthly bills",118
"Q796R3","(0) NO TO: Lost their house or place they live",462
"Q796R3","(1) Lost their house or place they live",13
"Q796R4","(0) NO TO: Health problems, sick with covid",318
"Q796R4","(1) Health problems, sick with covid",157
"Q796R5","(0) NO TO: I know someone back home who has died",327
"Q796R5","(1) I know someone back home who has died",148
"Q797R1","(0) NO TO: White",1466
"Q797R1","(1) White",616
"Q797R2","(0) NO TO: Hispanic or Latino",373
"Q797R2","(1) Hispanic or Latino",1709
"Q797R3","(0) NO TO: Black or African American",2019
"Q797R3","(1) Black or African American",63
"Q797R4","(0) NO TO: Asian American",2075
"Q797R4","(1) Asian American",7
"Q797R5","(0) NO TO: American Indian/Native American",2054
"Q797R5","(1) American Indian/Native American",28
"Q797R6","(0) NO TO: Arab, Middle Eastern or North African",2078
"Q797R6","(1) Arab, Middle Eastern or North African",4
"Q797R7","(0) NO TO: Native Hawaiian",2080
"Q797R7","(1) Native Hawaiian",2
"Q797R8","(0) NO TO: Not Hawaiian, but other Pacific Islander",2082
"Q797R8","(1) Not Hawaiian, but other Pacific Islander",0
"Q797R9","(0) NO TO: Other (Specify)",2058
"Q797R9","(1) Other (Specify)",24
"Q797R10","(0) NO TO: Don",2070
"Q797R10","(1) Don",12
"Q798R1","(0) NO TO: White",1520
"Q798R1","(1) White",562
"Q798R2","(0) NO TO: Hispanic or Latino",380
"Q798R2","(1) Hispanic or Latino",1702
"Q798R3","(0) NO TO: Black or African American",2006
"Q798R3","(1) Black or African American",76
"Q798R4","(0) NO TO: Asian American",2073
"Q798R4","(1) Asian American",9
"Q798R5","(0) NO TO: American Indian/Native American",2043
"Q798R5","(1) American Indian/Native American",39
"Q798R6","(0) NO TO: Arab, Middle Eastern or North African",2077
"Q798R6","(1) Arab, Middle Eastern or North African",5
"Q798R7","(0) NO TO: Native Hawaiian",2080
"Q798R7","(1) Native Hawaiian",2
"Q798R8","(0) NO TO: Not Hawaiian, but other Pacific Islander",2080
"Q798R8","(1) Not Hawaiian, but other Pacific Islander",2
"Q798R9","(0) NO TO: Other (Specify)",2059
"Q798R9","(1) Other (Specify)",23
"Q798R10","(0) NO TO: Don",2060
"Q798R10","(1) Don",22
"Q801","(1) White, not Hispanic",641
"Q801","(2) Black",67
"Q801","(3) Latino or Hispanic",1221
"Q801","(4) Asian American",25
"Q801","(5) Middle Eastern/Arab",42
"Q801","(6) American Indian or Alaskan Native",17
"Q801","(7) Native Hawaiian",9
"Q801","(8) Pacific Islander (not Hawaiian)",6
"Q801","(9) Other: SPECIFY",54
"Q802","(1) White",54
"Q802","(2) Black",45
"Q802","(3) Trigue",30
"Q802","(4) Mulato/Mestizo",26
"Q802","(5) Indio",10
"Q802","(6) Jabao",1
"Q802","(7) Brown-skinned",41
"Q802","(8) Moreno",14
"Q802","(9) Other (SPECIFY)",6
"Q803","(1) White",1366
"Q803","(2) Black or African American",92
"Q803","(3) American Indian or Alaska Native",33
"Q803","(4) Native Hawaiian or Pacific Islander",13
"Q803","(5) Asian",8
"Q803","(6) Some Other Race",509
"Q803","(7) Did not complete 2020 Census",61
"Q804","(1) Grades 1-8",291
"Q804","(2) Some High School, but did not graduate",158
"Q804","(3) High School graduate or GED",590
"Q804","(4) Some college",303
"Q804","(5) Associates, 2-year degree",174
"Q804","(6) Bachelors, 4-year degree",319
"Q804","(7) Post-graduate degree",144
"Q804","(8) Don't know",103
"Q805","(1) Grades 1-8",347
"Q805","(2) Some High School, but did not graduate",195
"Q805","(3) High School graduate or GED",569
"Q805","(4) Some college",244
"Q805","(5) Associates, 2-year degree",118
"Q805","(6) Bachelors, 4-year degree",237
"Q805","(7) Post-graduate degree",174
"Q805","(8) Don't know",198
"Q806","(001) 1900",0
"Q806","(002) 1901",0
"Q806","(003) 1902",0
"Q806","(004) 1903",0
"Q806","(005) 1904",0
"Q806","(006) 1905",0
"Q806","(007) 1906",0
"Q806","(008) 1907",0
"Q806","(009) 1908",0
"Q806","(010) 1909",0
"Q806","(011) 1910",0
"Q806","(012) 1911",0
"Q806","(013) 1912",0
"Q806","(014) 1913",0
"Q806","(015) 1914",0
"Q806","(016) 1915",0
"Q806","(017) 1916",0
"Q806","(018) 1917",0
"Q806","(019) 1918",0
"Q806","(020) 1919",0
"Q806","(021) 1920",0
"Q806","(022) 1921",0
"Q806","(023) 1922",0
"Q806","(024) 1923",0
"Q806","(025) 1924",0
"Q806","(026) 1925",0
"Q806","(027) 1926",0
"Q806","(028) 1927",0
"Q806","(029) 1928",0
"Q806","(030) 1929",0
"Q806","(031) 1930",0
"Q806","(032) 1931",0
"Q806","(033) 1932",0
"Q806","(034) 1933",0
"Q806","(035) 1934",0
"Q806","(036) 1935",0
"Q806","(037) 1936",0
"Q806","(038) 1937",0
"Q806","(039) 1938",0
"Q806","(040) 1939",0
"Q806","(041) 1940",0
"Q806","(042) 1941",0
"Q806","(043) 1942",0
"Q806","(044) 1943",0
"Q806","(045) 1944",0
"Q806","(046) 1945",1
"Q806","(047) 1946",0
"Q806","(048) 1947",2
"Q806","(049) 1948",1
"Q806","(050) 1949",3
"Q806","(051) 1950",1
"Q806","(052) 1951",2
"Q806","(053) 1952",8
"Q806","(054) 1953",3
"Q806","(055) 1954",2
"Q806","(056) 1955",1
"Q806","(057) 1956",3
"Q806","(058) 1957",1
"Q806","(059) 1958",4
"Q806","(060) 1959",4
"Q806","(061) 1960",14
"Q806","(062) 1961",17
"Q806","(063) 1962",11
"Q806","(064) 1963",2
"Q806","(065) 1964",3
"Q806","(066) 1965",8
"Q806","(067) 1966",10
"Q806","(068) 1967",11
"Q806","(069) 1968",4
"Q806","(070) 1969",17
"Q806","(071) 1970",12
"Q806","(072) 1971",7
"Q806","(073) 1972",5
"Q806","(074) 1973",4
"Q806","(075) 1974",8
"Q806","(076) 1975",7
"Q806","(077) 1976",4
"Q806","(078) 1977",9
"Q806","(079) 1978",4
"Q806","(080) 1979",10
"Q806","(081) 1980",13
"Q806","(082) 1981",12
"Q806","(083) 1982",7
"Q806","(084) 1983",4
"Q806","(085) 1984",6
"Q806","(086) 1985",9
"Q806","(087) 1986",13
"Q806","(088) 1987",9
"Q806","(089) 1988",5
"Q806","(090) 1989",15
"Q806","(091) 1990",15
"Q806","(092) 1991",10
"Q806","(093) 1992",5
"Q806","(094) 1993",8
"Q806","(095) 1994",9
"Q806","(096) 1995",6
"Q806","(097) 1996",2
"Q806","(098) 1997",6
"Q806","(099) 1998",14
"Q806","(100) 1999",5
"Q806","(101) 2000",10
"Q806","(102) 2001",12
"Q806","(103) 2002",9
"Q806","(104) 2003",4
"Q806","(105) 2004",5
"Q806","(106) 2005",6
"Q806","(107) 2006",1
"Q806","(108) 2007",8
"Q806","(109) 2008",4
"Q806","(110) 2009",6
"Q806","(111) 2010",4
"Q806","(112) 2011",12
"Q806","(113) 2012",3
"Q806","(114) 2013",2
"Q806","(115) 2014",4
"Q806","(116) 2015",4
"Q806","(117) 2016",0
"Q806","(118) 2017",3
"Q806","(119) 2018",1
"Q806","(120) 2019",0
"Q806","(121) 2020",1
"Q806","(122) 2021",0
"Q807","(1) I am a naturalized U.S. citizen",338
"Q807","(2) I have applied for citizenship, but not yet finished",0
"Q807","(3) Legal permanent resident, but not",0
"Q807","(4) applying for citizenship",0
"Q807","(5) I have a Visa",0
"Q807","(6) I have temporary work authorization (DACA or similar)",0
"Q807","(7) Not eligible to apply for citizenship",0
"Q807","(8) Other: SPECIFY",0
"Q808","(001) 1900",16
"Q808","(002) 1901",1
"Q808","(003) 1902",2
"Q808","(004) 1903",0
"Q808","(005) 1904",0
"Q808","(006) 1905",0
"Q808","(007) 1906",0
"Q808","(008) 1907",0
"Q808","(009) 1908",1
"Q808","(010) 1909",0
"Q808","(011) 1910",0
"Q808","(012) 1911",0
"Q808","(013) 1912",0
"Q808","(014) 1913",0
"Q808","(015) 1914",1
"Q808","(016) 1915",0
"Q808","(017) 1916",0
"Q808","(018) 1917",1
"Q808","(019) 1918",0
"Q808","(020) 1919",0
"Q808","(021) 1920",0
"Q808","(022) 1921",0
"Q808","(023) 1922",0
"Q808","(024) 1923",0
"Q808","(025) 1924",0
"Q808","(026) 1925",0
"Q808","(027) 1926",1
"Q808","(028) 1927",0
"Q808","(029) 1928",0
"Q808","(030) 1929",0
"Q808","(031) 1930",0
"Q808","(032) 1931",0
"Q808","(033) 1932",0
"Q808","(034) 1933",0
"Q808","(035) 1934",1
"Q808","(036) 1935",0
"Q808","(037) 1936",0
"Q808","(038) 1937",1
"Q808","(039) 1938",0
"Q808","(040) 1939",1
"Q808","(041) 1940",1
"Q808","(042) 1941",1
"Q808","(043) 1942",2
"Q808","(044) 1943",1
"Q808","(045) 1944",2
"Q808","(046) 1945",9
"Q808","(047) 1946",5
"Q808","(048) 1947",9
"Q808","(049) 1948",9
"Q808","(050) 1949",15
"Q808","(051) 1950",11
"Q808","(052) 1951",13
"Q808","(053) 1952",14
"Q808","(054) 1953",23
"Q808","(055) 1954",27
"Q808","(056) 1955",19
"Q808","(057) 1956",33
"Q808","(058) 1957",15
"Q808","(059) 1958",29
"Q808","(060) 1959",28
"Q808","(061) 1960",32
"Q808","(062) 1961",20
"Q808","(063) 1962",25
"Q808","(064) 1963",22
"Q808","(065) 1964",35
"Q808","(066) 1965",30
"Q808","(067) 1966",22
"Q808","(068) 1967",28
"Q808","(069) 1968",27
"Q808","(070) 1969",31
"Q808","(071) 1970",44
"Q808","(072) 1971",32
"Q808","(073) 1972",28
"Q808","(074) 1973",22
"Q808","(075) 1974",22
"Q808","(076) 1975",30
"Q808","(077) 1976",24
"Q808","(078) 1977",27
"Q808","(079) 1978",28
"Q808","(080) 1979",23
"Q808","(081) 1980",39
"Q808","(082) 1981",36
"Q808","(083) 1982",26
"Q808","(084) 1983",20
"Q808","(085) 1984",32
"Q808","(086) 1985",41
"Q808","(087) 1986",36
"Q808","(088) 1987",37
"Q808","(089) 1988",30
"Q808","(090) 1989",43
"Q808","(091) 1990",40
"Q808","(092) 1991",35
"Q808","(093) 1992",42
"Q808","(094) 1993",45
"Q808","(095) 1994",24
"Q808","(096) 1995",32
"Q808","(097) 1996",18
"Q808","(098) 1997",25
"Q808","(099) 1998",20
"Q808","(100) 1999",25
"Q808","(101) 2000",34
"Q808","(102) 2001",19
"Q808","(103) 2002",12
"Q808","(104) 2003",9
"Q808","(105) 2004",13
"Q808","(106) 2005",13
"Q808","(107) 2006",9
"Q808","(108) 2007",13
"Q808","(109) 2008",15
"Q808","(110) 2009",7
"Q808","(111) 2010",10
"Q808","(112) 2011",9
"Q808","(113) 2012",5
"Q808","(114) 2013",16
"Q808","(115) 2014",5
"Q808","(116) 2015",10
"Q808","(117) 2016",13
"Q808","(118) 2017",10
"Q808","(119) 2018",8
"Q808","(120) 2019",9
"Q808","(121) 2020",1
"Q808","(122) 2021",0
"Q809","(01) Both parents born in the U.S.",741
"Q809","(02) Both parents born in another country",402
"Q809","(03) Both parents born in Puerto Rico",120
"Q809","(04) 1 parent born in U.S. / 1 parent born elsewhere",289
"Q809","(88) Don",55
"Q810","(001) 1900",14
"Q810","(002) 1901",0
"Q810","(003) 1902",0
"Q810","(004) 1903",0
"Q810","(005) 1904",1
"Q810","(006) 1905",1
"Q810","(007) 1906",1
"Q810","(008) 1907",4
"Q810","(009) 1908",1
"Q810","(010) 1909",2
"Q810","(011) 1910",1
"Q810","(012) 1911",0
"Q810","(013) 1912",0
"Q810","(014) 1913",3
"Q810","(015) 1914",0
"Q810","(016) 1915",0
"Q810","(017) 1916",1
"Q810","(018) 1917",1
"Q810","(019) 1918",4
"Q810","(020) 1919",0
"Q810","(021) 1920",3
"Q810","(022) 1921",2
"Q810","(023) 1922",1
"Q810","(024) 1923",1
"Q810","(025) 1924",2
"Q810","(026) 1925",6
"Q810","(027) 1926",1
"Q810","(028) 1927",3
"Q810","(029) 1928",4
"Q810","(030) 1929",3
"Q810","(031) 1930",2
"Q810","(032) 1931",2
"Q810","(033) 1932",4
"Q810","(034) 1933",3
"Q810","(035) 1934",0
"Q810","(036) 1935",6
"Q810","(037) 1936",5
"Q810","(038) 1937",3
"Q810","(039) 1938",2
"Q810","(040) 1939",4
"Q810","(041) 1940",10
"Q810","(042) 1941",7
"Q810","(043) 1942",2
"Q810","(044) 1943",2
"Q810","(045) 1944",4
"Q810","(046) 1945",14
"Q810","(047) 1946",7
"Q810","(048) 1947",5
"Q810","(049) 1948",13
"Q810","(050) 1949",10
"Q810","(051) 1950",43
"Q810","(052) 1951",12
"Q810","(053) 1952",11
"Q810","(054) 1953",11
"Q810","(055) 1954",10
"Q810","(056) 1955",15
"Q810","(057) 1956",10
"Q810","(058) 1957",12
"Q810","(059) 1958",11
"Q810","(060) 1959",9
"Q810","(061) 1960",37
"Q810","(062) 1961",9
"Q810","(063) 1962",9
"Q810","(064) 1963",14
"Q810","(065) 1964",11
"Q810","(066) 1965",26
"Q810","(067) 1966",7
"Q810","(068) 1967",9
"Q810","(069) 1968",15
"Q810","(070) 1969",18
"Q810","(071) 1970",35
"Q810","(072) 1971",6
"Q810","(073) 1972",7
"Q810","(074) 1973",11
"Q810","(075) 1974",8
"Q810","(076) 1975",14
"Q810","(077) 1976",8
"Q810","(078) 1977",8
"Q810","(079) 1978",8
"Q810","(080) 1979",11
"Q810","(081) 1980",24
"Q810","(082) 1981",7
"Q810","(083) 1982",6
"Q810","(084) 1983",8
"Q810","(085) 1984",9
"Q810","(086) 1985",10
"Q810","(087) 1986",13
"Q810","(088) 1987",12
"Q810","(089) 1988",11
"Q810","(090) 1989",16
"Q810","(091) 1990",17
"Q810","(092) 1991",4
"Q810","(093) 1992",8
"Q810","(094) 1993",8
"Q810","(095) 1994",5
"Q810","(096) 1995",4
"Q810","(097) 1996",4
"Q810","(098) 1997",4
"Q810","(099) 1998",4
"Q810","(100) 1999",0
"Q810","(101) 2000",3
"Q810","(102) 2001",1
"Q810","(103) 2002",0
"Q810","(104) 2003",0
"Q810","(105) 2004",0
"Q810","(106) 2005",1
"Q810","(107) 2006",0
"Q810","(108) 2007",0
"Q810","(109) 2008",1
"Q810","(110) 2009",0
"Q810","(111) 2010",0
"Q810","(112) 2011",0
"Q810","(113) 2012",0
"Q810","(114) 2013",1
"Q810","(115) 2014",0
"Q810","(116) 2015",1
"Q810","(117) 2016",1
"Q810","(118) 2017",0
"Q810","(119) 2018",0
"Q810","(120) 2019",0
"Q810","(121) 2020",0
"Q810","(122) 2021",0
"Q810","(123) Don't know",103
"Q811","(001) 1900",12
"Q811","(002) 1901",1
"Q811","(003) 1902",0
"Q811","(004) 1903",2
"Q811","(005) 1904",2
"Q811","(006) 1905",2
"Q811","(007) 1906",0
"Q811","(008) 1907",3
"Q811","(009) 1908",1
"Q811","(010) 1909",1
"Q811","(011) 1910",1
"Q811","(012) 1911",1
"Q811","(013) 1912",1
"Q811","(014) 1913",1
"Q811","(015) 1914",2
"Q811","(016) 1915",1
"Q811","(017) 1916",0
"Q811","(018) 1917",1
"Q811","(019) 1918",3
"Q811","(020) 1919",4
"Q811","(021) 1920",3
"Q811","(022) 1921",2
"Q811","(023) 1922",3
"Q811","(024) 1923",5
"Q811","(025) 1924",2
"Q811","(026) 1925",2
"Q811","(027) 1926",4
"Q811","(028) 1927",2
"Q811","(029) 1928",5
"Q811","(030) 1929",4
"Q811","(031) 1930",8
"Q811","(032) 1931",3
"Q811","(033) 1932",3
"Q811","(034) 1933",7
"Q811","(035) 1934",1
"Q811","(036) 1935",4
"Q811","(037) 1936",3
"Q811","(038) 1937",3
"Q811","(039) 1938",2
"Q811","(040) 1939",6
"Q811","(041) 1940",15
"Q811","(042) 1941",7
"Q811","(043) 1942",5
"Q811","(044) 1943",10
"Q811","(045) 1944",4
"Q811","(046) 1945",18
"Q811","(047) 1946",7
"Q811","(048) 1947",9
"Q811","(049) 1948",11
"Q811","(050) 1949",13
"Q811","(051) 1950",39
"Q811","(052) 1951",8
"Q811","(053) 1952",8
"Q811","(054) 1953",7
"Q811","(055) 1954",4
"Q811","(056) 1955",11
"Q811","(057) 1956",13
"Q811","(058) 1957",4
"Q811","(059) 1958",17
"Q811","(060) 1959",11
"Q811","(061) 1960",26
"Q811","(062) 1961",8
"Q811","(063) 1962",8
"Q811","(064) 1963",13
"Q811","(065) 1964",8
"Q811","(066) 1965",14
"Q811","(067) 1966",5
"Q811","(068) 1967",8
"Q811","(069) 1968",18
"Q811","(070) 1969",16
"Q811","(071) 1970",36
"Q811","(072) 1971",6
"Q811","(073) 1972",11
"Q811","(074) 1973",8
"Q811","(075) 1974",9
"Q811","(076) 1975",24
"Q811","(077) 1976",10
"Q811","(078) 1977",5
"Q811","(079) 1978",4
"Q811","(080) 1979",6
"Q811","(081) 1980",33
"Q811","(082) 1981",7
"Q811","(083) 1982",3
"Q811","(084) 1983",8
"Q811","(085) 1984",10
"Q811","(086) 1985",20
"Q811","(087) 1986",7
"Q811","(088) 1987",7
"Q811","(089) 1988",9
"Q811","(090) 1989",12
"Q811","(091) 1990",16
"Q811","(092) 1991",1
"Q811","(093) 1992",7
"Q811","(094) 1993",4
"Q811","(095) 1994",1
"Q811","(096) 1995",0
"Q811","(097) 1996",5
"Q811","(098) 1997",6
"Q811","(099) 1998",1
"Q811","(100) 1999",2
"Q811","(101) 2000",0
"Q811","(102) 2001",2
"Q811","(103) 2002",0
"Q811","(104) 2003",0
"Q811","(105) 2004",0
"Q811","(106) 2005",0
"Q811","(107) 2006",0
"Q811","(108) 2007",1
"Q811","(109) 2008",1
"Q811","(110) 2009",1
"Q811","(111) 2010",0
"Q811","(112) 2011",0
"Q811","(113) 2012",0
"Q811","(114) 2013",0
"Q811","(115) 2014",0
"Q811","(116) 2015",2
"Q811","(117) 2016",1
"Q811","(118) 2017",2
"Q811","(119) 2018",0
"Q811","(120) 2019",0
"Q811","(121) 2020",0
"Q811","(122) 2021",0
"Q811","(123) Don't know",122
"Q812","(01) All 4 grandparents born in U.S.",292
"Q812","(02) 3 grandparents born in U.S. / 1 elsewhere",108
"Q812","(03) 2 grandparents born in U.S. / 2 elsewhere",279
"Q812","(04) 1 grandparents born in U.S. / 3 elsewhere",61
"Q812","(05) All 4 grandparents born outside U.S.",150
"Q812","(88) Don",140
"Q813","(01) Less than $20,000",187
"Q813","(02) $20,000 to $29,999",150
"Q813","(03) $30,000 to $39,999",175
"Q813","(04) $40,000 to $49,999",178
"Q813","(05) $50,000 to $59,999",196
"Q813","(06) $60,000 to $69,999",134
"Q813","(07) $70,000 to $79,999",162
"Q813","(08) $80,000 to $89,999",106
"Q813","(09) $90,000 to $99,999",137
"Q813","(10) $100,000 to $149,999",317
"Q813","(11) $150,000 to $199,999",106
"Q813","(12) $200,000 or more",95
"Q813","(99) Prefer not to answer",139
"Q814","(1) Employed full-time",1005
"Q814","(2) Employed part-time",214
"Q814","(3) A full-time student",59
"Q814","(4) Retired",414
"Q814","(5) Currently unemployed",220
"Q814","(6) Homemaker",170
"Q815","(1) Plan through your employer",847
"Q815","(2) Plan through your spouse",243
"Q815","(3) Plan you purchased yourself",131
"Q815","(4) Medicare",414
"Q815","(5) Medicaid",173
"Q815","(6) Plan through another government source",72
"Q815","(7) Other (SPECIFY)",64
"Q815","(8) I do not have health insurance",138
"Q816","(1) Very often",524
"Q816","(2) Somewhat often",367
"Q816","(3) Occasionally",422
"Q816","(4) Not too often",364
"Q816","(5) Never",405
"Q817","(1) Very often",0
"Q817","(2) Somewhat often",0
"Q817","(3) Occasionally",0
"Q817","(4) Not too often",0
"Q817","(5) Never",0
"Q818","(1) Very often",31
"Q818","(2) Somewhat often",19
"Q818","(3) Occasionally",28
"Q818","(4) Not too often",0
"Q818","(5) Never",219
"Q819","(1) Very well",52
"Q819","(2) Somewhat well",44
"Q819","(3) Only a little",35
"Q819","(4) Not at all",180
"Q820","(1) Very",1485
"Q820","(2) Somewhat often",260
"Q820","(3) Occasionally",205
"Q820","(4) Not too often",54
"Q820","(5) Almost never",78
"Q821J","(1) None of them",3
"Q821J","(2) Some of them",17
"Q821J","(3) About half of them",9
"Q821J","(4) Most of them",1
"Q821J","(5) Almost all of them",3
"Q825J","(1) Nothing to do with what happens in my life",3
"Q825J","(2) Only a little to do with what happens in my life",2
"Q825J","(3) Something to do with what happens in my life",8
"Q825J","(4) A lot to do with what happens in my life",8
"Q825J","(5) A huge amount to do with what happens in my life",12
"Q822J","(1) A lot less than it currently does",1
"Q822J","(2) A little less",0
"Q822J","(3) About the same",14
"Q822J","(4) A little more",5
"Q822J","(5) A lot more",13
"Q823J","(1) A lot less than it currently does",0
"Q823J","(2) A little less",2
"Q823J","(3) About the same",5
"Q823J","(4) A little more",5
"Q823J","(5) A lot more",21
"Q824J","(1) Strongly disagree",0
"Q824J","(2) Disagree",0
"Q824J","(3) Neither agree nor disagree",6
"Q824J","(4) Agree",8
"Q824J","(5) Strongly agree",19
"Q822K","(1) A lot less than it currently does",2
"Q822K","(2) A little less",1
"Q822K","(3) About the same",16
"Q822K","(4) A little more",7
"Q822K","(5) A lot more",8
"Q825K","(1) Nothing to do with what happens in my life",5
"Q825K","(2) Only a little to do with what happens in my life",2
"Q825K","(3) Something to do with what happens in my life",16
"Q825K","(4) A lot to do with what happens in my life",2
"Q825K","(5) A huge amount to do with what happens in my life",9
"Q821K","(1) None of them",2
"Q821K","(2) Some of them",16
"Q821K","(3) About half of them",10
"Q821K","(4) Most of them",2
"Q821K","(5) Almost all of them",4
"Q823K","(1) A lot less than it currently does",0
"Q823K","(2) A little less",4
"Q823K","(3) About the same",16
"Q823K","(4) A little more",2
"Q823K","(5) A lot more",12
"Q824K","(1) Strongly disagree",0
"Q824K","(2) Disagree",4
"Q824K","(3) Neither agree nor disagree",10
"Q824K","(4) Agree",3
"Q824K","(5) Strongly agree",17
"Q823L","(1) A lot less than it currently does",6
"Q823L","(2) A little less",1
"Q823L","(3) About the same",5
"Q823L","(4) A little more",9
"Q823L","(5) A lot more",16
"Q825L","(1) Nothing to do with what happens in my life",5
"Q825L","(2) Only a little to do with what happens in my life",6
"Q825L","(3) Something to do with what happens in my life",7
"Q825L","(4) A lot to do with what happens in my life",4
"Q825L","(5) A huge amount to do with what happens in my life",15
"Q821L","(1) None of them",3
"Q821L","(2) Some of them",26
"Q821L","(3) About half of them",4
"Q821L","(4) Most of them",3
"Q821L","(5) Almost all of them",1
"Q822L","(1) A lot less than it currently does",3
"Q822L","(2) A little less",3
"Q822L","(3) About the same",8
"Q822L","(4) A little more",8
"Q822L","(5) A lot more",15
"Q824L","(1) Strongly disagree",3
"Q824L","(2) Disagree",1
"Q824L","(3) Neither agree nor disagree",2
"Q824L","(4) Agree",8
"Q824L","(5) Strongly agree",23
"Q824M","(1) Strongly disagree",1
"Q824M","(2) Disagree",1
"Q824M","(3) Neither agree nor disagree",6
"Q824M","(4) Agree",13
"Q824M","(5) Strongly agree",20
"Q825M","(1) Nothing to do with what happens in my life",2
"Q825M","(2) Only a little to do with what happens in my life",5
"Q825M","(3) Something to do with what happens in my life",13
"Q825M","(4) A lot to do with what happens in my life",9
"Q825M","(5) A huge amount to do with what happens in my life",12
"Q821M","(1) None of them",2
"Q821M","(2) Some of them",20
"Q821M","(3) About half of them",12
"Q821M","(4) Most of them",5
"Q821M","(5) Almost all of them",2
"Q822M","(1) A lot less than it currently does",1
"Q822M","(2) A little less",1
"Q822M","(3) About the same",15
"Q822M","(4) A little more",14
"Q822M","(5) A lot more",10
"Q823M","(1) A lot less than it currently does",0
"Q823M","(2) A little less",1
"Q823M","(3) About the same",11
"Q823M","(4) A little more",9
"Q823M","(5) A lot more",20
"Q825N","(1) Nothing to do with what happens in my life",6
"Q825N","(2) Only a little to do with what happens in my life",2
"Q825N","(3) Something to do with what happens in my life",8
"Q825N","(4) A lot to do with what happens in my life",5
"Q825N","(5) A huge amount to do with what happens in my life",14
"Q821N","(1) None of them",2
"Q821N","(2) Some of them",19
"Q821N","(3) About half of them",8
"Q821N","(4) Most of them",6
"Q821N","(5) Almost all of them",0
"Q822N","(1) A lot less than it currently does",3
"Q822N","(2) A little less",1
"Q822N","(3) About the same",10
"Q822N","(4) A little more",13
"Q822N","(5) A lot more",8
"Q823N","(1) A lot less than it currently does",1
"Q823N","(2) A little less",1
"Q823N","(3) About the same",7
"Q823N","(4) A little more",7
"Q823N","(5) A lot more",19
"Q824N","(1) Strongly disagree",2
"Q824N","(2) Disagree",0
"Q824N","(3) Neither agree nor disagree",9
"Q824N","(4) Agree",6
"Q824N","(5) Strongly agree",18
"Q821","(1) None of them",12
"Q821","(2) Some of them",98
"Q821","(3) About half of them",43
"Q821","(4) Most of them",17
"Q821","(5) Almost all of them",10
"Q822","(1) A lot less than it currently does",10
"Q822","(2) A little less",6
"Q822","(3) About the same",63
"Q822","(4) A little more",47
"Q822","(5) A lot more",54
"Q823","(1) A lot less than it currently does",7
"Q823","(2) A little less",9
"Q823","(3) About the same",44
"Q823","(4) A little more",32
"Q823","(5) A lot more",88
"Q824","(1) Strongly disagree",6
"Q824","(2) Disagree",6
"Q824","(3) Neither agree nor disagree",33
"Q824","(4) Agree",38
"Q824","(5) Strongly agree",97
"Q826R1","(0) NO TO: Family",69
"Q826R1","(1) Family",111
"Q826R2","(0) NO TO: Friends",53
"Q826R2","(1) Friends",127
"Q826R3","(0) NO TO: Co-workers",102
"Q826R3","(1) Co-workers",78
"Q826R4","(0) NO TO: Social media",118
"Q826R4","(1) Social media",62
"Q826R5","(0) NO TO: Everyone",126
"Q826R5","(1) Everyone",54
"Q826R7","(0) NO TO: Management at my place of employment",147
"Q826R7","(1) Management at my place of employment",33
"Q826R6","(0) NO TO: No one",160
"Q826R6","(1) No one",20
