"spec","population","item","retained_refits","rank_mean","rank_min","rank_median","rank_max","importance_mean","importance_min","importance_max","ordered_position","adjacent_gap","label"
"diagnostic","All voters","Q15",3,1,1,1,1,0.154350469874862,0.144389642971419,0.171176673970759,1,0.088759791428732,"Congressional vote"
"diagnostic","All voters","Q614",3,2,2,2,2,0.0655906784461297,0.0594494951258587,0.0700195018045522,2,0.0232571943927411,"Trump immigration-policy approval"
"diagnostic","All voters","Q2R1",3,3,3,3,3,0.0423334840533886,0.0323737452605888,0.0483055131257127,3,0.0140293168445578,"Trump favorability"
"diagnostic","All voters","Q130",3,4.33333333333333,4,4,5,0.0283041672088308,0.0145031947614535,0.0384975494848195,4,0.0121438277578331,"Trump responsibility for COVID-19"
"diagnostic","All voters","Q54",3,5.33333333333333,5,5,6,0.0161603394509977,0.013049271794424,0.0179526832769211,5,0.00427782343280767,"Trump responsibility for January 6"
"diagnostic","All voters","Q2R3",3,7.66666666666667,6,6,11,0.01188251601819,0.00709037875277537,0.0156853506665189,6,0.000600514554721328,"Biden favorability"
"diagnostic","All voters","Q195A2",3,7,7,7,7,0.0112820014634687,0.00972226586691327,0.0126394637255303,7,0.00128377844693238,"Ranked-choice vignette (short, 10 candidates)"
"diagnostic","All voters","Q195A1",3,7.66666666666667,4,9,10,0.00999822301653631,0.00679349424294206,0.0155239609367891,8,0.00153128547360452,"Ranked-choice vignette (short, 4 candidates)"
"diagnostic","All voters","Q195B2",3,9.33333333333333,8,9,11,0.00846693754293179,0.00643736303435903,0.0110568692691319,9,0.00149039079002972,"Ranked-choice vignette (long, 10 candidates)"
"diagnostic","All voters","Q2R4",3,17,8,8,35,0.00697654675290207,0.00058670255588459,0.0118620398581091,10,0.000513437343222643,"Harris favorability"
"diagnostic","All voters","Q195B1",3,11.3333333333333,9,10,15,0.00646310940967942,0.00436612921688242,0.00856588598069248,11,0.000162654250666873,"Ranked-choice vignette (long, 4 candidates)"
"diagnostic","All voters","Q197A1",3,12,10,12,14,0.00630045515901255,0.00473861245785689,0.00800059710509551,12,0.00113695937476011,"Single-choice vignette (short, 4 candidates)"
"diagnostic","All voters","Q197B1",3,12.6666666666667,12,12,14,0.00516349578425244,0.0043824656689548,0.00557277550250036,13,0.00151296500049314,"Single-choice vignette (long, 4 candidates)"
"diagnostic","All voters","Q21",3,15.6666666666667,13,13,21,0.0036505307837593,0.000910703414400035,0.00520441427581233,14,0.000383108676141067,"Party identification"
"diagnostic","All voters","Q52",3,16.6666666666667,13,18,19,0.00326742210761824,0.00284889923972987,0.00370294990238286,15,4.90137808803644e-05,"Fraud claim after Biden certification"
"diagnostic","All voters","Q24",3,35.6666666666667,11,16,80,0.00321840832673787,0.000261800468690602,0.00565905689470062,16,0.000495780661853722,"Republican party history"
"diagnostic","All voters","Q197B2",3,19.3333333333333,15,17,26,0.00272262766488415,0.00155521158145257,0.00351229428274225,17,0.000107525745211637,"Single-choice vignette (long, 10 candidates)"
"diagnostic","All voters","Q197A2",3,20,14,21,25,0.00261510191967251,0.00180367919758345,0.00349927111519509,18,0.000221154856892221,"Single-choice vignette (short, 10 candidates)"
"diagnostic","All voters","Q25",3,48.6666666666667,16,20,110,0.00239394706278029,0.000192595180112057,0.00430635174385362,19,9.51699737222378e-05,"Democratic party history"
"diagnostic","All voters","Q2R7",3,23,15,21,33,0.00229877708905805,0.000599624043435568,0.00406057394679876,20,0.000132519737213628,"Hillary Clinton favorability"
"diagnostic","All voters","Q2R9",3,20,19,19,22,0.00216625735184443,0.00146834134927493,0.00284408253782415,21,2.61379106461521e-05,"Michelle Obama favorability"
"diagnostic","All voters","Q22",3,21.3333333333333,18,22,24,0.00214011944119827,0.00183221255651364,0.0024808466670423,22,0.000250433945144096,"Partisan strength"
"diagnostic","All voters","Q51",3,23,18,23,28,0.00188968549605418,0.000877459328168512,0.00349026454644784,23,0.000214811479729036,"Fraud claim after election"
"diagnostic","All voters","Q2R8",3,24.6666666666667,17,28,29,0.00167487401632514,0.00118980317787492,0.00220716968859321,24,3.60962830543059e-06,"Melania Trump favorability"
"diagnostic","All voters","Q308R7",3,24.3333333333333,16,27,30,0.00167126438801971,0.00107956341613491,0.00230512332735809,25,1.84728467469007e-05,"BLM warmth"
"diagnostic","All voters","Q1",3,37.3333333333333,20,27,65,0.00165279154127281,0.000330833179076615,0.00314256054609272,26,4.95846827712186e-05,"Issue priorities (eligible components)"
"diagnostic","All voters","Q55",3,32.6666666666667,17,30,51,0.00160320685850159,0.000423324934219283,0.00322707702694715,27,0.00026206265648039,"Republican challenge to certification"
"diagnostic","All voters","Q2R5",3,48,24,26,94,0.0013411442020212,0.000222161204485476,0.00204511894466557,28,2.33409763702409e-05,"Barack Obama favorability"
"diagnostic","All voters","Q2R10",3,26.3333333333333,20,23,36,0.00131780322565096,0.000623352757887288,0.00214895429998851,29,0.000201984320708894,"Jill Biden favorability"
"diagnostic","All voters","Q504R11",3,28,25,28,31,0.00111581890494207,0.000690341087387521,0.00162074478410818,30,3.91703929484937e-05,"Anxiety from Trump"
"diagnostic","All voters","Q607_Q610R2",3,38.3333333333333,23,44,48,0.00107664851199357,0.000473032558218903,0.0021739717467261,31,0.000283968285857426,"Threat to American way of life (least-liked group)"
"diagnostic","All voters","Q43",3,33.6666666666667,32,33,36,0.000792680226136149,0.000569257016118538,0.000983663929625051,32,0.000127239060005396,"Ideology"
"diagnostic","All voters","Q428",3,34.6666666666667,29,35,40,0.000665441166130753,0.000633801782125632,0.000692068848359203,33,9.89789908343328e-06,"Q428"
"diagnostic","All voters","Q295",3,41,31,42,50,0.00065554326704732,0.000471330272232861,0.000986324191292353,34,4.3737427176799e-06,"Identity point allocation (no party)"
"diagnostic","All voters","Q23",3,41.6666666666667,34,34,57,0.00065116952432964,0.000387020450551558,0.000807557991403572,35,1.71000420926279e-05,"Party leaning"
"diagnostic","All voters","Q575_Q581R1",3,38,24,39,51,0.000634069482237012,0.000429184322417095,0.000776707941356312,36,2.8462218720503e-05,"Q575_Q581R1"
"diagnostic","All voters","Q2R2",3,61,29,61,93,0.000605607263516509,0.000225846729286569,0.00124152664259621,37,7.6037435424274e-07,"Pence favorability"
"diagnostic","All voters","Q98",3,38,25,44,45,0.000604846889162266,0.000470694518986725,0.00076573991904342,38,3.35300614254039e-05,"Q98"
"diagnostic","All voters","Q308R6",3,44.6666666666667,22,53,59,0.000571316827736862,0.000402852476146596,0.000889984017475193,39,3.64274805679759e-06,"MeToo warmth"
"diagnostic","All voters","Q326R5",3,48,32,53,59,0.000567674079680065,0.000376393622142996,0.000874788387713778,40,5.64876854437259e-06,"Q326R5"
"diagnostic","All voters","Q606",3,44.3333333333333,35,44,54,0.000562025311135692,0.000420997673171009,0.000781855158997236,41,1.72537146845664e-06,"Most-disliked groups: ranking"
"diagnostic","All voters","Q607_Q610R3",3,45.6666666666667,36,37,64,0.000560299939667236,0.000349526559922839,0.000729547451023367,42,2.92193000547662e-07,"Ban public rallies (least-liked group)"
"diagnostic","All voters","Q326R4",3,41.3333333333333,27,39,58,0.000560007746666688,0.000405890913020217,0.000706837446213893,43,5.03611743489394e-05,"Q326R4"
"diagnostic","All voters","Q60",3,54.6666666666667,32,37,95,0.000509646572317749,0.000224643751940587,0.000701895368328521,44,5.86160969222587e-06,"Theological self-identification"
"diagnostic","All voters","Q50",3,44.6666666666667,40,43,51,0.000503784962625523,0.000468939103367979,0.000555380461127427,45,1.38661154268696e-06,"Q50"
"diagnostic","All voters","Q48",3,46.3333333333333,38,39,62,0.000502398351082836,0.000372786550885491,0.000582217892742804,46,1.02871466362031e-05,"Q48"
"diagnostic","All voters","Q607_Q610R1",3,45.6666666666667,41,42,54,0.000492111204446633,0.000437096347437243,0.000525978431295872,47,1.08021979152164e-05,"Threat to family safety (least-liked group)"
"diagnostic","All voters","Q774",3,74.6666666666667,33,60,131,0.000481309006531416,0.000163107286540049,0.000914719487635688,48,5.36328266145591e-06,"Q774"
"diagnostic","All voters","Q607_Q610R4",3,53.6666666666667,38,45,78,0.00047594572386996,0.0002632959813151,0.000698847253173964,49,1.48708330476981e-05,"Ban candidacy (least-liked group)"
"diagnostic","All voters","Q359R2",3,52.3333333333333,31,41,85,0.000461074890822262,0.000250098211284538,0.000603556534533289,50,7.16155481211259e-06,"Own group benefits from BLM"
"diagnostic","All voters","Q475",3,50.3333333333333,37,56,58,0.00045391333601015,0.000376923400647099,0.000567365880374757,51,8.80744808676176e-06,"Q475"
"diagnostic","All voters","Q32",3,54,30,61,71,0.000445105887923388,0.000318161305080452,0.000624659576325523,52,7.42304128676052e-06,"Q32"
"diagnostic","All voters","Q325_BLW",3,66.3333333333333,34,47,118,0.000437682846636627,0.000187018338205762,0.000593443447708581,53,4.35083428409723e-05,"Q325_BLW"
"diagnostic","All voters","Q504R12",3,126.666666666667,41,48,291,0.000394174503795655,8.00204215058712e-05,0.000657847336206498,54,2.79881099892544e-06,"Anxiety from Biden"
"diagnostic","All voters","Q58",3,60.3333333333333,48,58,75,0.00039137569279673,0.000305289443255713,0.00048247188271224,55,7.74335581441802e-07,"Religious identification"
"diagnostic","All voters","Q539",3,66,43,70,85,0.000390601357215288,0.000268400862033103,0.000599610597870616,56,1.42342821103333e-06,"Q539"
"diagnostic","All voters","Q323_BLW",3,58.3333333333333,45,59,71,0.000389177929004254,0.00031420427364085,0.000478517101442243,57,3.81151479874811e-06,"Q323_BLW"
"diagnostic","All voters","Q326R1",3,60.6666666666667,46,50,86,0.000385366414205506,0.00024980688159129,0.000475005490840012,58,4.20104504092976e-06,"Q326R1"
"diagnostic","All voters","VQ774",3,94.6666666666667,42,52,190,0.000381165369164577,0.000113797056729618,0.000607241956823091,59,5.34471070085863e-06,"VQ774"
"diagnostic","All voters","Q676_Q678R1",3,91.3333333333333,26,88,160,0.000375820658463718,0.000140686162023472,0.000742659729665054,60,4.33818085945084e-06,"Q676_Q678R1"
"diagnostic","All voters","Q800",3,64.3333333333333,40,72,81,0.000371482477604267,0.000265652920430661,0.00053598703772224,61,9.05758210018704e-06,"Q800"
"diagnostic","All voters","Q603",3,61.3333333333333,57,60,67,0.00036242489550408,0.000333002170918091,0.000380163043592805,62,3.61457897147632e-06,"Q603"
"diagnostic","All voters","Q28",3,62.6666666666667,54,66,68,0.000358810316532604,0.000322874310232356,0.000407221956855517,63,3.3091702663801e-06,"Groups associated with Republicans"
"diagnostic","All voters","Q324",3,62,56,63,67,0.000355501146266224,0.000309085149376855,0.00038856846552732,64,3.23262997425694e-07,"Q324"
"diagnostic","All voters","Q315",3,63,62,62,65,0.000355177883268798,0.000347077728857844,0.000362641561476841,65,1.33941725463194e-06,"Q315"
"diagnostic","All voters","Q49",3,71,50,60,103,0.000353838466014166,0.000213665944396373,0.000454844877428626,66,2.94803865187945e-06,"Q49"
"diagnostic","All voters","Q684",3,70.6666666666667,47,57,108,0.000350890427362287,0.00019802979478831,0.000445363968818735,67,9.24999079576929e-06,"Q684"
"diagnostic","All voters","Q184R1",3,68,52,75,77,0.000341640436566517,0.000269186251446055,0.000455549218777104,68,1.00956367005437e-05,"Border priority despite migrant deaths"
"diagnostic","All voters","Q575_Q581R2",3,72.6666666666667,49,72,97,0.000331544799865974,0.000224021364057817,0.000476858603104527,69,7.19981537309803e-06,"Q575_Q581R2"
"diagnostic","All voters","S3",3,85.3333333333333,38,82,136,0.000324344984492876,0.000157189973181087,0.000552236484315615,70,7.04584749949074e-06,"Sexual orientation"
"diagnostic","All voters","Q76",3,71.3333333333333,61,75,78,0.000317299136993385,0.00029329186821247,0.000361164708309607,71,5.88193037423751e-06,"Q76"
"diagnostic","All voters","Q281",3,94.6666666666667,49,69,166,0.000311417206619147,0.000135092683397378,0.000472534954094893,72,1.03645647761474e-05,"Q281"
"diagnostic","All voters","Q131R12",3,101.333333333333,46,111,147,0.000301052641843,0.00014437780767064,0.000567068249278487,73,5.67119716656412e-06,"Q131R12"
"diagnostic","All voters","Q225R11",3,75.3333333333333,66,68,92,0.000295381444676436,0.000226089697472071,0.000332375724657906,74,2.88090079273199e-06,"Republicans: support/threat to own vision"
"diagnostic","All voters","Q520",3,87.3333333333333,55,66,141,0.000292500543883704,0.000156449402761036,0.000402759212343517,75,3.91741841232956e-06,"Q520"
"diagnostic","All voters","Q806",3,129.666666666667,47,73,269,0.000288583125471374,8.45205865185262e-05,0.000473042352721016,76,4.42332800284654e-06,"Q806"
"diagnostic","All voters","Q53",3,107.666666666667,55,74,194,0.000284159797468528,0.000112330897406824,0.000429820565161346,77,1.40381828340353e-05,"Description of January 6 events"
"diagnostic","All voters","VQ773",3,113.333333333333,64,64,212,0.000270121614634492,0.000103933773366395,0.000367349440812648,78,1.87767597467593e-07,"VQ773"
"diagnostic","All voters","Q773",3,85.6666666666667,65,76,116,0.000269933847037025,0.000184030730054908,0.000336683875505361,79,2.35654650646775e-06,"Q773"
"diagnostic","All voters","Q70R2",3,112.666666666667,53,78,207,0.000267577300530557,0.00010875958907555,0.000411519708766538,80,7.02747710940477e-06,"Q70R2"
"diagnostic","All voters","Q811",3,103,46,113,150,0.000260549823421152,0.000143119402596776,0.00044881535974544,81,4.1528989787017e-07,"Q811"
"diagnostic","All voters","Q39",3,87.3333333333333,63,84,115,0.000260134533523282,0.000188368966652763,0.000346542991070585,82,5.86200937525256e-07,"Q39"
"diagnostic","All voters","Q349",3,131.333333333333,49,82,263,0.000259548332585757,8.93883245923777e-05,0.000437331304936322,83,5.55847875384827e-06,"Q349"
"diagnostic","All voters","Q31",3,104.666666666667,55,92,167,0.000253989853831909,0.000134561706060452,0.000401023493605423,84,8.7676756899233e-08,"Q31"
"diagnostic","All voters","Q358",3,251.333333333333,43,94,617,0.000253902177075009,2.88388284954564e-05,0.000513384664947436,85,5.38837656821953e-06,"BLM movement support"
"diagnostic","All voters","Q308R5",3,139,56,79,282,0.00024851380050679,8.09899981964906e-05,0.000390341387759827,86,5.0244046052783e-06,"Climate activists warmth"
"diagnostic","All voters","Q178R2",3,90,82,83,105,0.000243489395901512,0.000204270638896586,0.000275040955753476,87,3.37076385280942e-06,"Q178R2"
"diagnostic","All voters","Q27",3,88,79,89,96,0.000240118632048702,0.000224288762373624,0.000263016876575042,88,8.61955156422278e-06,"Groups associated with Democrats"
"diagnostic","All voters","Q575_Q581R3",3,100.666666666667,69,99,134,0.000231499080484479,0.000163114632911432,0.000322012170794354,89,1.8501234035534e-07,"Q575_Q581R3"
"diagnostic","All voters","Q287R6",3,99.6666666666667,74,100,125,0.000231314068144124,0.000168855058676943,0.000304092926377212,90,2.21625778073332e-06,"Q287R6"
"diagnostic","All voters","Q332",3,138.666666666667,52,118,246,0.000229097810363391,9.0875676575261e-05,0.000413117665882002,91,4.95333269224279e-06,"Q332"
"diagnostic","All voters","Q329",3,103.333333333333,80,91,139,0.000224144477671148,0.000156270223577819,0.000289660541434052,92,1.94283692377397e-06,"Groups Congress should attend to"
"diagnostic","All voters","Q308R1",3,107,70,114,137,0.000222201640747374,0.000159874346543192,0.000318980591830986,93,4.44382972684853e-06,"Undocumented immigrants warmth"
"diagnostic","All voters","Q348",3,157,77,79,315,0.000217757811020525,7.47231652002026e-05,0.000293605476076847,94,9.63942285942888e-07,"Q348"
"diagnostic","All voters","Q116",3,101.666666666667,89,92,124,0.000216793868734583,0.00017675850128631,0.000239211732170776,95,2.47546586183944e-06,"Q116"
"diagnostic","All voters","Q633",3,148.333333333333,70,89,286,0.000214318402872743,8.13503584202099e-05,0.000314275227556764,96,7.60590131040822e-06,"Q633"
"diagnostic","All voters","Q335",3,123,76,93,200,0.000206712501562335,0.000114477822112587,0.000267104376569992,97,2.55765771165018e-06,"Q335"
"diagnostic","All voters","Q504R4",3,126.333333333333,69,112,198,0.000204154843850685,0.00011496640103256,0.000305819831412662,98,6.74795780682873e-07,"Q504R4"
"diagnostic","All voters","Q799",3,105.666666666667,101,101,115,0.000203480048070002,0.000188263794511863,0.000213456819258077,99,2.01782241805124e-06,"Q799"
"diagnostic","All voters","S10",3,107,90,105,126,0.000201462225651951,0.000167518697121388,0.000228899267536245,100,1.93162211622848e-06,"S10"
"diagnostic","All voters","Q38",3,109.333333333333,99,113,116,0.000199530603535722,0.000186327593013724,0.000223752971597471,101,2.17856654366396e-07,"Q38"
"diagnostic","All voters","Q29",3,120.333333333333,81,99,181,0.000199312746881356,0.000125245732446964,0.000258483671061759,102,5.46886834126956e-06,"Q29"
"diagnostic","All voters","Q268",3,163.666666666667,73,112,306,0.000193843878540086,7.8491994157349e-05,0.000312576876261056,103,3.52920871584734e-06,"Q268"
"diagnostic","All voters","Q544",3,291.333333333333,72,90,712,0.000190314669824239,1.47877700831405e-05,0.000310098978406429,104,9.2752832453233e-07,"Q544"
"diagnostic","All voters","Q745",3,134,81,136,185,0.000189387141499706,0.000122125542182316,0.000288510018933616,105,3.94046095750155e-06,"Q745"
"diagnostic","All voters","Q154R1",3,224,77,88,507,0.000185446680542205,4.15153200713495e-05,0.000264883425005403,106,9.75408079995993e-06,"Pride in flag or national anthem"
"diagnostic","All voters","Q518",3,130,104,111,175,0.000175692599742245,0.000123614972629418,0.000210838173562275,107,8.26077972051526e-07,"Q518"
"diagnostic","All voters","Q808",3,126.666666666667,102,133,145,0.000174866521770193,0.000145613841491265,0.00021515275151264,108,5.11971367825255e-07,"Q808"
"diagnostic","All voters","Q575_Q581R6",3,125.666666666667,103,128,146,0.000174354550402368,0.000149088003092433,0.000209769645102366,109,1.69408702229042e-06,"Q575_Q581R6"
"diagnostic","All voters","Q366",3,261.333333333333,84,100,600,0.000172660463380078,3.10072065146692e-05,0.000272851279664577,110,1.75442103928818e-06,"Q366"
"diagnostic","All voters","Q301",3,129.333333333333,108,122,158,0.00017090604234079,0.000137349144709335,0.000196178069804725,111,8.79938525107717e-07,"Identity point allocation (with party)"
"diagnostic","All voters","Q239R3",3,173.666666666667,73,150,298,0.000170026103815682,8.04083620375656e-05,0.000282486496568073,112,2.88614629715412e-06,"Q239R3"
"diagnostic","All voters","Q551_Q559R7",3,182.666666666667,76,192,280,0.000167139957518528,8.5002212135672e-05,0.000303367124629197,113,2.17727785712854e-07,"Q551_Q559R7"
"diagnostic","All voters","Q742",3,152.666666666667,95,117,246,0.000166922229732815,9.44230073777828e-05,0.000219022045544153,114,1.2985302489052e-06,"Q742"
"diagnostic","All voters","Q752",3,303.666666666667,63,177,671,0.00016562369948391,1.44312520491964e-05,0.000355655722464779,115,1.66516840740725e-06,"Q752"
"diagnostic","All voters","Q131R8",3,185.333333333333,86,122,348,0.000163958531076503,6.80033197979731e-05,0.00024325564534411,116,1.10519120463971e-06,"Q131R8"
"diagnostic","All voters","Q797",3,168.333333333333,94,119,292,0.000162853339871863,8.12796942099353e-05,0.000229888077751672,117,1.39224038236008e-07,"Q797"
"diagnostic","All voters","Q202",3,151,97,127,229,0.000162714115833627,9.71202688172872e-05,0.000216758748649977,118,6.80296410793832e-07,"Q202"
"diagnostic","All voters","Q816",3,298.666666666667,68,120,708,0.000162033819422833,0,0.000305849831272978,119,1.2462663231665e-06,"Q816"
"diagnostic","All voters","Q491",3,178,74,206,254,0.000160787553099666,9.14970797055732e-05,0.00028072040115366,120,1.32933130402157e-06,"Q491"
"diagnostic","All voters","Q560R6",3,155.333333333333,90,162,214,0.000159458221795645,0.000106997566858874,0.000230801293291858,121,1.81319448686976e-06,"Q560R6"
"diagnostic","All voters","S5",3,161,88,168,227,0.000157645027308775,0.000102241701388556,0.000236972955664069,122,8.50300162913913e-07,"Birth year"
"diagnostic","All voters","Q350",3,254,67,318,377,0.000156794727145861,6.49338027536427e-05,0.000330213850122323,123,9.16508117607617e-08,"Q350"
"diagnostic","All voters","Q359R1",3,179.333333333333,85,147,306,0.0001567030763341,7.57934571040636e-05,0.00024401617047693,124,2.81664507445441e-07,"Q359R1"
"diagnostic","All voters","Q683",3,140.333333333333,125,142,154,0.000156421411826655,0.000144049609630749,0.00017430859169861,125,2.51452213375925e-07,"Voting Rights Act necessity"
"diagnostic","All voters","Q512",3,157.333333333333,109,125,238,0.000156169959613279,9.45438505857992e-05,0.000198912615949493,126,3.06792952618653e-06,"Q512"
"diagnostic","All voters","Q597_Q602R1",3,170.666666666667,108,120,284,0.000153102030087093,8.06771123377308e-05,0.000201700029438504,127,2.44293885192799e-06,"Q597_Q602R1"
"diagnostic","All voters","S4",3,151,117,134,202,0.000150659091235165,0.000106720303076303,0.000185486330085597,128,4.6284389225486e-07,"State of residence"
"diagnostic","All voters","Q213R2",3,148.666666666667,127,143,176,0.00015019624734291,0.000126942982335737,0.000173008313037037,129,4.36264014155678e-07,"Q213R2"
"diagnostic","All voters","Q206",3,146.333333333333,133,152,154,0.000149759983328754,0.000140614754088672,0.000162959139513165,130,2.29881597055769e-06,"Q206"
"diagnostic","All voters","Q796",3,151,132,142,179,0.000147461167358196,0.000125890268172385,0.00016134500625256,131,5.79821544168234e-07,"Q796"
"diagnostic","All voters","Q813",3,157,107,171,193,0.000146881345814028,0.000117645638919904,0.000196541102509834,132,3.97379907236979e-08,"Q813"
"diagnostic","All voters","Q178R1",3,213.333333333333,87,173,380,0.000146841607823304,6.20068176462258e-05,0.000252926862534377,133,1.55445598952375e-06,"Q178R1"
"diagnostic","All voters","Q308R2",3,152.666666666667,131,144,183,0.000145287151833781,0.000118540187022074,0.000163583541050622,134,4.09883070609897e-07,"Gun owners warmth"
"diagnostic","All voters","Q790",3,170.333333333333,101,200,210,0.000144877268763171,0.000107439481705702,0.000218039375756375,135,1.44082710144388e-08,"Q790"
"diagnostic","All voters","Q33R1",3,160.333333333333,110,182,189,0.000144862860492156,0.00011414248439324,0.000196269256638948,136,3.31602920515713e-07,"Q33R1"
"diagnostic","All voters","Q810",3,179.333333333333,105,157,276,0.000144531257571641,8.36834706043088e-05,0.000208016959917512,137,2.71181503196788e-08,"Q810"
"diagnostic","All voters","Q575_Q581R7",3,170.666666666667,98,194,220,0.000144504139421321,9.99710404845147e-05,0.000215791136110852,138,1.40881666953554e-06,"Q575_Q581R7"
"diagnostic","All voters","Q183",3,160.666666666667,126,149,207,0.000143095322751785,0.000105514311244269,0.000174368562588195,139,2.43065617174857e-06,"ICE favorability"
"diagnostic","All voters","Q26",3,237.333333333333,80,225,407,0.000140664666580037,5.95603388722289e-05,0.000265748701666945,140,3.98804470694194e-07,"Independent party history"
"diagnostic","All voters","Q591_Q596R3",3,245.666666666667,83,168,486,0.000140265862109343,4.30665007348501e-05,0.000246039705584506,141,9.6010612967611e-07,"Q591_Q596R3"
"diagnostic","All voters","Q504R5",3,189.333333333333,119,130,319,0.000139305755979667,7.2616538013713e-05,0.000180862085100331,142,2.33139241563818e-07,"Q504R5"
"diagnostic","All voters","Q750",3,207.333333333333,119,130,373,0.000139072616738103,6.52324172460142e-05,0.000184529599031276,143,8.67978273306347e-07,"Q750"
"diagnostic","All voters","Q560R4",3,159.333333333333,156,159,163,0.000138204638464796,0.000132633023053916,0.000142546983969272,144,8.31530637143837e-07,"Q560R4"
"diagnostic","All voters","Q619_Q626R4",3,213,106,149,384,0.000137373107827653,6.086792730993e-05,0.000204022908291024,145,6.38531581878847e-09,"Discrimination against Native Americans"
"diagnostic","All voters","Q308R4",3,174,128,155,239,0.000137366722511834,9.44060558896223e-05,0.000173540025444567,146,1.25510505519222e-08,"Welfare recipients warmth"
"diagnostic","All voters","Q472_Q474R1",3,246,87,174,477,0.000137354171461282,4.47187168455157e-05,0.000240322662431423,147,7.32473992291494e-07,"Q472_Q474R1"
"diagnostic","All voters","Q575_Q581R5",3,310.333333333333,96,124,711,0.00013662169746899,1.49518821820607e-05,0.000218214095018481,148,7.01960453355769e-07,"Q575_Q581R5"
"diagnostic","All voters","Q743",3,210.333333333333,97,174,360,0.000135919737015635,6.56073628512579e-05,0.000213211249504615,149,3.15118048696929e-07,"Spouse's party identification"
"diagnostic","All voters","Q782",3,254.666666666667,106,135,523,0.000135604618966938,4.03091566284949e-05,0.000203591972264653,150,5.8114908856868e-07,"Q782"
"diagnostic","All voters","Q417_Q424R6",3,170.666666666667,126,181,205,0.000135023469878369,0.000111393251025276,0.00017347042140842,151,8.91182283996236e-07,"Q417_Q424R6"
"diagnostic","All voters","Q196",3,246,84,243,411,0.000134132287594373,5.88556235133744e-05,0.000250717178219294,152,4.12297594065176e-07,"Q196"
"diagnostic","All voters","Q727_Q731R4",3,200,96,239,265,0.000133719990000308,8.66320988799121e-05,0.000217956299221772,153,2.10818692146834e-06,"Q727_Q731R4"
"diagnostic","All voters","Q117R13",3,188,115,202,247,0.000131611803078839,9.41604779920512e-05,0.000185804499268824,154,4.06511123700109e-07,"Q117R13"
"diagnostic","All voters","Q61",3,177.666666666667,132,169,232,0.000131205291955139,9.58852220876296e-05,0.000164062391863213,155,2.36448668466179e-08,"Q61"
"diagnostic","All voters","Q396_Q398R2",3,230,111,148,431,0.000131181647088292,5.2777948421201e-05,0.000191164995146712,156,9.73082902266438e-07,"Q396_Q398R2"
"diagnostic","All voters","Q798",3,179,143,150,244,0.000130208564186026,9.18022520805371e-05,0.000149976509086566,157,4.87261222254165e-07,"Q798"
"diagnostic","All voters","Q131R2",3,174.333333333333,146,174,203,0.000129721302963772,0.000112483986474118,0.00015285759118816,158,8.94358673462413e-07,"Q131R2"
"diagnostic","All voters","Q110",3,176.333333333333,139,180,210,0.000128826944290309,0.000106523223589684,0.000159688758562276,159,3.33597650696332e-07,"Q110"
"diagnostic","All voters","Q545R7",3,209.333333333333,130,137,361,0.000128493346639613,6.53942417060496e-05,0.000163245106548393,160,1.63011631676516e-07,"Q545R7"
"diagnostic","All voters","Q410",3,195,113,197,275,0.000128330335007937,8.61422150585594e-05,0.000190727434014024,161,1.51886408392588e-07,"Q410"
"diagnostic","All voters","Q171",3,193.666666666667,116,216,249,0.000128178448599544,8.97889487230615e-05,0.000187958597935094,162,1.1444176826666e-06,"Q171"
"diagnostic","All voters","Q429_Q440R11",3,202,109,219,278,0.000127034030916877,8.52847600844112e-05,0.000195115242118776,163,4.43233200715664e-07,"Q429_Q440R11"
"diagnostic","All voters","Q131R4",3,181.666666666667,142,162,241,0.000126590797716162,9.52614079661992e-05,0.000151810957507212,164,8.7020161493068e-08,"Q131R4"
"diagnostic","All voters","Q411_Q416R5",3,180.666666666667,138,178,226,0.000126503777554669,9.66536583242912e-05,0.000156945827579916,165,2.72635133449664e-06,"Q411_Q416R5"
"diagnostic","All voters","Q563_Q572R9",3,302.333333333333,93,191,623,0.000123777426220172,2.77222385094112e-05,0.000224137195977475,166,1.48670816653461e-06,"Muslims: political representation"
"diagnostic","All voters","Q429_Q440R5",3,399.666666666667,71,470,658,0.000122290718053637,1.93961323375113e-05,0.000301417300052248,167,5.11279573273951e-09,"Q429_Q440R5"
"diagnostic","All voters","Q540R1",3,212.666666666667,122,190,326,0.000122285605257905,7.17909002469318e-05,0.000175882136089536,168,3.75290326925433e-07,"Q540R1"
"diagnostic","All voters","Q659",3,188,153,171,240,0.000121910314930979,9.35832815813042e-05,0.000140939616092955,169,3.61258205878952e-07,"Q659"
"diagnostic","All voters","Q131R7",3,328,104,155,725,0.0001215490567251,1.24324009043445e-05,0.000208740102465197,170,4.3508381516632e-07,"Q131R7"
"diagnostic","All voters","Q521_Q528R6",3,193,133,218,228,0.000121113972909934,9.63186584718326e-05,0.000160739331653726,171,3.21850179647154e-07,"Q521_Q528R6"
"diagnostic","All voters","Q308R3",3,187.666666666667,147,199,217,0.000120792122730287,0.000106633182324343,0.000148297866820464,172,2.32648331936335e-07,"Veterans warmth"
"diagnostic","All voters","Q417_Q424R8",3,236.333333333333,124,163,422,0.00012055947439835,5.52432622497585e-05,0.000169045301690711,173,8.02108356614964e-08,"Q417_Q424R8"
"diagnostic","All voters","Q777",3,191.666666666667,155,199,221,0.000120479263562689,0.000105657906050043,0.000139985857703168,174,1.2768890305039e-07,"Q777"
"diagnostic","All voters","Q131R10",3,218.333333333333,112,234,309,0.000120351574659639,7.49495443335282e-05,0.000190883500284794,175,2.65710572671773e-08,"Q131R10"
"diagnostic","All voters","Q727_Q731R3",3,276,114,164,550,0.000120325003602371,3.6720352089329e-05,0.000189782603222959,176,7.52893067381219e-07,"Q727_Q731R3"
"diagnostic","All voters","Q490",3,198.333333333333,144,187,264,0.00011957211053499,8.92775501137101e-05,0.000148718752487558,177,4.24574806499309e-08,"Q490"
"diagnostic","All voters","Q187R2",3,368,83,317,704,0.00011952965305434,9.98327585914139e-06,0.000274986055280622,178,6.02130170905351e-08,"Q187R2"
"diagnostic","All voters","Q535_Q538R4",3,198,135,222,237,0.00011946944003725,9.45618884923435e-05,0.000158958804101731,179,3.82852406966691e-07,"Q535_Q538R4"
"diagnostic","All voters","Q753",3,301.666666666667,91,348,466,0.000119086587630283,4.61945152716781e-05,0.000242200986577543,180,2.00077924792993e-07,"Q753"
"diagnostic","All voters","Q2R6",3,257.333333333333,102,241,429,0.00011888650970549,5.33293956772463e-05,0.000209858377670332,181,3.21531874323229e-07,"George W. Bush favorability"
"diagnostic","All voters","Q673",3,266.333333333333,102,228,469,0.000118564977831167,4.60899836204218e-05,0.000207835664720742,182,3.22991997347304e-07,"Q673"
"diagnostic","All voters","Q504R6",3,280.333333333333,98,323,420,0.00011824198583382,5.67101847736006e-05,0.00022385050752779,183,3.21334236950114e-07,"Anxiety from white supremacy"
"diagnostic","All voters","Q779",3,264.333333333333,136,145,512,0.000117920651596869,4.23455724622329e-05,0.00016214011830069,184,3.71282077138137e-07,"Q779"
"diagnostic","All voters","Q560R8",3,195,164,170,251,0.000117549369519731,8.98785239729087e-05,0.00013143632398308,185,4.45637685408181e-07,"Q560R8"
"diagnostic","All voters","Q86",3,210.333333333333,156,162,313,0.000117103731834323,7.3984472891265e-05,0.000138677818217494,186,6.6740171035755e-07,"Q86"
"diagnostic","All voters","Q225R2",3,222,129,189,348,0.000116436330123966,6.62863277280865e-05,0.000163698343232124,187,5.40219451910113e-07,"Q225R2"
"diagnostic","All voters","S14",3,252,107,296,353,0.000115896110672055,6.51859878343654e-05,0.000203822668044546,188,6.4533752858759e-07,"S14"
"diagnostic","All voters","Q582",3,332,87,398,511,0.000115250773143468,3.92993685435765e-05,0.000245698027873154,189,7.29542705230784e-07,"Q582"
"diagnostic","All voters","Q629",3,252.666666666667,109,286,363,0.000114521230438237,6.69054663201907e-05,0.000192767787789043,190,8.80992570418359e-07,"Q629"
"diagnostic","All voters","Q809",3,274,123,191,508,0.000113640237867819,4.30206281761441e-05,0.000179340772459026,191,5.87268711507079e-07,"Q809"
"diagnostic","All voters","Q59",3,207.333333333333,151,195,276,0.000113052969156312,8.26032329389766e-05,0.000146059801998835,192,1.51931843150535e-06,"Q59"
"diagnostic","All voters","Q352",3,221.666666666667,161,188,316,0.000111533650724806,7.3722661406718e-05,0.000140580006045717,193,1.4329666256934e-06,"Q352"
"diagnostic","All voters","Q111R3",3,283.666666666667,137,163,551,0.000110100684099113,3.46169089686179e-05,0.000157393805907713,194,3.13002809195796e-06,"Q111R3"
"diagnostic","All voters","Q467_Q469R2",3,261.666666666667,123,287,375,0.000106970656007155,6.05588816350816e-05,0.000179131025852364,195,9.62764437101207e-09,"Q467_Q469R2"
"diagnostic","All voters","Q504R2",3,237.666666666667,140,243,330,0.000106961028362784,7.13717460760774e-05,0.000154540568282466,196,2.28930481423843e-07,"Q504R2"
"diagnostic","All voters","Q517",3,215.333333333333,185,196,265,0.00010673209788136,8.86084223562676e-05,0.000123114885946238,197,1.42652678464388e-07,"Q517"
"diagnostic","All voters","Q257BR1",3,319,104,269,584,0.000106589445202896,2.81118761853823e-05,0.000204836375895084,198,5.93264314388667e-07,"Q257BR1"
"diagnostic","All voters","Q250R8",3,433,86,568,645,0.000105996180888507,2.4561536508824e-05,0.000260934048102762,199,1.72041267514143e-09,"Q250R8"
"diagnostic","All voters","Q591_Q596R6",3,272.333333333333,121,295,401,0.000105994460475832,5.77912032405126e-05,0.000180889880761957,200,3.52928241196187e-07,"Q591_Q596R6"
"diagnostic","All voters","Q208R2",3,215.333333333333,175,231,240,0.000105641532234636,9.43100803093956e-05,0.000126885175417784,201,5.29522294358731e-07,"Q208R2"
"diagnostic","All voters","Q788",3,320.333333333333,131,161,669,0.000105112009940277,1.47152227865554e-05,0.000165840788001768,202,1.60881553067739e-07,"Q788"
"diagnostic","All voters","Q213R4",3,261,164,168,451,0.000104951128387209,4.86956362653594e-05,0.000137631147539593,203,6.95661180362108e-07,"Q213R4"
"diagnostic","All voters","Q513_Q516R2",3,221,196,210,257,0.000104255467206847,9.12046894850373e-05,0.000117060484357233,204,1.58887557261784e-07,"Q513_Q516R2"
"diagnostic","All voters","Q221R4",3,336.333333333333,103,284,622,0.000104096579649585,2.18025731479609e-05,0.000206193351538452,205,7.09114428244952e-07,"Q221R4"
"diagnostic","All voters","Q794",3,264,138,238,416,0.00010338746522134,5.7474444722764e-05,0.000156058914065486,206,6.57632451301634e-08,"Q794"
"diagnostic","All voters","Q521_Q528R2",3,223.333333333333,184,240,246,0.00010332170197621,9.05045522292189e-05,0.000123905164199886,207,3.59020335933649e-07,"Q521_Q528R2"
"diagnostic","All voters","Q248",3,233.333333333333,170,211,319,0.000102962681640277,7.49086506575653e-05,0.000127475079549898,208,1.09738134014084e-07,"Q248"
"diagnostic","All voters","Q560R1",3,345,107,234,694,0.000102852943506262,1.3484255116455e-05,0.000199793013165196,209,2.04138137057619e-07,"Q560R1"
"diagnostic","All voters","Q264",3,230.333333333333,172,208,311,0.000102648805369205,7.44904131472775e-05,0.000128460050282891,210,4.61477213215688e-07,"Q264"
"diagnostic","All voters","Q812",3,248,148,268,328,0.000102187328155989,7.14646646894446e-05,0.000147986750933712,211,1.13623900830552e-07,"Q812"
"diagnostic","All voters","Q198",3,285.666666666667,139,193,525,0.000102073704255159,3.86509666355339e-05,0.000154958609202336,212,4.19838081823623e-08,"Q198"
"diagnostic","All voters","Q162R8",3,292,121,289,466,0.000102031720446976,4.67502365386262e-05,0.000176613366454685,213,4.65485232370645e-07,"Q162R8"
"diagnostic","All voters","Q693_Q700R4",3,237,178,232,301,0.000101566235214606,7.79522052477948e-05,0.000126501668111875,214,2.01182071793318e-07,"Q693_Q700R4"
"diagnostic","All voters","Q56",3,234,188,201,313,0.000101365053142812,7.67162691732135e-05,0.000120180305039436,215,3.73536148887065e-07,"Racial motives of January 6 rioters"
"diagnostic","All voters","Q597_Q602R3",3,256.333333333333,141,270,358,0.000100991516993925,6.64509122748953e-05,0.000152008765218917,216,3.47233202131395e-08,"Q597_Q602R3"
"diagnostic","All voters","Q706_Q708R1",3,326,121,239,618,0.000100956793673712,2.86380067452196e-05,0.000180033914684726,217,1.46134915269503e-07,"Shift police funds to community"
"diagnostic","All voters","Q257CR4",3,297,154,186,551,0.000100810658758443,3.6686277683009e-05,0.000144565650562295,218,2.49112563952914e-08,"Q257CR4"
"diagnostic","All voters","Q162R1",3,286,129,279,450,0.000100785747502047,4.88972983869059e-05,0.000171205393982926,219,1.92781853592286e-07,"Q162R1"
"diagnostic","All voters","Q487_Q489R2",3,368.666666666667,95,314,697,0.000100592965648455,7.70119718153235e-06,0.000219326522963866,220,1.3468286425355e-06,"Q487_Q489R2"
"diagnostic","All voters","Q239R4",3,250.333333333333,187,193,371,9.92461370059195e-05,6.42250443594255e-05,0.000118004202255301,221,8.10348439650492e-08,"Q239R4"
"diagnostic","All voters","Q225R1",3,327,110,429,442,9.91651021619544e-05,5.23449433094668e-05,0.000191762132714538,222,7.16766107176786e-07,"Q225R1"
"diagnostic","All voters","Q207",3,267,159,259,383,9.84483360547776e-05,6.34973076106257e-05,0.000141656241117048,223,6.09045612969477e-07,"Q207"
"diagnostic","All voters","Q504R3",3,285.333333333333,166,178,512,9.78392904418082e-05,3.89570261182978e-05,0.000134126360180322,224,5.62872597583924e-07,"Anxiety from climate change"
"diagnostic","All voters","Q793",3,276,186,192,450,9.72764178442242e-05,5.22454309735337e-05,0.000121374667357162,225,1.6133154321553e-07,"Q793"
"diagnostic","All voters","Q279",3,350,117,204,729,9.71150863010087e-05,0,0.000179147145161977,226,1.09460045523142e-06,"Q279"
"diagnostic","All voters","Q417_Q424R2",3,283,141,329,379,9.60204858457773e-05,6.22538403713581e-05,0.00015438949309287,227,1.28367748306209e-07,"Q417_Q424R2"
"diagnostic","All voters","Q616_Q618R1",3,266.666666666667,157,249,394,9.58921180974711e-05,5.87850905571514e-05,0.000138575805423787,228,1.65038448906896e-08,"Q616_Q618R1"
"diagnostic","All voters","Q591_Q596R1",3,263.333333333333,166,220,404,9.58756142525804e-05,5.66966527776427e-05,0.000130788990081533,229,5.28136203843078e-07,"Q591_Q596R1"
"diagnostic","All voters","Q77R6",3,251.666666666667,195,224,336,9.53474780487373e-05,7.02744774608589e-05,0.000117625098091515,230,2.87484922393207e-07,"Q77R6"
"diagnostic","All voters","S11",3,349.666666666667,114,310,625,9.50599931263441e-05,2.12285854025171e-05,0.00018875001666985,231,1.00151806473256e-06,"S11"
"diagnostic","All voters","Q619_Q626R6",3,257.666666666667,186,231,356,9.40584750616115e-05,6.51176214159028e-05,0.000115950380916794,232,3.70431869812601e-07,"Discrimination against Latinos"
"diagnostic","All voters","Q693_Q700R6",3,264.666666666667,173,310,311,9.36880431917989e-05,7.50698439369347e-05,0.000129147614340987,233,2.51808827233645e-08,"Q693_Q700R6"
"diagnostic","All voters","Q693_Q700R7",3,286.666666666667,146,297,417,9.36628623090756e-05,5.55989754857318e-05,0.00014471961215364,234,2.61607656289195e-07,"Q693_Q700R7"
"diagnostic","All voters","Q619_Q626R8",3,308,135,300,489,9.34012546527864e-05,4.25957317813967e-05,0.00015808364188412,235,1.52049700637792e-07,"Discrimination against Muslims"
"diagnostic","All voters","Q662",3,381,100,335,708,9.32492049521486e-05,0,0.000208884201857464,236,1.4377266019443e-06,"Q662"
"diagnostic","All voters","Q213R3",3,307.666666666667,140,314,469,9.18114783502043e-05,4.59875152579541e-05,0.000155604323960217,237,3.35754615325552e-07,"Q213R3"
"diagnostic","All voters","Q178R3",3,443,91,524,714,9.14757237348787e-05,8.30194769576446e-06,0.000229069797883835,238,1.06269566492985e-06,"Q178R3"
"diagnostic","All voters","Q563_Q572R1",3,297.333333333333,201,208,483,9.04130280699489e-05,4.65853927741872e-05,0.000114947751271229,239,1.28372520948519e-07,"Women: political representation"
"diagnostic","All voters","Q62R2",3,294.333333333333,183,213,487,9.02846555490004e-05,4.28920212273497e-05,0.000124504482088559,240,2.00008488555688e-07,"Q62R2"
"diagnostic","All voters","Q492",3,282,165,279,402,9.00846470604447e-05,5.72384799694001e-05,0.000130836935876107,241,1.63309695445143e-07,"Q492"
"diagnostic","All voters","Q330",3,335.666666666667,127,419,461,8.99213373649995e-05,4.723721559217e-05,0.000167041541122676,242,6.93351329861228e-07,"Q330"
"diagnostic","All voters","Q727_Q731R1",3,299,156,370,371,8.92279860351383e-05,6.12469522015388e-05,0.000140830001536551,243,3.91458000130961e-07,"Q727_Q731R1"
"diagnostic","All voters","Q504R7",3,264.333333333333,215,283,295,8.88365280350073e-05,7.8011689199966e-05,0.000106854675961843,244,5.98774294495501e-07,"Q504R7"
"diagnostic","All voters","Q652_Q658R4",3,298,159,362,373,8.82377537405118e-05,6.36710405387714e-05,0.000137218533111494,245,3.07160241573397e-07,"Q652_Q658R4"
"diagnostic","All voters","Q486",3,281.333333333333,203,230,411,8.79305934989385e-05,5.63378088532144e-05,0.000106216739692992,246,5.48065500329534e-07,"Q486"
"diagnostic","All voters","Q560R7",3,315.333333333333,160,266,520,8.73825279986089e-05,3.76026593361478e-05,0.000138908427766004,247,2.31272955076705e-07,"Q560R7"
"diagnostic","All voters","Q429_Q440R12",3,335.666666666667,134,405,468,8.71512550435322e-05,4.61537729670189e-05,0.000158490851239003,248,7.45404288180144e-07,"Q429_Q440R12"
"diagnostic","All voters","Q159R2",3,299.666666666667,182,305,412,8.64058507553521e-05,5.85476475763235e-05,0.000124762168704591,249,5.26816090063164e-07,"Q159R2"
"diagnostic","All voters","Q225R12",3,286.333333333333,211,267,381,8.58790346652889e-05,6.3877204374167e-05,0.000108292172986569,250,1.52212117670631e-08,"Q225R12"
"diagnostic","All voters","Q706_Q708R2",3,272,242,253,321,8.58638134535218e-05,7.4858588084906e-05,9.31392465288561e-05,251,8.46242345483238e-07,"Abolish police"
"diagnostic","All voters","Q213R1",3,279,216,268,353,8.50175711080386e-05,6.72228177125096e-05,0.000102803312038856,252,1.03319999534556e-07,"Q213R1"
"diagnostic","All voters","Q316R3",3,308.666666666667,179,284,463,8.4914251108504e-05,4.72228515039307e-05,0.000125889725334299,253,1.87527568925832e-07,"Q316R3"
"diagnostic","All voters","Q693_Q700R1",3,403,120,533,556,8.47267235395782e-05,3.59564644070353e-05,0.000181392657042882,254,3.28284366517192e-08,"Q693_Q700R1"
"diagnostic","All voters","Q162R7",3,279.666666666667,223,256,360,8.46938951029265e-05,6.4248465586663e-05,9.85626272485345e-05,255,4.52023870063385e-07,"Q162R7"
"diagnostic","All voters","Q688",3,370.666666666667,129,275,708,8.42418712328631e-05,0,0.000168957000169354,256,2.68566200783542e-08,"Q688"
"diagnostic","All voters","Q709_712R3",3,341,153,336,534,8.42150146127848e-05,3.67921043053833e-05,0.000144849540832262,257,6.89614796593171e-07,"Protect way of life from foreign influence"
"diagnostic","All voters","Q44",3,345,161,292,582,8.35253998161916e-05,3.35088457604584e-05,0.000138872446582333,258,6.33389490310479e-07,"Q44"
"diagnostic","All voters","Q250R3",3,293.333333333333,215,244,421,8.28920103258811e-05,5.46679358749795e-05,0.000103065268772195,259,8.60097756553139e-08,"Q250R3"
"diagnostic","All voters","Q801",3,358.666666666667,171,242,663,8.28060005502258e-05,2.20639392547146e-05,0.000131178985646016,260,3.10393220084995e-08,"Q801"
"diagnostic","All voters","Q407",3,324,180,255,537,8.27749612282173e-05,3.49019237043639e-05,0.00012575284088878,261,3.21570259787131e-07,"Q407"
"diagnostic","All voters","Q563_Q572R3",3,398.666666666667,128,385,683,8.24533909684302e-05,1.20456549125385e-05,0.000172021906403953,262,1.13142453733073e-06,"Immigrants: political representation"
"diagnostic","All voters","Q401_Q404R2",3,388,138,376,650,8.13219664310994e-05,2.38396187647971e-05,0.000159744775928977,263,1.21013211220645e-08,"Q401_Q404R2"
"diagnostic","All voters","Q162R3",3,472.666666666667,98,619,701,8.13098651099774e-05,1.08137970469342e-05,0.000210671952982805,264,5.47770437392587e-07,"Q162R3"
"diagnostic","All voters","Q265",3,290,257,304,309,8.07620946725848e-05,7.61775149964446e-05,8.88265128133188e-05,265,7.85983981150846e-09,"Q265"
"diagnostic","All voters","Q257AR1",3,339.333333333333,169,414,435,8.07542348327733e-05,5.23300665936775e-05,0.000131510086810609,266,3.41899608927352e-07,"Q257AR1"
"diagnostic","All voters","Q646_Q651R4",3,323.333333333333,182,297,491,8.04123352238459e-05,4.35382802657991e-05,0.000119795599954337,267,9.81435205661707e-08,"Q646_Q651R4"
"diagnostic","All voters","Q162R5",3,315,216,248,481,8.03141917032797e-05,4.40807672915672e-05,0.000102809532725879,268,3.05342538061505e-08,"Q162R5"
"diagnostic","All voters","Q257AR2",3,355,200,204,661,8.02836574494736e-05,1.93196477882262e-05,0.000115592402686469,269,3.53833057894614e-09,"Q257AR2"
"diagnostic","All voters","Q785",3,405.666666666667,132,308,777,8.02801191188946e-05,0,0.000163069832570898,270,1.16479128379167e-07,"Q785"
"diagnostic","All voters","Q287R2",3,291.333333333333,278,293,303,8.01636399905155e-05,7.87526964225857e-05,8.22470029536515e-05,271,3.45867894289433e-08,"Q287R2"
"diagnostic","All voters","Q429_Q440R9",3,383,140,500,509,8.01290532010865e-05,3.95697453930298e-05,0.000156634491253773,272,2.55075021885043e-07,"Q429_Q440R9"
"diagnostic","All voters","Q429_Q440R6",3,305.666666666667,213,326,378,7.98739781792015e-05,6.03270581241529e-05,0.000107715530534096,273,2.58519859532114e-07,"Q429_Q440R6"
"diagnostic","All voters","Q95",3,298.666666666667,233,300,363,7.96154583196694e-05,6.5382989307926e-05,9.55061943884663e-05,274,1.15594072514077e-07,"Q95"
"diagnostic","All voters","Q256",3,352.666666666667,209,215,634,7.94998642471553e-05,2.58109811531222e-05,0.000109193167436777,275,1.43312771514229e-07,"Q256"
"diagnostic","All voters","Q145",3,377.666666666667,165,260,708,7.93565514756411e-05,1.56138140485998e-05,0.000134215706167117,276,1.71407169047728e-08,"Q145"
"diagnostic","All voters","Q187R5",3,303.333333333333,205,342,363,7.93394107587363e-05,6.27577089632479e-05,0.000105807559907544,277,5.41521349414005e-08,"Q187R5"
"diagnostic","All voters","Q509_Q511R3",3,312.333333333333,249,261,427,7.92852586237949e-05,5.58082547294358e-05,9.38455456714593e-05,278,3.13975340492854e-08,"Q509_Q511R3"
"diagnostic","All voters","Q225R14",3,340,183,378,459,7.92538610897456e-05,5.11421659720086e-05,0.000124003647947008,279,3.25785711240096e-08,"Q225R14"
"diagnostic","All voters","Q70R4",3,320.333333333333,225,268,468,7.92212825186216e-05,4.95079524319175e-05,0.000102971307143542,280,2.47282655839313e-08,"Q70R4"
"diagnostic","All voters","Q805",3,323.333333333333,184,337,449,7.91965542530377e-05,4.97825227329255e-05,0.000117950924953773,281,3.03304137367919e-07,"Q805"
"diagnostic","All voters","Q619_Q626R3",3,341.333333333333,181,405,438,7.88932501156698e-05,5.19504653518357e-05,0.00012487120666194,282,6.30594916147214e-08,"Discrimination against Asian Americans"
"diagnostic","All voters","Q131R3",3,317,237,262,452,7.8830190624055e-05,5.21675455226121e-05,9.66931343870087e-05,283,1.36712884023446e-07,"Ending parent-child border separation"
"diagnostic","All voters","Q751",3,330.333333333333,214,228,549,7.86934777400316e-05,3.47175941389968e-05,0.000104211984849945,284,1.46588833530636e-07,"Q751"
"diagnostic","All voters","Q591_Q596R4",3,330.333333333333,204,300,487,7.8546888906501e-05,4.63733091126776e-05,0.000111932305811884,285,7.93526682447564e-08,"Q591_Q596R4"
"diagnostic","All voters","Q504R1",3,309.666666666667,218,351,360,7.84675362382562e-05,6.70013605673334e-05,0.000101013826726583,286,2.32627924825411e-07,"Q504R1"
"diagnostic","All voters","Q131R6",3,345.333333333333,176,383,477,7.82349083134308e-05,4.77898168412291e-05,0.000126840726123665,287,6.40983887290021e-07,"Q131R6"
"diagnostic","All voters","Q385",3,313,229,250,460,7.75939244261408e-05,4.73160748524801e-05,9.62953070126055e-05,288,2.51490180866026e-07,"Defunding police: too far/not far enough"
"diagnostic","All voters","Q257AR4",3,331.333333333333,208,258,528,7.73424342452747e-05,3.71907837737104e-05,0.000108011240105369,289,5.13667263319915e-07,"Q257AR4"
"diagnostic","All voters","Q746B",3,334.333333333333,203,392,408,7.68287669819548e-05,5.66422542243993e-05,0.000112141744893077,290,3.50270893888317e-07,"Q746B"
"diagnostic","All voters","Q99R1",3,359,180,380,517,7.64784960880665e-05,3.98372269035665e-05,0.000125664275104726,291,3.24998786672433e-08,"Q99R1"
"diagnostic","All voters","Q117R3",3,349.666666666667,189,390,470,7.64459962093993e-05,4.91267046554116e-05,0.000120055012346445,292,4.0844733951916e-08,"Q117R3"
"diagnostic","All voters","Q693_Q700R5",3,340.666666666667,219,273,530,7.64051514754473e-05,3.96048935020461e-05,0.00010612112587424,293,2.77170144622591e-07,"Q693_Q700R5"
"diagnostic","All voters","Q316R5",3,493,106,665,708,7.61279813308248e-05,0,0.000206354584992734,294,6.22818392830861e-09,"Q316R5"
"diagnostic","All voters","Q663_Q666R3",3,400,144,482,574,7.61217531468964e-05,3.44829398990013e-05,0.000149764669485322,295,3.55663800542751e-07,"Q663_Q666R3"
"diagnostic","All voters","Q78",3,310.666666666667,281,285,366,7.57660893463537e-05,6.13981075046066e-05,8.44170517177902e-05,296,1.19228847984728e-08,"Q78"
"diagnostic","All voters","Q550",3,314,277,320,345,7.57541664615552e-05,6.9116412338812e-05,8.54990926105844e-05,297,3.97491451812097e-08,"Q550"
"diagnostic","All voters","Q225R13",3,399.666666666667,151,452,596,7.5714417316374e-05,3.14732700769613e-05,0.000147012344398515,298,3.55812721610326e-07,"Q225R13"
"diagnostic","All voters","Q331",3,394.333333333333,143,332,708,7.53586045947637e-05,0,0.000154926155850557,299,1.954068154904e-08,"Q331"
"diagnostic","All voters","Q254",3,408.333333333333,145,476,604,7.53390639132147e-05,2.50092494993412e-05,0.000153066470282816,300,1.21918096784125e-07,"Q254"
"diagnostic","All voters","Q131R11",3,357,187,402,482,7.52171458164305e-05,4.73055656900193e-05,0.00012121928145723,301,1.8900528520498e-07,"Q131R11"
"diagnostic","All voters","Q425",3,399,153,378,666,7.50281405312255e-05,1.49670969798204e-05,0.000145291293548088,302,3.69381528317575e-08,"Q425"
"diagnostic","All voters","Q62R5",3,339.666666666667,224,315,480,7.49912023783938e-05,4.7402527852376e-05,0.000104067584751707,303,4.95012690243348e-08,"Q62R5"
"diagnostic","All voters","Q693_Q700R3",3,316.666666666667,283,316,351,7.49417011093695e-05,6.86694121854791e-05,8.06804950955212e-05,304,1.03348271222146e-07,"Q693_Q700R3"
"diagnostic","All voters","Q257BR4",3,315,290,322,333,7.48383528381473e-05,6.96684156951472e-05,8.24843202484702e-05,305,3.27618525957895e-07,"Q257BR4"
"diagnostic","All voters","Q519",3,385.333333333333,197,258,701,7.45107343121894e-05,1.65971106912195e-05,0.000116712588585933,306,7.8735475125038e-08,"Q519"
"diagnostic","All voters","Q343R2",3,319,267,277,413,7.44319988370644e-05,5.55091414252082e-05,8.54667094023951e-05,307,2.29700690954193e-07,"Q343R2"
"diagnostic","All voters","Q144",3,318.333333333333,261,327,367,7.42022981461102e-05,6.46422165771409e-05,8.65455540344568e-05,308,2.01738078849781e-07,"COVID-19 vaccine intentions"
"diagnostic","All voters","Q225R6",3,333.666666666667,222,320,459,7.40005600672604e-05,4.76359279682568e-05,9.9475027030908e-05,309,8.61367412006503e-08,"Q225R6"
"diagnostic","All voters","Q225R10",3,366.666666666667,197,316,587,7.39144233260598e-05,3.28569923022465e-05,0.000115824026801888,310,1.78834068360233e-07,"Democrats: support/threat to own vision"
"diagnostic","All voters","Q471",3,400,158,461,581,7.37355892576995e-05,3.38013780682768e-05,0.000140092419506601,311,2.50553247751572e-07,"Q471"
"diagnostic","All voters","Q250R5",3,413.333333333333,152,446,642,7.3485036009948e-05,2.14905121741037e-05,0.000146436134917019,312,2.55797015264554e-07,"Q250R5"
"diagnostic","All voters","Q384R1",3,328,291,305,388,7.32292389946834e-05,6.28147477634105e-05,7.85728798040028e-05,313,9.82559116888244e-08,"Q384R1"
"diagnostic","All voters","Q754_Q762R8",3,455.333333333333,123,599,644,7.31309830829946e-05,2.13331777437235e-05,0.000172669146559355,314,5.46465633304732e-08,"Q754_Q762R8"
"diagnostic","All voters","Q504R8",3,340.666666666667,227,295,500,7.30763365196641e-05,4.06876668275434e-05,9.73751770709728e-05,315,1.99557046467482e-07,"Q504R8"
"diagnostic","All voters","Q521_Q528R7",3,396.333333333333,148,312,729,7.28767794731966e-05,0,0.000144364675595019,316,8.22325928371653e-08,"Q521_Q528R7"
"diagnostic","All voters","Q691",3,465,118,585,692,7.27945468803594e-05,9.56501989568893e-06,0.000178587013643137,317,2.50323283218208e-07,"Q691"
"diagnostic","All voters","Q99R4",3,338,233,303,478,7.25442235971412e-05,4.49615322077269e-05,9.57967218986027e-05,318,1.02801814375197e-07,"Q99R4"
"diagnostic","All voters","Q33R5",3,333.666666666667,230,361,410,7.2441421782766e-05,5.61996547747195e-05,9.70708287681631e-05,319,4.25033442972428e-08,"Q33R5"
"diagnostic","All voters","Q77R3",3,325.666666666667,299,327,351,7.23989184384688e-05,6.6133555814774e-05,7.95634089126487e-05,320,2.33563974731536e-07,"Q77R3"
"diagnostic","All voters","S3C",3,413.666666666667,158,521,562,7.21653544637373e-05,3.55542892250624e-05,0.000141798147531669,321,1.36227123700774e-07,"S3C"
"diagnostic","All voters","Q652_Q658R7",3,358,191,425,458,7.20291273400365e-05,4.76563122586856e-05,0.000113302012759527,322,7.52609193729555e-09,"Q652_Q658R7"
"diagnostic","All voters","Q162R4",3,373.333333333333,176,392,552,7.20216012480992e-05,3.29564502283628e-05,0.000123554636925503,323,2.42385640825455e-07,"Q162R4"
"diagnostic","All voters","Q726",3,418.333333333333,157,359,739,7.17792156072737e-05,1.0285789709307e-05,0.000140673554099045,324,4.9946553163689e-08,"Q726"
"diagnostic","All voters","Q99R9",3,380.333333333333,199,332,610,7.172926905411e-05,3.00081450827768e-05,0.000114951889076884,325,1.13240929259823e-08,"Q99R9"
"diagnostic","All voters","Q478_Q483R6",3,408,165,488,571,7.17179449611841e-05,3.47001876414863e-05,0.000136776246980826,326,6.37374949300911e-08,"Q478_Q483R6"
"diagnostic","All voters","Q417_Q424R7",3,353.333333333333,226,380,454,7.1654207466254e-05,5.19566236574634e-05,0.000102843977894902,327,1.42556760786684e-07,"Q417_Q424R7"
"diagnostic","All voters","Q674R1",3,332.333333333333,274,288,435,7.15116507054673e-05,5.12548570115142e-05,8.40926887697292e-05,328,8.41131057724773e-08,"Q674R1"
"diagnostic","All voters","Q563_Q572R5",3,362,206,373,507,7.14275375996948e-05,4.31947502788347e-05,0.000110370844119138,329,1.30739510879631e-06,"Whites: political representation"
"diagnostic","All voters","Q763_Q766R1",3,399.666666666667,177,447,575,7.01201424908985e-05,3.44578279758436e-05,0.000126633871491077,330,7.10095364530819e-08,"Q763_Q766R1"
"diagnostic","All voters","Q77R8",3,369.666666666667,211,293,605,7.00491329544454e-05,2.76240819822489e-05,0.000104337985402115,331,1.74750329459442e-07,"Q77R8"
"diagnostic","All voters","Q672",3,406,160,503,555,6.9874382624986e-05,3.18849271707864e-05,0.000136055552438488,332,2.70637916605142e-07,"Q672"
"diagnostic","All voters","Q530",3,389,185,287,695,6.96037447083808e-05,1.31219178245699e-05,0.000115991524907848,333,1.11574051686136e-07,"Q530"
"diagnostic","All voters","Q803",3,358,244,349,481,6.94921706566947e-05,4.73090306507817e-05,9.49527111125634e-05,334,6.27022486611185e-08,"Q803"
"diagnostic","All voters","Q351",3,348.333333333333,274,330,441,6.94294684080336e-05,5.35194648034225e-05,8.32210851363969e-05,335,4.2325956564241e-08,"Q351"
"diagnostic","All voters","Q478_Q483R4",3,356,227,369,472,6.93871424514693e-05,4.57356273926902e-05,9.65967285092202e-05,336,6.96685214760808e-08,"Q478_Q483R4"
"diagnostic","All voters","S2_M",3,424.333333333333,151,544,578,6.93174739299933e-05,3.13408812249627e-05,0.000142788654663892,337,1.4451596396035e-07,"S2_M"
"diagnostic","All voters","Q619_Q626R5",3,378,255,255,624,6.91729579660329e-05,2.71312955561826e-05,9.1389470108054e-05,338,1.95080887460339e-07,"Discrimination against immigrants"
"diagnostic","All voters","Q597_Q602R6",3,403,169,337,703,6.89778770785726e-05,1.03092874941764e-05,0.000127957548678633,339,2.66316491300304e-08,"Q597_Q602R6"
"diagnostic","All voters","Q243R3",3,387.666666666667,201,395,567,6.89512454294425e-05,3.51019593295537e-05,0.000113708227267858,340,2.31116327197785e-07,"Q243R3"
"diagnostic","All voters","Q748",3,356.666666666667,258,369,443,6.87201291022448e-05,5.31818694290087e-05,8.87143395515612e-05,341,7.39549345062503e-08,"Q748"
"diagnostic","All voters","Q706_Q708R3",3,379.333333333333,207,434,497,6.86461741677385e-05,4.13783346575976e-05,0.000109707346234633,342,2.64247433487175e-07,"New non-police first responders"
"diagnostic","All voters","Q208R5",3,397.666666666667,167,318,708,6.83819267342513e-05,0,0.000131748181959939,343,4.55674725340847e-07,"Government reducing income differences"
"diagnostic","All voters","Q217R1",3,348.333333333333,273,340,432,6.79262520089105e-05,5.18299452850936e-05,8.40952775445908e-05,344,2.77945107702085e-08,"White racial advantages"
"diagnostic","All voters","Q187R4",3,436,149,527,632,6.78984574981403e-05,2.3245648365967e-05,0.000143603577274337,345,3.93847931433016e-07,"Q187R4"
"diagnostic","All voters","Q69",3,373,248,274,597,6.75046095667073e-05,2.6164286524445e-05,9.01572436856864e-05,346,2.16763620684087e-08,"Q69"
"diagnostic","All voters","Q273R1",3,359.333333333333,288,344,446,6.74829332046389e-05,5.03123564348548e-05,8.28230743511283e-05,347,5.89968762219564e-08,"Q273R1"
"diagnostic","All voters","Q257CR2",3,392,188,340,648,6.74239363284169e-05,1.75772148265649e-05,0.000114968969506284,348,6.53200074025891e-07,"Q257CR2"
"diagnostic","All voters","Q187R1",3,373,224,397,498,6.6770736254391e-05,4.2043056185057e-05,9.7503215611579e-05,349,1.28063048214987e-07,"Q187R1"
"diagnostic","All voters","Q560R2",3,396,209,342,637,6.6642673206176e-05,2.23311133928292e-05,0.000107879412226955,350,5.7377363235552e-08,"Q560R2"
"diagnostic","All voters","Q417_Q424R1",3,375.333333333333,223,413,490,6.65852958429405e-05,4.35470948165524e-05,9.76623720930651e-05,351,4.39014562796051e-07,"Q417_Q424R1"
"diagnostic","All voters","Q147",3,380.333333333333,266,307,568,6.61462812801444e-05,3.50725151864171e-05,8.83239218866022e-05,352,2.99548984743751e-08,"Q147"
"diagnostic","All voters","Q754_Q762R2",3,404.666666666667,179,398,637,6.611632638167e-05,1.97337803366804e-05,0.000120297589830773,353,2.90784595566372e-08,"Q754_Q762R2"
"diagnostic","All voters","Q250R1",3,375.666666666667,230,400,497,6.60872479221134e-05,4.20696607940082e-05,9.57910756926141e-05,354,4.27853764722088e-07,"Q250R1"
"diagnostic","All voters","Q660",3,364,304,389,399,6.56593941573913e-05,6.03043192844163e-05,7.60714413105579e-05,355,3.65801974875371e-07,"Q660"
"diagnostic","All voters","Q560R3",3,387.333333333333,271,290,601,6.52935921825159e-05,3.09569978548356e-05,8.64883790885176e-05,356,8.73738059894454e-08,"Q560R3"
"diagnostic","All voters","Q273R2",3,370.666666666667,286,364,462,6.52062183765265e-05,5.10686060757034e-05,7.97588687595664e-05,357,1.38298314536855e-07,"Q273R2"
"diagnostic","All voters","Q99R2",3,379,243,334,560,6.50679200619896e-05,3.125211727346e-05,9.30603438950538e-05,358,4.88018911047966e-07,"Q99R2"
"diagnostic","All voters","Q33R2",3,393.666666666667,206,465,510,6.45799011509417e-05,4.11748422202934e-05,0.000105560479318414,359,1.20094621573725e-07,"Q33R2"
"diagnostic","All voters","Q217R3",3,413,202,472,565,6.4459806529368e-05,3.52206139464653e-05,0.000112288967155604,360,3.04944717420628e-07,"Q217R3"
"diagnostic","All voters","Q491A",3,372.333333333333,321,365,431,6.41548618119473e-05,5.51880574980107e-05,7.25583713604367e-05,361,3.87153269756338e-08,"Q491A"
"diagnostic","All voters","Q575_Q581R4",3,406,220,410,588,6.41161464849717e-05,2.74929960048259e-05,0.000105933992818439,362,8.58711044803614e-08,"Q575_Q581R4"
"diagnostic","All voters","Q513_Q516R3",3,372.333333333333,302,375,440,6.40302753804913e-05,5.14897138661865e-05,7.7851558373636e-05,363,7.61495334427882e-08,"Q513_Q516R3"
"diagnostic","All voters","Q117R11",3,430,175,386,729,6.39541258470485e-05,0,0.000128733087702625,364,4.54507216883152e-08,"Priority: immigrant rights"
"diagnostic","All voters","Q478_Q483R5",3,367.333333333333,308,346,448,6.39086751253602e-05,4.91664989789411e-05,7.55930493675509e-05,365,5.59194545369742e-09,"Q478_Q483R5"
"diagnostic","All voters","Q591_Q596R5",3,400.666666666667,209,264,729,6.39030831799065e-05,0,0.000104651660118492,366,5.33806754259497e-08,"Q591_Q596R5"
"diagnostic","All voters","Q41",3,396.333333333333,218,343,628,6.38497025044806e-05,2.07367367866264e-05,0.000101616147472431,367,7.17658029706177e-08,"Q41"
"diagnostic","All voters","Q343R4",3,374.333333333333,289,305,529,6.377793670151e-05,3.71595996298824e-05,7.84704066588461e-05,368,2.38064889334608e-07,"Q343R4"
"diagnostic","All voters","Q203",3,399,217,403,577,6.35398718121754e-05,3.13866674552685e-05,0.000102218116632641,369,8.07821672452647e-08,"Q203"
"diagnostic","All voters","Q205",3,419.333333333333,190,339,729,6.34590896449301e-05,0,0.000119990749884893,370,1.87532050755629e-07,"Q205"
"diagnostic","All voters","Q720_Q722R3",3,378,312,374,448,6.32715575941745e-05,5.23930952999971e-05,7.67437560536654e-05,371,4.14714426056657e-08,"Q720_Q722R3"
"diagnostic","All voters","Q604_Q605R1",3,401.666666666667,238,303,664,6.32300861515688e-05,1.83052062627548e-05,9.42534531002444e-05,372,6.46227074059622e-08,"Q604_Q605R1"
"diagnostic","All voters","Q273R5",3,381.666666666667,312,314,519,6.31654634441628e-05,3.79016698590319e-05,7.65779308738348e-05,373,3.28336292448303e-07,"Q273R5"
"diagnostic","All voters","Q485",3,394.333333333333,247,382,554,6.28371271517145e-05,3.60502414861292e-05,9.0858300097888e-05,374,9.87390642505115e-08,"Racial bias in police/immigration treatment"
"diagnostic","All voters","Q521_Q528R5",3,391.666666666667,301,319,555,6.2738388087464e-05,3.60321407448525e-05,7.94066850525353e-05,375,1.1340689906787e-07,"Q521_Q528R5"
"diagnostic","All voters","Q347",3,383.333333333333,339,387,424,6.26249811883961e-05,5.52049219494038e-05,6.97918163672421e-05,376,5.1023922223323e-08,"Q347"
"diagnostic","All voters","Q619_Q626R7",3,403.666666666667,245,352,614,6.25739572661728e-05,2.95186573826248e-05,9.09219949171874e-05,377,8.92534636394866e-08,"Discrimination against gays and lesbians"
"diagnostic","All voters","Q131R5",3,398,221,455,518,6.24847038025333e-05,3.93465402258245e-05,9.98655273721779e-05,378,8.62672789593804e-08,"Q131R5"
"diagnostic","All voters","Q149",3,387.666666666667,315,347,501,6.2398436523574e-05,4.41130173932145e-05,7.62729268381899e-05,379,3.9994527335912e-07,"Q149"
"diagnostic","All voters","Q193",3,380,357,357,426,6.19984912502148e-05,5.34351992178821e-05,6.74655128157114e-05,380,1.67977808293658e-07,"Q193"
"diagnostic","All voters","Q243R4",3,421.333333333333,177,358,729,6.18305134419212e-05,0,0.00012093439013865,381,1.22489799298637e-07,"Q243R4"
"diagnostic","All voters","Q709_712R4",3,420.666666666667,212,521,529,6.17080236426225e-05,3.65347433719495e-05,0.000107949344282811,382,2.89860583024734e-07,"Anti-Black racism in own community"
"diagnostic","All voters","S2_AFROLAT",3,430.666666666667,223,336,733,6.14181630595978e-05,1.10351893645772e-05,0.000104099804106047,383,1.55286510260776e-08,"S2_AFROLAT"
"diagnostic","All voters","Q111R5",3,455.333333333333,173,557,636,6.14026344085717e-05,1.988955814042e-05,0.000128386925066623,384,2.87149742375501e-08,"Q111R5"
"diagnostic","All voters","Q111R4",3,396.333333333333,291,384,514,6.13739194343342e-05,4.19547007945028e-05,8.22994695168992e-05,385,2.92736176659173e-07,"Q111R4"
"diagnostic","All voters","Q417_Q424R3",3,433.333333333333,217,322,761,6.1081183257675e-05,6.86880780040829e-06,0.000101908294035333,386,7.40535625335314e-08,"Q417_Q424R3"
"diagnostic","All voters","Q472_Q474R2",3,387.333333333333,343,359,460,6.10071296951415e-05,4.75614954307194e-05,6.96997274445471e-05,387,5.6873130572252e-08,"Q472_Q474R2"
"diagnostic","All voters","Q386_Q390R4",3,474.333333333333,170,535,718,6.09502565645692e-05,1.37921082795306e-05,0.000132321582021622,388,8.20522355867771e-09,"Q386_Q390R4"
"diagnostic","All voters","Q257BR2",3,412.666666666667,235,281,722,6.09420513410105e-05,6.38145094632882e-06,9.4651551551272e-05,389,5.14627453706114e-07,"Q257BR2"
"diagnostic","All voters","Q754_Q762R6",3,405.666666666667,273,358,586,6.04274238873044e-05,2.76805393186175e-05,8.61966694648431e-05,390,6.71616393603823e-08,"Q754_Q762R6"
"diagnostic","All voters","Q563_Q572R6",3,397.333333333333,298,423,471,6.0360262247944e-05,4.89674489498114e-05,7.77537139465164e-05,391,1.85887757507879e-07,"Blacks: political representation"
"diagnostic","All voters","Q521_Q528R4",3,409,276,423,528,6.01743744904362e-05,3.97732732721374e-05,8.55071457626887e-05,392,1.77902644824312e-07,"Q521_Q528R4"
"diagnostic","All voters","Q262",3,398.333333333333,292,426,477,5.99964718456119e-05,4.51064069537697e-05,7.97903581566198e-05,393,1.54437353333479e-08,"Q262"
"diagnostic","All voters","Q689",3,407,247,382,592,5.99810281102785e-05,2.93753706813426e-05,9.04806256384376e-05,394,3.05529095585369e-07,"Q689"
"diagnostic","All voters","Q551_Q559R2",3,393.666666666667,339,405,437,5.96754990146931e-05,5.43863347121651e-05,6.79702488921209e-05,395,4.09046667528324e-08,"Q551_Q559R2"
"diagnostic","All voters","Q272",3,404.333333333333,263,368,582,5.96345943479403e-05,2.82544705158546e-05,8.62354803933605e-05,396,1.22215905030897e-07,"Q272"
"diagnostic","All voters","Q676_Q678R2",3,408.666666666667,279,320,627,5.95123784429094e-05,2.0881624131996e-05,8.52797807501894e-05,397,4.809342881677e-08,"Q676_Q678R2"
"diagnostic","All voters","Q62R3",3,456,194,575,599,5.94642850140926e-05,2.96961766939967e-05,0.000117540212680045,398,3.53354490854763e-08,"Q62R3"
"diagnostic","All voters","Q93",3,398.333333333333,338,347,510,5.94289495650072e-05,3.95176713680099e-05,7.06786377590947e-05,399,1.14321716448586e-07,"Q93"
"diagnostic","All voters","Q417_Q424R4",3,459.666666666667,172,523,684,5.93146278485586e-05,1.4849467659791e-05,0.000126008271404324,400,2.02592670164006e-07,"Q417_Q424R4"
"diagnostic","All voters","Q282",3,398.666666666667,372,401,423,5.91120351783946e-05,5.60684183677439e-05,6.40094089822771e-05,401,1.75235813941932e-08,"Q282"
"diagnostic","All voters","Q754_Q762R4",3,416.666666666667,235,328,687,5.90945115970004e-05,1.02858024376977e-05,9.50146722287317e-05,402,3.70124079323413e-07,"Q754_Q762R4"
"diagnostic","All voters","Q478_Q483R1",3,416.333333333333,232,288,729,5.8724387517677e-05,0,9.56083103121799e-05,403,2.6261645167354e-08,"Q478_Q483R1"
"diagnostic","All voters","Q70R5",3,409,252,267,708,5.86981258725096e-05,0,8.87723945786922e-05,404,5.39796785934516e-08,"Q70R5"
"diagnostic","All voters","Q693_Q700R8",3,403,376,379,454,5.86441461939162e-05,4.85555445469296e-05,6.47098624760075e-05,405,1.84188967332176e-08,"Q693_Q700R8"
"diagnostic","All voters","Q679_Q682R3",3,415.666666666667,250,439,558,5.86257272971829e-05,3.59209854499741e-05,9.01046763211177e-05,406,5.54922649532928e-08,"Q679_Q682R3"
"diagnostic","All voters","Q456_Q461R1",3,416,233,307,708,5.85702350322297e-05,0,0.000100107569016738,407,1.40587119900937e-07,"Q456_Q461R1"
"diagnostic","All voters","Q701_Q705R5",3,410.666666666667,272,397,563,5.84296479123287e-05,3.29407609254736e-05,8.4412350935813e-05,408,2.41556661706158e-07,"Q701_Q705R5"
"diagnostic","All voters","Q560R5",3,419.333333333333,293,297,668,5.81880912506226e-05,1.47377936419969e-05,8.12794271267457e-05,409,1.06311240165817e-07,"Q560R5"
"diagnostic","All voters","Q663_Q666R4",3,418,269,335,650,5.80817800104567e-05,2.02134563901619e-05,8.4847199637877e-05,410,4.95039671495596e-09,"Q663_Q666R4"
"diagnostic","All voters","Q763_Q766R2",3,412,325,325,586,5.80768296137418e-05,3.02202401248324e-05,7.20123824848735e-05,411,2.83257936357491e-08,"Q763_Q766R2"
"diagnostic","All voters","Q225R4",3,426.666666666667,263,341,676,5.8048503820106e-05,1.70313986038391e-05,8.73339406845161e-05,412,2.13814007324829e-07,"Q225R4"
"diagnostic","All voters","Q487_Q489R3",3,439,251,331,735,5.78346898127812e-05,1.07668208933856e-05,9.23352153536702e-05,413,2.57924801481618e-08,"Q487_Q489R3"
"diagnostic","All voters","Q261",3,410.666666666667,254,457,521,5.7808897332633e-05,3.73669554716717e-05,8.83241103119287e-05,414,2.82240363920792e-08,"Q261"
"diagnostic","All voters","Q257CR3",3,431,283,342,668,5.7780673296241e-05,2.15094007989439e-05,8.43515083853756e-05,415,5.52680995007825e-08,"Q257CR3"
"diagnostic","All voters","Q162R2",3,426.333333333333,254,309,716,5.77254051967402e-05,8.04880376848254e-06,8.95444074054699e-05,416,2.01097513923918e-08,"Q162R2"
"diagnostic","All voters","Q814",3,430.666666666667,252,471,569,5.77052954453478e-05,3.49729402187453e-05,9.21414659904615e-05,417,2.58127312034643e-07,"Q814"
"diagnostic","All voters","Q535_Q538R2",3,436,219,437,652,5.74471681333131e-05,1.99379925418041e-05,0.000100366347016475,418,1.43148274450628e-07,"Q535_Q538R2"
"diagnostic","All voters","Q239R2",3,468.333333333333,195,488,722,5.73040198588625e-05,1.26780895543831e-05,0.000116567069241375,419,3.05173735916459e-08,"Q239R2"
"diagnostic","All voters","Q472_Q474R3",3,472.666666666667,198,531,689,5.72735024852709e-05,1.82315199140114e-05,0.000116484661296209,420,3.29326447502293e-08,"Q472_Q474R3"
"diagnostic","All voters","Q278",3,419,236,313,708,5.72405698405206e-05,0,9.68323440069422e-05,421,8.86068145869784e-08,"Q278"
"diagnostic","All voters","Q687",3,431.333333333333,259,428,607,5.71519630259337e-05,3.0330031502002e-05,8.85265982614008e-05,422,3.7009417441627e-07,"Q687"
"diagnostic","All voters","Q208R4",3,442.333333333333,245,473,609,5.67818688515174e-05,3.00153851560713e-05,9.44618049739094e-05,423,1.19885639896147e-07,"Q208R4"
"diagnostic","All voters","Q249",3,502.333333333333,172,667,668,5.66619832116212e-05,1.79952322350395e-05,0.000130153745057782,424,6.20959958548339e-08,"Q249"
"diagnostic","All voters","Q162R6",3,413.333333333333,338,449,453,5.65998872157664e-05,4.8988085018283e-05,6.86507402577556e-05,425,1.31970185648069e-07,"Q162R6"
"diagnostic","All voters","Q744",3,411.666666666667,390,390,455,5.64679170301183e-05,4.79910439809383e-05,6.21492700505279e-05,426,1.71188438333401e-07,"Q744"
"diagnostic","All voters","Q378",3,421,261,294,708,5.6296728591785e-05,0,8.95649050753615e-05,427,9.43944141493876e-08,"Q378"
"diagnostic","All voters","Q604_Q605R2",3,421.666666666667,331,364,570,5.62023341776356e-05,3.47932107601315e-05,7.12444533070296e-05,428,2.57070840959124e-07,"Q604_Q605R2"
"diagnostic","All voters","Q117R8",3,417.333333333333,364,414,474,5.59452633366764e-05,4.54701219410923e-05,6.6396698033735e-05,429,1.71582667890176e-07,"Q117R8"
"diagnostic","All voters","Q70R1",3,424.666666666667,270,275,729,5.57736806687863e-05,0,8.45832721224613e-05,430,1.40760967130396e-07,"Q70R1"
"diagnostic","All voters","Q411_Q416R1",3,464,213,494,685,5.56329197016559e-05,1.85089648857601e-05,0.000105415129453448,431,1.64468051131124e-07,"Q411_Q416R1"
"diagnostic","All voters","Q546R7",3,427.333333333333,277,387,618,5.54684516505247e-05,2.26892000849193e-05,8.32417459608642e-05,432,1.33303252447181e-08,"Q546R7"
"diagnostic","All voters","Q381_Q383R1",3,423,298,391,580,5.545512132528e-05,2.83420328898681e-05,7.8346476007246e-05,433,2.45729123419242e-07,"Q381_Q383R1"
"diagnostic","All voters","Q505_Q508R3",3,453,236,419,704,5.52093922018608e-05,1.61577186120504e-05,9.44819367879086e-05,434,4.04054315940307e-07,"Q505_Q508R3"
"diagnostic","All voters","Q815",3,454,242,403,717,5.48053378859205e-05,1.41141282722941e-05,9.3215472861956e-05,435,1.67577612309342e-07,"Q815"
"diagnostic","All voters","Q535_Q538R1",3,427,334,425,522,5.46377602736111e-05,4.03972475079895e-05,6.9659681603717e-05,436,3.64270965285324e-07,"Q535_Q538R1"
"diagnostic","All voters","Q611",3,501.666666666667,152,645,708,5.42734893083258e-05,0,0.000141743241158782,437,5.39120003387343e-08,"Q611"
"diagnostic","All voters","Q417_Q424R5",3,426.666666666667,404,409,467,5.42195773079871e-05,4.65728143027908e-05,5.98840749076154e-05,438,8.19056319063894e-08,"Q417_Q424R5"
"diagnostic","All voters","Q456_Q461R5",3,425.666666666667,367,391,519,5.41376716760807e-05,3.92846462134065e-05,6.17496273639604e-05,439,5.94201288475852e-08,"Q456_Q461R5"
"diagnostic","All voters","Q749",3,439.666666666667,329,388,602,5.40782515472331e-05,3.08757850434468e-05,7.09640474431609e-05,440,7.08081136627359e-08,"Q749"
"diagnostic","All voters","Q175R2",3,442.333333333333,285,406,636,5.40074434335704e-05,2.55237739741365e-05,7.98534778704262e-05,441,2.44644600778048e-08,"Q175R2"
"diagnostic","All voters","Q547R7",3,460.666666666667,221,471,690,5.39829789734926e-05,1.81202051571529e-05,9.80543714289142e-05,442,2.21955911267043e-07,"Q547R7"
"diagnostic","All voters","Q640_Q645R6",3,499.666666666667,184,619,696,5.37610230622255e-05,9.0802645404466e-06,0.000123889198032368,443,1.54879940581519e-07,"Q640_Q645R6"
"diagnostic","All voters","Q804",3,456,270,400,698,5.3606143121644e-05,1.69444864448319e-05,8.64927001201319e-05,444,2.56768312060178e-09,"Q804"
"diagnostic","All voters","Q549R7",3,458.333333333333,296,328,751,5.36035754385234e-05,8.92422245533463e-06,8.07736207423476e-05,445,1.10872191552519e-07,"Q549R7"
"diagnostic","All voters","Q478_Q483R3",3,438,345,372,597,5.34927032469709e-05,2.80854114965575e-05,6.69820575831278e-05,446,7.80670726029529e-08,"Q478_Q483R3"
"diagnostic","All voters","Q99R6",3,435.333333333333,354,474,478,5.34146361743679e-05,4.44967482179812e-05,6.71304239357022e-05,447,1.30186592543351e-07,"Q99R6"
"diagnostic","All voters","Q521_Q528R1",3,457.333333333333,252,451,669,5.32844495818246e-05,1.78374001524369e-05,8.98058596645385e-05,448,1.89384164597358e-07,"Q521_Q528R1"
"diagnostic","All voters","Q652_Q658R5",3,450.666666666667,311,412,629,5.30950654172272e-05,2.63701378690421e-05,7.67618776700557e-05,449,4.64391654273711e-08,"Q652_Q658R5"
"diagnostic","All voters","Q551_Q559R6",3,443.333333333333,310,440,580,5.30486262517998e-05,3.09271413398742e-05,7.46776474013384e-05,450,1.80701653645994e-08,"Q551_Q559R6"
"diagnostic","All voters","Q131R1",3,466.333333333333,237,417,745,5.30305560864352e-05,9.48430456522962e-06,9.43774884662127e-05,451,9.13505895351553e-09,"Two-trillion-dollar stimulus policy"
"diagnostic","All voters","Q194",3,432.333333333333,366,427,504,5.30214210274817e-05,4.00750848617595e-05,6.59917958704971e-05,452,7.7643088559685e-08,"Q194"
"diagnostic","All voters","Q675",3,457.333333333333,307,350,715,5.2943777938922e-05,1.43455929116353e-05,7.83273413498536e-05,453,1.03586904746423e-08,"Q675"
"diagnostic","All voters","Q715_718R1",3,447.333333333333,198,436,708,5.29334192484474e-05,0,0.000107546459093672,454,4.12741176136059e-08,"Q715_718R1"
"diagnostic","All voters","Q386_Q390R5",3,437.666666666667,399,403,511,5.28921451308338e-05,4.08601487933191e-05,6.00131465958465e-05,455,1.11350709281148e-07,"Q386_Q390R5"
"diagnostic","All voters","Q563_Q572R10",3,459.333333333333,256,479,643,5.27807944215526e-05,2.48846404760867e-05,8.89660686677926e-05,456,2.99518532646744e-08,"LGBTQ: political representation"
"diagnostic","All voters","Q334",3,435,349,476,480,5.2750842568288e-05,4.42697874746006e-05,6.88059230866865e-05,457,1.03168867975554e-07,"Q334"
"diagnostic","All voters","Q217R4",3,436,335,414,559,5.26476737003124e-05,3.14215562146497e-05,7.10453790893602e-05,458,1.27634914252122e-08,"Q217R4"
"diagnostic","All voters","Q775",3,450.666666666667,302,428,622,5.26349102088872e-05,2.52222181879766e-05,7.69068640831331e-05,459,6.3559129297694e-08,"Q775"
"diagnostic","All voters","Q534",3,467,214,515,672,5.25713510795895e-05,1.43834617880219e-05,0.000103410561713545,460,2.60684642044318e-07,"Q534"
"diagnostic","All voters","Q429_Q440R8",3,443.666666666667,331,381,619,5.23106664375452e-05,2.56139470123158e-05,7.11783941687935e-05,461,1.08711970657776e-07,"Q429_Q440R8"
"diagnostic","All voters","Q561",3,446,299,475,564,5.22019544668874e-05,3.28486042296756e-05,7.80416703424397e-05,462,1.46018466378378e-07,"Q561"
"diagnostic","All voters","Q225R9",3,442.333333333333,418,445,464,5.2055936000509e-05,5.03975667177139e-05,5.50775784274305e-05,463,4.51975586343182e-09,"Q225R9"
"diagnostic","All voters","Q551_Q559R3",3,441.666666666667,344,486,495,5.20514162446456e-05,4.26532417469038e-05,6.71159301612642e-05,464,1.678517312655e-08,"Q551_Q559R3"
"diagnostic","All voters","Q159R3",3,441.666666666667,389,450,486,5.20346310715191e-05,4.36926932010573e-05,6.26369293257629e-05,465,1.92149121747612e-08,"Q159R3"
"diagnostic","All voters","Q381_Q383R3",3,459.333333333333,271,501,606,5.20154161593443e-05,3.0380218466818e-05,8.37472572852966e-05,466,1.48727352607776e-07,"Q381_Q383R3"
"diagnostic","All voters","Q663_Q666R1",3,452.333333333333,341,388,628,5.18666888067365e-05,2.64469565429845e-05,6.96067852890601e-05,467,1.64346429084225e-07,"Q663_Q666R1"
"diagnostic","All voters","Q429_Q440R2",3,437,278,325,708,5.17023423776523e-05,0,8.26246819304623e-05,468,2.67228735089594e-07,"Q429_Q440R2"
"diagnostic","All voters","Q386_Q390R3",3,450.333333333333,352,398,601,5.14351136425627e-05,2.78212593299126e-05,6.86032957712446e-05,469,5.78082629507369e-07,"Q386_Q390R3"
"diagnostic","All voters","Q225R8",3,457.666666666667,327,468,578,5.08570310130553e-05,3.40528159991647e-05,7.22021304024036e-05,470,7.01788303771739e-08,"Q225R8"
"diagnostic","All voters","Q67",3,465,317,379,699,5.07868521826782e-05,1.68093531094421e-05,7.535358396094e-05,471,7.82280080797036e-08,"Q67"
"diagnostic","All voters","Q285",3,456.666666666667,280,502,588,5.07086241745985e-05,3.00583734948773e-05,8.1845999402414e-05,472,7.55602696767983e-08,"Q285"
"diagnostic","All voters","Q294",3,460.666666666667,302,435,645,5.06330639049217e-05,1.80052737754278e-05,7.91757100303471e-05,473,2.12356798812017e-08,"Q294"
"diagnostic","All voters","Q381_Q383R2",3,471,266,563,584,5.06118282250405e-05,3.02321188055781e-05,8.6051113851992e-05,474,5.35975124278085e-08,"Q381_Q383R2"
"diagnostic","All voters","Q117R7",3,461.666666666667,330,408,647,5.05582307126126e-05,2.44155111951509e-05,7.08084903649532e-05,475,2.99603236134322e-09,"Q117R7"
"diagnostic","All voters","Q316R7",3,455.666666666667,326,430,611,5.05552346802513e-05,2.42487602702363e-05,7.22145705911031e-05,476,1.81467446927612e-07,"Q316R7"
"diagnostic","All voters","Q732_Q737R1",3,454.333333333333,245,389,729,5.03737672333237e-05,0,9.17712480467769e-05,477,1.59792602408317e-07,"Q732_Q737R1"
"diagnostic","All voters","Q456_Q461R6",3,450.333333333333,433,433,485,5.02139746309154e-05,4.64456508795441e-05,5.27095546065989e-05,478,9.51401158465155e-09,"Q456_Q461R6"
"diagnostic","All voters","S13",3,463.333333333333,317,458,615,5.02044606193307e-05,2.65726741400203e-05,7.28854397400808e-05,479,1.21910575700407e-07,"Education"
"diagnostic","All voters","Q99R7",3,507.666666666667,167,648,708,5.00825500436303e-05,0,0.000129710371183954,480,6.29548527437146e-08,"Q99R7"
"diagnostic","All voters","Q494_Q503R8",3,455.666666666667,395,428,544,5.00195951908866e-05,3.76063269138484e-05,5.8718385920321e-05,481,1.65453211642703e-08,"Q494_Q503R8"
"diagnostic","All voters","Q411_Q416R4",3,475.333333333333,225,543,658,5.00030498697223e-05,1.64394366241693e-05,9.77900820917537e-05,482,1.32062910345903e-07,"Q411_Q416R4"
"diagnostic","All voters","Q732_Q737R5",3,481.666666666667,287,427,731,4.98709869593764e-05,1.19143432949864e-05,8.3024181425127e-05,483,4.76450366300162e-07,"Q732_Q737R5"
"diagnostic","All voters","Q154R5",3,462,345,482,559,4.93945365930763e-05,3.56825175001017e-05,6.84666947436649e-05,484,6.22465778842506e-08,"Q154R5"
"diagnostic","All voters","Q286",3,457.666666666667,375,430,568,4.9332290015192e-05,3.0665230778025e-05,6.50892313850645e-05,485,2.33067956162882e-07,"Q286"
"diagnostic","All voters","Q225R5",3,485.666666666667,212,516,729,4.90992220590291e-05,0,0.000105589557876824,486,1.72614359018131e-07,"Q225R5"
"diagnostic","All voters","Q551_Q559R1",3,465,332,516,547,4.8926607700011e-05,3.72519016497564e-05,7.10869584102417e-05,487,4.66629266280134e-08,"Q551_Q559R1"
"diagnostic","All voters","Q343R1",3,484,226,573,653,4.8879944773383e-05,1.7260514889165e-05,9.76198707801327e-05,488,2.20791627457225e-08,"Q343R1"
"diagnostic","All voters","Q494_Q503R5",3,462,377,490,519,4.88578656106373e-05,4.13682778566324e-05,6.26167539295723e-05,489,7.15817509110072e-08,"Q494_Q503R5"
"diagnostic","All voters","Q456_Q461R2",3,461,231,444,708,4.87862838597263e-05,0,9.68857489459665e-05,490,4.1771639837959e-09,"Q456_Q461R2"
"diagnostic","All voters","Q820",3,463,306,514,569,4.87821066957425e-05,3.047307755611e-05,7.56605598035908e-05,491,2.78553012500159e-07,"Q820"
"diagnostic","All voters","Q208R3",3,467.666666666667,361,377,665,4.85035536832423e-05,1.8162475933495e-05,6.69713314394857e-05,492,1.20815717767773e-07,"Q208R3"
"diagnostic","All voters","Q247",3,462.333333333333,456,465,466,4.83827379654745e-05,4.64611428005385e-05,5.05038577131987e-05,493,3.63749413992081e-08,"Q247"
"diagnostic","All voters","Q359R4",3,464.666666666667,391,499,504,4.83463630240753e-05,4.16541272216813e-05,5.91906290302395e-05,494,1.3018217273145e-07,"Q359R4"
"diagnostic","All voters","Q408",3,468,321,476,607,4.82161808513439e-05,2.72328663368826e-05,7.23718463032599e-05,495,7.52453340009665e-08,"Q408"
"diagnostic","All voters","Q243R1",3,456,290,370,708,4.81409355173429e-05,0,8.01810251067968e-05,496,2.73646969971786e-07,"Q243R1"
"diagnostic","All voters","Q551_Q559R9",3,478.666666666667,374,413,649,4.78672885473711e-05,2.41696049894623e-05,6.3327887664911e-05,497,1.58516427497019e-08,"Q551_Q559R9"
"diagnostic","All voters","Q441_Q452R2",3,461.666666666667,322,334,729,4.78514369046214e-05,0,7.24898920733803e-05,498,1.46018867364046e-08,"Q441_Q452R2"
"diagnostic","All voters","Q646_Q651R1",3,468.333333333333,282,442,681,4.7836835017885e-05,1.22264344771487e-05,8.17281497437852e-05,499,1.75658359284492e-07,"Q646_Q651R1"
"diagnostic","All voters","Q13",3,465.333333333333,432,473,491,4.76611766586005e-05,4.24297846039195e-05,5.50352998502926e-05,500,2.82745126913054e-07,"Voting method"
"diagnostic","All voters","Q819",3,469,262,416,729,4.73784315316875e-05,0,8.64811266450445e-05,501,3.59681834467997e-07,"Q819"
"diagnostic","All voters","Q99R8",3,488.666666666667,229,529,708,4.70187496972195e-05,0,0.00010136838063489,502,3.76044415270897e-09,"Q99R8"
"diagnostic","All voters","Q597_Q602R4",3,476.666666666667,346,461,623,4.70149892530668e-05,2.17541044817493e-05,6.81978392134272e-05,503,1.65953352602506e-08,"Q597_Q602R4"
"diagnostic","All voters","Q630_Q632R2",3,515,196,641,708,4.69983939178065e-05,0,0.000115909803583632,504,3.99209282391419e-08,"Q630_Q632R2"
"diagnostic","All voters","Q709_712R1",3,485.666666666667,329,394,734,4.69584729895674e-05,1.08226879330018e-05,7.18926459859398e-05,505,4.13203564516207e-08,"White privilege as major problem"
"diagnostic","All voters","Q715_718R4",3,470.333333333333,393,483,535,4.69171526331157e-05,3.55081087893336e-05,6.13878033053414e-05,506,4.20461338565249e-08,"Q715_718R4"
"diagnostic","All voters","Q411_Q416R2",3,473.666666666667,333,526,562,4.68751064992592e-05,3.10755737408239e-05,7.11398079020957e-05,507,8.43884871462756e-08,"Q411_Q416R2"
"diagnostic","All voters","Q685",3,470.333333333333,438,459,514,4.67907180121129e-05,3.88802455037537e-05,5.39678564879169e-05,508,2.88756734240789e-08,"Q685"
"diagnostic","All voters","Q239R1",3,469,424,443,540,4.67618423386889e-05,3.47438365199687e-05,5.60060664397112e-05,509,8.11853044458953e-08,"Q239R1"
"diagnostic","All voters","Q453",3,474,406,499,517,4.6680657034243e-05,3.84109386409064e-05,5.96826594664907e-05,510,6.53809641171728e-08,"Q453"
"diagnostic","All voters","Q616_Q618R2",3,473.666666666667,436,467,518,4.66152760701258e-05,4.14401229175732e-05,5.22422422655704e-05,511,4.18636819431926e-08,"Q616_Q618R2"
"diagnostic","All voters","S2_NATIVE",3,477,362,503,566,4.65734123881826e-05,3.26146447751783e-05,6.69079805161586e-05,512,5.78945595277e-08,"S2_NATIVE"
"diagnostic","All voters","Q62R4",3,478,355,422,657,4.65155178286549e-05,1.65647802848457e-05,6.68432730175433e-05,513,1.60117095589124e-07,"Q62R4"
"diagnostic","All voters","Q619_Q626R1",3,499.666666666667,294,447,758,4.63554007330658e-05,7.61683568860405e-06,8.12549289822116e-05,514,1.28844610217441e-07,"Discrimination against Whites"
"diagnostic","All voters","S10_MEX",3,484.333333333333,349,518,586,4.62265561228483e-05,3.30750838202369e-05,6.75684840336096e-05,515,2.99566893244361e-08,"S10_MEX"
"diagnostic","All voters","Q117R10",3,483,236,484,729,4.61965994335239e-05,0,9.48503534395093e-05,516,7.84256968754501e-09,"Q117R10"
"diagnostic","All voters","Q369",3,482.333333333333,368,465,614,4.61887568638364e-05,2.66697930869826e-05,6.12952177215454e-05,517,1.96333679583967e-07,"Q369"
"diagnostic","All voters","Q208R1",3,492.666666666667,301,552,625,4.59924231842524e-05,2.45868929464397e-05,7.70016176013829e-05,518,2.94646704579707e-08,"Q208R1"
"diagnostic","All voters","Q153",3,481.666666666667,383,456,606,4.59629585137944e-05,2.49375412691873e-05,6.12404084535844e-05,519,1.37142253541604e-07,"Q153"
"diagnostic","All voters","Q505_Q508R4",3,494.666666666667,234,542,708,4.58258162602528e-05,0,9.94933348697687e-05,520,4.91838618002006e-08,"Q505_Q508R4"
"diagnostic","All voters","Q591_Q596R2",3,504.333333333333,282,515,716,4.57766323984526e-05,1.41469091661669e-05,8.44083210701078e-05,521,6.01832805735455e-07,"Q591_Q596R2"
"diagnostic","All voters","Q693_Q700R2",3,501.333333333333,294,557,653,4.51747995927172e-05,2.35931090241309e-05,7.81850725326789e-05,522,1.72401976377773e-08,"Q693_Q700R2"
"diagnostic","All voters","Q368",3,485,407,436,612,4.51575593950794e-05,2.41814502006345e-05,5.6593205478264e-05,523,7.19987151307912e-08,"Race and racism in K–12 history"
"diagnostic","All voters","Q494_Q503R2",3,473,257,454,708,4.50855606799486e-05,0,8.6916453337476e-05,524,3.77935047159411e-08,"Q494_Q503R2"
"diagnostic","All voters","Q509_Q511R1",3,492.333333333333,338,365,774,4.50477671752327e-05,3.68253389555759e-06,6.98145197732945e-05,525,8.25115690707726e-09,"Q509_Q511R1"
"diagnostic","All voters","Q441_Q452R9",3,505,272,564,679,4.50395160183256e-05,1.60880573400659e-05,8.3663079130251e-05,526,3.48481389500952e-07,"Q441_Q452R9"
"diagnostic","All voters","Q401_Q404R4",3,528.333333333333,235,594,756,4.46910346288246e-05,7.72827856100252e-06,9.94550604151365e-05,527,2.2543661993646e-08,"Q401_Q404R4"
"diagnostic","All voters","Q273R4",3,498.333333333333,260,571,664,4.4668490966831e-05,1.54223574389733e-05,8.66027465686787e-05,528,1.97298895037781e-07,"Q273R4"
"diagnostic","All voters","Q529",3,507,304,573,644,4.44711920717932e-05,2.4692772488791e-05,7.87387727876195e-05,529,1.47390569434125e-07,"Q529"
"diagnostic","All voters","Q42",3,496.333333333333,366,525,598,4.43238015023591e-05,3.13296901073531e-05,6.47033643998435e-05,530,4.68317169926061e-08,"Q42"
"diagnostic","All voters","Q467_Q469R3",3,488,272,484,708,4.42769697853665e-05,0,8.62622209403068e-05,531,8.51770903944422e-08,"Q467_Q469R3"
"diagnostic","All voters","Q77R4",3,491.666666666667,371,548,556,4.4191792694972e-05,3.33689407767845e-05,6.5419628190694e-05,532,1.46742395484194e-08,"Q77R4"
"diagnostic","All voters","Q454",3,494.666666666667,346,528,610,4.41771184554236e-05,2.69360269009901e-05,6.90083773210233e-05,533,1.93038618364863e-07,"Q454"
"diagnostic","All voters","Q441_Q452R4",3,518.666666666667,262,643,651,4.39840798370587e-05,1.86517831363354e-05,8.95094165841807e-05,534,1.69781721652658e-07,"Q441_Q452R4"
"diagnostic","All voters","Q99R11",3,490,434,483,553,4.38142981154061e-05,3.61896595126422e-05,5.13496268808534e-05,535,1.22340501547256e-07,"Q99R11"
"diagnostic","All voters","Q333",3,483.666666666667,355,367,729,4.36919576138588e-05,0,6.59442694973692e-05,536,3.00585734667129e-09,"Q333"
"diagnostic","All voters","Q111R1",3,497.333333333333,253,531,708,4.36889517565122e-05,0,9.15078778207717e-05,537,4.80517715017282e-08,"Q111R1"
"diagnostic","All voters","Q630_Q632R3",3,500.333333333333,248,524,729,4.36408999850104e-05,0,9.07402598479848e-05,538,9.19801781456151e-08,"Q630_Q632R3"
"diagnostic","All voters","Q754_Q762R1",3,497,418,533,540,4.35489198068648e-05,3.5902711623304e-05,5.55000597618162e-05,539,8.29374623994737e-08,"Q754_Q762R1"
"diagnostic","All voters","Q584",3,497,441,457,593,4.34659823444653e-05,3.25528051223009e-05,4.97656517890692e-05,540,1.29267367921292e-07,"Q584"
"diagnostic","All voters","Q30",3,489.666666666667,289,451,729,4.3336714976544e-05,0,8.04270860727391e-05,541,4.34806777354615e-09,"Q30"
"diagnostic","All voters","Q150",3,498.333333333333,260,527,708,4.33323669087705e-05,0,9.01274300916576e-05,542,4.31322122611797e-07,"Q150"
"diagnostic","All voters","Q690",3,497.333333333333,418,536,538,4.29010447861587e-05,3.48855540498845e-05,5.7239753652628e-05,543,9.51895085513736e-08,"Q690"
"diagnostic","All voters","Q172R2",3,504.333333333333,372,520,621,4.28058552776073e-05,2.80167548428108e-05,6.11817059736116e-05,544,2.62780097001975e-08,"Q172R2"
"diagnostic","All voters","Q429_Q440R10",3,498.666666666667,415,490,591,4.27795772679071e-05,2.72730609635047e-05,5.5296086082089e-05,545,3.27478906274011e-08,"Q429_Q440R10"
"diagnostic","All voters","Q667_Q671R4",3,503.666666666667,323,411,777,4.27468293772797e-05,0,7.23923960008779e-05,546,2.99544952220175e-07,"Q667_Q671R4"
"diagnostic","All voters","Q738_Q740R3",3,508.333333333333,354,485,686,4.24472844250596e-05,1.8441250465052e-05,6.51805462073786e-05,547,2.22023079167706e-07,"Q738_Q740R3"
"diagnostic","All voters","Q562",3,506,385,492,641,4.22252613458919e-05,2.1554659598897e-05,5.98027107682877e-05,548,2.05101240553751e-07,"Q562"
"diagnostic","All voters","Q316R4",3,508.333333333333,376,443,706,4.20201601053381e-05,9.87730212139765e-06,6.50072153303862e-05,549,2.01354713452662e-07,"Q316R4"
"diagnostic","All voters","Q723_Q725R3",3,512.333333333333,409,446,682,4.18188053918854e-05,1.94394269419928e-05,5.66082511964036e-05,550,3.56493116804478e-07,"Q723_Q725R3"
"diagnostic","All voters","Q701_Q705R2",3,514,439,523,580,4.1462312275081e-05,3.3826040344392e-05,5.15417835246521e-05,551,9.71668600368105e-09,"Q701_Q705R2"
"diagnostic","All voters","Q619_Q626R2",3,509,385,539,603,4.14525955890773e-05,2.51209418225567e-05,6.08350313024874e-05,552,3.25469578613299e-07,"Discrimination against Blacks"
"diagnostic","All voters","Q715_718R2",3,506.333333333333,299,491,729,4.1127126010464e-05,0,7.76667878021153e-05,553,3.59045982644139e-08,"Q715_718R2"
"diagnostic","All voters","Q266",3,531.333333333333,280,627,687,4.10912214121996e-05,1.45085849895183e-05,8.19578858999049e-05,554,1.28258213134789e-07,"Q266"
"diagnostic","All voters","Q225R7",3,506.666666666667,259,532,729,4.09629631990648e-05,0,8.67220681287125e-05,555,5.53294594286228e-08,"Q225R7"
"diagnostic","All voters","Q131R13",3,514.666666666667,417,494,633,4.09076337396362e-05,2.32267940243686e-05,5.73235999812228e-05,556,2.94803025402421e-07,"Q131R13"
"diagnostic","All voters","Q795",3,520,381,585,594,4.06128307142337e-05,2.78907318606216e-05,6.16916960015314e-05,557,2.03712011482046e-07,"Q795"
"diagnostic","All voters","Q364",3,521.666666666667,393,489,683,4.04091187027517e-05,1.93805709507332e-05,5.82196649463214e-05,558,1.17182114956252e-07,"Q364"
"diagnostic","All voters","Q363",3,517.333333333333,421,542,589,4.02919365877954e-05,2.99421855878918e-05,5.66329852043612e-05,559,3.38389209734858e-08,"Q363"
"diagnostic","All voters","Q456_Q461R4",3,523.333333333333,407,552,611,4.0258097666822e-05,2.98024787940521e-05,5.67617290468596e-05,560,1.48054862666967e-07,"Q456_Q461R4"
"diagnostic","All voters","Q494_Q503R6",3,519,456,493,608,4.0110042804155e-05,3.03032782479873e-05,4.77917324232613e-05,561,3.38116578833103e-08,"Q494_Q503R6"
"diagnostic","All voters","Q763_Q766R4",3,503.333333333333,333,469,708,4.00762311462717e-05,0,7.10670878738233e-05,562,4.21640306810843e-09,"Q763_Q766R4"
"diagnostic","All voters","Q429_Q440R7",3,536.333333333333,222,658,729,4.00720147432036e-05,0,9.77908837107539e-05,563,2.66675279602513e-08,"Q429_Q440R7"
"diagnostic","All voters","Q548R7",3,522.333333333333,442,445,680,4.00453472152433e-05,1.94871850464225e-05,5.11794029315714e-05,564,1.66209295822709e-07,"Q548R7"
"diagnostic","All voters","Q505_Q508R1",3,532,253,666,677,3.98791379194206e-05,1.31483343653454e-05,8.83760891065358e-05,565,7.78664876881793e-09,"Q505_Q508R1"
"diagnostic","All voters","Q494_Q503R3",3,529,341,572,674,3.98713512706518e-05,1.99657056611736e-05,6.78097018992026e-05,566,1.01561801075209e-07,"Q494_Q503R3"
"diagnostic","All voters","Q287R7",3,515.666666666667,370,400,777,3.97697894695766e-05,0,6.12835964679394e-05,567,2.42084066287448e-08,"Q287R7"
"diagnostic","All voters","Q16",3,534,318,638,646,3.97455810629478e-05,2.18601963704536e-05,7.28680557712998e-05,568,1.58964205163724e-07,"Q16"
"diagnostic","All voters","Q661",3,533,264,652,683,3.95866168577841e-05,1.53422396952644e-05,8.61251723900204e-05,569,1.20742359934564e-07,"Q661"
"diagnostic","All voters","Q396_Q398R3",3,525,359,536,680,3.94658744978495e-05,1.60719329651812e-05,6.72005965949515e-05,570,3.66012549762244e-08,"Q396_Q398R3"
"diagnostic","All voters","Q316R1",3,559,192,708,777,3.94292732428733e-05,0,0.00011828781972862,571,2.8800810970704e-07,"Q316R1"
"diagnostic","All voters","Q371",3,525.666666666667,285,584,708,3.91412651331663e-05,0,8.42078493065276e-05,572,3.93410772804912e-07,"Q371"
"diagnostic","All voters","Q287R5",3,559.333333333333,205,708,765,3.87478543603614e-05,0,0.000110552036852568,573,2.6217010013365e-07,"Q287R5"
"diagnostic","All voters","Q613",3,531,492,516,585,3.84856842602277e-05,3.32128443905892e-05,4.23848197355188e-05,574,3.93908015549856e-07,"Q613"
"diagnostic","All voters","Q68",3,533.333333333333,281,590,729,3.80917762446779e-05,0,8.14302431128568e-05,575,5.06696644949326e-09,"Q68"
"diagnostic","All voters","Q709_712R2",3,508.333333333333,354,463,708,3.80867092782284e-05,0,6.74966097411227e-05,576,5.5713553727612e-08,"Anti-White discrimination comparison"
"diagnostic","All voters","Q316R2",3,531,386,561,646,3.80309957245008e-05,1.77765583600895e-05,6.06703750883798e-05,577,2.26563492635542e-07,"Q316R2"
"diagnostic","All voters","Q287R3",3,542,296,603,727,3.78044322318652e-05,4.67117878409559e-06,7.7967400330064e-05,578,3.97701629887737e-08,"Q287R3"
"diagnostic","All voters","Q484",3,529.333333333333,517,530,541,3.77646620688764e-05,3.47180847097264e-05,4.14407735778455e-05,579,2.82293911948044e-07,"Q484"
"diagnostic","All voters","Q178R4",3,531.666666666667,502,539,554,3.74823681569284e-05,3.24022169902728e-05,4.40861022964467e-05,580,1.19345521523079e-07,"Q178R4"
"diagnostic","All voters","Q182",3,538.333333333333,337,589,689,3.73630226354053e-05,1.39087830643742e-05,7.07274679397764e-05,581,5.78694121705352e-08,"Q182"
"diagnostic","All voters","Q763_Q766R3",3,518.333333333333,350,497,708,3.73051532232348e-05,0,6.7440050940361e-05,582,7.40068027404791e-08,"Q763_Q766R3"
"diagnostic","All voters","Q663_Q666R2",3,515.666666666667,419,420,708,3.72311464204943e-05,0,5.67103891264508e-05,583,1.61271942687662e-07,"Q663_Q666R2"
"diagnostic","All voters","Q47",3,538.333333333333,395,600,620,3.70698744778066e-05,2.23235301790232e-05,6.09950441017049e-05,584,1.44763189645159e-07,"Election-fraud news awareness"
"diagnostic","All voters","Q46",3,547.666666666667,344,578,721,3.69251112881615e-05,1.28781614654693e-05,6.85021503255377e-05,585,5.05781862613819e-08,"Q46"
"diagnostic","All voters","Q714",3,533,251,640,708,3.68745331019001e-05,0,8.90413357479029e-05,586,9.3860316570656e-08,"Q714"
"diagnostic","All voters","Q221R1",3,537.666666666667,431,556,626,3.67806727853294e-05,2.6816353263203e-05,5.2023754717177e-05,587,1.53700282645643e-07,"Q221R1"
"diagnostic","All voters","Q77R5",3,544.333333333333,308,548,777,3.66269725026838e-05,0,7.50371977067289e-05,588,1.42722734115705e-07,"Q77R5"
"diagnostic","All voters","Q727_Q731R5",3,544.333333333333,368,609,656,3.64842497685681e-05,1.65781261764503e-05,6.58356974524768e-05,589,7.81367722754934e-08,"Q727_Q731R5"
"diagnostic","All voters","Q676_Q678R3",3,543.666666666667,508,544,579,3.64061129962926e-05,3.39592924034482e-05,3.96948703239805e-05,590,3.1404691383642e-08,"Q676_Q678R3"
"diagnostic","All voters","Q267",3,536,271,608,729,3.6374708304909e-05,0,8.44456896369336e-05,591,1.44633841670628e-07,"Q267"
"diagnostic","All voters","Q379",3,543,496,530,603,3.62300744632383e-05,2.7740552875865e-05,4.44997068223614e-05,592,1.96496560614685e-07,"Q379"
"diagnostic","All voters","Q532",1,533,533,533,533,3.60335779026236e-05,3.60335779026236e-05,3.60335779026236e-05,593,3.82864124120658e-08,"Q532"
"diagnostic","All voters","Q159R1",3,546.333333333333,498,566,575,3.59952914902116e-05,3.15749662219839e-05,4.13075064437332e-05,594,5.05315023940862e-08,"Q159R1"
"diagnostic","All voters","Q478_Q483R2",3,549.666666666667,397,593,659,3.59447599878175e-05,2.2415737630621e-05,5.83713551389033e-05,595,1.75138966181204e-08,"Q478_Q483R2"
"diagnostic","All voters","Q154R3",3,543.333333333333,504,561,565,3.59272460911994e-05,3.11997055992936e-05,4.38885350135044e-05,596,1.51848360118706e-07,"Q154R3"
"diagnostic","All voters","Q597_Q602R5",3,545.666666666667,453,547,637,3.57753977310807e-05,2.54777839007663e-05,4.84689805375305e-05,597,1.84330270764862e-07,"Q597_Q602R5"
"diagnostic","All voters","Q720_Q722R2",3,544.666666666667,426,553,655,3.55910674603158e-05,1.68483491776817e-05,5.58394402084918e-05,598,1.81981557636918e-07,"Q720_Q722R2"
"diagnostic","All voters","Q720_Q722R1",3,549.666666666667,452,505,692,3.54090859026789e-05,1.36625542810995e-05,4.92956723563803e-05,599,1.63240393573596e-08,"Q720_Q722R1"
"diagnostic","All voters","Q679_Q682R1",3,542.333333333333,386,464,777,3.53927618633215e-05,0,5.9578584704272e-05,600,3.38138546273584e-08,"Q679_Q682R1"
"diagnostic","All voters","Q652_Q658R3",3,541.333333333333,455,481,688,3.53589480086942e-05,1.00537757620302e-05,5.18963723470637e-05,601,2.72547584565385e-07,"Q652_Q658R3"
"diagnostic","All voters","Q154R4",3,556.666666666667,458,570,642,3.50864004241288e-05,2.50001289551306e-05,4.79912115319453e-05,602,3.05791514739552e-09,"Q154R4"
"diagnostic","All voters","Q667_Q671R3",3,535.333333333333,429,448,729,3.50833425089814e-05,0,5.53221546650322e-05,603,3.20753044744505e-08,"Q667_Q671R3"
"diagnostic","All voters","Q225R3",3,545,462,541,632,3.50512672045069e-05,2.01352672032582e-05,4.6804848957061e-05,604,1.87475121109661e-07,"Q225R3"
"diagnostic","All voters","Q551_Q559R8",3,536.333333333333,387,493,729,3.48637920833973e-05,0,5.95583557200631e-05,605,5.40605238438812e-09,"Q551_Q559R8"
"diagnostic","All voters","Q574",3,531.333333333333,394,492,708,3.48583860310129e-05,0,6.13744955884984e-05,606,2.21170903204793e-08,"Q574"
"diagnostic","All voters","Q513_Q516R1",3,555.666666666667,422,501,744,3.48362689406924e-05,9.66361728909817e-06,5.45120246925054e-05,607,1.85658121300694e-07,"Q513_Q516R1"
"diagnostic","All voters","Q701_Q705R3",3,532.333333333333,396,493,708,3.46506108193917e-05,0,6.08881376460123e-05,608,2.39865735187785e-08,"Q701_Q705R3"
"diagnostic","All voters","Q646_Q651R2",3,535,323,574,708,3.46266242458729e-05,0,7.22289682865945e-05,609,8.10255268460802e-08,"Q646_Q651R2"
"diagnostic","All voters","Q287R1",3,557.333333333333,513,555,604,3.45455987190269e-05,3.07544104894001e-05,3.89279671986573e-05,610,5.25787103328613e-08,"Q287R1"
"diagnostic","All voters","Q359R3",3,558,508,526,640,3.4493020008694e-05,2.52621993094808e-05,4.12874377111975e-05,611,1.46142282803047e-07,"Q359R3"
"diagnostic","All voters","Q719",3,555,440,563,662,3.4346877725891e-05,2.21996669685297e-05,4.9785670864222e-05,612,3.37908414216646e-08,"Q719"
"diagnostic","All voters","Q365",3,553.666666666667,489,496,676,3.43130868844693e-05,1.42272578113778e-05,4.62714577752143e-05,613,1.46434793608643e-07,"Q365"
"diagnostic","All voters","S3B",3,549.333333333333,256,663,729,3.41666520908606e-05,0,8.69715934050407e-05,614,1.87477755075081e-07,"Gender"
"diagnostic","All voters","Q597_Q602R2",3,542.666666666667,365,534,729,3.39791743357856e-05,0,6.62857441413061e-05,615,1.57609805724314e-07,"Q597_Q602R2"
"diagnostic","All voters","Q395",3,547.333333333333,425,513,704,3.38215645300612e-05,5.20100549627881e-06,5.58746768110941e-05,616,1.09036096770465e-07,"Q395"
"diagnostic","All voters","Q77R7",3,553.666666666667,457,479,725,3.37125284332908e-05,5.11226696013581e-06,5.16048861096037e-05,617,1.4198013538309e-09,"Q77R7"
"diagnostic","All voters","Q386_Q390R1",3,544,392,511,729,3.3711108631937e-05,0,5.87715724657335e-05,618,6.66558238808136e-08,"Q386_Q390R1"
"diagnostic","All voters","Q494_Q503R4",3,560.666666666667,499,536,647,3.36444528080561e-05,2.07372910591609e-05,4.10426490439262e-05,619,2.39735757436831e-07,"Q494_Q503R4"
"diagnostic","All voters","Q732_Q737R3",3,552.666666666667,265,685,708,3.34047170506193e-05,0,8.56897359690098e-05,620,2.05620662724966e-07,"Q732_Q737R3"
"diagnostic","All voters","Q357",3,554.333333333333,324,631,708,3.31990963878943e-05,0,7.35766291899719e-05,621,8.76936520891514e-08,"Q357"
"diagnostic","All voters","Q441_Q452R5",3,559.333333333333,432,525,721,3.31114027358052e-05,6.43139395114639e-06,5.27735394484178e-05,622,1.48730837010057e-07,"Q441_Q452R5"
"diagnostic","All voters","Q88",3,580.333333333333,241,723,777,3.29626718987951e-05,0,9.32171956033579e-05,623,9.31598405328458e-08,"Q88"
"diagnostic","All voters","Q409",3,575.333333333333,421,649,656,3.28695120582623e-05,2.02607771486394e-05,5.53405845770554e-05,624,2.84539085751217e-08,"Q409"
"diagnostic","All voters","Q723_Q725R2",3,564.333333333333,545,549,599,3.28410581496872e-05,2.79816875370957e-05,3.67773216173303e-05,625,3.5896002033192e-07,"Q723_Q725R2"
"diagnostic","All voters","Q401_Q404R1",3,569.333333333333,412,558,738,3.24820981293552e-05,1.04407944134637e-05,5.55612548145168e-05,626,9.98528837618858e-08,"Q401_Q404R1"
"diagnostic","All voters","Q429_Q440R3",3,572,569,571,576,3.23822452455934e-05,3.0346288190932e-05,3.4447085578228e-05,627,1.31056833784724e-08,"Q429_Q440R3"
"diagnostic","All voters","Q201",3,566,356,635,707,3.23691395622149e-05,9.71638941606101e-06,6.74673393151607e-05,628,1.66686417712368e-07,"Q201"
"diagnostic","All voters","Q148",3,552.666666666667,374,576,708,3.22024531445025e-05,0,6.52206063104573e-05,629,1.51786974896754e-07,"Q148"
"diagnostic","All voters","Q738_Q740R1",3,574.666666666667,507,562,655,3.20506661696058e-05,2.32422001538968e-05,3.99319704851221e-05,630,1.38565974779146e-09,"Q738_Q740R1"
"diagnostic","All voters","Q221R3",3,565.666666666667,347,651,699,3.2049280509858e-05,7.21963975415618e-06,6.89796292525131e-05,631,5.59331697133552e-08,"Q221R3"
"diagnostic","All voters","Q767_Q771R1",3,575.333333333333,424,621,681,3.19933473401446e-05,1.94658300686811e-05,5.4267094153397e-05,632,3.551526111685e-08,"Q767_Q771R1"
"diagnostic","All voters","Q273R3",3,575,560,577,588,3.19578320790278e-05,2.95008421518731e-05,3.35159348605874e-05,633,8.3711932449956e-09,"Q273R3"
"diagnostic","All voters","Q200",3,555.333333333333,340,618,708,3.19494608857828e-05,0,7.02315129678025e-05,634,4.64660956228511e-08,"Q200"
"diagnostic","All voters","Q701_Q705R4",3,554.333333333333,439,495,729,3.19029947901599e-05,0,5.37476671775133e-05,635,4.6428563800007e-08,"Q701_Q705R4"
"diagnostic","All voters","Q563_Q572R2",3,571.666666666667,408,623,684,3.18565662263599e-05,1.14207115112327e-05,5.91812876215528e-05,636,3.06341053468961e-08,"Men: political representation"
"diagnostic","All voters","Q217R2",3,580.333333333333,406,598,737,3.1825932121013e-05,1.0625707356609e-05,5.67980345555245e-05,637,6.808489881221e-08,"Q217R2"
"diagnostic","All voters","Q627",3,557.666666666667,404,540,729,3.17578472222008e-05,0,5.69277227917505e-05,638,2.16319607640727e-08,"Q627"
"diagnostic","All voters","Q84",3,573.666666666667,467,604,650,3.17362152614367e-05,1.75037957560916e-05,4.99794034730034e-05,639,9.84290791123334e-08,"Q84"
"diagnostic","All voters","Q250R2",3,558.333333333333,350,596,729,3.16377861823244e-05,0,6.87342398041989e-05,640,1.5353614024522e-08,"Q250R2"
"diagnostic","All voters","Q263",3,581,453,636,654,3.16224325682999e-05,2.24051934431141e-05,4.88955334525421e-05,641,2.57408560657542e-07,"Q263"
"diagnostic","All voters","Q429_Q440R1",3,560,384,567,729,3.13650240076423e-05,0,6.34296194136122e-05,642,8.45773676701341e-08,"Q429_Q440R1"
"diagnostic","All voters","Q316R6",3,575.666666666667,475,577,675,3.12804466399722e-05,1.43208679893605e-05,4.54258889114439e-05,643,5.14534109467241e-08,"Q316R6"
"diagnostic","All voters","Q628",3,579,541,574,622,3.12289932290255e-05,2.79256137358418e-05,3.58297851115259e-05,644,2.88520884324783e-07,"Q628"
"diagnostic","All voters","Q99R3",3,562.666666666667,463,496,729,3.09404723447007e-05,0,5.10043154192648e-05,645,9.40948360517207e-09,"Q99R3"
"diagnostic","All voters","Q767_Q771R4",3,578.333333333333,250,708,777,3.09310628610955e-05,0,9.27931885832866e-05,646,1.45510415290199e-08,"Q767_Q771R4"
"diagnostic","All voters","Q257BR3",3,581.333333333333,545,551,648,3.09165118195665e-05,2.43688999316072e-05,3.54033446672349e-05,647,1.22532273989895e-07,"Q257BR3"
"diagnostic","All voters","Q75",3,583,393,615,741,3.07939795455766e-05,1.0055087030517e-05,5.88402190913197e-05,648,2.01348311674188e-07,"Q75"
"diagnostic","All voters","Q727_Q731R2",3,577.333333333333,401,646,685,3.05926312339024e-05,1.0697810439515e-05,6.0297698288905e-05,649,1.02774334113221e-07,"Q727_Q731R2"
"diagnostic","All voters","Q117R2",3,588,462,583,719,3.04898568997892e-05,1.36580993468934e-05,4.73103699487693e-05,650,5.29762267664836e-08,"Q117R2"
"diagnostic","All voters","Q99R5",3,567.666666666667,362,633,708,3.04368806730227e-05,0,6.53936657120957e-05,651,1.19177493739179e-07,"Q99R5"
"diagnostic","All voters","Q441_Q452R11",3,582.333333333333,512,595,640,3.03177031792835e-05,1.89663554904728e-05,4.03995455398225e-05,652,3.3098886161396e-07,"Q441_Q452R11"
"diagnostic","All voters","Q70R3",3,585,484,595,676,2.99867143176696e-05,1.98308212714838e-05,4.37475846096839e-05,653,6.32867518504675e-08,"Q70R3"
"diagnostic","All voters","Q33R4",3,594.666666666667,430,628,726,2.99234275658191e-05,1.23801180626616e-05,5.33002293871206e-05,654,3.8728283942239e-08,"Q33R4"
"diagnostic","All voters","Q429_Q440R4",3,577.666666666667,343,661,729,2.98846992818769e-05,0,6.74355275645511e-05,655,1.77121692721433e-07,"Q429_Q440R4"
"diagnostic","All voters","Q679_Q682R4",3,596.333333333333,415,681,693,2.97075775891554e-05,1.58901005479382e-05,5.57948302857155e-05,656,5.84172549325861e-08,"Q679_Q682R4"
"diagnostic","All voters","Q45",3,589,558,592,617,2.96491603342229e-05,2.27363338836539e-05,3.36171850268565e-05,657,1.50697019912159e-07,"Q45"
"diagnostic","All voters","Q377",3,581.666666666667,441,527,777,2.94984633143107e-05,0,5.12471871053325e-05,658,1.12319967608881e-07,"Q377"
"diagnostic","All voters","Q146",3,584,520,554,678,2.93861433467018e-05,1.31112149589984e-05,4.10247569641374e-05,659,3.21011701497392e-07,"Q146"
"diagnostic","All voters","Q639",3,592.666666666667,538,553,687,2.90651316452044e-05,1.84145286521322e-05,3.62620677489644e-05,660,1.03485444654928e-07,"Q639"
"diagnostic","All voters","Q715_718R3",3,583.666666666667,353,686,712,2.89616462005495e-05,8.56237471441613e-06,6.7997564536262e-05,661,1.16946928629821e-07,"Q715_718R3"
"diagnostic","All voters","Q287R4",3,587.333333333333,449,602,711,2.88446992719197e-05,8.96363476207391e-06,5.23531540750969e-05,662,7.27991102346645e-08,"Q287R4"
"diagnostic","All voters","Q741",3,587.666666666667,464,522,777,2.8771900161685e-05,0,4.72106248011112e-05,663,3.34565917113447e-07,"Q741"
"diagnostic","All voters","Q551_Q559R4",3,584,434,589,729,2.84373342445716e-05,0,5.24596434009805e-05,664,1.43365469251022e-07,"Q551_Q559R4"
"diagnostic","All voters","Q411_Q416R3",3,586.666666666667,352,679,729,2.82939687753205e-05,0,6.53236922696137e-05,665,1.2243552623105e-07,"Q411_Q416R3"
"diagnostic","All voters","Q184R3",3,591.333333333333,478,579,717,2.81715332490895e-05,7.79448382201778e-06,4.77288186603573e-05,666,3.51186410585939e-07,"Q184R3"
"diagnostic","All voters","Q615",3,587.333333333333,357,697,708,2.78203468385036e-05,0,6.6485298788384e-05,667,2.43316638855968e-07,"Expression of Trump immigration view"
"diagnostic","All voters","Q175R1",3,582.333333333333,415,624,708,2.75770301996476e-05,0,5.79690375492477e-05,668,1.64195237160549e-07,"Q175R1"
"diagnostic","All voters","Q33R3",3,591.333333333333,356,708,710,2.7412834962487e-05,0,6.67568747719011e-05,669,6.73017384316018e-08,"CNN news exposure"
"diagnostic","All voters","NEWQ67",3,610.333333333333,474,627,730,2.73455332240554e-05,1.19205835501686e-05,4.57202763241868e-05,670,8.68873030404214e-08,"NEWQ67"
"diagnostic","All voters","Q652_Q658R2",3,599,409,673,715,2.7258645921015e-05,8.2651007927584e-06,5.91363636176146e-05,671,1.60736414208444e-07,"Q652_Q658R2"
"diagnostic","All voters","Q441_Q452R10",3,585.333333333333,444,583,729,2.70979095068066e-05,0,5.31260939282743e-05,672,1.5452527044905e-07,"Q441_Q452R10"
"diagnostic","All voters","Q616_Q618R3",3,602.666666666667,324,729,755,2.69433842363575e-05,0,7.23855690074264e-05,673,9.70127178807368e-08,"Q616_Q618R3"
"diagnostic","All voters","Q154R2",3,601.333333333333,433,677,694,2.68463715184768e-05,9.32143463754356e-06,5.492104918726e-05,674,2.2425435461481e-07,"Q154R2"
"diagnostic","All voters","Q818",3,610.333333333333,506,639,686,2.6622117163862e-05,1.45138323393518e-05,4.00634821438493e-05,675,5.64423918094892e-08,"Q818"
"diagnostic","All voters","Q243R2",3,607,472,670,679,2.65656747720525e-05,1.31109672391365e-05,4.89011663173923e-05,676,9.82915239142732e-08,"Q243R2"
"diagnostic","All voters","Q399",3,589.333333333333,475,564,729,2.64673832481382e-05,0,4.84522732331848e-05,677,3.10801010486613e-08,"Q399"
"diagnostic","All voters","Q400",3,587,355,698,708,2.64363031470895e-05,0,6.7485775017731e-05,678,7.45490799903506e-09,"Q400"
"diagnostic","All voters","Q563_Q572R4",3,603.666666666667,503,598,710,2.64288482390905e-05,9.34354336280316e-06,4.39625898653043e-05,679,2.47152296633874e-07,"Native Americans: political representation"
"diagnostic","All voters","Q396_Q398R1",3,592.666666666667,399,671,708,2.61816959424566e-05,0,5.82070648551707e-05,680,8.4324823589519e-08,"Q396_Q398R1"
"diagnostic","All voters","Q20",3,592.333333333333,402,667,708,2.60973711188671e-05,0,6.02639562265179e-05,681,4.77226345310417e-07,"Q20"
"diagnostic","All voters","Q701_Q705R1",3,614.333333333333,560,613,670,2.56201447735567e-05,1.44983644155197e-05,3.56629171317917e-05,682,2.29981758911828e-07,"Q701_Q705R1"
"diagnostic","All voters","Q57",3,595.666666666667,473,606,708,2.53901630146449e-05,0,4.8720099878606e-05,683,2.62961343878918e-08,"Q57"
"diagnostic","All voters","Q505_Q508R2",3,608.333333333333,509,539,777,2.5363866880257e-05,0,4.12676251812476e-05,684,1.90194010031778e-08,"Q505_Q508R2"
"diagnostic","All voters","Q77R1",3,605.333333333333,396,691,729,2.53448474792538e-05,0,5.80213706422105e-05,685,1.86733499939526e-08,"Q77R1"
"diagnostic","All voters","Q131R9",3,614.666666666667,538,616,690,2.53261741292599e-05,1.37962507462227e-05,3.90757857593936e-05,686,2.28825804223169e-07,"Legal abortion policy"
"diagnostic","All voters","S1",3,612,438,626,772,2.50973483250367e-05,3.97018251417045e-06,5.02664054158385e-05,687,1.30721570605584e-07,"S1"
"diagnostic","All voters","Q386_Q390R2",3,615.666666666667,444,626,777,2.49666267544311e-05,0,5.04308395861941e-05,688,1.57697087076659e-07,"Q386_Q390R2"
"diagnostic","All voters","Q117R12",3,597.666666666667,506,579,708,2.48089296673544e-05,0,4.32492956342072e-05,689,1.84751884402755e-07,"Q117R12"
"diagnostic","All voters","Q370",3,600,447,624,729,2.46241777829517e-05,0,5.24156164571124e-05,690,1.36225358118329e-07,"Q370"
"diagnostic","All voters","Q221R2",3,608.666666666667,369,728,729,2.44879524248334e-05,0,6.12850310361239e-05,691,8.42813087624285e-08,"Q221R2"
"diagnostic","All voters","Q754_Q762R5",3,626.666666666667,549,581,750,2.44036711160709e-05,8.96299245774159e-06,3.33530408816287e-05,692,1.54722042235367e-08,"Q754_Q762R5"
"diagnostic","All voters","Q583",3,602.333333333333,502,597,708,2.43881989118474e-05,0,4.17016618289499e-05,693,1.57877660439186e-07,"Q583"
"diagnostic","All voters","Q152",3,628.666666666667,600,620,666,2.42303212514082e-05,2.20013987372502e-05,2.53958464792265e-05,694,5.13664661625475e-08,"Q152"
"diagnostic","All voters","Q111R2",3,628,592,596,696,2.41789547852457e-05,1.6993809663719e-05,2.8392623632908e-05,695,4.18492209053025e-08,"Q111R2"
"diagnostic","All voters","Q747",3,625,567,630,678,2.41371055643404e-05,1.96745976563444e-05,3.25245367275764e-05,696,2.46225104468246e-08,"Q747"
"diagnostic","All voters","Q640_Q645R3",3,601.333333333333,535,561,708,2.41124830538935e-05,0,3.91750419025891e-05,697,1.03288128831556e-07,"Q640_Q645R3"
"diagnostic","All voters","Q77R2",3,587,324,708,729,2.4009194925062e-05,0,7.20275847751859e-05,698,6.78072218223998e-08,"Q77R2"
"diagnostic","All voters","Q467_Q469R1",3,611.333333333333,485,620,729,2.39413877032396e-05,0,4.36907644197292e-05,699,2.31173407881416e-07,"Q467_Q469R1"
"diagnostic","All voters","Q339",3,606,498,612,708,2.37102142953582e-05,0,4.44009230553433e-05,700,1.11815855935706e-07,"Q339"
"diagnostic","All voters","Q117R1",3,624.333333333333,573,601,699,2.35983984394225e-05,1.10087358042303e-05,3.4514929607613e-05,701,3.53373842820268e-08,"Q117R1"
"diagnostic","All voters","Q713",3,605.666666666667,515,594,708,2.35630610551404e-05,0,4.18344289210992e-05,702,2.22787230222632e-07,"Q713"
"diagnostic","All voters","Q723_Q725R1",3,617.333333333333,437,638,777,2.33402738249178e-05,0,5.05411341344254e-05,703,6.6921352381666e-08,"Q723_Q725R1"
"diagnostic","All voters","Q535_Q538R3",3,636,590,609,709,2.32733524725361e-05,1.54989879233737e-05,2.992875440287e-05,704,3.11935991067744e-08,"Q535_Q538R3"
"diagnostic","All voters","Q551_Q559R5",3,609.333333333333,445,675,708,2.32421588734294e-05,0,5.25817119677753e-05,705,2.50751644528661e-07,"Q551_Q559R5"
"diagnostic","All voters","Q441_Q452R1",3,637.333333333333,543,616,753,2.29914072289007e-05,8.75392111632931e-06,3.39768357716866e-05,706,5.20322098275096e-08,"Q441_Q452R1"
"diagnostic","All voters","Q257AR3",3,624,572,572,728,2.29393750190732e-05,4.10789077792681e-06,3.45486284382988e-05,707,7.79627154639643e-08,"Q257AR3"
"diagnostic","All voters","S2_RACE_PRIME",3,625.666666666667,524,576,777,2.28614123036092e-05,0,3.89858648005984e-05,708,1.27965954350918e-08,"S2_RACE_PRIME"
"diagnostic","All voters","Q372",3,614.666666666667,416,708,720,2.28486157081741e-05,0,5.52798393850904e-05,709,4.08433156506079e-08,"Q372"
"diagnostic","All voters","S7",3,621.666666666667,479,660,726,2.28077723925235e-05,4.84765689434002e-06,4.74528901973083e-05,710,3.62684999901956e-07,"S7"
"diagnostic","All voters","Q652_Q658R1",3,619.333333333333,396,708,754,2.24450873926216e-05,0,5.86340905809856e-05,711,1.21514455020106e-07,"Q652_Q658R1"
"diagnostic","All voters","Q462",3,617.333333333333,506,638,708,2.23235729376015e-05,0,4.15304427066543e-05,712,1.548098452206e-10,"Q462"
"diagnostic","All voters","Q521_Q528R8",3,615,526,611,708,2.23234181277562e-05,0,4.01190374822011e-05,713,1.51632589473238e-07,"Q521_Q528R8"
"diagnostic","All voters","Q405",3,634.333333333333,582,632,689,2.2171785538283e-05,9.85181310141306e-06,3.06982286425695e-05,714,1.66524369559457e-07,"Q405"
"diagnostic","All voters","Q441_Q452R12",3,617.666666666667,488,657,708,2.20052611687235e-05,0,4.63653074223193e-05,715,2.12921677733074e-08,"Q441_Q452R12"
"diagnostic","All voters","Q640_Q645R2",3,630,547,566,777,2.19839690009502e-05,0,3.50157776591091e-05,716,1.6287351287471e-07,"Q640_Q645R2"
"diagnostic","All voters","Q640_Q645R4",3,641.666666666667,631,634,660,2.18210954880755e-05,2.01939666988133e-05,2.28989489518022e-05,717,2.869924070598e-08,"Q640_Q645R4"
"diagnostic","All voters","Q411_Q416R6",3,641.333333333333,595,629,700,2.17923962473695e-05,1.66583709528898e-05,2.85027741157676e-05,718,5.44108853164628e-08,"Q411_Q416R6"
"diagnostic","All voters","Q175R3",3,621.666666666667,505,652,708,2.17379853620531e-05,0,4.1572513667849e-05,719,6.41653291810652e-08,"Q175R3"
"diagnostic","All voters","Q732_Q737R6",3,628.666666666667,470,639,777,2.1673820032872e-05,0,4.58033952038379e-05,720,4.91389869490579e-09,"Q732_Q737R6"
"diagnostic","All voters","Q802",3,640,542,610,768,2.16689061341771e-05,4.84627698612888e-06,3.58109172262672e-05,721,6.46130013189302e-08,"Q802"
"diagnostic","All voters","Q40",3,630,534,654,702,2.16042931328582e-05,5.68382305717897e-06,3.92219669242433e-05,722,2.95707230218175e-07,"Q40"
"diagnostic","All voters","Q455",3,621.666666666667,494,663,708,2.130858590264e-05,0,4.47874184005743e-05,723,4.5751769036261e-08,"Q455"
"diagnostic","All voters","Q117R4",3,606.333333333333,382,708,729,2.12628341336037e-05,0,6.37885024008112e-05,724,7.0149588281853e-08,"Q117R4"
"diagnostic","All voters","Q487_Q489R1",3,641.666666666667,550,673,702,2.11926845453219e-05,1.05473020104001e-05,3.30032644968126e-05,725,1.32349095112983e-07,"Q487_Q489R1"
"diagnostic","All voters","Q258",3,646,625,642,671,2.10603354502089e-05,1.75418768526268e-05,2.69116631026223e-05,726,2.52832420051309e-08,"Q258"
"diagnostic","All voters","Q99R10",3,622.666666666667,495,644,729,2.10350522082038e-05,0,4.46731555923927e-05,727,7.94863845423978e-07,"Q99R10"
"diagnostic","All voters","Q77R9",3,635.333333333333,565,612,729,2.02401883627798e-05,0,3.09456843154385e-05,728,5.49095953393801e-08,"Q77R9"
"diagnostic","All voters","Q280",3,652,531,656,769,2.01852787674404e-05,4.55259064155097e-06,3.62803263317761e-05,729,2.38772397794494e-07,"Q280"
"diagnostic","All voters","Q184R2",3,631,510,654,729,1.99465063696459e-05,0,4.26197435559305e-05,730,1.13215639735354e-08,"Q184R2"
"diagnostic","All voters","Q187R3",3,630,543,639,708,1.99351848056724e-05,0,3.79532501273415e-05,731,1.24672839653619e-07,"Q187R3"
"diagnostic","All voters","Q456_Q461R3",3,655.333333333333,630,659,677,1.98105119660188e-05,1.61233028864879e-05,2.34982990547937e-05,732,1.79151837716682e-08,"Q456_Q461R3"
"diagnostic","All voters","Q754_Q762R9",3,648,505,662,777,1.97925967822471e-05,0,4.00697607549984e-05,733,7.85061435964765e-07,"Q754_Q762R9"
"diagnostic","All voters","Q732_Q737R4",3,651.333333333333,546,631,777,1.90075353462823e-05,0,3.37093663262502e-05,734,1.12864460177647e-07,"Q732_Q737R4"
"diagnostic","All voters","Q494_Q503R10",3,637.666666666667,532,673,708,1.88946708861047e-05,0,3.93137344744063e-05,735,9.88509237000744e-08,"Q494_Q503R10"
"diagnostic","All voters","Q172R1",3,638.666666666667,410,729,777,1.87958199624046e-05,0,5.63874598872138e-05,736,1.27540246982137e-07,"Q172R1"
"diagnostic","All voters","Q401_Q404R3",3,641.333333333333,532,684,708,1.86682797154225e-05,0,3.69552080550227e-05,737,1.9457113308372e-07,"Q401_Q404R3"
"diagnostic","All voters","Q251",3,642,420,729,777,1.84737085823388e-05,0,5.54211257470163e-05,738,7.15303119440195e-08,"Q251"
"diagnostic","All voters","Q646_Q651R3",3,656.333333333333,590,602,777,1.84021782703947e-05,0,2.77686646947153e-05,739,2.1007956549809e-07,"Q646_Q651R3"
"diagnostic","All voters","Q563_Q572R8",3,661,522,718,743,1.81920987048966e-05,7.68253930518219e-06,3.72197929963202e-05,740,5.63818622749965e-08,"Asians: political representation"
"diagnostic","All voters","Q85",3,652,487,703,766,1.81357168426217e-05,5.12819708813581e-06,4.36878615440265e-05,741,2.39693690564655e-07,"Q85"
"diagnostic","All voters","Q767_Q771R3",3,639,509,700,708,1.7896023152057e-05,0,4.27214806346485e-05,742,1.69594058689022e-07,"Q767_Q771R3"
"diagnostic","All voters","Q151",3,650.333333333333,587,635,729,1.7726429093368e-05,0,2.75496962488249e-05,743,2.96466545545234e-07,"Q151"
"diagnostic","All voters","Q573",3,658.666666666667,537,662,777,1.74299625478227e-05,0,3.6576617720499e-05,744,3.50031063355239e-07,"Q573"
"diagnostic","All voters","Q62R1",3,672.333333333333,643,651,723,1.70799314844675e-05,1.2524861933871e-05,2.13859067920033e-05,745,3.39973384069234e-08,"Q62R1"
"diagnostic","All voters","Q343R3",3,632.333333333333,460,708,729,1.70459341460606e-05,0,5.11378024381817e-05,746,1.69748002097359e-07,"Q343R3"
"diagnostic","All voters","Q269",3,665.333333333333,546,701,749,1.68761861439632e-05,6.26007796978981e-06,3.52986562015018e-05,747,1.63506373454596e-07,"Q269"
"diagnostic","All voters","Q646_Q651R8",2,645.5,583,645.5,708,1.67126797705086e-05,0,3.34253595410172e-05,748,3.40935456377162e-07,"Q646_Q651R8"
"diagnostic","All voters","Q754_Q762R3",3,679,649,682,706,1.63717443141315e-05,1.56697998262727e-05,1.750817695136e-05,749,1.63080105502731e-07,"Q754_Q762R3"
"diagnostic","All voters","Q754_Q762R7",3,680.333333333333,629,665,747,1.62086642086287e-05,9.36040179874189e-06,2.39865756768617e-05,750,1.02767627394937e-07,"Q754_Q762R7"
"diagnostic","All voters","Q441_Q452R3",3,660,559,708,713,1.61058965812338e-05,0,3.35516210076653e-05,751,3.16138657820795e-08,"Q441_Q452R3"
"diagnostic","All voters","Q732_Q737R2",3,671,616,697,700,1.60742827154517e-05,6.68442421086967e-06,2.91857172655696e-05,752,1.55009218808969e-07,"Q732_Q737R2"
"diagnostic","All voters","Q521_Q528R3",3,662.333333333333,605,674,708,1.59192734966427e-05,0,3.06089150823051e-05,753,2.05651893323877e-08,"Q521_Q528R3"
"diagnostic","All voters","Q117R9",3,662.333333333333,591,667,729,1.58987083073104e-05,0,3.27648097228816e-05,754,2.71076496158364e-08,"Q117R9"
"diagnostic","All voters","Q585_Q590R4",3,663,593,688,708,1.58716006576945e-05,0,2.93615375239152e-05,755,2.92851045716982e-08,"Q585_Q590R4"
"diagnostic","All voters","Q667_Q671R1",3,681,607,660,776,1.58423155531228e-05,3.38839771363219e-06,2.4788469199437e-05,756,3.62488674270101e-07,"Q667_Q671R1"
"diagnostic","All voters","Q17",3,675,615,691,719,1.54798268788527e-05,7.57039499170171e-06,2.92357876145654e-05,757,3.0471100079134e-07,"Q17"
"diagnostic","All voters","Q494_Q503R9",3,661,500,708,775,1.51751158780614e-05,0,4.19362289994453e-05,758,3.61997912792294e-07,"Q494_Q503R9"
"diagnostic","All voters","Q738_Q740R2",3,675.666666666667,613,690,724,1.48131179652691e-05,5.21552756662615e-06,2.95337818466711e-05,759,8.63179577083738e-08,"Q738_Q740R2"
"diagnostic","All voters","Q494_Q503R7",3,655,480,708,777,1.47268000075607e-05,0,4.41804000226821e-05,760,5.05547687736178e-07,"Q494_Q503R7"
"diagnostic","All voters","Q746A",3,673,587,708,724,1.42212523198245e-05,0,3.02192004588992e-05,761,1.6911976394623e-07,"Q746A"
"diagnostic","All voters","Q543",3,650,513,708,729,1.40521325558783e-05,0,4.21563976676349e-05,762,6.4310875353888e-08,"Border-security spending and wall"
"diagnostic","All voters","Q441_Q452R8",3,675,653,664,708,1.39878216805244e-05,0,2.20336650636284e-05,763,2.0078379478746e-07,"Q441_Q452R8"
"diagnostic","All voters","Q476",3,679,613,695,729,1.3787037885737e-05,0,2.41301147622842e-05,764,8.69648202741999e-08,"Q476"
"diagnostic","All voters","Q87",3,678.333333333333,570,729,736,1.37000730654628e-05,0,3.04240670690622e-05,765,5.3369841549171e-07,"Q87"
"diagnostic","All voters","Q270",3,699,661,672,764,1.3166374649971e-05,5.9483920778383e-06,1.75366741662064e-05,766,2.62111956202059e-10,"Q270"
"diagnostic","All voters","Q380",3,683.333333333333,614,707,729,1.31661125380148e-05,0,2.35936253539135e-05,767,1.31979551584874e-07,"Q380"
"diagnostic","All voters","Q686",3,658,537,708,729,1.303413298643e-05,0,3.91023989592899e-05,768,1.28270766187608e-07,"Q686"
"diagnostic","All voters","Q646_Q651R11",2,687.5,670,687.5,705,1.29058622202424e-05,5.07837142010672e-06,2.0733353020378e-05,769,2.07682501737148e-07,"Q646_Q651R11"
"diagnostic","All voters","Q257CR1",3,692,617,707,752,1.26981797185052e-05,3.51309905691908e-06,2.57484184134872e-05,770,1.87369453561428e-07,"Q257CR1"
"diagnostic","All voters","Q406",3,660.666666666667,545,708,729,1.25108102649438e-05,0,3.75324307948314e-05,771,6.30156215451469e-08,"Q406"
"diagnostic","All voters","Q542",3,661,546,708,729,1.24477946433986e-05,0,3.73433839301959e-05,772,1.30570091045352e-07,"Q542"
"diagnostic","All voters","Q509_Q511R2",3,661.666666666667,548,708,729,1.23172245523533e-05,0,3.69516736570599e-05,773,2.51636352848072e-07,"Q509_Q511R2"
"diagnostic","All voters","Q441_Q452R6",3,688.333333333333,655,702,708,1.20655881995052e-05,0,1.97583099380452e-05,774,9.39205405301762e-08,"Q441_Q452R6"
"diagnostic","All voters","Q391_Q393R3",3,689.333333333333,634,705,729,1.1971667658975e-05,0,1.99740152615495e-05,775,4.22376015104531e-07,"Q391_Q393R3"
"diagnostic","All voters","Q97",3,678.333333333333,550,708,777,1.15492916438705e-05,0,3.46478749316115e-05,776,9.28350021648139e-07,"Q97"
"diagnostic","All voters","Q646_Q651R5",3,696.666666666667,688,694,708,1.06209416222224e-05,0,1.7407412034593e-05,777,1.22533016321777e-07,"Q646_Q651R5"
"diagnostic","All voters","Q255",3,687.666666666667,557,729,777,1.04984086059006e-05,0,3.14952258177018e-05,778,1.81413427644508e-07,"Q255"
"diagnostic","All voters","Q271",3,699,605,729,763,1.03169951782561e-05,0,2.49620170354748e-05,779,2.70017011248271e-07,"Q271"
"diagnostic","All voters","Q283",3,700.666666666667,635,708,759,1.00469781670078e-05,0,2.25410462640399e-05,780,5.42748532219114e-08,"Q283"
"diagnostic","All voters","Q646_Q651R9",2,705,633,705,777,9.9927033137859e-06,0,1.99854066275718e-05,781,4.4685605953178e-08,"Q646_Q651R9"
"diagnostic","All voters","Q646_Q651R10",2,691.5,675,691.5,708,9.94801770783273e-06,0,1.98960354156655e-05,782,9.96353535259385e-08,"Q646_Q651R10"
"diagnostic","All voters","Q630_Q632R1",3,692,591,708,777,9.84838235430679e-06,0,2.95451470629204e-05,783,4.2467486222396e-07,"Q630_Q632R1"
"diagnostic","All voters","Q767_Q771R5",3,695.666666666667,581,729,777,9.42370749208283e-06,0,2.82711224762485e-05,784,3.15947249817172e-07,"Q767_Q771R5"
"diagnostic","All voters","Q640_Q645R1",3,710.333333333333,641,713,777,9.10776024226565e-06,0,1.8898166445957e-05,785,3.59233282121181e-08,"Q640_Q645R1"
"diagnostic","All voters","Q172R3",3,697.666666666667,608,708,777,9.07183691405354e-06,0,2.72155107421606e-05,786,2.05888967162141e-07,"Q172R3"
"diagnostic","All voters","Q199",3,709,659,708,760,8.8659479468914e-06,0,1.93895363152792e-05,787,1.56672184944409e-07,"Q199"
"diagnostic","All voters","Q252",3,689,630,708,729,8.70927576194699e-06,0,2.6127827285841e-05,788,2.70946189975152e-07,"Q252"
"diagnostic","All voters","Q441_Q452R7",3,702,621,708,777,8.43832957197183e-06,0,2.53149887159155e-05,789,2.76161388808449e-07,"Q441_Q452R7"
"diagnostic","All voters","Q640_Q645R5",3,709,705,708,714,8.16216818316339e-06,0,1.45968693947676e-05,790,1.16967967954475e-07,"Q640_Q645R5"
"diagnostic","All voters","Q493",3,713.333333333333,682,729,729,8.04520021520891e-06,0,1.2105227305609e-05,791,9.45902180243173e-08,"Q493"
"diagnostic","All voters","Q585_Q590R2",3,720,674,709,777,7.95060999718459e-06,0,1.43674015683902e-05,792,3.50181019238549e-07,"Q585_Q590R2"
"diagnostic","All voters","Q117R5",3,698,657,708,729,7.60042897794604e-06,0,2.28012869338381e-05,793,5.20649486645035e-07,"Q117R5"
"diagnostic","All voters","Q466",3,717.666666666667,678,708,767,7.07977949130101e-06,0,1.61676493254888e-05,794,5.88101756220114e-08,"Q466"
"diagnostic","All voters","Q563_Q572R7",3,702,669,708,729,7.020969315679e-06,0,2.1062907947037e-05,795,3.81871536569623e-08,"Latinos: political representation"
"diagnostic","All voters","Q585_Q590R6",3,718.666666666667,695,729,732,6.98278216202204e-06,0,1.16657741306963e-05,796,2.38551135892497e-07,"Q585_Q590R6"
"diagnostic","All voters","Q541",3,703,672,708,729,6.74423102612954e-06,0,2.02326930783886e-05,797,4.87816518839505e-07,"Q541"
"diagnostic","All voters","Q585_Q590R5",3,723.333333333333,693,729,748,6.25641450729003e-06,0,9.55083249206457e-06,798,3.14275773666444e-07,"Q585_Q590R5"
"diagnostic","All voters","Q646_Q651R6",2,734,698,734,770,5.94213873362359e-06,4.39000174074855e-06,7.49427572649863e-06,799,3.07132568333781e-08,"Q646_Q651R6"
"diagnostic","All voters","Q463",3,709.666666666667,692,708,729,5.91142547679021e-06,0,1.77342764303706e-05,800,1.81495883138534e-08,"Q463"
"diagnostic","All voters","Q667_Q671R5",3,717.666666666667,647,729,777,5.89327588847636e-06,0,1.76798276654291e-05,801,3.56867396798026e-07,"Q667_Q671R5"
"diagnostic","All voters","Q679_Q682R2",3,725,696,708,771,5.53640849167833e-06,0,1.23981868942692e-05,802,7.51789109194649e-08,"Q679_Q682R2"
"diagnostic","All voters","Q767_Q771R2",3,713.333333333333,703,708,729,5.46122958075887e-06,0,1.63836887422766e-05,803,8.60329162345929e-07,"Q767_Q771R2"
"diagnostic","All voters","Q494_Q503R1",3,730,708,720,762,4.60090041841294e-06,0,7.0547212462819e-06,804,3.79936422858617e-08,"Q494_Q503R1"
"diagnostic","All voters","Q391_Q393R2",3,725.333333333333,691,708,777,4.56290677612708e-06,0,1.36887203283812e-05,805,1.53254384814678e-08,"Q391_Q393R2"
"diagnostic","All voters","Q667_Q671R2",3,730.333333333333,706,708,777,4.54758133764561e-06,0,9.65100765320645e-06,806,4.20934892896535e-08,"Q667_Q671R2"
"diagnostic","All voters","Q585_Q590R3",3,726,693,708,777,4.50548784835596e-06,0,1.35164635450679e-05,807,1.69253410694043e-07,"Q585_Q590R3"
"diagnostic","All voters","Q531",3,728.666666666667,680,729,777,4.33623443766191e-06,0,1.30087033129857e-05,808,2.4991043825205e-07,"Q531"
"diagnostic","All voters","Q260",3,721.333333333333,708,727,729,4.08632399940986e-06,0,1.22589719982296e-05,809,7.31890120849825e-07,"Q260"
"diagnostic","All voters","Q204",3,725.666666666667,708,729,740,3.35443387856004e-06,0,1.00633016356801e-05,810,4.28080389224608e-08,"Q204"
"diagnostic","All voters","Q391_Q393R1",3,726.333333333333,708,729,742,3.31162583963758e-06,0,9.93487751891273e-06,811,1.64130044809757e-07,"Q391_Q393R1"
"diagnostic","All voters","Q367",3,727.666666666667,708,729,746,3.14749579482782e-06,0,9.44248738448346e-06,812,5.85349062243147e-07,"Q367"
"diagnostic","All voters","Q117R6",3,731.333333333333,708,729,757,2.56214673258467e-06,0,7.68644019775402e-06,813,6.45490695077294e-07,"Q117R6"
"diagnostic","All voters","Q646_Q651R7",2,740.5,708,740.5,773,1.91665603750738e-06,0,3.83331207501476e-06,814,1.91665603750738e-06,"Q646_Q651R7"
"diagnostic","All voters","Q170",3,738,708,729,777,0,0,0,815,0,"Q170"
"diagnostic","All voters","Q192",3,738,708,729,777,0,0,0,816,0,"Q192"
"diagnostic","All voters","Q253",3,738,708,729,777,0,0,0,817,0,"Q253"
"diagnostic","All voters","Q356",3,738,708,729,777,0,0,0,818,0,"Q356"
"diagnostic","All voters","Q394",3,738,708,729,777,0,0,0,819,0,"Q394"
"diagnostic","All voters","Q470",3,738,708,729,777,0,0,0,820,0,"Q470"
"diagnostic","All voters","Q477",3,738,708,729,777,0,0,0,821,0,"Q477"
"diagnostic","All voters","Q585_Q590R1",3,738,708,729,777,0,0,0,822,0,"Q585_Q590R1"
"diagnostic","All voters","Q652_Q658R6",3,738,708,729,777,0,0,0,823,0,"Q652_Q658R6"
"diagnostic","All voters","Q692",3,738,708,729,777,0,0,0,824,0,"Q692"
"diagnostic","All voters","Q85B",3,738,708,729,777,0,0,0,825,0,"Q85B"
"diagnostic","All voters","S2_RACE",3,738,708,729,777,0,0,0,826,NA,"S2_RACE"
"primary","All voters","Q21",3,1.66666666666667,1,1,3,0.0542467757618955,0.0190358434908622,0.0757220709672118,1,0.0162351424729386,"Party identification"
"primary","All voters","Q24",3,2.66666666666667,2,2,4,0.0380116332889569,0.0184305939568205,0.0479699564890681,2,0.00398971198573868,"Republican party history"
"primary","All voters","Q25",3,3.66666666666667,3,3,5,0.0340219213032183,0.0180449659329039,0.0427394248605667,3,0.00563915325235367,"Democratic party history"
"primary","All voters","Q543",3,5.33333333333333,4,4,8,0.0283827680508646,0.014664242462769,0.0360053803292838,4,0.00580453418537081,"Border-security spending and wall"
"primary","All voters","Q1",3,5.33333333333333,5,5,6,0.0225782338654938,0.0168652801049724,0.0262288432745443,5,0.00538555103755583,"Issue priorities (eligible components)"
"primary","All voters","Q22",3,7.66666666666667,7,7,9,0.0171926828279379,0.0107587615994202,0.02200851118795,6,0.000544570358353272,"Partisan strength"
"primary","All voters","Q606",3,7.33333333333333,6,7,9,0.0166481124695847,0.013837178895814,0.0196903699850686,7,0.00313529239548671,"Most-disliked groups: ranking"
"primary","All voters","Q28",3,8.33333333333333,2,10,13,0.013512820074098,0.00863574524337131,0.0200536389248954,8,0.000123119721297017,"Groups associated with Republicans"
"primary","All voters","Q308R7",3,9,6,9,12,0.0133897003528009,0.00598970292951259,0.0222942642915751,9,0.000493150399137334,"BLM warmth"
"primary","All voters","Q358",3,8.66666666666667,8,8,10,0.0128965499536636,0.00852375880708292,0.015548427286331,10,0.00261393639218182,"BLM movement support"
"primary","All voters","Q27",3,9.33333333333333,1,12,15,0.0102826135614818,0.00372988172541497,0.0213594783960364,11,0.00389179289679062,"Groups associated with Democrats"
"primary","All voters","Q607_Q610R2",3,14.6666666666667,10,13,21,0.00639082066469117,0.00436953204724104,0.00938214227118398,12,0.000124715911019929,"Threat to American way of life (least-liked group)"
"primary","All voters","Q23",3,44.6666666666667,11,11,112,0.00626610475367124,0.000643549227364372,0.00937384405513774,13,0.000977411710935955,"Party leaning"
"primary","All voters","Q504R6",3,21.3333333333333,12,14,38,0.00528869304273528,0.00252701030326816,0.00889120739570452,14,0.000874325996971264,"Anxiety from white supremacy"
"primary","All voters","Q485",3,16,11,15,22,0.00441436704576402,0.00222695448067166,0.00668290095365824,15,0.000671696272409964,"Racial bias in police/immigration treatment"
"primary","All voters","Q607_Q610R4",3,16.6666666666667,16,16,18,0.00374267077335406,0.00282823928095248,0.00445299863150312,16,0.000337668805990841,"Ban candidacy (least-liked group)"
"primary","All voters","Q607_Q610R1",3,20,14,19,27,0.00340500196736322,0.00271264496569246,0.0040383626581516,17,4.77051550229505e-05,"Threat to family safety (least-liked group)"
"primary","All voters","Q308R6",3,20.6666666666667,15,17,30,0.00335729681234027,0.00144710377248725,0.00491395439398761,18,0.000178071050640602,"MeToo warmth"
"primary","All voters","Q308R5",3,19.6666666666667,19,20,20,0.00317922576169966,0.00242083375229901,0.00441551239283215,19,1.31550154607971e-05,"Climate activists warmth"
"primary","All voters","Q43",3,20.3333333333333,14,21,26,0.00316607074623887,0.00167308457403923,0.00547109715857393,20,5.16912177120584e-05,"Ideology"
"primary","All voters","Q184R1",3,20,17,18,25,0.00311437952852681,0.00176324443523722,0.00479845470916379,21,0.000486732811328389,"Border priority despite migrant deaths"
"primary","All voters","Q607_Q610R3",3,24,19,21,32,0.00262764671719842,0.00244236569245519,0.00296173355127273,22,2.2887259940184e-06,"Ban public rallies (least-liked group)"
"primary","All voters","Q308R2",3,22.6666666666667,17,24,27,0.0026253579912044,0.00149261298421493,0.00357037012029332,23,4.86823492668051e-05,"Gun owners warmth"
"primary","All voters","Q225R11",3,23.6666666666667,22,24,25,0.0025766756419376,0.00188791715233752,0.00356169395305918,24,0.000227099878863015,"Republicans: support/threat to own vision"
"primary","All voters","Q743",3,37.6666666666667,16,29,68,0.00234957576307458,0.000687442391170224,0.00487891254196807,25,2.69129012305364e-05,"Spouse's party identification"
"primary","All voters","Q33R3",3,31.3333333333333,22,28,44,0.00232266286184404,0.00103968526677303,0.00434572141491432,26,0.000134208306006264,"CNN news exposure"
"primary","All voters","Q563_Q572R5",3,75,13,98,114,0.00218845455583778,0.000381997743253432,0.00574473545503959,27,0.000107561441322688,"Whites: political representation"
"primary","All voters","Q706_Q708R1",3,37.6666666666667,23,30,60,0.00208089311451509,0.000731428644947408,0.00416607097707344,28,8.36555474355159e-05,"Shift police funds to community"
"primary","All voters","Q208R5",3,38.3333333333333,18,48,49,0.00199723756707958,0.000888649840032565,0.00286214984180084,29,8.39336731387943e-05,"Government reducing income differences"
"primary","All voters","Q563_Q572R3",3,41,23,33,67,0.00191330389394078,0.000652698110166859,0.00285260512027424,30,5.82192396941573e-05,"Immigrants: political representation"
"primary","All voters","Q385",3,64,20,57,115,0.00185508465424663,0.000379069080787928,0.00438195905341269,31,1.79258670903791e-05,"Defunding police: too far/not far enough"
"primary","All voters","Q359R2",3,35.3333333333333,23,39,44,0.00183715878715625,0.00109384503353778,0.00237295619774268,32,1.06173504389e-05,"Own group benefits from BLM"
"primary","All voters","Q225R10",3,36.3333333333333,24,41,44,0.00182654143671735,0.00101027522926916,0.00250466869092197,33,9.98700325234819e-06,"Democrats: support/threat to own vision"
"primary","All voters","Q709_712R1",3,34,30,31,41,0.001816554433465,0.00107844684283712,0.00301290594160301,34,2.59036665080088e-06,"White privilege as major problem"
"primary","All voters","Q619_Q626R5",3,33.3333333333333,25,33,42,0.0018139640668142,0.00119753089731395,0.002459948652148,35,0.00012699942126847,"Discrimination against immigrants"
"primary","All voters","Q217R1",3,40.6666666666667,29,46,47,0.00168696464554573,0.000901103014968727,0.00316480609679671,36,4.22173442802863e-05,"White racial advantages"
"primary","All voters","Q563_Q572R6",3,36.6666666666667,35,35,40,0.00164474730126544,0.00113870176747053,0.00250921944547247,37,8.4658361701112e-05,"Blacks: political representation"
"primary","All voters","Q117R11",3,42,34,37,55,0.00156008893956433,0.000849472868943172,0.00254369499317513,38,2.79136021049105e-05,"Priority: immigrant rights"
"primary","All voters","Q368",3,53.3333333333333,31,41,88,0.00153217533745942,0.000538476424304792,0.00297075097812925,39,2.5662270949525e-06,"Race and racism in K–12 history"
"primary","All voters","Q183",3,40,34,43,43,0.00152960911036447,0.00102781606997534,0.0024151740789478,40,4.79494931502093e-06,"ICE favorability"
"primary","All voters","Q384R1",3,41,32,38,53,0.00152481416104945,0.00116693521032128,0.00212798925425468,41,6.68821240894298e-05,"Q384R1"
"primary","All voters","Q683",3,43.6666666666667,27,42,62,0.00145793203696002,0.00106025744129783,0.00170888754431439,42,2.35801755733931e-05,"Voting Rights Act necessity"
"primary","All voters","Q563_Q572R10",3,51.3333333333333,36,53,65,0.00143435186138662,0.000674273457872129,0.00277023414970907,43,2.2933248428045e-05,"LGBTQ: political representation"
"primary","All voters","Q619_Q626R2",3,88.3333333333333,26,95,144,0.00141141861295858,0.000304076976460375,0.00348824961234848,44,7.596497371966e-06,"Discrimination against Blacks"
"primary","All voters","Q504R3",3,68.3333333333333,28,76,101,0.00140382211558661,0.00041805992606006,0.00320177137168044,45,5.12240089538866e-05,"Anxiety from climate change"
"primary","All voters","Q475",3,52.6666666666667,39,53,66,0.00135259810663273,0.000701432159069678,0.00251181542551533,46,1.76536085655552e-05,"Q475"
"primary","All voters","Q563_Q572R7",3,77,34,51,146,0.00133494449806717,0.000303122391265995,0.00283995309524924,47,4.2256247833439e-05,"Latinos: political representation"
"primary","All voters","Q428",3,45.6666666666667,33,38,66,0.00129268825023373,0.0010966894276885,0.00147061978060325,48,3.23092150723533e-05,"Q428"
"primary","All voters","Q563_Q572R9",3,56.3333333333333,45,50,74,0.00126037903516138,0.000574752457147399,0.00234459302236536,49,2.21417363256036e-05,"Muslims: political representation"
"primary","All voters","Q225R14",3,53.3333333333333,47,56,57,0.00123823729883577,0.000756153065840714,0.0019762948579173,50,3.10378606296793e-06,"Q225R14"
"primary","All voters","Q584",3,75,35,82,108,0.00123513351277281,0.000401518558579393,0.00277144823749768,51,2.79111851337107e-05,"Q584"
"primary","All voters","Q359R1",3,60,48,51,81,0.0012072223276391,0.000570430144342726,0.00216111138017603,52,9.21129467365014e-06,"Q359R1"
"primary","All voters","Q117R13",3,62.6666666666667,47,56,85,0.00119801103296545,0.000517886528050201,0.00226610248673821,53,5.39566028753546e-05,"Q117R13"
"primary","All voters","Q184R3",3,55.3333333333333,29,64,73,0.00114405443009009,0.000576688904047238,0.00150214564630581,54,2.19291574256317e-05,"Q184R3"
"primary","All voters","Q154R1",3,71.6666666666667,50,58,107,0.00112212527266446,0.000407835725284383,0.00220351710878391,55,3.94656211201723e-05,"Pride in flag or national anthem"
"primary","All voters","Q131R3",3,57.6666666666667,31,39,103,0.00108265965154429,0.000763412185610441,0.00131891616818662,56,4.19594323339528e-06,"Ending parent-child border separation"
"primary","All voters","Q744",3,90,46,75,149,0.00107846370831089,0.000300910368023895,0.00234109743980657,57,2.53896143022521e-06,"Q744"
"primary","All voters","Q329",3,66.3333333333333,57,62,80,0.00107592474688067,0.000570922041143222,0.00194628546067455,58,2.2247469534598e-05,"Groups Congress should attend to"
"primary","All voters","Q504R4",3,60.3333333333333,40,69,72,0.00105367727734607,0.000613955811937403,0.00144008572656687,59,1.10476021651475e-05,"Q504R4"
"primary","All voters","Q26",3,69.3333333333333,26,48,134,0.00104262967518092,0.000488695047308947,0.00168323976668858,60,4.35889045387111e-06,"Independent party history"
"primary","All voters","Q371",3,86,49,90,119,0.00103827078472705,0.000374529744814072,0.00223828803676981,61,4.50358417130167e-05,"Q371"
"primary","All voters","Q308R1",3,69,60,63,84,0.000993234943014033,0.000529697425338523,0.00169606459078046,62,6.42239551017156e-06,"Undocumented immigrants warmth"
"primary","All voters","Q539",3,63.6666666666667,36,37,118,0.000986812547503862,0.000584000413327567,0.0012796493432753,63,7.15556019621256e-06,"Q539"
"primary","All voters","Q131R1",3,98.6666666666667,54,84,158,0.000979656987307649,0.000288637325919163,0.00210614801922168,64,3.1999946888379e-05,"Two-trillion-dollar stimulus policy"
"primary","All voters","Q745",3,88,28,42,194,0.00094765704041927,0.000331295934373345,0.00147078731944278,65,2.50937248249061e-05,"Q745"
"primary","All voters","Q131R8",3,64.6666666666667,37,61,96,0.000922563315594364,0.000745567630133752,0.00117102775002148,66,1.76903177548811e-05,"Q131R8"
"primary","All voters","Q513_Q516R3",3,71,65,67,81,0.000904872997839483,0.000540245520032051,0.00147476125460321,67,2.40433050187751e-06,"Q513_Q516R3"
"primary","All voters","Q563_Q572R1",3,138.333333333333,60,62,293,0.000902468667337605,0.000167717752920597,0.0018087558516745,68,1.87744560880882e-05,"Women: political representation"
"primary","All voters","Q32",3,66,43,55,100,0.000883694211249517,0.000783998582691103,0.00105177768009691,69,5.99178266843668e-06,"Q32"
"primary","All voters","Q213R1",3,102,58,103,145,0.00087770242858108,0.000303279787307137,0.00190214784678646,70,1.72766686680058e-06,"Q213R1"
"primary","All voters","Q629",3,64.3333333333333,49,66,78,0.00087597476171428,0.000652738946472049,0.00110025709788485,71,1.37359545760128e-05,"Q629"
"primary","All voters","Q544",3,214.666666666667,52,135,457,0.000862238807138267,0.000107562627761666,0.00215308737004599,72,1.45152954440439e-05,"Q544"
"primary","All voters","Q295",3,68.6666666666667,36,51,119,0.000847723511694223,0.000569437596304458,0.00110643002459406,73,3.1299472579955e-06,"Identity point allocation (no party)"
"primary","All voters","Q33R1",3,138.666666666667,55,171,190,0.000844593564436228,0.000246926928324689,0.00203393164961487,74,1.03561121193409e-05,"Q33R1"
"primary","All voters","Q619_Q626R6",3,86.6666666666667,32,97,131,0.000834237452316887,0.000340327459472047,0.00133151708117756,75,1.79554333587256e-05,"Discrimination against Latinos"
"primary","All voters","Q213R2",3,113.333333333333,59,130,151,0.000816282018958161,0.000286722421504754,0.00181739383807976,76,1.40674096267575e-05,"Q213R2"
"primary","All voters","Q332",3,76,45,88,95,0.000802214609331404,0.000494324344640852,0.00103483388742502,77,2.17802839930947e-05,"Q332"
"primary","All voters","Q619_Q626R8",3,82,74,83,89,0.000780434325338309,0.000530008723831584,0.001277990528771,78,1.84810505356169e-05,"Discrimination against Muslims"
"primary","All voters","Q131R2",3,77,40,76,115,0.000761953274802692,0.000564773208425391,0.00108515400217399,79,9.48801219296798e-06,"Q131R2"
"primary","All voters","Q603",3,74.3333333333333,59,63,101,0.000752465262609724,0.000717820534436459,0.000805926599695167,80,3.92745420857801e-05,"Q603"
"primary","All voters","Q213R4",3,87.6666666666667,77,86,100,0.000713190720523944,0.000435010696316704,0.001187360476023,81,3.84624348037055e-05,"Q213R4"
"primary","All voters","Q217R2",3,112.333333333333,71,119,147,0.000674728285720238,0.000302846628591498,0.00135522984333053,82,9.21898693253458e-06,"Q217R2"
"primary","All voters","Q131R5",3,86.6666666666667,78,91,91,0.000665509298787704,0.000479428029857655,0.000940900460107315,83,5.44184912328841e-06,"Q131R5"
"primary","All voters","Q99R2",3,314.333333333333,61,339,543,0.000660067449664415,7.55616978377012e-05,0.00175991948592948,84,7.06168056084405e-06,"Q99R2"
"primary","All voters","Q184R2",3,131.666666666667,70,132,193,0.000653005769103571,0.000242124994985226,0.00137751238945443,85,1.79459994780222e-06,"Q184R2"
"primary","All voters","Q187R5",3,128.666666666667,76,93,217,0.000651211169155769,0.000220717411524947,0.00124639805602016,86,2.73172580383637e-06,"Q187R5"
"primary","All voters","Q117R1",3,155.333333333333,68,137,261,0.000648479443351933,0.000186241672456036,0.0014404712709928,87,5.59343038903336e-06,"Q117R1"
"primary","All voters","Q131R10",3,94,50,109,123,0.0006428860129629,0.000355719869607344,0.000875321360701048,88,6.02616066371585e-06,"Q131R10"
"primary","All voters","Q62R5",3,117.666666666667,75,124,154,0.000636859852299184,0.00029233964432636,0.00126322776517922,89,2.85018728781155e-06,"Q62R5"
"primary","All voters","Q76",3,85.6666666666667,61,69,127,0.000634009665011372,0.000514110054155615,0.000714400021207539,90,7.2618710318307e-06,"Q76"
"primary","All voters","Q478_Q483R6",3,138,72,128,214,0.000626747793979541,0.000200105532585614,0.00133084124380579,91,7.343648681184e-06,"Q478_Q483R6"
"primary","All voters","Q773",3,103.333333333333,45,74,191,0.000619404145298357,0.000336349521426347,0.000926915192658149,92,5.59601291301285e-06,"Q773"
"primary","All voters","Q117R4",3,192.333333333333,67,198,312,0.000613808132385345,0.000147296051512585,0.00145517227794537,93,6.08935167798017e-06,"Q117R4"
"primary","All voters","Q366",3,106.333333333333,46,113,160,0.000607718780707364,0.000274418967331898,0.000905877987420878,94,1.21625576035285e-06,"Q366"
"primary","All voters","Q774",3,101.333333333333,52,72,180,0.000606502524947012,0.0003615828447689,0.000859487319361881,95,3.57848383593482e-06,"Q774"
"primary","All voters","VQ773",3,102.333333333333,52,73,182,0.000602924041111077,0.000352173138732012,0.000860036914299253,96,7.99688868756388e-06,"VQ773"
"primary","All voters","Q144",3,101.666666666667,87,93,125,0.000594927152423513,0.000355008218896796,0.000913609912904185,97,2.13204462405625e-06,"COVID-19 vaccine intentions"
"primary","All voters","Q619_Q626R7",3,111,85,91,157,0.000592795107799457,0.00028884519911562,0.000997392680381641,98,2.47130548429013e-05,"Discrimination against gays and lesbians"
"primary","All voters","Q706_Q708R2",3,127,84,95,202,0.000568082052956555,0.000235811587375162,0.00100888947122116,99,1.49028256096924e-05,"Abolish police"
"primary","All voters","Q131R7",3,100,87,106,107,0.000553179227346863,0.000411129384528918,0.00070644117109305,100,1.13099899770122e-05,"Q131R7"
"primary","All voters","Q60",3,99.6666666666667,65,94,140,0.000541869237369851,0.000448719607496129,0.000705757759268105,101,7.40125868303276e-06,"Theological self-identification"
"primary","All voters","Q287R6",3,100.666666666667,70,89,143,0.000534467978686818,0.000465565609536032,0.000644776436274692,102,4.06345421136817e-06,"Q287R6"
"primary","All voters","Q301",3,98,79,82,133,0.00053040452447545,0.000489113658947963,0.000552853947623958,103,4.92446402080096e-06,"Identity point allocation (with party)"
"primary","All voters","Q563_Q572R8",3,270.666666666667,73,314,425,0.000525480060454649,0.000103830924005584,0.00131686636693701,104,1.32995187220931e-06,"Asians: political representation"
"primary","All voters","Q619_Q626R3",3,157.333333333333,79,156,237,0.00052415010858244,0.000205276188934398,0.00108617571343418,105,2.43192766533908e-06,"Discrimination against Asian Americans"
"primary","All voters","Q62R4",3,158.666666666667,81,143,252,0.0005217181809171,0.000193558591340739,0.00106655310364345,106,1.47551422207738e-06,"Q62R4"
"primary","All voters","Q116",3,102.333333333333,98,99,110,0.000520242666695023,0.000428757412618752,0.000693570685927127,107,4.07161155252056e-06,"Q116"
"primary","All voters","Q709_712R2",3,168.333333333333,80,157,268,0.000516171055142502,0.000183436482910638,0.00108542703109798,108,9.22927988812876e-06,"Anti-White discrimination comparison"
"primary","All voters","Q582",3,137,89,144,178,0.000506941775254374,0.000245305092633567,0.000969653382040204,109,2.34099085385283e-06,"Q582"
"primary","All voters","Q213R3",3,165,90,104,301,0.000504600784400521,0.000150488874353497,0.00095025489766066,110,4.07690499495364e-06,"Q213R3"
"primary","All voters","Q331",3,122.333333333333,58,109,200,0.000500523879405567,0.000320957072690817,0.000783213298932491,111,2.61805273933527e-06,"Q331"
"primary","All voters","Q359R3",3,160,83,179,218,0.000497905826666232,0.000219105237579539,0.00103027311745638,112,1.16614636099389e-06,"Q359R3"
"primary","All voters","Q315",3,126.333333333333,56,105,218,0.000496739680305238,0.000307472825864019,0.000757418786298386,113,4.67578184332944e-06,"Q315"
"primary","All voters","Q33R2",3,137.333333333333,94,129,189,0.000492063898461909,0.000248267696487522,0.000881631186192214,114,6.11849923046626e-08,"Q33R2"
"primary","All voters","Q693_Q700R6",3,131.333333333333,64,94,236,0.000492002713469604,0.00028496679337537,0.000709390279393364,115,7.98345250574423e-06,"Q693_Q700R6"
"primary","All voters","VQ774",3,124.333333333333,64,97,212,0.00048401926096386,0.00031019249995902,0.000713073800012663,116,5.28513634588185e-06,"VQ774"
"primary","All voters","Q208R3",3,159.333333333333,88,193,197,0.000478734124617978,0.000222092372075028,0.000974469404375547,117,2.24824979048847e-06,"Q208R3"
"primary","All voters","Q691",3,116.333333333333,68,114,167,0.000476485874827489,0.000377554949422482,0.000651589669721459,118,5.78109426095294e-07,"Q691"
"primary","All voters","Q42",3,161,63,120,300,0.000475907765401394,0.000150559699821573,0.000710295367160776,119,5.44574032027375e-06,"Q42"
"primary","All voters","Q619_Q626R4",3,120.666666666667,70,124,168,0.00047046202508112,0.000255553301322354,0.000627952648007613,120,4.1738184150753e-06,"Discrimination against Native Americans"
"primary","All voters","Q799",3,138,98,142,174,0.000466288206666045,0.000266606108490588,0.000825483873966993,121,1.0085547811487e-05,"Q799"
"primary","All voters","Q131R9",3,117.666666666667,77,97,179,0.000456202658854558,0.000362277814362019,0.000561814376311559,122,8.10013068708944e-06,"Legal abortion policy"
"primary","All voters","Q417_Q424R2",3,130.666666666667,69,146,177,0.000448102528167469,0.000247229623772211,0.000639063368222589,123,2.07342073293385e-06,"Q417_Q424R2"
"primary","All voters","S10",3,121,90,92,181,0.000446029107434535,0.000354137261082711,0.000492442562378987,124,7.84938569900153e-06,"S10"
"primary","All voters","Q131R11",3,208.333333333333,59,118,448,0.000438179721735533,0.000161379389633844,0.000777737282666042,125,2.50202734658288e-06,"Q131R11"
"primary","All voters","S4",3,128.333333333333,77,105,203,0.00043567769438895,0.000318218897586293,0.000576840882067326,126,1.9297860843947e-06,"State of residence"
"primary","All voters","Q145",3,141.666666666667,106,125,194,0.000433747908304556,0.000222034753217933,0.000728280690850277,127,1.32954546322567e-05,"Q145"
"primary","All voters","Q33R4",3,120,96,127,137,0.000420452453672299,0.00034789463538657,0.000483652677618204,128,5.72020360599824e-07,"Q33R4"
"primary","All voters","Q726",3,122.666666666667,93,129,146,0.000419880433311699,0.000299835741938239,0.000508916626867599,129,4.78133382239359e-06,"Q726"
"primary","All voters","Q504R7",3,220,54,280,326,0.000415099099489306,0.00015075264461773,0.000858446631601563,130,1.54413645425916e-06,"Q504R7"
"primary","All voters","Q250R1",3,140.333333333333,83,108,230,0.000413554963035046,0.000293535269644709,0.000546944939005602,131,7.56426049288925e-08,"Q250R1"
"primary","All voters","Q513_Q516R2",3,227.666666666667,99,140,444,0.000413479320430117,0.000111020692129739,0.00082110229633799,132,4.47684897833647e-06,"Q513_Q516R2"
"primary","All voters","Q377",3,153.333333333333,71,132,257,0.000409002471451781,0.00025707298491388,0.000630331151924696,133,1.79430171999681e-06,"Q377"
"primary","All voters","Q659",3,142,111,154,161,0.000407208169731784,0.000284135873630055,0.000650141374783657,134,9.37987828246456e-07,"Q659"
"primary","All voters","Q208R1",3,272.333333333333,92,260,465,0.000406270181903538,9.40481596561327e-05,0.000938463726028009,135,2.52022575549237e-06,"Q208R1"
"primary","All voters","Q793",3,133.666666666667,104,128,169,0.000403749956148045,0.000273730440208066,0.000512097008422365,136,2.51351698162694e-06,"Q793"
"primary","All voters","Q417_Q424R3",3,149.666666666667,71,171,207,0.000401236439166418,0.000207238200394066,0.000610624160255945,137,9.08782087347652e-06,"Q417_Q424R3"
"primary","All voters","Q187R4",3,200,108,123,369,0.000392148618292942,0.000121376355899625,0.000699616371856691,138,2.91583416011694e-06,"Q187R4"
"primary","All voters","Q239R3",3,135.333333333333,96,142,168,0.000389232784132825,0.000312213235284406,0.000456268532284763,139,1.07069030618032e-06,"Q239R3"
"primary","All voters","Q417_Q424R5",3,269.333333333333,54,242,512,0.000388162093826645,0.000141519394753299,0.000840601932296938,140,3.73475364419157e-06,"Q417_Q424R5"
"primary","All voters","Q541",3,447.333333333333,82,619,641,0.000384427340182453,5.02928604499562e-05,0.00103945647289955,141,2.02495535564669e-06,"Q541"
"primary","All voters","Q131R6",3,157,79,150,242,0.000382402384826806,0.000273618950633283,0.000573213751541914,142,8.33607631716093e-06,"Q131R6"
"primary","All voters","Q693_Q700R3",3,137,120,121,170,0.000374066308509645,0.00036368803647385,0.000385934657527012,143,2.05290029504218e-06,"Q693_Q700R3"
"primary","All voters","Q563_Q572R2",3,404.666666666667,86,419,709,0.000372013408214603,3.15219225679971e-05,0.000979365995097588,144,8.13118727616504e-07,"Men: political representation"
"primary","All voters","Q800",3,138,111,117,186,0.000371200289486987,0.000345716320092119,0.000390738800578647,145,5.0741190894115e-06,"Q800"
"primary","All voters","Q225R5",3,196.666666666667,80,155,355,0.000366126170397575,0.000126693318074068,0.000545670782625798,146,1.12227956997383e-07,"Q225R5"
"primary","All voters","Q58",3,152.333333333333,112,135,210,0.000366013942440578,0.000226223769887765,0.000487191816924909,147,3.25499889233935e-06,"Religious identification"
"primary","All voters","Q249",3,446.333333333333,87,523,729,0.000362758943548239,2.09862038323256e-05,0.000977984162729738,148,2.88480529522637e-06,"Q249"
"primary","All voters","Q225R4",3,144.666666666667,113,152,169,0.000359874138253012,0.000298625341410488,0.000398689976332115,149,5.23073590881159e-06,"Q225R4"
"primary","All voters","Q794",3,175.333333333333,75,215,236,0.000354643402344201,0.000185771746340615,0.000568468642736952,150,1.75113278185249e-06,"Q794"
"primary","All voters","Q563_Q572R4",3,217.333333333333,114,149,389,0.000352892269562348,0.000126211393070288,0.000640925761486217,151,6.08241524671009e-07,"Native Americans: political representation"
"primary","All voters","Q560R1",3,315.333333333333,102,206,638,0.000352284028037677,5.12581685922628e-05,0.000773986631829288,152,1.20554996997624e-06,"Q560R1"
"primary","All voters","Q504R2",3,151.666666666667,99,166,190,0.000351078478067701,0.00022898018482819,0.000422309322132024,153,6.793005020801e-06,"Q504R2"
"primary","All voters","Q490",3,163,106,116,267,0.0003442854730469,0.000244790815526376,0.000410522726850746,154,3.16207998941735e-07,"Q490"
"primary","All voters","Q472_Q474R2",3,254,104,307,351,0.000343969265047958,0.000127682556788822,0.000744738584162579,155,2.20665093829734e-06,"Q472_Q474R2"
"primary","All voters","Q806",3,157.666666666667,101,170,202,0.000341762614109661,0.00027372950124982,0.000432474527675292,156,9.13634737061586e-07,"Q806"
"primary","All voters","Q117R3",3,266.333333333333,105,281,413,0.000340848979372599,0.00010625485292434,0.000742354400463248,157,2.95034986930615e-06,"Q117R3"
"primary","All voters","Q117R8",3,155.666666666667,141,153,173,0.000337898629503293,0.000270381255017911,0.000435256458468926,158,5.98972822943566e-06,"Q117R8"
"primary","All voters","Q99R10",3,178.666666666667,92,188,256,0.000331908901273857,0.000175523734655106,0.000477144172326449,159,1.02207846353742e-06,"Q99R10"
"primary","All voters","Q619_Q626R1",3,176.333333333333,123,186,220,0.00033088682281032,0.0001966932469288,0.00054503952162353,160,3.67042830025594e-06,"Discrimination against Whites"
"primary","All voters","Q187R1",3,184,129,138,285,0.000327216394510064,0.000158965128198107,0.000477439158304782,161,1.5575483075966e-06,"Q187R1"
"primary","All voters","Q308R3",3,168,136,164,204,0.000325658846202467,0.00021155416194812,0.000484424167314777,162,1.62568081306651e-06,"Veterans warmth"
"primary","All voters","Q343R3",3,249,113,130,504,0.000324033165389401,8.61117490277947e-05,0.000502164887043121,163,4.16605508141068e-07,"Q343R3"
"primary","All voters","Q520",3,202.333333333333,78,244,285,0.00032361655988126,0.000181659679961967,0.00055797972891489,164,2.87123472156797e-06,"Q520"
"primary","All voters","Q706_Q708R3",3,195,130,147,308,0.000320745325159692,0.00015899840221728,0.000457671196851126,165,3.18898342652511e-07,"New non-police first responders"
"primary","All voters","Q348",3,166,111,152,235,0.000320426426817039,0.000285216510980522,0.000389067114260335,166,1.09179564457198e-06,"Q348"
"primary","All voters","Q330",3,174,107,178,237,0.000319334631172467,0.000185413748943606,0.000407380430497818,167,7.52448819205836e-07,"Q330"
"primary","All voters","Q808",3,158.666666666667,138,141,197,0.000318582182353262,0.000314581314333029,0.00032442040062561,168,2.5664268154323e-06,"Q808"
"primary","All voters","Q243R4",3,230.666666666667,117,241,334,0.000316015755537829,0.000146618970335473,0.00061852731615734,169,3.97223639115327e-07,"Q243R4"
"primary","All voters","Q171",3,178.333333333333,144,159,232,0.000315618531898714,0.000207943479195816,0.000462286393308986,170,3.61009614257678e-08,"Q171"
"primary","All voters","Q44",3,167.666666666667,153,162,188,0.000315582430937288,0.000249196692040721,0.000413328795864821,171,1.19670716960485e-06,"Q44"
"primary","All voters","Q429_Q440R11",3,178,140,151,243,0.000314385723767683,0.000182328276399577,0.000445060099318024,172,8.17806382617163e-07,"Q429_Q440R11"
"primary","All voters","Q425",3,168.333333333333,110,189,206,0.000313567917385066,0.000229692924301578,0.000395876826073143,173,2.29002694721682e-06,"Q425"
"primary","All voters","Q162R8",3,246,122,161,455,0.000311277890437849,0.000108329805302665,0.000552589102541676,174,1.30777924157327e-06,"Q162R8"
"primary","All voters","Q417_Q424R6",3,248.333333333333,102,122,521,0.000309970111196276,0.000138579695597932,0.000431208500264055,175,5.91757325948245e-08,"Q417_Q424R6"
"primary","All voters","Q750",3,258,86,205,483,0.000309910935463681,0.00015352723706458,0.000542306296671334,176,6.33887707744761e-07,"Q750"
"primary","All voters","Q257AR3",3,241.333333333333,100,120,504,0.000309277047755936,0.000142947409186349,0.000420796860946202,177,7.24861755030355e-06,"Q257AR3"
"primary","All voters","Q39",3,179.666666666667,122,204,213,0.000302028430205633,0.000234449057034593,0.00036161858906687,178,1.87869761443917e-06,"Q39"
"primary","All voters","Q117R2",3,229,121,219,347,0.000300149732591194,0.000142945587452097,0.000560441189162649,179,9.93737875604607e-08,"Q117R2"
"primary","All voters","Q38",3,191.333333333333,145,179,250,0.000300050358803633,0.000178262374020073,0.000460743024057069,180,2.74846206252497e-06,"Q38"
"primary","All voters","Q162R1",3,216,118,131,399,0.000297301896741108,0.000178326480325589,0.000370109880800479,181,5.92762619438213e-06,"Q162R1"
"primary","All voters","Q257AR1",3,272.333333333333,85,305,427,0.000291374270546726,0.000162585010213993,0.000542706462663327,182,5.89148102202164e-07,"Q257AR1"
"primary","All voters","Q782",3,186,112,191,255,0.000290785122444524,0.000226333377656477,0.000387805265714887,183,2.62547371398841e-06,"Q782"
"primary","All voters","Q790",3,183.666666666667,127,201,223,0.000288159648730536,0.000212338321451568,0.000350203652467554,184,2.83200719860145e-06,"Q790"
"primary","All voters","Q779",3,196.333333333333,128,156,305,0.000285327641531934,0.000219690720401929,0.000346716475923547,185,1.75930655315834e-06,"Q779"
"primary","All voters","Q417_Q424R8",3,228,126,134,424,0.000283568334978776,0.000169580197511326,0.000351663941795593,186,9.55879826363369e-07,"Q417_Q424R8"
"primary","All voters","Q225R13",3,194.666666666667,160,196,228,0.000282612455152412,0.000191032665531932,0.000417033406901624,187,1.94721959190773e-06,"Q225R13"
"primary","All voters","S5",3,205,116,191,308,0.000280665235560505,0.000218729135095137,0.000376459954462565,188,7.57587010338985e-07,"Birth year"
"primary","All voters","Q111R4",3,334.666666666667,116,337,551,0.000279907648550166,8.20908060119156e-05,0.000623204460285956,189,1.3131879381934e-06,"Q111R4"
"primary","All voters","Q202",3,189,135,216,216,0.000278594460611972,0.000198559100962347,0.000327575773885151,190,6.72438527044819e-07,"Q202"
"primary","All voters","Q265",3,281.666666666667,103,139,603,0.000277922022084928,0.000111371025745914,0.000413457079430618,191,1.35276547334848e-07,"Q265"
"primary","All voters","Q131R4",3,190.333333333333,158,187,226,0.000277786745537593,0.000212812077574141,0.000343416840161452,192,1.00875005927672e-06,"Q131R4"
"primary","All voters","Q693_Q700R5",3,195.333333333333,133,198,255,0.000276777995478316,0.000176247662509298,0.000330841062277455,193,7.22909083389334e-07,"Q693_Q700R5"
"primary","All voters","Q208R2",3,212,148,234,254,0.000276055086394927,0.000186841611683588,0.000451208876851769,194,2.08445887895346e-06,"Q208R2"
"primary","All voters","Q33R5",3,201,165,209,229,0.000273970627515973,0.000206575646362609,0.000406145117300771,195,8.14587238354213e-08,"Q33R5"
"primary","All voters","Q225R12",3,230.333333333333,115,220,356,0.000273889168792138,0.00014024138440916,0.000377546971423996,196,6.84257516873909e-07,"Q225R12"
"primary","All voters","Q478_Q483R1",3,296.666666666667,139,152,599,0.000273204911275264,5.96385491450987e-05,0.000441759907843795,197,3.49795212830766e-06,"Q478_Q483R1"
"primary","All voters","Q689",3,254.666666666667,110,225,429,0.000269706959146956,0.000115136059151956,0.000392664284081599,198,4.21230860694942e-07,"Q689"
"primary","All voters","Q518",3,230.666666666667,126,155,411,0.000269285728286261,0.000173737092160032,0.000350792001737773,199,3.25584848573097e-06,"Q518"
"primary","All voters","Q407",3,229.333333333333,150,211,327,0.00026602987980053,0.000149866094835622,0.000446049262789056,200,3.91994567300671e-08,"Q407"
"primary","All voters","Q604_Q605R2",3,195,160,207,218,0.0002659906803438,0.000198198211864086,0.000312345383954979,201,3.74725501229233e-06,"Q604_Q605R2"
"primary","All voters","Q810",3,205,145,231,239,0.000262243425331508,0.00020800441588256,0.000301951570100259,202,1.06152617091419e-06,"Q810"
"primary","All voters","Q110",3,204.333333333333,153,227,233,0.000261181899160594,0.000188539939154244,0.000297874872909309,203,5.47101874965867e-07,"Q110"
"primary","All voters","Q560R8",3,258.333333333333,159,180,436,0.000260634797285628,0.000100562608539868,0.000421862544886801,204,1.74646529879765e-06,"Q560R8"
"primary","All voters","Q693_Q700R4",3,203.333333333333,143,184,283,0.00025888833198683,0.000231402948784097,0.000307108764866008,205,1.74914090575289e-06,"Q693_Q700R4"
"primary","All voters","Q715_718R1",3,291.333333333333,131,248,495,0.000257139191081077,9.57939845085538e-05,0.000496303289119051,206,2.85370389668571e-06,"Q715_718R1"
"primary","All voters","Q221R4",3,289,109,243,515,0.000254285487184392,9.09740083142105e-05,0.000398893623800782,207,2.01423659154599e-07,"Q221R4"
"primary","All voters","Q715_718R3",3,300.666666666667,126,378,398,0.000254084063525237,0.000113181140236222,0.000517737043876482,208,2.80097020943001e-06,"Q715_718R3"
"primary","All voters","Q99R7",3,284.333333333333,132,336,385,0.000251283093315807,0.000117807449683111,0.000489872932357273,209,5.421846203692e-07,"Q99R7"
"primary","All voters","Q99R1",3,244.333333333333,157,281,295,0.000250740908695438,0.000160043766358482,0.000425292837424589,210,1.10625999849708e-06,"Q99R1"
"primary","All voters","Q797",3,239,121,276,320,0.000249634648696941,0.000143921602964206,0.000364321845390607,211,5.60071619159531e-07,"Q797"
"primary","All voters","Q281",3,235.666666666667,173,211,323,0.000249074577077781,0.000140912695611808,0.000381127765744844,212,5.31804928412889e-07,"Q281"
"primary","All voters","Q742",3,233.333333333333,124,273,303,0.000248542772149368,0.000149940089283933,0.000354638026228203,213,2.97654869670371e-06,"Q742"
"primary","All voters","Q178R3",3,260.666666666667,138,205,439,0.000245566223452665,0.000100239794979349,0.000319280837524097,214,2.63394949172888e-09,"Q178R3"
"primary","All voters","Q796",3,282.666666666667,141,351,356,0.000245563589503173,0.000126606054363931,0.000469164712381743,215,1.55054653728663e-06,"Q796"
"primary","All voters","Q207",3,215.666666666667,172,184,291,0.000244013042965886,0.000224632796190632,0.000255448612395382,216,1.41265729501335e-06,"Q207"
"primary","All voters","Q117R5",3,240.333333333333,175,193,353,0.000242600385670873,0.000126821322667045,0.000334536239827235,217,1.16311696297228e-06,"Q117R5"
"primary","All voters","Q662",3,222,163,250,253,0.000241437268707901,0.000190399537499124,0.000271210329846545,218,1.38436564573615e-06,"Q662"
"primary","All voters","Q352",3,231,185,243,265,0.000240052903062164,0.000169281009239022,0.00034975670426608,219,1.4146417754119e-06,"Q352"
"primary","All voters","Q709_712R3",3,361,125,388,570,0.000238638261286752,7.80719366391493e-05,0.000521347499743403,220,1.42449856600267e-06,"Protect way of life from foreign influence"
"primary","All voters","Q701_Q705R1",3,287.666666666667,177,183,503,0.00023721376272075,8.62690766912627e-05,0.000368958549195453,221,1.7549160876797e-06,"Q701_Q705R1"
"primary","All voters","Q560R2",3,236.666666666667,148,260,302,0.00023545884663307,0.000150475557143208,0.000301706831501346,222,1.20069592440011e-06,"Q560R2"
"primary","All voters","Q545R7",3,234.333333333333,176,186,341,0.00023425815070867,0.00020298381107417,0.000263977981287497,223,3.6604066233151e-06,"Q545R7"
"primary","All voters","Q597_Q602R6",3,283,164,292,393,0.000230597744085355,0.000114361109081162,0.000409570495299671,224,9.15609256578063e-07,"Q597_Q602R6"
"primary","All voters","Q633",3,320,102,397,461,0.000229682134828777,9.52078895248849e-05,0.000415307751407054,225,2.22644151426642e-06,"Q633"
"primary","All voters","Q162R7",3,282.333333333333,136,235,476,0.00022745569331451,0.000154860323872781,0.00032063836657679,226,1.24838445574119e-07,"Q162R7"
"primary","All voters","Q549R7",3,237,209,224,278,0.000227330854868936,0.000176443425894191,0.000311822872929143,227,2.2376061829189e-07,"Q549R7"
"primary","All voters","Q98",3,244.666666666667,200,211,323,0.000227107094250644,0.000154071842162487,0.000310463741636604,228,3.63253058793995e-08,"Q98"
"primary","All voters","Q429_Q440R8",3,261.333333333333,168,234,382,0.000227070768944765,0.000118532551782428,0.000288401051966641,229,3.28754569111907e-08,"Q429_Q440R8"
"primary","All voters","Q162R5",3,241,164,246,313,0.000227037893487854,0.000198663648553175,0.000267062998826418,230,5.94694514931217e-08,"Q162R5"
"primary","All voters","Q248",3,241,196,263,264,0.000226978424036361,0.000169872987940204,0.000325306133455753,231,7.1415652180617e-07,"Q248"
"primary","All voters","Q131R13",3,252.666666666667,199,204,355,0.000226264267514555,0.000140252260005035,0.000317329998494226,232,3.81011849332315e-07,"Q131R13"
"primary","All voters","Q208R4",3,328,149,379,456,0.000225883255665222,0.0001077558323587,0.000450187975053895,233,7.28359779202114e-08,"Q208R4"
"primary","All voters","Q802",3,313.333333333333,117,282,541,0.000225810419687302,0.000130016192417745,0.000373869129985214,234,5.85468976178172e-07,"Q802"
"primary","All voters","Q491",3,260,177,232,371,0.000225224950711124,0.000120988012431863,0.000290905459950968,235,1.05122641119067e-06,"Q491"
"primary","All voters","Q256",3,259.666666666667,183,280,316,0.000224173724299933,0.000145683075587239,0.000352139739336234,236,1.06512042426585e-06,"Q256"
"primary","All voters","Q257CR3",3,287.333333333333,171,221,470,0.000223108603875667,9.26753019868284e-05,0.000303671882089891,237,3.78196499729931e-06,"Q257CR3"
"primary","All voters","Q287R2",3,246.333333333333,178,257,304,0.000219326638878368,0.000175506922080182,0.00026189866552205,238,1.18882540715241e-06,"Q287R2"
"primary","All voters","Q471",3,310,172,254,504,0.000218137813471216,9.35184671917227e-05,0.000383452932433802,239,3.10764268608634e-07,"Q471"
"primary","All voters","Q693_Q700R8",3,274,184,273,365,0.000217827049202607,0.000136329773288837,0.000350646797520474,240,2.3341650490642e-07,"Q693_Q700R8"
"primary","All voters","Q99R9",3,265.666666666667,159,272,366,0.000217593632697701,0.00012231763270739,0.000287515240477342,241,3.30728007550692e-07,"Q99R9"
"primary","All voters","Q813",3,243,197,263,269,0.00021726290469015,0.000186010944748819,0.00024450067980675,242,8.02891872017994e-07,"Q813"
"primary","All voters","Q308R4",3,260.333333333333,176,221,384,0.000216460012818132,0.000183588713261962,0.000247662172712456,243,1.09559647323986e-06,"Welfare recipients warmth"
"primary","All voters","Q239R4",3,266,155,298,345,0.000215364416344892,0.000130227721767771,0.000292256453434869,244,1.46415564498053e-06,"Q239R4"
"primary","All voters","Q45",3,361,161,279,643,0.000213900260699911,4.99041063500085e-05,0.00041641896492082,245,5.3759991505009e-07,"Q45"
"primary","All voters","Q701_Q705R4",3,247.333333333333,212,213,317,0.000213362660784861,0.000201763825053847,0.000223882261977348,246,3.93438197664035e-08,"Q701_Q705R4"
"primary","All voters","Q509_Q511R2",3,349,156,343,548,0.000213323316965095,8.31155532181242e-05,0.000425402005583393,247,4.63523684243402e-07,"Q509_Q511R2"
"primary","All voters","Q519",3,262.666666666667,172,260,356,0.000212859793280852,0.000171680518895219,0.00027067708314633,248,9.82148286707957e-07,"Q519"
"primary","All voters","Q273R1",3,301.333333333333,136,323,445,0.000211877644994144,9.94117371934887e-05,0.000325053615111657,249,4.42221139177411e-08,"Q273R1"
"primary","All voters","Q239R2",3,333.666666666667,175,262,564,0.000211833422880226,6.92070709862966e-05,0.000380123598341009,250,1.74050460274042e-06,"Q239R2"
"primary","All voters","Q604_Q605R1",3,266,167,282,349,0.000210092918277485,0.00014188609633193,0.0002563322584775,251,1.44334787214651e-07,"Q604_Q605R1"
"primary","All voters","Q709_712R4",3,277.666666666667,185,207,441,0.000209948583490271,0.000163596572165724,0.000236064253812788,252,2.46571480393821e-07,"Anti-Black racism in own community"
"primary","All voters","Q99R4",3,296.333333333333,166,254,469,0.000209702012009877,9.28570684876287e-05,0.000277915166249759,253,6.11620523781743e-08,"Q99R4"
"primary","All voters","Q349",3,249,210,242,295,0.000209640849957499,0.000201535862067392,0.000223986866686653,254,1.93281240431283e-08,"Q349"
"primary","All voters","Q59",3,255.666666666667,198,278,291,0.000209621521833456,0.000168752306042989,0.000238847962866449,255,8.69895522403541e-07,"Q59"
"primary","All voters","Q492",3,317,174,360,417,0.000208751626311052,0.000105938959232932,0.000380946524128677,256,9.50040265496527e-07,"Q492"
"primary","All voters","Q429_Q440R5",3,361.666666666667,154,420,511,0.000207801586045556,9.22754486681602e-05,0.000426074198139694,257,2.1095049977819e-06,"Q429_Q440R5"
"primary","All voters","Q178R1",3,379.666666666667,163,289,687,0.000205692081047774,3.73844176615125e-05,0.000410158111697633,258,7.14135164086216e-08,"Q178R1"
"primary","All voters","Q359R4",3,413.666666666667,142,434,665,0.000205620667531365,4.76257877887806e-05,0.000468469950343915,259,6.95465364945681e-07,"Q359R4"
"primary","All voters","Q661",3,291.666666666667,214,233,428,0.000204925202166419,0.00010297646283173,0.000289251578980543,260,2.11931963921492e-06,"Q661"
"primary","All voters","Q147",3,287,175,277,409,0.000202805882527204,0.000120541021876529,0.000248480029427295,261,1.5001370077755e-07,"Q147"
"primary","All voters","Q217R3",3,285.333333333333,226,270,360,0.000202655868826427,0.000125113362686885,0.00030048731760546,262,1.02785028519332e-06,"Q217R3"
"primary","All voters","Q347",3,265.666666666667,220,274,303,0.000201628018541234,0.000165509625334382,0.000221219058636628,263,1.81000961831747e-07,"Q347"
"primary","All voters","Q225R1",3,264.666666666667,259,263,272,0.000201447017579402,0.000174517205224944,0.000249583980099759,264,1.09923748745332e-06,"Q225R1"
"primary","All voters","Q560R5",3,268.333333333333,226,233,346,0.000200347780091949,0.00019237906681128,0.000207814805932233,265,5.61622696024705e-07,"Q560R5"
"primary","All voters","Q335",3,276.333333333333,224,253,352,0.000199786157395924,0.000126884548504775,0.000258411393327383,266,4.35707398935834e-07,"Q335"
"primary","All voters","Q225R6",3,304.666666666667,174,241,499,0.000199350449996988,0.000146344235126719,0.00024920799219492,267,1.7157221041185e-06,"Q225R6"
"primary","All voters","Q548R7",3,356,133,379,556,0.00019763472789287,0.000124719900222701,0.000336937900138489,268,3.14242417673348e-07,"Q548R7"
"primary","All voters","Q550",3,270.333333333333,257,268,286,0.000197320485475196,0.000158747774460476,0.000244729358152458,269,3.28302555097147e-07,"Q550"
"primary","All voters","Q494_Q503R3",3,304.333333333333,195,353,365,0.000196992182920099,0.000122454083085412,0.000327896196152564,270,2.02294255153591e-07,"Q494_Q503R3"
"primary","All voters","Q243R2",3,325,189,312,474,0.000196789888664945,9.14895850192969e-05,0.000340899390069754,271,3.3972046372874e-07,"Q243R2"
"primary","All voters","Q551_Q559R1",3,279.666666666667,208,261,370,0.000196450168201217,0.00017044617527501,0.000229320575738972,272,1.28741312077071e-06,"Q551_Q559R1"
"primary","All voters","Q381_Q383R1",3,284,225,258,369,0.000195162755080446,0.000135774500014954,0.000256727353384319,273,2.4788506711244e-07,"Q381_Q383R1"
"primary","All voters","Q62R1",3,341,137,391,495,0.000194914870013334,0.000115048262357242,0.000320765435219108,274,2.39239116039627e-07,"Q62R1"
"primary","All voters","Q478_Q483R5",3,339,219,227,571,0.000194675630897294,6.64650279832932e-05,0.000305937741600424,275,1.52860739518058e-06,"Q478_Q483R5"
"primary","All voters","Q399",3,369,134,382,591,0.000193147023502113,0.000115655434020545,0.000335261446849294,276,4.46972694071395e-07,"Q399"
"primary","All voters","Q521_Q528R1",3,287,252,252,357,0.000192700050808042,0.000139640626868069,0.0002606414298941,277,2.80590806918867e-07,"Q521_Q528R1"
"primary","All voters","Q591_Q596R3",3,284.666666666667,216,302,336,0.000192419460001123,0.000134652606739542,0.000221325933410799,278,2.27481489908487e-07,"Q591_Q596R3"
"primary","All voters","Q693_Q700R7",3,307.333333333333,173,328,421,0.000192191978511215,0.000117654579467653,0.000250044504693791,279,1.03529508810961e-06,"Q693_Q700R7"
"primary","All voters","Q751",3,292,205,274,397,0.000191156683423105,0.000124152139674638,0.000240708312548608,280,9.85772650666949e-07,"Q751"
"primary","All voters","Q801",3,327.333333333333,165,287,530,0.000190170910772438,0.000135001142760429,0.000264010712776399,281,2.07618787457072e-07,"Q801"
"primary","All voters","Q512",3,304.333333333333,238,270,405,0.000189963291984981,0.000121425595754037,0.000281395120210261,282,1.55760865432373e-07,"Q512"
"primary","All voters","Q417_Q424R4",3,336,162,348,498,0.000189807531119549,8.65548762058904e-05,0.000282901564328916,283,1.34924952437392e-07,"Q417_Q424R4"
"primary","All voters","Q316R7",3,335.666666666667,167,311,529,0.000189672606167111,7.90746365822192e-05,0.000274397375012979,284,1.44135178313303e-07,"Q316R7"
"primary","All voters","Q70R2",3,333.666666666667,199,294,508,0.000189528470988798,9.29457520244298e-05,0.000322680113118355,285,6.20497946672235e-08,"Q70R2"
"primary","All voters","Q271",3,285.333333333333,236,291,329,0.000189466421194131,0.000153662055516132,0.000208281444477409,286,3.00620113837701e-07,"Q271"
"primary","All voters","Q616_Q618R3",3,286.333333333333,230,265,364,0.000189165801080293,0.00018545322982861,0.000192502442807618,287,2.20711173200212e-07,"Q616_Q618R3"
"primary","All voters","Q429_Q440R6",3,479.333333333333,139,544,755,0.000188945089907093,1.09046387041695e-05,0.000471499043584557,288,1.06372359430428e-06,"Q429_Q440R6"
"primary","All voters","Q221R1",3,320.666666666667,192,228,542,0.000187881366312788,0.000129506542913849,0.000223251476811794,289,8.87009502449534e-08,"Q221R1"
"primary","All voters","Q221R3",3,286.333333333333,248,297,314,0.000187792665362544,0.000151767268245914,0.000215251650037133,290,8.7918408123172e-07,"Q221R3"
"primary","All voters","Q396_Q398R1",3,293.333333333333,261,269,350,0.000186913481281312,0.000141728910544405,0.000251055070781829,291,1.50830323858718e-07,"Q396_Q398R1"
"primary","All voters","Q378",3,319.666666666667,195,247,517,0.000186762650957453,0.000140595895983325,0.000240361004828454,292,9.92310920518668e-07,"Q378"
"primary","All voters","Q146",3,324.333333333333,217,361,395,0.000185770340036934,0.000124473350213213,0.000308327473335225,293,8.14438574849746e-07,"Q146"
"primary","All voters","Q159R1",3,292.333333333333,255,287,335,0.000184955901462085,0.000158383109450512,0.000206577992566367,294,6.71134299890674e-07,"Q159R1"
"primary","All voters","Q777",3,341.666666666667,162,420,443,0.000184284767162194,0.000111119291384773,0.000271475502025813,295,7.47775263153206e-07,"Q777"
"primary","All voters","Q334",3,339.666666666667,195,219,605,0.000183536991899041,0.000109812059189686,0.000221850294384671,296,8.93886576431159e-09,"Q334"
"primary","All voters","Q487_Q489R2",3,365.333333333333,148,316,632,0.000183528053033276,9.98463676255546e-05,0.000295400679370293,297,1.89306538036566e-07,"Q487_Q489R2"
"primary","All voters","Q693_Q700R1",3,298.333333333333,221,283,391,0.00018333874649524,0.000173249504122073,0.000196432453273962,298,2.76518131700531e-08,"Q693_Q700R1"
"primary","All voters","Q513_Q516R1",3,356.333333333333,224,253,592,0.00018331109468207,7.03981239859527e-05,0.000301726157982974,299,3.32266393471514e-07,"Q513_Q516R1"
"primary","All voters","Q13",3,295,268,277,340,0.000182978828288598,0.000168143029092431,0.00020411025793182,300,1.37573496195671e-07,"Voting method"
"primary","All voters","Q333",3,338,192,294,528,0.000182841254792403,7.9160170668346e-05,0.000245247412526909,301,6.46274953337666e-07,"Q333"
"primary","All voters","Q551_Q559R3",3,314.333333333333,241,325,377,0.000182194979839065,0.000131771581149105,0.000274643299907569,302,2.50732342538181e-07,"Q551_Q559R3"
"primary","All voters","Q225R8",3,323.666666666667,188,321,462,0.000181944247496527,0.000154227064686932,0.000233434237193756,303,1.65162502547113e-07,"Q225R8"
"primary","All voters","Q225R2",3,331.333333333333,237,277,480,0.00018177908499398,9.94326670161354e-05,0.000282474090072903,304,4.20988163388707e-07,"Q225R2"
"primary","All voters","Q517",3,297,267,300,324,0.000181358096830591,0.000153039599701777,0.000222603370250095,305,3.69861199591819e-07,"Q517"
"primary","All voters","Q804",3,306.666666666667,225,346,349,0.000180988235630999,0.000130135362210205,0.000213528397383978,306,1.21225310954092e-07,"Q804"
"primary","All voters","Q504R1",3,296.666666666667,273,290,327,0.000180867010320045,0.000153913328994119,0.000209003809660811,307,8.77315019067891e-07,"Q504R1"
"primary","All voters","Q754_Q762R1",3,388.333333333333,151,361,653,0.000179989695300977,4.5887828572797e-05,0.000300082187852607,308,3.01941066273379e-07,"Q754_Q762R1"
"primary","All voters","Q798",3,337.333333333333,209,222,581,0.000179687754234704,0.000117842833958009,0.000227144283127401,309,1.1894554705343e-07,"Q798"
"primary","All voters","Q159R2",3,308.666666666667,262,297,367,0.00017956880868765,0.00012203664566627,0.000250983589369698,310,2.57840454787235e-07,"Q159R2"
"primary","All voters","Q616_Q618R1",3,372.666666666667,192,381,545,0.000179310968232863,8.37493079745512e-05,0.000335522763814264,311,1.46677472738247e-06,"Q616_Q618R1"
"primary","All voters","Q690",3,384.666666666667,190,413,551,0.000177844193505481,7.42357699174585e-05,0.000340096060094881,312,1.07368261993671e-06,"Q690"
"primary","All voters","Q386_Q390R5",3,327.666666666667,215,330,438,0.000176770510885544,0.000100466024368858,0.000221766272835307,313,6.42137293844477e-07,"Q386_Q390R5"
"primary","All voters","Q429_Q440R9",3,316,265,315,368,0.0001761283735917,0.000135970927329051,0.000245923799228581,314,1.2586380103512e-06,"Q429_Q440R9"
"primary","All voters","Q504R8",3,313.666666666667,256,311,374,0.000174869735581348,0.000147927131557657,0.000188651168269056,315,2.82423689181363e-07,"Q504R8"
"primary","All voters","Q540R1",3,311.333333333333,288,307,339,0.000174587311892167,0.000149020564844694,0.00020453874132996,316,6.84030297504965e-07,"Q540R1"
"primary","All voters","Q386_Q390R2",3,370.666666666667,166,385,561,0.000173903281594662,7.99297379751989e-05,0.000259935681284607,317,6.00540690470601e-08,"Q386_Q390R2"
"primary","All voters","Q257CR4",3,321.333333333333,231,318,415,0.000173843227525615,0.000118983779139497,0.000213734198405145,318,5.95209222383955e-07,"Q257CR4"
"primary","All voters","Q131R12",3,352.666666666667,181,410,467,0.000173248018303231,0.000120415849003851,0.000242276323946077,319,3.76838805814993e-07,"Q131R12"
"primary","All voters","Q77R3",3,372.666666666667,163,389,566,0.000172871179497416,0.000115312673341306,0.000281103806782341,320,2.39463390295722e-07,"Q77R3"
"primary","All voters","Q369",3,328.666666666667,246,288,452,0.00017263171610712,0.000108545491151639,0.000228765608445728,321,3.8808889863529e-07,"Q369"
"primary","All voters","Q111R5",3,330.666666666667,222,380,390,0.000172243627208485,0.00011881613248394,0.000217548922012922,322,1.09786624361794e-07,"Q111R5"
"primary","All voters","Q206",3,326,245,321,412,0.000172133840584123,0.000143837479164267,0.000198856640962572,323,2.82311088629624e-07,"Q206"
"primary","All voters","Q61",3,354.666666666667,182,413,469,0.000171851529495494,0.000103114913275062,0.000238851769475692,324,2.98565400902613e-08,"Q61"
"primary","All voters","Q591_Q596R4",3,352,187,383,486,0.000171821672955403,9.78641271116035e-05,0.000233998093308176,325,5.21066407914721e-08,"Q591_Q596R4"
"primary","All voters","Q660",3,378.333333333333,228,322,585,0.000171769566314612,6.34049040688701e-05,0.000297739414531534,326,2.53196803789275e-07,"Q660"
"primary","All voters","Q192",3,444,176,555,601,0.000171516369510823,6.89242856355763e-05,0.000372199721967316,327,1.20998598055041e-07,"Q192"
"primary","All voters","Q205",3,362,181,390,515,0.000171395370912767,0.000115067665624837,0.000258274698836538,328,1.73098204139495e-08,"Q205"
"primary","All voters","Q343R4",3,333.666666666667,251,290,460,0.000171378061092354,9.52826640463447e-05,0.000225118179989435,329,3.01484030090419e-07,"Q343R4"
"primary","All voters","Q148",3,320.333333333333,276,326,359,0.000171076577062263,0.000139472475255244,0.000209779147241297,330,9.24111030473329e-07,"Q148"
"primary","All voters","Q31",3,361.333333333333,180,333,571,0.00017015246603179,0.000120375911218695,0.000243031427329067,331,1.52815117385923e-07,"Q31"
"primary","All voters","Q162R2",3,406.333333333333,150,514,555,0.000169999650914404,8.12247927608869e-05,0.000287828518683943,332,1.04515953178576e-08,"Q162R2"
"primary","All voters","Q727_Q731R2",3,334.333333333333,208,363,432,0.000169989199319086,0.00013705060135413,0.000207096105375666,333,1.28185047932453e-06,"Q727_Q731R2"
"primary","All voters","Q455",3,356.333333333333,201,397,471,0.000168707348839761,0.000113183648012424,0.000236530088016379,334,2.68839010030686e-07,"Q455"
"primary","All voters","Q456_Q461R2",3,357.333333333333,203,407,462,0.000168438509829731,9.49266555068561e-05,0.000235095229628292,335,3.52422875157294e-07,"Q456_Q461R2"
"primary","All voters","Q472_Q474R3",3,326.333333333333,300,314,365,0.000168086086954573,0.000146792950771395,0.000192283935951214,336,4.91830377076621e-07,"Q472_Q474R3"
"primary","All voters","Q261",3,338.333333333333,229,313,473,0.000167594256577497,0.000155397739266245,0.000190446099948,337,1.64541637711658e-07,"Q261"
"primary","All voters","Q411_Q416R6",3,373.333333333333,251,275,594,0.000167429714939785,6.09898766141745e-05,0.00026268436255335,338,1.71419978563383e-07,"Q411_Q416R6"
"primary","All voters","Q478_Q483R4",3,332.333333333333,249,370,378,0.000167258294961222,0.000121270509490281,0.000196220292363108,339,3.38128324816115e-08,"Q478_Q483R4"
"primary","All voters","Q396_Q398R2",3,419.333333333333,147,555,556,0.00016722448212874,8.07975228302691e-05,0.000295930108621279,340,8.64845228037379e-07,"Q396_Q398R2"
"primary","All voters","Q57",3,384.666666666667,249,271,634,0.000166359636900703,5.28632691850713e-05,0.00026442992608067,341,6.698112505865e-07,"Q57"
"primary","All voters","Q243R3",3,391.666666666667,222,451,502,0.000165689825650116,8.6390264200791e-05,0.000302080855528375,342,2.25648386605764e-07,"Q243R3"
"primary","All voters","Q257CR2",3,379.666666666667,259,259,621,0.000165464177263511,5.47610321703011e-05,0.000255044609593537,343,7.35132845304499e-08,"Q257CR2"
"primary","All voters","Q535_Q538R3",3,395,169,437,579,0.00016539066397898,7.57503367999738e-05,0.00025522256788213,344,4.90442658816439e-07,"Q535_Q538R3"
"primary","All voters","Q487_Q489R3",3,381,182,338,623,0.000164900221320164,0.000102421742512251,0.000258265446220401,345,1.29084636120175e-06,"Q487_Q489R3"
"primary","All voters","Q154R3",3,347.333333333333,240,386,416,0.000163609374958962,0.000106025303999635,0.000203241329460035,346,1.05176419316411e-07,"Q154R3"
"primary","All voters","Q597_Q602R5",3,374.333333333333,240,279,604,0.000163504198539646,6.84261638292853e-05,0.000238516809109758,347,8.70455573783325e-08,"Q597_Q602R5"
"primary","All voters","Q243R1",3,369.666666666667,244,385,480,0.000163417152982267,9.10086740532493e-05,0.000271558945521689,348,6.26746261553492e-07,"Q243R1"
"primary","All voters","Q454",3,376,238,307,583,0.000162790406720714,6.4158744701135e-05,0.00021899430242439,349,5.98771129182735e-08,"Q454"
"primary","All voters","Q532",1,304,304,304,304,0.000162730529607795,0.000162730529607795,0.000162730529607795,350,8.75548574634294e-08,"Q532"
"primary","All voters","Q478_Q483R2",3,407.666666666667,214,433,576,0.000162642974750332,7.71794558877258e-05,0.000309749140866895,351,4.0004103140181e-07,"Q478_Q483R2"
"primary","All voters","Q597_Q602R1",3,368.666666666667,247,408,451,0.00016224293371893,9.82821218725308e-05,0.000267765510469141,352,1.55374102540993e-07,"Q597_Q602R1"
"primary","All voters","Q411_Q416R1",3,340.333333333333,327,333,361,0.000162087559616389,0.000139242877777585,0.000207301141183558,353,1.52932047641982e-07,"Q411_Q416R1"
"primary","All voters","Q247",3,338,292,358,364,0.000161934627568747,0.000136439300355558,0.000195930284122662,354,3.89121878554448e-08,"Q247"
"primary","All voters","Q476",3,339.333333333333,306,350,362,0.000161895715380892,0.000137365202506736,0.000199239976615603,355,4.57804010024776e-08,"Q476"
"primary","All voters","Q811",3,351.666666666667,217,392,446,0.000161849934979889,0.000125234478949311,0.000198305999767122,356,2.90017605571635e-09,"Q811"
"primary","All voters","Q754_Q762R2",3,336,332,335,341,0.000161847034803834,0.000131858366258823,0.00020741397168731,357,1.72850404880274e-07,"Q754_Q762R2"
"primary","All voters","Q727_Q731R3",3,338.666666666667,295,311,410,0.000161674184398953,0.000152610336660246,0.000173976466648999,358,1.52323909170164e-07,"Q727_Q731R3"
"primary","All voters","Q560R4",3,387.333333333333,256,286,620,0.000161521860489783,5.52897350172378e-05,0.000257717903179595,359,6.84711572134097e-08,"Q560R4"
"primary","All voters","Q225R7",3,395,212,316,657,0.00016145338933257,4.54414949976076e-05,0.000224357217316665,360,1.00112247774392e-07,"Q225R7"
"primary","All voters","Q429_Q440R7",3,370.666666666667,239,244,629,0.000161353277084795,0.000101020664241667,0.000199460960711985,361,2.71232805455887e-07,"Q429_Q440R7"
"primary","All voters","Q117R10",3,418.333333333333,210,414,631,0.000161082044279339,5.30809743035811e-05,0.00031117922133583,362,4.95291969822954e-07,"Q117R10"
"primary","All voters","Q676_Q678R1",3,381.333333333333,223,235,686,0.000160586752309516,7.76672751953019e-05,0.000217312558892771,363,5.70502040609419e-07,"Q676_Q678R1"
"primary","All voters","Q150",3,372.666666666667,223,336,559,0.000160016250268907,8.0297574073742e-05,0.00020598197255751,364,1.25343427272287e-07,"Q150"
"primary","All voters","Q754_Q762R8",3,409,231,373,623,0.000159890906841635,5.42759129897947e-05,0.000291280655574863,365,2.68611745644719e-07,"Q754_Q762R8"
"primary","All voters","Q663_Q666R1",3,367.666666666667,206,375,522,0.00015962229509599,0.000132449984095282,0.000208403571841778,366,7.29604106184387e-07,"Q663_Q666R1"
"primary","All voters","Q453",3,397,199,440,552,0.000158892690989806,7.39686217328622e-05,0.000238262469348712,367,6.76768271891084e-07,"Q453"
"primary","All voters","Q494_Q503R2",3,406.333333333333,187,454,578,0.000158215922717915,6.48969143234723e-05,0.000250104731872019,368,1.50857387388765e-07,"Q494_Q503R2"
"primary","All voters","Q505_Q508R4",3,398.333333333333,258,270,667,0.000158065065330526,4.35387684029944e-05,0.0002438835471429,369,3.63476860025449e-08,"Q505_Q508R4"
"primary","All voters","Q441_Q452R4",3,531,158,690,745,0.000158028717644523,1.48591411904118e-05,0.000422684220453386,370,6.08786435660333e-07,"Q441_Q452R4"
"primary","All voters","Q535_Q538R1",3,352,271,382,403,0.000157419931208863,0.000121762827718522,0.000183612783195706,371,1.21560851758164e-07,"Q535_Q538R1"
"primary","All voters","Q365",3,365.333333333333,232,402,462,0.000157298370357105,0.00010613336069162,0.000188559929763739,372,6.7047785430935e-07,"Q365"
"primary","All voters","Q41",3,349.333333333333,325,329,394,0.000156627892502795,0.000137908524184918,0.000179137104814761,373,9.1988154756251e-07,"Q41"
"primary","All voters","Q152",3,372.666666666667,247,405,466,0.000155708010955233,9.39527137991898e-05,0.000197145180988002,374,4.61519396217897e-07,"Q152"
"primary","All voters","Q162R4",3,355,319,338,408,0.000155246491559015,0.000108492823145237,0.00021219951661772,375,8.63209319992364e-08,"Q162R4"
"primary","All voters","Q257CR1",3,392.333333333333,276,284,617,0.000155160170627016,5.60961962485627e-05,0.00023139077237057,376,5.19697444527247e-08,"Q257CR1"
"primary","All voters","Q287R3",3,404,185,326,701,0.000155108200882563,7.26604494814337e-05,0.000252859581753828,377,1.37560685087946e-07,"Q287R3"
"primary","All voters","Q221R2",3,378,264,378,492,0.000154970640197475,9.64381386057125e-05,0.000248676967696116,378,1.99901027110144e-07,"Q221R2"
"primary","All voters","Q749",3,416.333333333333,170,441,638,0.000154770739170365,9.90033422837856e-05,0.000253325002710835,379,1.0170012162855e-06,"Q749"
"primary","All voters","Q701_Q705R3",3,380.666666666667,250,400,492,0.000153753737954079,8.76813087995451e-05,0.000195331904412094,380,5.66192689060584e-07,"Q701_Q705R3"
"primary","All voters","Q159R3",3,361.666666666667,296,375,414,0.000153187545265019,0.000120130888909488,0.000173279106230841,381,3.30223004250745e-08,"Q159R3"
"primary","All voters","Q225R9",3,387.666666666667,272,306,585,0.000153154522964594,7.30846042794859e-05,0.000219663925254292,382,2.18305436171218e-07,"Q225R9"
"primary","All voters","Q250R2",3,389.333333333333,234,289,645,0.000152936217528423,9.73570339983797e-05,0.00020735488364379,383,2.10261902206519e-07,"Q250R2"
"primary","All voters","Q795",3,368.666666666667,284,319,503,0.000152725955626216,0.000144002239481455,0.000159436850955614,384,1.26078639301158e-08,"Q795"
"primary","All voters","Q478_Q483R3",3,367.666666666667,292,344,467,0.000152713347762286,0.000103269414203705,0.000224518895802168,385,6.09272497457047e-08,"Q478_Q483R3"
"primary","All voters","Q257AR2",3,378.333333333333,264,351,520,0.00015265242051254,8.97647854999724e-05,0.000198904918133446,386,7.96801202743321e-08,"Q257AR2"
"primary","All voters","Q472_Q474R1",3,435,229,512,564,0.000152572740392266,7.87653358005463e-05,0.000294219172583097,387,6.6240508258213e-07,"Q472_Q474R1"
"primary","All voters","Q429_Q440R3",3,450.666666666667,208,546,598,0.000151910335309684,6.00221630405051e-05,0.000312249776340112,388,4.76650264029621e-07,"Q429_Q440R3"
"primary","All voters","Q187R2",3,367,337,341,423,0.000151433685045654,0.000104743202020086,0.000205557443670286,389,2.76248009948958e-08,"Q187R2"
"primary","All voters","Q154R4",3,386,285,338,535,0.000151406060244659,7.77373261953209e-05,0.000204914842411003,390,1.26782561219525e-07,"Q154R4"
"primary","All voters","Q380",3,364.666666666667,331,359,404,0.00015127927768344,0.000121710405579388,0.000195585424449289,391,2.65769111298491e-07,"Q380"
"primary","All voters","Q805",3,370,282,403,425,0.000151013508572141,0.000116485065548273,0.000176566230885367,392,4.30381631197639e-07,"Q805"
"primary","All voters","Q727_Q731R4",3,370.333333333333,313,337,461,0.000150583126940944,0.000146099266893551,0.000158528459411087,393,4.19544485181209e-07,"Q727_Q731R4"
"primary","All voters","Q727_Q731R5",3,375.333333333333,266,429,431,0.000150163582455762,0.000114175637877182,0.000169026236244303,394,3.41347717146176e-07,"Q727_Q731R5"
"primary","All voters","Q560R7",3,387.666666666667,284,353,526,0.000149822234738616,7.94978598892867e-05,0.000198092789436249,395,9.62307762717839e-09,"Q560R7"
"primary","All voters","Q494_Q503R9",3,467.666666666667,201,553,649,0.000149812611660989,4.81716917925125e-05,0.000319425127277838,396,2.94245875913265e-07,"Q494_Q503R9"
"primary","All voters","Q268",3,377,299,410,422,0.000149518365785076,0.000108003678879772,0.000223415861746811,397,5.13728498989215e-07,"Q268"
"primary","All voters","Q343R2",3,428.333333333333,240,416,629,0.000149004637286087,5.31915768090312e-05,0.000274979805132313,398,5.80738416753847e-07,"Q343R2"
"primary","All voters","Q417_Q424R7",3,390.666666666667,249,306,617,0.000148423898869333,0.000105121018249194,0.000178504323962821,399,8.92928043758436e-09,"Q417_Q424R7"
"primary","All voters","Q99R3",3,379.666666666667,299,355,485,0.000148414969588895,9.78785250801082e-05,0.000196730227181194,400,4.46151383618506e-07,"Q99R3"
"primary","All voters","Q429_Q440R2",3,395.333333333333,296,328,562,0.000147968818205277,7.0325830223367e-05,0.000223781540905304,401,3.07796459537817e-07,"Q429_Q440R2"
"primary","All voters","Q814",3,405.333333333333,215,447,554,0.000147661021745739,8.17835559919565e-05,0.000199444751070093,402,7.49742557184824e-07,"Q814"
"primary","All voters","Q504R5",3,396.333333333333,245,422,522,0.000146911279188554,8.93785610697595e-05,0.000181466838184581,403,3.75063941423847e-07,"Q504R5"
"primary","All voters","Q509_Q511R1",3,402.333333333333,239,340,628,0.00014653621524713,0.000101244896946066,0.00020516036461069,404,2.40436477999019e-07,"Q509_Q511R1"
"primary","All voters","Q194",3,384.666666666667,344,354,456,0.000146295778769131,9.67552466857684e-05,0.000201578457201245,405,3.74347600469845e-07,"Q194"
"primary","All voters","Q408",3,407.666666666667,290,324,609,0.000145921431168661,5.74094869917063e-05,0.000211133437913899,406,1.73532281012875e-06,"Q408"
"primary","All voters","Q551_Q559R7",3,390.666666666667,302,376,494,0.000144186108358533,0.00011993667513507,0.00016336591614666,407,4.59163827802714e-07,"Q551_Q559R7"
"primary","All voters","Q99R11",3,438.333333333333,245,426,644,0.00014372694453073,5.72267454901128e-05,0.000270373974609681,408,1.66710583817786e-06,"Q99R11"
"primary","All voters","Q679_Q682R4",3,422.333333333333,194,342,731,0.000142059838692552,5.38511508022915e-05,0.000240732534914385,409,3.27506594620581e-07,"Q679_Q682R4"
"primary","All voters","Q687",3,408,262,299,663,0.000141732332097931,8.9834982038305e-05,0.000170126787181321,410,1.10010152350989e-07,"Q687"
"primary","All voters","Q551_Q559R2",3,422,275,471,520,0.00014162232194558,8.12453704620583e-05,0.000240684771579615,411,6.05847477791677e-07,"Q551_Q559R2"
"primary","All voters","Q812",3,406,266,372,580,0.000141016474467789,0.00011786620061596,0.000184314101713059,412,1.73237682387132e-07,"Q812"
"primary","All voters","Q551_Q559R6",3,399.333333333333,310,437,451,0.000140843236785402,0.000113246445144558,0.000160721841790343,413,5.72410791263372e-08,"Q551_Q559R6"
"primary","All voters","Q154R5",3,399.666666666667,345,354,500,0.000140785995706275,9.44727998826141e-05,0.000201142017055595,414,2.40279265682829e-08,"Q154R5"
"primary","All voters","Q204",3,426,287,330,661,0.000140761967779707,4.45207512811251e-05,0.000229697640014086,415,1.96987625120923e-07,"Q204"
"primary","All voters","Q456_Q461R5",3,399.333333333333,343,418,437,0.000140564980154586,0.000100519504902154,0.000202622015364446,416,3.22306559817978e-08,"Q456_Q461R5"
"primary","All voters","Q316R6",3,401.333333333333,293,448,463,0.000140532749498604,0.000110060076984539,0.000158163077972884,417,1.10483723216265e-07,"Q316R6"
"primary","All voters","Q551_Q559R9",3,410,310,390,530,0.000140422265775388,7.89650241697451e-05,0.000216396024469991,418,1.38308493696711e-07,"Q551_Q559R9"
"primary","All voters","Q723_Q725R3",3,394,368,387,427,0.000140283957281691,0.000103148406842303,0.000191119354522506,419,7.26886203632416e-07,"Q723_Q725R3"
"primary","All voters","Q462",3,408.666666666667,280,310,636,0.000139557071078059,9.93363615601625e-05,0.00016076784816543,420,1.43245501890791e-07,"Q462"
"primary","All voters","Q551_Q559R5",3,397,347,395,449,0.000139413825576168,0.000110005558487198,0.000178854154255382,421,4.54140777611593e-07,"Q551_Q559R5"
"primary","All voters","Q217R4",3,404.333333333333,279,398,536,0.000138959684798556,0.000124152003019979,0.000160971053094992,422,8.72138578310354e-09,"Q217R4"
"primary","All voters","Q151",3,458,246,542,586,0.000138950963412773,6.32376764319953e-05,0.000268860719904871,423,4.58543620731494e-07,"Q151"
"primary","All voters","Q62R3",3,403.333333333333,303,358,549,0.000138492419792042,0.000125612934372713,0.000162859768188425,424,1.87759786607886e-07,"Q62R3"
"primary","All voters","Q178R2",3,400.666666666667,372,411,419,0.000138304660005434,0.000107990229303375,0.000188421443112203,425,3.07995999184152e-07,"Q178R2"
"primary","All voters","Q547R7",3,399,376,389,432,0.00013799666400625,0.000101178669815924,0.000180542998140433,426,4.09483450754868e-07,"Q547R7"
"primary","All voters","Q250R8",3,459.666666666667,165,464,750,0.000137587180555495,3.96070097521622e-05,0.0002787909119036,427,4.93966525127142e-10,"Q250R8"
"primary","All voters","Q560R6",3,406.666666666667,344,401,475,0.00013758668658897,9.13772631130803e-05,0.000178237475620426,428,5.23046898330483e-09,"Q560R6"
"primary","All voters","NEWQ67",3,398.333333333333,381,405,409,0.000137581456119987,0.000109418712819346,0.000174641499201544,429,1.27270452404958e-07,"NEWQ67"
"primary","All voters","Q753",3,403,373,409,427,0.000137454185667582,0.000108442318007531,0.000188361362450248,430,3.43191889221126e-08,"Q753"
"primary","All voters","Q67",3,415.666666666667,334,386,527,0.000137419866478659,8.80946583901918e-05,0.000206797885008071,431,3.33631524821354e-07,"Q67"
"primary","All voters","Q754_Q762R5",3,455,196,459,710,0.000137086234953838,3.09588483079616e-05,0.000221538013699104,432,2.92215687109737e-07,"Q754_Q762R5"
"primary","All voters","Q486",3,408.666666666667,319,388,519,0.000136794019266728,0.000126451483188554,0.000144150953764221,433,8.98996236933759e-08,"Q486"
"primary","All voters","Q775",3,403.333333333333,363,381,466,0.000136704119643035,0.000103401029603601,0.000183630190182548,434,8.31918980473173e-09,"Q775"
"primary","All voters","Q748",3,440,230,488,602,0.00013669580045323,8.94308109384801e-05,0.000208704336997828,435,7.66966853316131e-07,"Q748"
"primary","All voters","Q386_Q390R3",3,421.333333333333,317,380,567,0.000135928833599914,7.83878663535706e-05,0.00018423228663961,436,2.25660771501662e-07,"Q386_Q390R3"
"primary","All voters","Q591_Q596R2",3,430,297,484,509,0.000135703172828412,8.49698562718974e-05,0.000223618104043979,437,2.71833150234985e-07,"Q591_Q596R2"
"primary","All voters","Q521_Q528R4",3,440,281,436,603,0.000135431339678177,5.84087467587013e-05,0.000234343262244827,438,1.51147822430558e-07,"Q521_Q528R4"
"primary","All voters","Q316R1",3,432,275,376,645,0.000135280191855747,5.69499213731575e-05,0.000184756601784964,439,1.53933900971852e-07,"Q316R1"
"primary","All voters","Q639",3,432.333333333333,293,490,514,0.000135126257954775,8.4128188804093e-05,0.000224160054679509,440,7.94277482787405e-07,"Q639"
"primary","All voters","Q788",3,423.333333333333,283,474,513,0.000134331980471988,0.000102110728059812,0.000159523055837436,441,1.81689858859738e-07,"Q788"
"primary","All voters","Q675",3,474.666666666667,200,611,613,0.000134150290613128,5.659396285632e-05,0.000237860338808197,442,1.62532826698266e-07,"Q675"
"primary","All voters","Q117R7",3,425.666666666667,274,444,559,0.00013398775778643,9.95967621001859e-05,0.00017864621549839,443,4.28208020227986e-07,"Q117R7"
"primary","All voters","Q62R2",3,424.666666666667,305,468,501,0.000133559549766202,9.43006390154059e-05,0.00015680312081936,444,6.14438983906915e-07,"Q62R2"
"primary","All voters","Q809",3,423.666666666667,288,478,505,0.000132945110782295,0.000100129603144794,0.000155892902270885,445,2.67879994470525e-07,"Q809"
"primary","All voters","Q316R3",3,478,248,572,614,0.000132677230787824,6.56620535801883e-05,0.000266141724374511,446,1.44624383947313e-07,"Q316R3"
"primary","All voters","Q273R4",3,430,309,449,532,0.000132532606403877,8.76303311528768e-05,0.000161121549693813,447,3.94357615808355e-08,"Q273R4"
"primary","All voters","Q187R3",3,463.666666666667,202,578,611,0.000132493170642296,6.63376263523242e-05,0.000212222057935056,448,4.10624954598276e-07,"Q187R3"
"primary","All voters","Q715_718R2",3,420.333333333333,330,430,501,0.000132082545687698,0.00011442523569883,0.00014425489415575,449,5.18754345470905e-07,"Q715_718R2"
"primary","All voters","Q401_Q404R4",3,419.666666666667,364,367,528,0.000131563791342227,0.000122695952927795,0.000136209388524808,450,3.99793288508038e-07,"Q401_Q404R4"
"primary","All voters","Q713",3,438.666666666667,331,477,508,0.000131163998053719,8.54840507996192e-05,0.000207750701194526,451,1.08311545647102e-08,"Q713"
"primary","All voters","Q521_Q528R5",3,430.333333333333,340,419,532,0.000131153166899154,7.86101849198289e-05,0.000170347245361931,452,5.4073208501047e-07,"Q521_Q528R5"
"primary","All voters","Q674R1",3,432,345,428,523,0.000130612434814144,8.09335921859574e-05,0.000167845321096567,453,8.19927395374681e-08,"Q674R1"
"primary","All voters","Q456_Q461R4",3,423.666666666667,377,429,465,0.000130530442074606,0.000102549434466095,0.000184417446995733,454,4.97861204921198e-08,"Q456_Q461R4"
"primary","All voters","Q263",3,491,183,640,650,0.000130480655954114,5.80556678646353e-05,0.000238698805831964,455,2.31796068503142e-07,"Q263"
"primary","All voters","Q154R2",3,440.666666666667,321,430,571,0.000130248859885611,7.78146208316089e-05,0.000211333933490896,456,4.006765392377e-07,"Q154R2"
"primary","All voters","Q111R2",3,430.333333333333,294,373,624,0.000129848183346373,0.000102062645161588,0.00016702860069853,457,2.09434893429521e-07,"Q111R2"
"primary","All voters","Q597_Q602R4",3,436.333333333333,357,422,530,0.000129638748452944,8.7851027809516e-05,0.00019604257600892,458,8.88515187979133e-07,"Q597_Q602R4"
"primary","All voters","Q679_Q682R1",3,441,251,394,678,0.000128750233264965,8.35367282680955e-05,0.000178013738735642,459,3.81656956610784e-09,"Q679_Q682R1"
"primary","All voters","Q283",3,464,213,538,641,0.000128746416695399,8.62771433315783e-05,0.000201559887478249,460,4.22505707375935e-07,"Q283"
"primary","All voters","Q316R4",3,458.333333333333,269,509,597,0.000128323910988023,6.01291246330107e-05,0.000183050397884777,461,4.43079580845286e-07,"Q316R4"
"primary","All voters","Q381_Q383R2",3,429.333333333333,402,431,455,0.000127880831407177,0.000101311522246455,0.000159279748204599,462,7.2356434583791e-07,"Q381_Q383R2"
"primary","All voters","Q350",3,447.333333333333,366,386,590,0.000127157267061339,6.20045231264268e-05,0.00019207545881873,463,7.10000364629454e-08,"Q350"
"primary","All voters","Q70R5",3,434.666666666667,388,418,498,0.000127086267024876,9.49624440923357e-05,0.000181109531337172,464,2.20732081422875e-07,"Q70R5"
"primary","All voters","Q250R3",3,439.333333333333,267,322,729,0.000126865534943454,5.50364051113694e-05,0.000183635864060689,465,6.64562932201686e-07,"Q250R3"
"primary","All voters","Q99R8",3,440.333333333333,358,453,510,0.000126200972011252,9.72510765205479e-05,0.000141764515637634,466,4.49909070855318e-07,"Q99R8"
"primary","All voters","Q491A",3,455,317,433,615,0.000125751062940397,5.62819967917858e-05,0.000165705371553712,467,1.8218613629116e-07,"Q491A"
"primary","All voters","Q239R1",3,443,399,452,478,0.000125568876804105,9.80832213158517e-05,0.000154512005589018,468,9.02559740642832e-07,"Q239R1"
"primary","All voters","Q411_Q416R5",3,462,322,476,588,0.000124666317063463,7.14587561276119e-05,0.000211256988431427,469,5.7798194563188e-07,"Q411_Q416R5"
"primary","All voters","Q652_Q658R1",3,446.333333333333,423,458,458,0.000124088335117831,9.64605374550479e-05,0.000159067935926502,470,2.91166482130844e-08,"Q652_Q658R1"
"primary","All voters","Q411_Q416R2",3,470.666666666667,315,534,563,0.000124059218469618,7.02604467432492e-05,0.000214792525762801,471,5.75650598555607e-07,"Q411_Q416R2"
"primary","All voters","Q417_Q424R1",3,457.333333333333,333,465,574,0.000123483567871062,7.75154337514006e-05,0.000157403636018994,472,3.64352353468924e-07,"Q417_Q424R1"
"primary","All voters","Q429_Q440R12",3,451.666666666667,391,478,486,0.000123119215517593,9.11072369495317e-05,0.000152812524838016,473,4.11409437460762e-07,"Q429_Q440R12"
"primary","All voters","Q535_Q538R4",3,450.333333333333,318,396,637,0.000122707806080132,9.93207380230581e-05,0.000154992130745636,474,5.85686787009636e-08,"Q535_Q538R4"
"primary","All voters","Q560R3",3,451.333333333333,434,459,461,0.000122649237401431,9.58842974830308e-05,0.000165493380789515,475,1.2007507512276e-07,"Q560R3"
"primary","All voters","Q820",3,460.666666666667,342,436,604,0.000122529162326309,5.83380922700984e-05,0.00016544383335058,476,4.9850963463905e-08,"Q820"
"primary","All voters","Q494_Q503R1",3,457,396,418,557,0.000122479311362845,7.26412944330761e-05,0.000170413615760003,477,8.91403934311118e-08,"Q494_Q503R1"
"primary","All voters","S13",3,453.333333333333,331,489,540,0.000122390170969414,8.94279737266956e-05,0.000147665173413373,478,6.01709825420342e-07,"Education"
"primary","All voters","Q673",3,461.333333333333,357,398,629,0.000121788461143993,6.0794039107033e-05,0.000178472091211247,479,4.9538733169222e-07,"Q673"
"primary","All voters","Q456_Q461R3",3,455.666666666667,402,439,526,0.000121293073812301,8.87927393328046e-05,0.000164628518083993,480,4.02887161591396e-07,"Q456_Q461R3"
"primary","All voters","Q149",3,461,431,446,506,0.00012089018665071,8.59458128401273e-05,0.000166130642049312,481,3.1771890456487e-08,"Q149"
"primary","All voters","Q456_Q461R6",3,455.333333333333,421,447,498,0.000120858414760253,0.000105049455636616,0.000147024175929067,482,2.40168059060196e-07,"Q456_Q461R6"
"primary","All voters","Q363",3,475,352,533,540,0.000120618246701193,7.61404054422022e-05,0.000198472471188234,483,5.56845378266264e-07,"Q363"
"primary","All voters","S11",3,456.333333333333,329,384,656,0.000120061401322927,9.35079334917859e-05,0.000148491737855316,484,5.35417045691215e-08,"S11"
"primary","All voters","Q535_Q538R2",3,464.333333333333,417,430,546,0.000120007859618358,7.50636594039126e-05,0.00016630789306759,485,3.228779772447e-08,"Q535_Q538R2"
"primary","All voters","Q546R7",3,465,374,415,606,0.000119975571820633,6.77017669054628e-05,0.000171881946384863,486,2.85803487624716e-07,"Q546R7"
"primary","All voters","Q763_Q766R3",3,454.666666666667,343,415,606,0.000119689768333008,0.000106182452060897,0.000143593897776717,487,1.95713847093775e-07,"Q763_Q766R3"
"primary","All voters","Q815",3,464,370,491,531,0.000119494054485915,8.85384891995247e-05,0.000135118072720875,488,1.82959248415122e-07,"Q815"
"primary","All voters","S14",3,468.333333333333,380,417,608,0.000119311095237499,5.75708072535038e-05,0.000170744105835127,489,4.73422061621242e-09,"S14"
"primary","All voters","Q30",3,477.333333333333,296,487,649,0.000119306361016883,5.48323164345339e-05,0.000151909898956697,490,3.28736248208681e-07,"Q30"
"primary","All voters","Q99R6",3,501.666666666667,286,584,635,0.000118977624768675,5.2631395669583e-05,0.00023078554985158,491,4.16565300014025e-07,"Q99R6"
"primary","All voters","Q386_Q390R4",3,469,346,518,543,0.000118561059468661,8.32293604303659e-05,0.000142993880892873,492,8.21749236097668e-08,"Q386_Q390R4"
"primary","All voters","Q663_Q666R2",3,473,308,548,563,0.000118478884545051,7.91451196545906e-05,0.000148914887705219,493,8.19160698004213e-08,"Q663_Q666R2"
"primary","All voters","Q75",3,471,298,518,597,0.00011839696847525,9.0082442349179e-05,0.000151359013053726,494,5.49697665444483e-08,"Q75"
"primary","All voters","Q693_Q700R2",3,474.666666666667,339,469,616,0.000118341998708706,6.46649953626487e-05,0.000156769958025003,495,4.08545897700348e-07,"Q693_Q700R2"
"primary","All voters","Q521_Q528R6",3,481,301,547,595,0.000117933452811006,7.49217407296023e-05,0.000164698649723525,496,1.57540228773302e-07,"Q521_Q528R6"
"primary","All voters","Q29",3,494.666666666667,301,527,656,0.000117775912582232,5.16153966639735e-05,0.000222249761056952,497,4.9236691067042e-07,"Q29"
"primary","All voters","Q505_Q508R3",3,476.333333333333,387,506,536,0.000117283545671562,7.75799125247184e-05,0.000181151549801746,498,1.9463010032209e-07,"Q505_Q508R3"
"primary","All voters","S2_AFROLAT",3,473,258,445,716,0.00011708891557124,6.50092939338267e-05,0.000175382897423461,499,4.32754606588857e-07,"S2_AFROLAT"
"primary","All voters","Q111R1",3,486.333333333333,320,511,628,0.000116656160964651,5.35848192215615e-05,0.00015462440823033,500,7.52881052817938e-08,"Q111R1"
"primary","All voters","Q701_Q705R5",3,478,393,395,646,0.000116580872859369,5.63634666039097e-05,0.000179209063823603,501,5.77092851817982e-07,"Q701_Q705R5"
"primary","All voters","Q77R7",3,486,298,577,583,0.000116003780007551,6.49314621406455e-05,0.00016554286147842,502,1.98376232877874e-07,"Q77R7"
"primary","All voters","Q727_Q731R1",3,468.666666666667,394,424,588,0.000115805403774673,0.000114325277004997,0.000116695244898527,503,2.22338851167027e-07,"Q727_Q731R1"
"primary","All voters","Q720_Q722R1",3,522.666666666667,271,641,656,0.000115583064923506,4.5804982241725e-05,0.000242987586006593,504,4.30194183060711e-07,"Q720_Q722R1"
"primary","All voters","Q597_Q602R2",3,501.666666666667,325,517,663,0.000115152870740445,4.43304431306608e-05,0.000210215988173662,505,3.13704434332665e-08,"Q597_Q602R2"
"primary","All voters","Q282",3,474.333333333333,350,535,538,0.000115121500297012,8.67398068497086e-05,0.000130562486016809,506,2.34629561522243e-07,"Q282"
"primary","All voters","Q287R1",3,480.666666666667,463,489,490,0.00011488687073549,8.86234125271653e-05,0.0001509291457049,507,1.47285237492653e-08,"Q287R1"
"primary","All voters","Q46",3,514,266,568,708,0.000114872142211741,3.16821933545668e-05,0.00024574691382864,508,2.38057343842192e-07,"Q46"
"primary","All voters","Q534",3,482,444,483,519,0.000114634084867899,8.27419268423769e-05,0.000162511126822408,509,1.2944863145921e-07,"Q534"
"primary","All voters","Q287R5",3,483,392,399,658,0.000114504636236439,5.06744170335826e-05,0.000179957480262544,510,2.66109779884619e-07,"Q287R5"
"primary","All voters","Q343R1",3,482,476,482,488,0.000114238526456555,9.00586936582695e-05,0.000151066940898884,511,1.4973709683958e-07,"Q343R1"
"primary","All voters","Q257BR2",3,473,362,503,554,0.000114088789359715,9.38555098631314e-05,0.000125237218472863,512,6.05539467132707e-08,"Q257BR2"
"primary","All voters","Q77R9",3,480.333333333333,318,497,626,0.000114028235413002,9.53938238316574e-05,0.000145001745038098,513,1.19577285616842e-07,"Q77R9"
"primary","All voters","S2_NATIVE",3,498,354,487,653,0.000113908658127385,5.45090765810073e-05,0.000197663297668117,514,6.96366514689456e-08,"S2_NATIVE"
"primary","All voters","Q754_Q762R9",3,481.666666666667,435,460,550,0.000113839021475916,8.22330112471061e-05,0.000158588652600245,515,3.13108327757092e-07,"Q754_Q762R9"
"primary","All voters","Q429_Q440R1",3,493.666666666667,375,458,648,0.000113525913148159,4.82437463523837e-05,0.000184991050794613,516,3.67981040281216e-08,"Q429_Q440R1"
"primary","All voters","Q627",3,493.333333333333,360,393,727,0.000113489115044131,2.11924089387397e-05,0.000194167416448919,517,2.76513067865437e-07,"Q627"
"primary","All voters","Q381_Q383R3",3,487,455,482,524,0.000113212601976265,8.90170436321958e-05,0.000153774872915163,518,1.07999777249099e-06,"Q381_Q383R3"
"primary","All voters","Q264",3,521.333333333333,203,654,707,0.000112132604203774,5.43175482202148e-05,0.000211729105794437,519,2.15233199899411e-07,"Q264"
"primary","All voters","Q77R8",3,481.333333333333,412,479,553,0.000111917371003875,9.10169661623048e-05,0.000125306664867042,520,2.46270873031671e-07,"Q77R8"
"primary","All voters","Q273R3",3,491.666666666667,401,435,639,0.000111671100130843,5.81482218113479e-05,0.00016547643188814,521,7.34667347564047e-09,"Q273R3"
"primary","All voters","Q162R6",3,504.666666666667,367,537,610,0.000111663753457368,5.72370152557596e-05,0.000191326277935212,522,5.60022625381245e-07,"Q162R6"
"primary","All voters","Q747",3,498,383,492,619,0.000111103730831986,5.53174909010678e-05,0.000149489945189124,523,1.72256814506562e-07,"Q747"
"primary","All voters","Q411_Q416R3",3,497.666666666667,485,493,515,0.00011093147401748,8.36952379651195e-05,0.000153183222789957,524,8.87180857612801e-08,"Q411_Q416R3"
"primary","All voters","Q86",3,495.333333333333,349,474,663,0.000110842755931719,4.85348967850953e-05,0.000155256930972788,525,6.76565060614922e-07,"Q86"
"primary","All voters","Q316R2",3,503.333333333333,426,525,559,0.000110166190871104,7.23304310038055e-05,0.000169194422211613,526,2.91565229567525e-07,"Q316R2"
"primary","All voters","Q357",3,503,404,491,614,0.000109874625641536,5.64790489115829e-05,0.000176215170637228,527,1.83872864921219e-07,"Q357"
"primary","All voters","Q280",3,500,470,472,558,0.000109690752776615,8.0406576558301e-05,0.000156632092402838,528,6.24770579741251e-08,"Q280"
"primary","All voters","Q401_Q404R2",3,493,411,517,551,0.000109628275718641,8.32354621521396e-05,0.00012599951407275,529,8.65397556253664e-08,"Q401_Q404R2"
"primary","All voters","Q395",3,500.333333333333,421,446,634,0.000109541735963015,5.92273032737756e-05,0.000170018746870541,530,5.47117008307171e-07,"Q395"
"primary","All voters","Q521_Q528R7",3,497.666666666667,332,513,648,0.000108994618954708,8.41936041866194e-05,0.000147053752247795,531,2.08560572239176e-08,"Q521_Q528R7"
"primary","All voters","Q410",3,515.666666666667,238,639,670,0.000108973762897484,4.40636843056463e-05,0.000184138069785307,532,4.5587298542838e-07,"Q410"
"primary","All voters","Q441_Q452R5",3,505,324,480,711,0.000108517889912056,3.093791664653e-05,0.000153944416732542,533,3.67970388660843e-08,"Q441_Q452R5"
"primary","All voters","Q714",3,490.333333333333,404,488,579,0.00010848109287319,9.74135026481148e-05,0.000118210200967787,534,7.50114427062407e-08,"Q714"
"primary","All voters","Q715_718R4",3,508.333333333333,428,481,616,0.000108406081430484,5.61553274929941e-05,0.000153821384069356,535,2.78750076924928e-07,"Q715_718R4"
"primary","All voters","Q701_Q705R2",3,508,460,475,589,0.000108127331353559,6.24866709827152e-05,0.00015507747413818,536,2.85236665406119e-08,"Q701_Q705R2"
"primary","All voters","Q70R3",3,524,347,549,676,0.000108098807687018,4.12770153203132e-05,0.000200686969812968,537,1.54647068398279e-08,"Q70R3"
"primary","All voters","Q257AR4",3,491,384,447,642,0.000108083342980178,9.78842158872086e-05,0.000127761551559892,538,1.80786431399347e-07,"Q257AR4"
"primary","All voters","Q70R4",3,497,374,484,633,0.000107902556548779,8.99739911819005e-05,0.000133993824190309,539,9.5379629112439e-09,"Q70R4"
"primary","All voters","Q803",3,492.333333333333,359,454,664,0.000107893018585868,8.96785998195502e-05,0.000125524402268384,540,4.41262437161119e-08,"Q803"
"primary","All voters","Q754_Q762R7",3,494.666666666667,403,529,552,0.000107848892342152,8.79812341101216e-05,0.000125638905104407,541,2.08834968346277e-07,"Q754_Q762R7"
"primary","All voters","Q68",3,497.333333333333,387,521,584,0.000107640057373805,8.94071359798597e-05,0.000116906776697042,542,1.61833762816425e-08,"Q68"
"primary","All voters","Q738_Q740R1",3,486.666666666667,304,433,723,0.000107623873997524,5.93275210274022e-05,0.000149624141164181,543,3.59490052504897e-07,"Q738_Q740R1"
"primary","All voters","Q429_Q440R10",3,501.333333333333,383,539,582,0.000107264383945019,8.564892290615e-05,0.000118478179611438,544,3.23446710814068e-07,"Q429_Q440R10"
"primary","All voters","Q372",3,520,371,581,608,0.000106940937234205,6.44806406758564e-05,0.000189123721539497,545,2.30941021433061e-07,"Q372"
"primary","All voters","Q266",3,510.333333333333,309,569,653,0.000106709996212772,6.71562041282351e-05,0.000158823107060878,546,9.3397425302778e-08,"Q266"
"primary","All voters","Q652_Q658R6",3,513.333333333333,440,493,607,0.000106616598787469,5.77969810438285e-05,0.000149396225284225,547,8.21787871481012e-07,"Q652_Q658R6"
"primary","All voters","Q287R7",3,513.666666666667,278,589,674,0.000105794810915988,7.12561665391706e-05,0.000161361364648702,548,3.06644552369235e-08,"Q287R7"
"primary","All voters","Q370",3,537,320,636,655,0.000105764146460751,5.25362375747489e-05,0.00021211872667502,549,3.79909552048632e-07,"Q370"
"primary","All voters","Q77R6",3,502.333333333333,442,479,586,0.000105384236908702,9.96642908690624e-05,0.000116446593135635,550,1.43369392038972e-07,"Q77R6"
"primary","All voters","Q77R2",3,504.333333333333,414,541,558,0.000105240867516663,8.56050628723317e-05,0.000123934217531113,551,5.71145787132927e-07,"Q77R2"
"primary","All voters","Q273R5",3,538,342,565,707,0.00010466972172953,3.25630799964848e-05,0.000202698581737729,552,6.775358218023e-08,"Q273R5"
"primary","All voters","Q77R1",3,503.333333333333,392,496,622,0.00010460196814735,9.54652591671984e-05,0.000114957427823791,553,2.74767340177962e-07,"Q77R1"
"primary","All voters","Q561",3,526.333333333333,227,630,722,0.000104327200807172,6.0572912673224e-05,0.000191640078531272,554,1.51242158121415e-07,"Q561"
"primary","All voters","Q257BR4",3,506,406,481,631,0.000104175958649051,9.06530072096312e-05,0.000121400664598366,555,9.98294522359564e-07,"Q257BR4"
"primary","All voters","Q763_Q766R2",3,526,456,522,600,0.000103177664126691,6.92882996859676e-05,0.000159201312948323,556,1.4878455896307e-07,"Q763_Q766R2"
"primary","All voters","Q225R3",3,525.333333333333,443,531,602,0.000103028879567728,5.88270075531543e-05,0.000162587685940578,557,2.2252716457077e-07,"Q225R3"
"primary","All voters","Q257BR3",3,521.666666666667,416,483,666,0.000102806352403157,4.73359158249784e-05,0.000171107132694515,558,7.10709095580578e-08,"Q257BR3"
"primary","All voters","Q529",3,510.666666666667,450,468,614,0.000102735281493599,9.83580898890708e-05,0.000106694084200557,559,2.45661170045371e-09,"Q529"
"primary","All voters","Q409",3,532.666666666667,379,597,622,0.000102732824881899,5.45889449192615e-05,0.000184255866665692,560,3.8748081798453e-07,"Q409"
"primary","All voters","Q505_Q508R1",3,522,442,533,591,0.000102345344063914,6.18760934301273e-05,0.000133884605996183,561,3.40771097200631e-07,"Q505_Q508R1"
"primary","All voters","Q562",3,525.666666666667,439,526,612,0.000102004572966714,5.67905945802863e-05,0.000136459554346067,562,2.36556066079524e-08,"Q562"
"primary","All voters","Q591_Q596R6",3,514,368,516,658,0.000101980917360106,9.09583807094286e-05,0.000121839039033931,563,3.44368372526027e-08,"Q591_Q596R6"
"primary","All voters","Q456_Q461R1",3,525.333333333333,334,592,650,0.000101946480522853,5.48080621334948e-05,0.000135408747723602,564,1.36368321896447e-08,"Q456_Q461R1"
"primary","All voters","Q591_Q596R5",3,529.333333333333,490,528,570,0.000101932843690664,6.68861162858134e-05,0.000150900471357282,565,1.43513645816691e-07,"Q591_Q596R5"
"primary","All voters","Q663_Q666R3",3,534,464,558,580,0.000101789330044847,7.2356030449823e-05,0.000157896509352288,566,2.39603656698205e-07,"Q663_Q666R3"
"primary","All voters","Q487_Q489R1",3,529.666666666667,452,499,638,0.000101549726388149,5.82160353764936e-05,0.000159879767133816,567,1.58492141811455e-07,"Q487_Q489R1"
"primary","All voters","Q70R1",3,532,401,520,675,0.000101391234246337,4.13407213870867e-05,0.000139419203491437,568,1.92679567043887e-06,"Q70R1"
"primary","All voters","Q719",3,535.666666666667,450,507,650,9.94644385758983e-05,4.66668524664573e-05,0.000142072585080144,569,1.03706200205162e-07,"Q719"
"primary","All voters","Q278",3,543.333333333333,491,561,578,9.93607323756931e-05,7.21807991787961e-05,0.000150084590676498,570,3.57012902389155e-07,"Q278"
"primary","All voters","Q316R5",3,542,466,542,618,9.9003719473304e-05,6.40703441901076e-05,0.000157365325778277,571,2.73349181684939e-09,"Q316R5"
"primary","All voters","Q667_Q671R1",3,531,408,471,714,9.90009859814871e-05,2.9667408311293e-05,0.000175118707922251,572,8.15689530828632e-09,"Q667_Q671R1"
"primary","All voters","Q494_Q503R4",3,518,400,482,672,9.89928290861788e-05,8.54811865978642e-05,0.000112389655104218,573,4.69055556162154e-07,"Q494_Q503R4"
"primary","All voters","Q676_Q678R2",3,530.333333333333,335,591,665,9.85237735300167e-05,7.08271026282142e-05,0.00013508086844962,574,1.03265769218613e-07,"Q676_Q678R2"
"primary","All voters","Q273R2",3,550.333333333333,362,568,721,9.84205077607981e-05,2.348218526451e-05,0.000193658062624559,575,7.52120284651538e-08,"Q273R2"
"primary","All voters","Q616_Q618R2",3,541.666666666667,450,580,595,9.83452957323329e-05,6.45660739206099e-05,0.000160888952040599,576,4.64269101172824e-07,"Q616_Q618R2"
"primary","All voters","Q723_Q725R2",3,546.666666666667,484,494,662,9.78810266311601e-05,4.43744628429062e-05,0.000153451079865406,577,5.49287739770281e-07,"Q723_Q725R2"
"primary","All voters","Q77R5",3,528.666666666667,454,502,630,9.73317388913898e-05,9.39678598880421e-05,0.000101003757938991,578,1.01339453557119e-07,"Q77R5"
"primary","All voters","Q652_Q658R3",3,542.666666666667,511,545,572,9.72303994378327e-05,7.7795492545453e-05,0.000129060647317321,579,1.11161650256887e-09,"Q652_Q658R3"
"primary","All voters","Q251",3,547,371,593,677,9.72292878213301e-05,4.12597144167201e-05,0.000134977200875529,580,6.61395448362803e-08,"Q251"
"primary","All voters","Q250R5",3,518.666666666667,407,464,685,9.71631482764938e-05,7.79049509031415e-05,0.00010862423503339,581,2.57394203153756e-07,"Q250R5"
"primary","All voters","Q574",3,547.666666666667,457,565,621,9.69057540733401e-05,6.31486131437582e-05,0.000159136177817433,582,9.5701893500585e-07,"Q574"
"primary","All voters","Q679_Q682R2",3,511.333333333333,377,420,737,9.59487351383342e-05,5.02094673538211e-05,0.000119800211620554,583,2.74439721049453e-07,"Q679_Q682R2"
"primary","All voters","Q411_Q416R4",3,544.333333333333,509,549,575,9.56742954172848e-05,7.47683132952409e-05,0.000119664421344817,584,1.52362271608472e-07,"Q411_Q416R4"
"primary","All voters","Q676_Q678R3",3,521.666666666667,407,443,715,9.55219331456763e-05,6.54727106827904e-05,0.000121363867380966,585,1.52941996327426e-07,"Q676_Q678R3"
"primary","All voters","Q351",3,543,332,648,649,9.53689911493489e-05,5.50451120181633e-05,0.000135692783377049,586,5.94272052676151e-09,"Q351"
"primary","All voters","Q401_Q404R1",3,555,453,586,626,9.53630484288221e-05,5.39096938272834e-05,0.00015971872710103,587,3.53701212488439e-08,"Q401_Q404R1"
"primary","All voters","Q364",3,555.333333333333,442,594,630,9.53276783075733e-05,5.31783032667459e-05,0.000163030165820887,588,9.96274719520423e-08,"Q364"
"primary","All voters","Q339",3,553.333333333333,502,560,598,9.52280508356212e-05,6.93510012673242e-05,0.000144142491549544,589,3.5648204023811e-07,"Q339"
"primary","All voters","S1",3,551,315,612,726,9.48715687953831e-05,2.12112825270596e-05,0.000155628553845016,590,2.28869778268328e-08,"S1"
"primary","All voters","Q597_Q602R3",3,549.666666666667,539,553,557,9.48486818175563e-05,7.38356585042801e-05,0.000130164270465656,591,2.60226328686831e-07,"Q597_Q602R3"
"primary","All voters","Q16",3,563.666666666667,396,612,683,9.45884554888695e-05,3.91170916940323e-05,0.000178547228914509,592,1.61636514087735e-07,"Q16"
"primary","All voters","Q117R12",3,542.333333333333,472,500,655,9.44268189747817e-05,8.65064273273902e-05,0.000102815120859693,593,5.87343526993459e-07,"Q117R12"
"primary","All voters","Q640_Q645R2",3,551.666666666667,423,539,693,9.38394754477883e-05,3.54641733721426e-05,0.000169690920225699,594,1.39962710176395e-07,"Q640_Q645R2"
"primary","All voters","Q551_Q559R8",3,552.333333333333,534,557,566,9.36995127376119e-05,7.78663044374508e-05,0.000124669881039239,595,2.2541873356447e-07,"Q551_Q559R8"
"primary","All voters","Q746B",3,547,485,536,620,9.34740940040474e-05,8.64529279517497e-05,0.000104061409318559,596,1.6431512614227e-07,"Q746B"
"primary","All voters","Q117R6",3,552,524,547,585,9.33097788779051e-05,7.97373974071501e-05,0.000116808469521887,597,3.99805483915225e-07,"Q117R6"
"primary","All voters","Q441_Q452R7",3,563.333333333333,309,618,763,9.29099733939899e-05,6.0641991502881e-06,0.000216950233366083,598,2.31662309706378e-07,"Q441_Q452R7"
"primary","All voters","Q754_Q762R4",3,553.666666666667,512,561,588,9.26783110842835e-05,6.28001083177478e-05,0.000123013959561382,599,2.08621397384973e-07,"Q754_Q762R4"
"primary","All voters","Q286",3,553.333333333333,507,569,584,9.24696896868986e-05,6.35697114647023e-05,0.00012074279019756,600,2.4784876001984e-07,"Q286"
"primary","All voters","Q429_Q440R4",3,553,448,574,637,9.22218409268787e-05,5.82949337470082e-05,0.000119896629729623,601,9.4486193221909e-07,"Q429_Q440R4"
"primary","All voters","Q652_Q658R4",3,555,467,534,664,9.12769789946596e-05,4.76542067029445e-05,0.000132665174456538,602,1.41772748303765e-07,"Q652_Q658R4"
"primary","All voters","Q396_Q398R3",3,565.333333333333,459,524,713,9.11352062463559e-05,2.8775773627208e-05,0.00013766736003889,603,2.6247083771668e-07,"Q396_Q398R3"
"primary","All voters","Q258",3,541.666666666667,438,477,710,9.08727354086392e-05,6.83078305234344e-05,0.000113170063405321,604,8.52260508196881e-08,"Q258"
"primary","All voters","Q741",3,564.333333333333,479,541,673,9.07875093578195e-05,4.26316009604921e-05,0.000153972822708027,605,6.96108638264435e-08,"Q741"
"primary","All voters","Q640_Q645R5",3,564.333333333333,369,600,724,9.0717898493993e-05,2.28562527629932e-05,0.000189785958031164,606,2.50571592557905e-08,"Q640_Q645R5"
"primary","All voters","Q494_Q503R6",3,539,412,499,706,9.06928413347373e-05,7.08121590482155e-05,0.000106663136180642,607,2.38404783187133e-07,"Q494_Q503R6"
"primary","All voters","Q542",3,554.666666666667,424,618,622,9.04544365515501e-05,6.22990575271407e-05,0.000104786337875162,608,2.62203039908202e-07,"Q542"
"primary","All voters","Q551_Q559R4",3,565.666666666667,434,573,690,9.01922335116419e-05,3.67450702502718e-05,0.000120046404885159,609,7.47199655357837e-09,"Q551_Q559R4"
"primary","All voters","Q287R4",3,552,348,625,683,9.01847615150883e-05,6.20137081487905e-05,0.000129226948541459,610,1.78447641192652e-07,"Q287R4"
"primary","All voters","Q752",3,551,453,516,684,9.00063138738957e-05,7.80530486222539e-05,0.000108492149146116,611,5.27106029346588e-07,"Q752"
"primary","All voters","S2_RACE",3,578,289,682,763,8.94792078445491e-05,0,0.000226912181326428,612,5.65104411173398e-08,"S2_RACE"
"primary","All voters","Q77R4",3,560.666666666667,473,569,640,8.94226974034318e-05,7.81146147650071e-05,9.85624249588778e-05,613,2.68868030564871e-08,"Q77R4"
"primary","All voters","Q816",3,573,500,587,632,8.93958106003753e-05,5.97959219515791e-05,0.000145457244108361,614,4.61005265334102e-07,"Q816"
"primary","All voters","Q663_Q666R4",3,565.333333333333,538,543,615,8.89348053350412e-05,7.64949365463659e-05,0.000105836510243316,615,8.62385279716286e-07,"Q663_Q666R4"
"primary","All voters","Q505_Q508R2",3,574,366,654,702,8.80724200553249e-05,3.38256257339506e-05,0.000136263688045017,616,7.95539384348867e-08,"Q505_Q508R2"
"primary","All voters","Q20",3,581.333333333333,312,666,766,8.799286611689e-05,4.5352664815084e-06,0.000215523338448978,617,4.41725669661871e-07,"Q20"
"primary","All voters","Q153",3,557,475,501,695,8.75511404472281e-05,7.44211335591155e-05,0.000101771703654055,618,2.81432369976837e-07,"Q153"
"primary","All voters","Q441_Q452R11",3,578,525,548,661,8.72697080772513e-05,4.93809742756006e-05,0.000137588448072735,619,1.23699437902533e-07,"Q441_Q452R11"
"primary","All voters","Q591_Q596R1",3,586.666666666667,445,643,672,8.71460086393488e-05,4.15062468635712e-05,0.000162350386244313,620,3.98872639674339e-08,"Q591_Q596R1"
"primary","All voters","Q99R5",3,579.333333333333,438,624,676,8.71061213753813e-05,4.21965280734793e-05,0.000164963839789885,621,2.71231532124878e-07,"Q99R5"
"primary","All voters","Q723_Q725R1",3,578.333333333333,556,583,596,8.68348898432565e-05,7.29672002191576e-05,0.000114008455775767,622,4.73960701967489e-08,"Q723_Q725R1"
"primary","All voters","Q88",3,575.666666666667,481,518,728,8.67874937730597e-05,2.11677108257603e-05,0.000139879066640162,623,3.89215970870337e-07,"Q88"
"primary","All voters","Q767_Q771R1",3,586.333333333333,406,631,722,8.63982778021894e-05,2.30369861137394e-05,0.000175776041090688,624,8.07663620527583e-07,"Q767_Q771R1"
"primary","All voters","Q379",3,573.666666666667,486,547,688,8.55906141816618e-05,3.91097404956362e-05,0.000127993020441966,625,1.70811738342159e-07,"Q379"
"primary","All voters","Q530",3,591.666666666667,477,639,659,8.54198024433196e-05,5.04905961114905e-05,0.000154586786365456,626,2.13217393594276e-07,"Q530"
"primary","All voters","Q95",3,583.333333333333,470,601,679,8.52065850497254e-05,4.06777462305138e-05,0.000111985229758348,627,8.8519372016765e-08,"Q95"
"primary","All voters","Q262",3,564,440,562,690,8.51180656777086e-05,7.59888840155327e-05,0.00010017916518557,628,8.73142328192502e-08,"Q262"
"primary","All voters","Q521_Q528R3",3,584.666666666667,540,568,646,8.50307514448893e-05,4.86652514881942e-05,0.000120781611367447,629,1.10916718175868e-07,"Q521_Q528R3"
"primary","All voters","Q203",3,581.666666666667,533,599,613,8.49198347267135e-05,6.93358351105625e-05,0.000107081009657408,630,4.20158062131471e-08,"Q203"
"primary","All voters","Q672",3,577.333333333333,505,508,719,8.48778189205003e-05,2.67442623705352e-05,0.000141889377655386,631,4.86651316550289e-07,"Q672"
"primary","All voters","Q441_Q452R2",3,579.666666666667,435,565,739,8.439116760395e-05,1.70578762691345e-05,0.00012247802816874,632,1.39294128694551e-07,"Q441_Q452R2"
"primary","All voters","Q521_Q528R2",3,595.666666666667,516,602,669,8.42518734752555e-05,4.30902747363482e-05,0.000140823665024473,633,2.66338938780946e-07,"Q521_Q528R2"
"primary","All voters","Q484",3,588.333333333333,554,587,624,8.39855345364745e-05,6.20502416754419e-05,0.000116420100491791,634,4.76394820322364e-07,"Q484"
"primary","All voters","Q182",3,595.333333333333,425,678,683,8.35091397161522e-05,3.9931683271449e-05,0.000169446512564387,635,1.95282656590768e-07,"Q182"
"primary","All voters","Q573",3,582.666666666667,352,693,703,8.33138570595614e-05,3.36974396181732e-05,0.000140777897944236,636,2.14504327775161e-07,"Q573"
"primary","All voters","Q69",3,586,372,681,705,8.30993527317862e-05,3.31412961364439e-05,0.000134685375852756,637,5.56759439555987e-07,"Q69"
"primary","All voters","Q386_Q390R1",3,588.333333333333,531,607,627,8.25425932922303e-05,6.74449391433476e-05,0.000101318702981437,638,1.09995743940126e-06,"Q386_Q390R1"
"primary","All voters","Q685",3,594.333333333333,581,595,607,8.1442635852829e-05,6.04211994610484e-05,0.000108953740098348,639,3.17676524211601e-07,"Q685"
"primary","All voters","Q688",3,589.333333333333,514,593,661,8.11249593286174e-05,6.10878629970693e-05,9.12460910034331e-05,640,2.70019001255887e-07,"Q688"
"primary","All voters","Q477",3,569.666666666667,406,577,726,8.08549403273615e-05,5.6624139519942e-05,0.000108992395296207,641,3.25197448784463e-07,"Q477"
"primary","All voters","Q640_Q645R6",3,602,363,694,749,8.0529742878577e-05,1.36296106525671e-05,0.000192559762702289,642,4.32917584202927e-08,"Q640_Q645R6"
"primary","All voters","Q611",3,594,507,608,667,8.04864511201567e-05,4.66783390357532e-05,0.000108849526720161,643,8.07332035009995e-07,"Q611"
"primary","All voters","Q257BR1",3,589.333333333333,441,651,676,7.96791190851468e-05,5.47158318338298e-05,0.000100128475709684,644,1.07141871768867e-07,"Q257BR1"
"primary","All voters","Q785",3,604,589,606,617,7.95719772133779e-05,5.81152040537332e-05,0.00011625740715745,645,1.86339571422238e-07,"Q785"
"primary","All voters","S2_M",3,586.333333333333,457,577,725,7.93856376419556e-05,2.25282794548008e-05,0.000119159386446214,646,2.7067729070347e-07,"S2_M"
"primary","All voters","Q720_Q722R3",3,605.333333333333,582,609,625,7.91149603512522e-05,5.39522943103634e-05,0.000108721126414071,647,1.40022027425621e-06,"Q720_Q722R3"
"primary","All voters","Q494_Q503R10",3,597,496,613,682,7.7714740076996e-05,6.57382404414105e-05,8.68023984241459e-05,648,1.80539342679962e-07,"Q494_Q503R10"
"primary","All voters","Q494_Q503R7",3,614,497,610,735,7.7534200734316e-05,1.83145125636235e-05,0.000147702963840292,649,7.31077460547691e-07,"Q494_Q503R7"
"primary","All voters","Q652_Q658R2",3,614.333333333333,587,598,658,7.68031232737683e-05,4.53319338055193e-05,0.000112647550716121,650,1.37537924998249e-07,"Q652_Q658R2"
"primary","All voters","Q93",3,604.666666666667,546,579,689,7.66655853487701e-05,3.65509991360729e-05,0.000128825707533908,651,9.38302956872287e-07,"Q93"
"primary","All voters","Q686",3,567,328,605,768,7.57272823918978e-05,1.97851937417122e-05,0.000139147212113672,652,5.70400634194863e-07,"Q686"
"primary","All voters","Q732_Q737R6",3,612.333333333333,519,652,666,7.51568817577029e-05,4.62081020745329e-05,8.97906968223179e-05,653,1.59799640314111e-07,"Q732_Q737R6"
"primary","All voters","Q732_Q737R3",3,620.666666666667,523,669,670,7.49970821173888e-05,4.279760836817e-05,0.000137889471781786,654,5.79193173440916e-07,"Q732_Q737R3"
"primary","All voters","Q85",3,609.333333333333,521,616,691,7.44178889439479e-05,3.65148482530373e-05,0.000105661368516902,655,4.65879151618993e-07,"Q85"
"primary","All voters","Q521_Q528R8",3,607.666666666667,493,635,695,7.39520097923289e-05,3.51627895722651e-05,9.93906264887387e-05,656,5.95702533646915e-08,"Q521_Q528R8"
"primary","All voters","Q467_Q469R2",3,612.333333333333,510,610,717,7.38924395389642e-05,2.84935588798879e-05,0.000108273324807459,657,1.65011700743696e-07,"Q467_Q469R2"
"primary","All voters","Q763_Q766R1",3,620.333333333333,513,652,696,7.37274278382205e-05,3.45828034115717e-05,9.45041471962657e-05,658,3.7394940077034e-08,"Q763_Q766R1"
"primary","All voters","Q17",3,618.333333333333,573,611,671,7.36900328981435e-05,5.6983094615277e-05,8.65392525541872e-05,659,1.68390664237399e-07,"Q17"
"primary","All voters","Q401_Q404R3",3,617.333333333333,537,647,668,7.35216422339061e-05,5.51246136750696e-05,8.86365974003983e-05,660,1.68542661973885e-07,"Q401_Q404R3"
"primary","All voters","Q172R2",3,627,604,609,668,7.33530995719322e-05,4.33886418698579e-05,0.000110076670482869,661,2.86571949380073e-07,"Q172R2"
"primary","All voters","Q162R3",3,626.666666666667,563,657,660,7.30665276225521e-05,4.50978293912399e-05,0.000122618133515131,662,3.19976208599954e-07,"Q162R3"
"primary","All voters","Q493",3,623.666666666667,535,593,743,7.27465514139522e-05,1.59268370124681e-05,0.000132509487465056,663,1.22903984780501e-08,"Q493"
"primary","All voters","Q652_Q658R5",3,618.666666666667,550,605,701,7.27342610154741e-05,3.39693050055611e-05,0.000126088304224679,664,1.02880923354682e-07,"Q652_Q658R5"
"primary","All voters","Q767_Q771R2",3,626,472,668,738,7.26313800921194e-05,1.7123486269111e-05,0.000156151180889988,665,5.827468277264e-08,"Q767_Q771R2"
"primary","All voters","Q463",3,622,560,560,746,7.25731054093468e-05,1.44263193528556e-05,0.000123071847541094,666,8.07908511889249e-08,"Q463"
"primary","All voters","Q667_Q671R3",3,627.666666666667,615,621,647,7.24923145581579e-05,4.8422009648632e-05,0.000103565826505722,667,8.74613397105196e-07,"Q667_Q671R3"
"primary","All voters","Q441_Q452R6",3,634,599,603,700,7.16177011610527e-05,3.39509348147313e-05,0.00011218291978115,668,9.00298365294949e-09,"Q441_Q452R6"
"primary","All voters","Q78",3,625.333333333333,505,660,711,7.16086981773997e-05,2.95059896369622e-05,9.34057118310135e-05,669,8.17659197320593e-07,"Q78"
"primary","All voters","Q405",3,605.666666666667,348,732,737,7.07910389800791e-05,1.72596815536148e-05,0.000142046312906404,670,5.01232537792842e-07,"Q405"
"primary","All voters","Q294",3,626.333333333333,576,626,677,7.02898064422863e-05,6.16522409862665e-05,8.38702619058702e-05,671,5.33821343710184e-07,"Q294"
"primary","All voters","Q732_Q737R2",3,614.333333333333,487,632,724,6.97559850985761e-05,5.30238024883973e-05,9.74866463022008e-05,672,4.55303719772593e-07,"Q732_Q737R2"
"primary","All voters","Q175R1",3,610.666666666667,400,692,740,6.93006813788035e-05,3.60850606532808e-05,0.00012363814119962,673,5.48758598898293e-07,"Q175R1"
"primary","All voters","Q738_Q740R3",3,619.333333333333,495,642,721,6.87519227799052e-05,5.77399170367796e-05,8.68411587447173e-05,674,3.97779334338616e-07,"Q738_Q740R3"
"primary","All voters","Q640_Q645R4",3,641.666666666667,496,713,716,6.83541434455666e-05,2.6883627026954e-05,0.000148410864621963,675,1.07706682115607e-08,"Q640_Q645R4"
"primary","All voters","Q175R3",3,641,527,697,699,6.8343372777355e-05,3.42447023160449e-05,0.000136357753650055,676,8.7523828060195e-07,"Q175R3"
"primary","All voters","Q178R4",3,640.333333333333,572,645,704,6.74681344967531e-05,3.33840704331388e-05,0.00012015612702384,677,3.09942403407305e-07,"Q178R4"
"primary","All voters","Q175R2",3,631,544,662,687,6.71581920933458e-05,4.86200334727821e-05,7.75723052148716e-05,678,3.16393362372055e-07,"Q175R2"
"primary","All voters","Q732_Q737R5",3,619.666666666667,473,651,735,6.68417987309737e-05,4.62229601041376e-05,0.000102795443887156,679,1.11627434838717e-07,"Q732_Q737R5"
"primary","All voters","Q754_Q762R3",3,635.333333333333,573,662,671,6.6730171296135e-05,4.38754581241007e-05,9.04821977075201e-05,680,3.70708393207509e-09,"Q754_Q762R3"
"primary","All voters","Q285",3,643.666666666667,600,644,687,6.67264642122029e-05,3.91656017227299e-05,0.000112004332261078,681,7.75676831015826e-08,"Q285"
"primary","All voters","Q679_Q682R3",3,636.333333333333,575,659,675,6.66488965291014e-05,4.26019880385416e-05,9.19521397677125e-05,682,1.50844339386673e-07,"Q679_Q682R3"
"primary","All voters","Q646_Q651R4",3,645,537,682,716,6.64980521897147e-05,2.89886752436989e-05,0.000131374929497958,683,1.23882869982076e-07,"Q646_Q651R4"
"primary","All voters","S7",3,643.333333333333,506,680,744,6.63741693197326e-05,1.51165001118687e-05,0.000142333831264347,684,6.88969900996395e-07,"S7"
"primary","All voters","Q400",3,645,552,647,736,6.56851994187362e-05,1.82507083714456e-05,9.67860768976315e-05,685,3.31806471084555e-07,"Q400"
"primary","All voters","Q640_Q645R3",3,636.333333333333,567,592,750,6.53533929476517e-05,1.29905377085611e-05,0.000121932327550354,686,1.2445752857079e-06,"Q640_Q645R3"
"primary","All voters","S3",3,623.666666666667,463,681,727,6.41088176619438e-05,4.16290453278353e-05,9.47945714619476e-05,687,1.4409102561534e-07,"Sexual orientation"
"primary","All voters","Q754_Q762R6",3,638.666666666667,545,674,697,6.39647266363284e-05,4.26236069436308e-05,7.51923595271922e-05,688,1.47006374932033e-07,"Q754_Q762R6"
"primary","All voters","Q441_Q452R1",3,646.666666666667,596,642,702,6.38177202613964e-05,4.99857744940958e-05,7.20544189736666e-05,689,6.02743390252247e-07,"Q441_Q452R1"
"primary","All voters","Q646_Q651R9",2,679,651,679,707,6.32149768711441e-05,3.1867802953945e-05,9.45621507883432e-05,690,9.64565799327637e-09,"Q646_Q651R9"
"primary","All voters","Q720_Q722R2",3,634.333333333333,494,689,720,6.32053312131509e-05,2.59262994748878e-05,8.70543601637382e-05,691,2.20969768604309e-07,"Q720_Q722R2"
"primary","All voters","Q40",3,629,449,708,730,6.29843614445466e-05,2.02335194629681e-05,9.84261830604504e-05,692,5.05261485285962e-08,"Q40"
"primary","All voters","Q652_Q658R7",3,655.333333333333,637,644,685,6.2933835296018e-05,3.96088238869133e-05,9.76596064086339e-05,693,2.03178208040878e-08,"Q652_Q658R7"
"primary","All voters","Q494_Q503R5",3,658,625,635,714,6.29135174752139e-05,2.83246597039132e-05,0.000101701839418576,694,9.87995574304619e-07,"Q494_Q503R5"
"primary","All voters","S3B",3,657.333333333333,575,679,718,6.19255219009092e-05,2.51809809137367e-05,8.31399609615735e-05,695,6.01431985145073e-07,"Gender"
"primary","All voters","Q111R3",3,661.333333333333,594,633,757,6.13240899157642e-05,9.95444376563815e-06,0.000114645566867797,696,9.91833849261955e-08,"Q111R3"
"primary","All voters","Q494_Q503R8",3,655.666666666667,562,671,734,6.1224906530838e-05,1.90037686135487e-05,0.00012296245016192,697,1.88710690118347e-07,"Q494_Q503R8"
"primary","All voters","Q646_Q651R1",3,655.666666666667,623,633,711,6.10361958407196e-05,5.29860358084045e-05,6.80062794249567e-05,698,5.13496442976639e-07,"Q646_Q651R1"
"primary","All voters","Q767_Q771R4",3,648.666666666667,566,688,692,6.0522699397743e-05,3.59531390646131e-05,7.74364480683429e-05,699,1.99377961664361e-06,"Q767_Q771R4"
"primary","All voters","Q441_Q452R10",3,669,619,688,700,5.85289197810994e-05,3.4243870775042e-05,0.0001042747132314,700,3.22806868888477e-08,"Q441_Q452R10"
"primary","All voters","Q613",3,665.333333333333,570,694,732,5.84966390942105e-05,1.97722995461987e-05,0.000120478738444403,701,2.44393090969551e-07,"Q613"
"primary","All voters","S10_MEX",3,650.333333333333,525,699,727,5.8252246003241e-05,2.13908463512526e-05,7.96577403501756e-05,702,7.87643998996482e-08,"S10_MEX"
"primary","All voters","Q646_Q651R6",2,678,628,678,728,5.81734816033413e-05,5.53696462180502e-05,6.09773169886325e-05,703,3.0546442719772e-07,"Q646_Q651R6"
"primary","All voters","Q583",3,642,432,736,758,5.78680171761436e-05,9.08906113715013e-06,0.000114123416689134,704,1.64135313331809e-08,"Q583"
"primary","All voters","Q630_Q632R1",3,669,590,680,737,5.78516036448104e-05,1.72551443940048e-05,0.000115675580984465,705,1.76868635616133e-07,"Q630_Q632R1"
"primary","All voters","Q441_Q452R9",3,672.666666666667,660,673,685,5.76747350091943e-05,3.76980550838278e-05,8.48938711607599e-05,706,5.77020514581717e-07,"Q441_Q452R9"
"primary","All voters","Q193",3,672.333333333333,627,681,709,5.70977144946126e-05,4.04445206347415e-05,6.92770869549169e-05,707,1.0702300825025e-07,"Q193"
"primary","All voters","Q738_Q740R2",3,653,550,679,730,5.69906914863623e-05,4.18509211223891e-05,7.42963893755597e-05,708,3.51760127094159e-07,"Q738_Q740R2"
"primary","All voters","Q270",3,645,510,664,761,5.66389313592682e-05,3.32620023323403e-05,9.23538634989611e-05,709,2.85786840371614e-07,"Q270"
"primary","All voters","Q746A",3,646.333333333333,590,596,753,5.63531445188966e-05,3.79789134532552e-05,7.0940029800029e-05,710,2.64273750083985e-08,"Q746A"
"primary","All voters","Q585_Q590R2",3,650,489,719,742,5.63267171438882e-05,2.48950438041686e-05,9.73537449204721e-05,711,2.51632108117532e-07,"Q585_Q590R2"
"primary","All voters","Q819",3,672,640,680,696,5.60750850357706e-05,3.51166404446683e-05,8.22268434446606e-05,712,8.04878434304261e-08,"Q819"
"primary","All voters","Q267",3,670.666666666667,532,733,747,5.59945971923402e-05,1.43035597088603e-05,0.000133934584905966,713,8.31465438897519e-07,"Q267"
"primary","All voters","Q441_Q452R12",3,675.666666666667,576,697,754,5.51631317534427e-05,1.09895777372229e-05,0.000119631002924954,714,1.80371855371059e-06,"Q441_Q452R12"
"primary","All voters","Q172R3",3,650.666666666667,468,719,765,5.33594131997321e-05,4.69087825648271e-06,9.33937297196964e-05,715,7.16016572862953e-09,"Q172R3"
"primary","All voters","Q356",3,676.333333333333,544,729,756,5.33522530340035e-05,1.00948666218298e-05,0.000129065142200529,716,3.30752124563631e-07,"Q356"
"primary","All voters","Q767_Q771R5",3,677,564,698,769,5.30215009094398e-05,2.19663721594906e-06,0.000122599704624224,717,1.59408646668956e-07,"Q767_Q771R5"
"primary","All voters","Q630_Q632R2",3,677,529,750,752,5.28620922627709e-05,1.14617621367721e-05,0.000135417855307406,718,2.22811191322832e-07,"Q630_Q632R2"
"primary","All voters","Q732_Q737R4",3,668.333333333333,567,696,742,5.2639281071448e-05,1.65015018736072e-05,7.41000793620775e-05,719,7.08029300072087e-08,"Q732_Q737R4"
"primary","All voters","Q732_Q737R1",3,671,620,654,739,5.25684781414408e-05,4.58590640555146e-05,6.34439021008189e-05,720,9.59359208783258e-08,"Q732_Q737R1"
"primary","All voters","Q646_Q651R11",2,700,686,700,714,5.24725422205625e-05,3.92131597808466e-05,6.57319246602784e-05,721,1.10502914445227e-07,"Q646_Q651R11"
"primary","All voters","Q646_Q651R7",2,704.5,703,704.5,706,5.23620393061173e-05,3.2717868591398e-05,7.20062100208365e-05,722,3.01210179164833e-07,"Q646_Q651R7"
"primary","All voters","Q692",3,687,643,698,720,5.20608291269525e-05,2.35993365352948e-05,9.77189958679827e-05,723,7.18362347288258e-07,"Q692"
"primary","All voters","Q97",3,686.333333333333,672,692,695,5.13424667796642e-05,3.47413738767933e-05,7.55103042910551e-05,724,7.02669670850078e-07,"Q97"
"primary","All voters","Q441_Q452R8",3,694.333333333333,670,705,708,5.06397971088141e-05,3.11803551439026e-05,8.790983984641e-05,725,1.2851355420502e-06,"Q441_Q452R8"
"primary","All voters","Q646_Q651R2",3,679,582,700,755,4.93546615667639e-05,1.07578896130789e-05,7.30610105170511e-05,726,3.44880008194186e-07,"Q646_Q651R2"
"primary","All voters","Q406",3,694.333333333333,678,701,704,4.90097815585697e-05,3.39133758465213e-05,7.12056314258097e-05,727,8.14355421427582e-07,"Q406"
"primary","All voters","Q117R9",3,694,634,689,759,4.81954261371421e-05,8.05192318790417e-06,9.95416487168431e-05,728,3.78892729088321e-07,"Q117R9"
"primary","All voters","Q367",3,661.666666666667,497,733,755,4.78165334080538e-05,1.91632898503376e-05,8.6741437574345e-05,729,2.49658107593551e-07,"Q367"
"primary","All voters","Q84",3,698.333333333333,646,691,758,4.75668753004603e-05,8.78047508640792e-06,9.71831523324562e-05,730,1.61486399694856e-06,"Q84"
"primary","All voters","Q646_Q651R3",3,702,675,684,747,4.59520113035117e-05,1.37302305075451e-05,8.43074355535557e-05,731,3.55031477892063e-07,"Q646_Q651R3"
"primary","All voters","Q630_Q632R3",3,706,669,704,745,4.55969798256197e-05,1.47395809006949e-05,8.84887862086044e-05,732,6.80301141481123e-07,"Q630_Q632R3"
"primary","All voters","S3C",3,652.333333333333,426,761,770,4.49166786841385e-05,8.31752009285413e-06,0.000116259668829576,733,3.02674709148067e-07,"S3C"
"primary","All voters","Q531",3,680.333333333333,574,718,749,4.46140039749905e-05,2.77752166076962e-05,6.53987245541895e-05,734,1.76200156396466e-06,"Q531"
"primary","All voters","Q646_Q651R8",2,712,677,712,747,4.28520024110258e-05,4.20354179116889e-05,4.36685869103627e-05,735,2.21589866071552e-07,"Q646_Q651R8"
"primary","All voters","Q391_Q393R1",3,700.666666666667,627,718,757,4.26304125449542e-05,9.90549261220768e-06,6.42924159604863e-05,736,6.0240588745157e-07,"Q391_Q393R1"
"primary","All voters","Q260",3,689.333333333333,636,665,767,4.20280066575027e-05,2.35427831686102e-05,5.84614715025513e-05,737,2.81509287844854e-08,"Q260"
"primary","All voters","Q470",3,712,657,726,753,4.19998557287182e-05,1.10271468858031e-05,9.33944415054747e-05,738,2.31835065113472e-08,"Q470"
"primary","All voters","Q646_Q651R5",3,711.666666666667,698,715,722,4.19766722222068e-05,2.46602789874492e-05,7.37871671017216e-05,739,1.34277765564191e-06,"Q646_Q651R5"
"primary","All voters","Q763_Q766R4",3,715.333333333333,694,712,740,4.06338945665649e-05,1.66204111720766e-05,7.49547251898046e-05,740,5.12774722816435e-07,"Q763_Q766R4"
"primary","All voters","Q394",3,706.333333333333,673,702,744,4.01211198437485e-05,3.3957949279281e-05,4.50326575052883e-05,741,5.33912921275329e-07,"Q394"
"primary","All voters","Q254",3,705.666666666667,655,721,741,3.95872069224732e-05,2.51265553500208e-05,4.78100023508162e-05,742,6.55497495046725e-07,"Q254"
"primary","All voters","Q628",3,705.333333333333,659,703,754,3.89317094274264e-05,3.38389023622107e-05,4.52927146492837e-05,743,7.31639558517376e-07,"Q628"
"primary","All voters","Q391_Q393R2",3,720.333333333333,706,717,738,3.82000698689091e-05,1.70678546780936e-05,6.44929743523676e-05,744,4.06163761132078e-07,"Q391_Q393R2"
"primary","All voters","Q466",3,694,601,715,766,3.7793906107777e-05,2.52945553468492e-05,5.90141689505672e-05,745,3.84669368191167e-07,"Q466"
"primary","All voters","Q87",3,711.666666666667,652,724,759,3.74092367395858e-05,2.20539490204787e-05,5.46071291643943e-05,746,2.1083898204525e-06,"Q87"
"primary","All voters","Q585_Q590R1",3,725,713,728,734,3.53008469191333e-05,1.89108463774279e-05,6.60943713612774e-05,747,6.91081141274286e-07,"Q585_Q590R1"
"primary","All voters","Q585_Q590R6",3,724.333333333333,709,731,733,3.4609765777859e-05,2.02177480755131e-05,5.25592587062713e-05,748,1.0255402814782e-06,"Q585_Q590R6"
"primary","All voters","Q767_Q771R3",3,729.333333333333,667,751,770,3.35842254963808e-05,0,8.94319250320015e-05,749,2.66610857880684e-07,"Q767_Q771R3"
"primary","All voters","Q172R1",3,728,710,734,740,3.33176146385002e-05,1.66720070161141e-05,5.24498147945808e-05,750,1.10732114429332e-06,"Q172R1"
"primary","All voters","Q279",3,726.333333333333,693,741,745,3.22102934942068e-05,1.65481348466984e-05,4.45294641453962e-05,751,1.02580148424479e-07,"Q279"
"primary","All voters","Q391_Q393R3",3,733.333333333333,691,748,761,3.21077133457824e-05,7.42800853807984e-06,7.55371995100313e-05,752,1.21671447141397e-06,"Q391_Q393R3"
"primary","All voters","Q818",3,734.666666666667,720,732,752,3.08909988743684e-05,1.12689411226199e-05,6.1955748371879e-05,753,7.18768057269751e-08,"Q818"
"primary","All voters","Q667_Q671R2",3,725.666666666667,674,746,757,3.08191220686414e-05,1.43616082527791e-05,4.1350413783321e-05,754,4.18293410780916e-07,"Q667_Q671R2"
"primary","All voters","Q441_Q452R3",3,738.333333333333,712,741,762,3.04008286578605e-05,7.41167178125811e-06,6.73516378303714e-05,755,1.61995822246513e-07,"Q441_Q452R3"
"primary","All voters","Q467_Q469R3",3,732,699,746,751,3.0238832835614e-05,1.25556999724863e-05,4.41361854436596e-05,756,1.33973374319089e-06,"Q467_Q469R3"
"primary","All voters","Q585_Q590R5",3,731.333333333333,686,752,756,2.88990990924231e-05,1.05761617728437e-05,3.85035499090721e-05,757,5.98720101146101e-07,"Q585_Q590R5"
"primary","All voters","Q253",3,742.666666666667,705,759,764,2.8300378991277e-05,5.00515030612389e-06,7.09200765809241e-05,758,2.27245122504007e-07,"Q253"
"primary","All voters","Q667_Q671R4",3,735,712,735,758,2.8073133868773e-05,1.89495032715001e-05,3.6344883517478e-05,759,4.83439363412784e-07,"Q667_Q671R4"
"primary","All voters","Q269",3,741.333333333333,725,739,760,2.75896945053602e-05,8.71952793157496e-06,5.71734911857569e-05,760,6.0498102847574e-07,"Q269"
"primary","All voters","Q640_Q645R1",3,739.666666666667,717,748,754,2.69847134768845e-05,1.09599188306836e-05,4.31837375520608e-05,761,8.87315960224876e-07,"Q640_Q645R1"
"primary","All voters","Q252",3,742.666666666667,738,742,748,2.60973975166596e-05,1.36855770556557e-05,4.84463685346768e-05,762,8.72458008052733e-07,"Q252"
"primary","All voters","Q467_Q469R1",3,742.666666666667,736,743,749,2.52249395086069e-05,1.19304583376218e-05,4.54837138362344e-05,763,2.88019875602796e-07,"Q467_Q469R1"
"primary","All voters","Q85B",3,737,684,760,767,2.49369196330041e-05,3.6422469527827e-06,3.77298991821714e-05,764,2.43608083724765e-06,"Q85B"
"primary","All voters","Q170",3,744,725,744,763,2.25008387957564e-05,1.52665632953365e-05,3.0472312549373e-05,765,1.88713294076941e-06,"Q170"
"primary","All voters","S2_RACE_PRIME",3,750,731,751,768,2.0613705854987e-05,3.0353597074384e-06,3.89003661332222e-05,766,9.49901678771741e-08,"S2_RACE_PRIME"
"primary","All voters","Q585_Q590R4",3,749,723,762,762,2.05187156871098e-05,6.51235679750963e-06,3.19154944661107e-05,767,1.02002757696704e-06,"Q585_Q590R4"
"primary","All voters","Q255",3,749.333333333333,730,753,765,1.94986881101428e-05,1.11058633081539e-05,2.65521058813829e-05,768,2.75440473628762e-07,"Q255"
"primary","All voters","Q667_Q671R5",3,745,723,743,769,1.9223247636514e-05,1.64114113394139e-05,2.22494162453114e-05,769,4.61903684511283e-07,"Q667_Q671R5"
"primary","All voters","Q646_Q651R10",2,763,756,763,770,1.87613439520027e-05,0,3.75226879040055e-05,770,6.54262711270013e-06,"Q646_Q651R10"
"primary","All voters","Q585_Q590R3",3,762.333333333333,760,763,764,1.22187168393026e-05,0,2.9211472304049e-05,771,NA,"Q585_Q590R3"
"withheld","All voters","Q543",3,1,1,1,1,0.0740907095395373,0.065632959068198,0.080802493292744,1,0.0241095554034259,"Border-security spending and wall"
"withheld","All voters","Q358",3,2,2,2,2,0.0499811541361115,0.044850617242513,0.0596138650389247,2,0.0143580510987312,"BLM movement support"
"withheld","All voters","Q606",3,3.66666666666667,3,4,4,0.0356231030373803,0.0323447522488794,0.0373588249133696,3,0.00469334919339383,"Most-disliked groups: ranking"
"withheld","All voters","Q1",3,4,3,4,5,0.0309297538439864,0.0160950209161624,0.0405808301670175,4,0.000863034343125596,"Issue priorities (eligible components)"
"withheld","All voters","Q308R7",3,4.33333333333333,3,5,5,0.0300667195008609,0.0187481143876124,0.0404137369701607,5,0.0157040187419293,"BLM warmth"
"withheld","All voters","Q43",3,6.33333333333333,6,6,7,0.0143627007589316,0.0134785597634494,0.015959546705209,6,0.0052478979725239,"Ideology"
"withheld","All voters","Q485",3,8.66666666666667,7,9,10,0.00911480278640769,0.00779396043749897,0.0104071004131687,7,0.00010273526868863,"Racial bias in police/immigration treatment"
"withheld","All voters","Q308R2",3,8.33333333333333,7,8,10,0.00901206751771906,0.00773047570361368,0.00973987116958793,8,3.84247421151458e-05,"Gun owners warmth"
"withheld","All voters","Q607_Q610R2",3,9.33333333333333,6,10,12,0.00897364277560392,0.0061531280320095,0.0135157355389045,9,4.08816252811476e-05,"Threat to American way of life (least-liked group)"
"withheld","All voters","Q184R1",3,10.3333333333333,8,11,12,0.00893276115032277,0.00686846747883747,0.0130523181530285,10,0.00189818076724248,"Border priority despite migrant deaths"
"withheld","All voters","Q706_Q708R1",3,10.6666666666667,8,9,15,0.00703458038308029,0.00450963612768535,0.00865254344826785,11,0.000544471602899518,"Shift police funds to community"
"withheld","All voters","Q563_Q572R10",3,11.3333333333333,9,12,13,0.00649010878018077,0.00487919068494705,0.00799692202187165,12,0.000969236521817838,"LGBTQ: political representation"
"withheld","All voters","Q563_Q572R9",3,14,11,13,18,0.00552087225836294,0.00358137322611865,0.00686244911702265,13,0.000727754825486046,"Muslims: political representation"
"withheld","All voters","Q308R5",3,15,11,16,18,0.00479311743287689,0.00357143267846767,0.00703641810382131,14,0.000840803545581484,"Climate activists warmth"
"withheld","All voters","Q607_Q610R4",3,15.6666666666667,13,17,17,0.00395231388729541,0.00352955056369053,0.00465205089138152,15,0.000248909376286007,"Ban candidacy (least-liked group)"
"withheld","All voters","Q308R6",3,16.6666666666667,15,16,19,0.0037034045110094,0.00316448694706077,0.00426720419155893,16,0.00032724156372402,"MeToo warmth"
"withheld","All voters","Q607_Q610R3",3,19.3333333333333,16,18,24,0.00337616294728538,0.00256810953782789,0.00414192679236677,17,1.59072956734934e-05,"Ban public rallies (least-liked group)"
"withheld","All voters","Q607_Q610R1",3,19.6666666666667,14,21,24,0.00336025565161189,0.00269264065204755,0.00457121681978106,18,0.00044496779122718,"Threat to family safety (least-liked group)"
"withheld","All voters","Q563_Q572R3",3,35,14,21,70,0.00291528786038471,0.000857950803100267,0.00520432798619742,19,5.06215567163239e-06,"Immigrants: political representation"
"withheld","All voters","Q504R6",3,24.3333333333333,17,21,35,0.00291022570471307,0.00169768937895807,0.00396801201036854,20,0.000180118234456203,"Anxiety from white supremacy"
"withheld","All voters","Q385",3,24.6666666666667,14,25,35,0.00273010747025687,0.00161716101746484,0.00391683814421327,21,3.67957170120175e-05,"Defunding police: too far/not far enough"
"withheld","All voters","Q563_Q572R5",3,23.6666666666667,15,23,33,0.00269331175324485,0.00165648754569564,0.00372553875255865,22,0.000312235407236112,"Whites: political representation"
"withheld","All voters","Q131R3",3,29.6666666666667,20,23,46,0.00238107634600874,0.00137363403067048,0.00312709311139973,23,0.000130440896980785,"Ending parent-child border separation"
"withheld","All voters","Q217R1",3,27,24,26,31,0.00225063544902796,0.00181277357707993,0.00259341252659282,24,1.96467585018853e-05,"White racial advantages"
"withheld","All voters","Q144",3,33,22,22,55,0.00223098869052607,0.00110238070611122,0.00294585820031952,25,0.000157545680767437,"COVID-19 vaccine intentions"
"withheld","All voters","Q60",3,32.6666666666667,19,38,41,0.00207344300975863,0.00145440091939904,0.00327439672467317,26,4.39536889344522e-05,"Theological self-identification"
"withheld","All voters","Q709_712R1",3,33.3333333333333,20,37,43,0.00202948932082418,0.00129296139959944,0.0030551053118451,27,9.63459852223666e-06,"White privilege as major problem"
"withheld","All voters","Q619_Q626R5",3,30.3333333333333,28,31,32,0.00201985472230194,0.00177945530290718,0.00240761574953259,28,5.42118382699614e-05,"Discrimination against immigrants"
"withheld","All voters","Q359R2",3,43,20,23,86,0.00196564288403198,0.000660587307436119,0.00288791232377239,29,1.36131467882228e-05,"Own group benefits from BLM"
"withheld","All voters","Q504R3",3,31.6666666666667,22,34,39,0.00195202973724376,0.00146569456361287,0.00238681516432268,30,9.81105983675083e-05,"Anxiety from climate change"
"withheld","All voters","Q183",3,34.6666666666667,28,30,46,0.00185391913887625,0.00123401400898673,0.00229552942094027,31,2.78312671627432e-06,"ICE favorability"
"withheld","All voters","Q154R1",3,32.6666666666667,26,34,38,0.00185113601215998,0.00170427572123409,0.00213791692939613,32,2.3683375230707e-05,"Pride in flag or national anthem"
"withheld","All voters","Q33R3",3,33.3333333333333,28,36,36,0.00182745263692927,0.00158488651453104,0.00213488525467937,33,2.64680520940727e-05,"CNN news exposure"
"withheld","All voters","Q706_Q708R2",3,44.6666666666667,19,53,62,0.0018009845848352,0.00100830061815499,0.00322668556877947,34,6.46508307336024e-06,"Abolish police"
"withheld","All voters","Q208R5",3,34.6666666666667,29,37,38,0.00179451950176184,0.00152111999295644,0.00232227715356985,35,0.0001574818160951,"Government reducing income differences"
"withheld","All voters","Q329",3,37,25,42,44,0.00163703768566674,0.00132093967070741,0.00218235557635427,36,2.12856729069674e-05,"Groups Congress should attend to"
"withheld","All voters","Q475",3,41.6666666666667,26,48,51,0.00161575201275977,0.00120447284053315,0.00241030858050406,37,2.75135670779118e-06,"Q475"
"withheld","All voters","Q368",3,40.6666666666667,29,30,63,0.00161300065605198,0.000991179033229297,0.00202153601638946,38,3.3510407190942e-05,"Race and racism in K–12 history"
"withheld","All voters","Q359R1",3,48,25,43,76,0.00157949024886104,0.000782747892225417,0.0025102343488409,39,4.03361577519686e-05,"Q359R1"
"withheld","All voters","Q117R13",3,45,27,52,56,0.00153915409110907,0.00105792786627036,0.00238247364454118,40,4.40438360289497e-05,"Q117R13"
"withheld","All voters","Q428",3,42.3333333333333,29,47,51,0.00149511025508012,0.00120683419158272,0.00191265522089165,41,1.4315725258676e-05,"Q428"
"withheld","All voters","Q584",3,52,27,45,84,0.00148079452982144,0.000756886112045884,0.00240800872565444,42,1.02932464984221e-06,"Q584"
"withheld","All voters","Q619_Q626R8",3,44.3333333333333,35,45,53,0.0014797652051716,0.00113896217996907,0.00189857643746863,43,5.70601834707751e-05,"Discrimination against Muslims"
"withheld","All voters","Q619_Q626R2",3,42,36,37,53,0.00142270502170083,0.00117546597859229,0.00154678511167863,44,3.46472687843755e-06,"Discrimination against Blacks"
"withheld","All voters","Q563_Q572R6",3,58,32,33,109,0.00141924029482239,0.000569217911684121,0.00202485676153368,45,1.00623676493228e-05,"Blacks: political representation"
"withheld","All voters","Q44",3,42.3333333333333,39,41,47,0.00140917792717307,0.00122309603553906,0.00151093395733159,46,1.26557933926099e-05,"Q44"
"withheld","All voters","Q295",3,52.3333333333333,32,51,74,0.00139652213378046,0.000842630996581395,0.00219676746277114,47,1.33464355619663e-05,"Identity point allocation (no party)"
"withheld","All voters","Q131R2",3,51.6666666666667,31,60,64,0.00138317569821849,0.00092215607314075,0.00223103964020818,48,4.01899407649685e-06,"Q131R2"
"withheld","All voters","Q131R1",3,47,27,48,66,0.00137915670414199,0.00089174375583017,0.00206248013668218,49,1.78872924433812e-05,"Two-trillion-dollar stimulus policy"
"withheld","All voters","Q563_Q572R7",3,44.6666666666667,34,45,55,0.00136126941169861,0.00109200063109106,0.00162684163502039,50,9.41811239891675e-06,"Latinos: political representation"
"withheld","All voters","Q539",3,46.6666666666667,33,46,61,0.00135185129929969,0.000963848355256503,0.00175626930798127,51,2.31072947412243e-05,"Q539"
"withheld","All voters","Q117R11",3,50.3333333333333,30,49,72,0.00132874400455847,0.000808918462036235,0.00200470649562206,52,9.45223169233002e-05,"Priority: immigrant rights"
"withheld","All voters","Q225R14",3,51.6666666666667,43,48,64,0.00123422168763517,0.000919992210068914,0.00142824090873832,53,0.000104158214145189,"Q225R14"
"withheld","All voters","Q58",3,63,44,47,98,0.00113006347348998,0.000688492946911433,0.00141364646272861,54,7.81083396040856e-06,"Religious identification"
"withheld","All voters","Q683",3,55.6666666666667,50,56,61,0.00112225263952957,0.00102590053595865,0.00127360821924028,55,1.73185933331696e-05,"Voting Rights Act necessity"
"withheld","All voters","Q32",3,55,50,54,61,0.0011049340461964,0.000993150548743435,0.00120920095414877,56,4.80790058512829e-06,"Q32"
"withheld","All voters","Q619_Q626R7",3,57.6666666666667,40,66,67,0.00110012614561127,0.00088926921397361,0.00149764136678988,57,3.68074379224913e-05,"Discrimination against gays and lesbians"
"withheld","All voters","Q131R9",3,65.3333333333333,40,54,102,0.00106331870768878,0.000576256097664756,0.00148808156733292,58,8.52641789799297e-05,"Legal abortion policy"
"withheld","All voters","Q384R1",3,65.3333333333333,49,62,85,0.000978054528708853,0.000772655004435052,0.00121300968977935,59,2.37262351635665e-06,"Q384R1"
"withheld","All voters","Q603",3,60.3333333333333,57,59,65,0.000975681905192496,0.000905232962763098,0.00102269300174456,60,1.75475302321693e-05,"Q603"
"withheld","All voters","Q308R3",3,65.6666666666667,40,72,85,0.000958134374960327,0.000664102962444385,0.00135624185829346,61,5.95819863479495e-06,"Veterans warmth"
"withheld","All voters","Q217R2",3,67.6666666666667,41,70,92,0.000952176176325532,0.000652011423893149,0.00134572016422712,62,3.00365875294568e-05,"Q217R2"
"withheld","All voters","Q715_718R1",3,139,39,71,307,0.000922139588796075,0.000220589978535988,0.00168816021611121,63,1.31202272757438e-05,"Q715_718R1"
"withheld","All voters","Q131R6",3,70,58,70,82,0.000909019361520332,0.000795649310857307,0.00104086389655812,64,2.55278684822941e-05,"Q131R6"
"withheld","All voters","Q184R2",3,77.3333333333333,49,90,93,0.000883491493038037,0.000640135463465791,0.00131001072908858,65,7.35323580071628e-06,"Q184R2"
"withheld","All voters","Q131R10",3,68.6666666666667,57,71,78,0.000876138257237321,0.000748909873705264,0.001004098436391,66,7.26379917206877e-06,"Q131R10"
"withheld","All voters","Q478_Q483R6",3,113,42,68,229,0.000868874458065252,0.00026536727106791,0.00145404296341341,67,3.2418022737976e-06,"Q478_Q483R6"
"withheld","All voters","Q774",3,78.6666666666667,52,78,106,0.000865632655791455,0.000609506238150154,0.0011967991189929,68,1.04416285086818e-05,"Q774"
"withheld","All voters","Q131R8",3,77.6666666666667,56,57,120,0.000855191027282773,0.000458404599398784,0.00105540386419506,69,8.90651048518455e-06,"Q131R8"
"withheld","All voters","Q332",3,108.666666666667,42,89,195,0.000846284516797588,0.000318245860648171,0.00146526621613844,70,1.49258029874919e-05,"Q332"
"withheld","All voters","Q116",3,77.3333333333333,60,68,104,0.000831358713810097,0.000629291358862981,0.000989636980928512,71,4.94531729322285e-06,"Q116"
"withheld","All voters","VQ774",3,78,64,82,88,0.000826413396516874,0.000756876873836456,0.000962539414857008,72,1.57658840922614e-05,"VQ774"
"withheld","All voters","Q563_Q572R8",3,80.6666666666667,59,76,107,0.000810647512424612,0.000599542807985988,0.00103874893778882,73,4.14034024068862e-06,"Asians: political representation"
"withheld","All voters","Q308R1",3,75.6666666666667,58,77,92,0.000806507172183924,0.000628483974720705,0.0009995080610003,74,3.62951243933578e-05,"Undocumented immigrants warmth"
"withheld","All voters","VQ773",3,82.6666666666667,68,74,106,0.000770212047790566,0.000555749894726467,0.00091211542181167,75,7.55660824002338e-06,"VQ773"
"withheld","All voters","Q619_Q626R6",3,86.6666666666667,50,98,112,0.000762655439550543,0.0005477335024546,0.00115099095999448,76,8.41295973474671e-06,"Discrimination against Latinos"
"withheld","All voters","Q504R4",3,83.3333333333333,63,79,108,0.000754242479815796,0.000581233235244242,0.00094337101359143,77,3.85785081176188e-06,"Q504R4"
"withheld","All voters","Q38",3,82.3333333333333,80,82,85,0.000750384629004034,0.000713167898572968,0.000811793484843318,78,8.57972572571356e-07,"Q38"
"withheld","All voters","Q371",3,96.6666666666667,44,111,135,0.000749526656431463,0.000421233732528678,0.00127827290319805,79,6.30983129563728e-06,"Q371"
"withheld","All voters","Q472_Q474R2",3,89.3333333333333,69,69,130,0.000743216825135825,0.000445093695765267,0.00089846556548285,80,3.75258551338798e-06,"Q472_Q474R2"
"withheld","All voters","Q793",3,83.6666666666667,73,77,101,0.000739464239622437,0.000593425303545993,0.00084570853043787,81,6.02156099056904e-06,"Q793"
"withheld","All voters","Q799",3,92.6666666666667,58,84,136,0.000733442678631868,0.000420876282651713,0.00100332767524085,82,1.44141876024115e-05,"Q799"
"withheld","All voters","S4",3,86.6666666666667,75,79,106,0.000719028491029457,0.000559651484534375,0.000812102537128017,83,1.73574214264884e-05,"State of residence"
"withheld","All voters","Q62R4",3,101.666666666667,60,95,150,0.000701671069602968,0.000380634165456555,0.00102944549212081,84,1.16649957587e-05,"Q62R4"
"withheld","All voters","Q33R1",3,89,65,97,105,0.000690006073844268,0.000561469391740683,0.000913774608142587,85,2.21973933237649e-06,"Q33R1"
"withheld","All voters","Q709_712R2",3,93.6666666666667,75,79,127,0.000687786334511892,0.000457043208718074,0.000828389588995691,86,3.15697597433979e-06,"Anti-White discrimination comparison"
"withheld","All voters","Q467_Q469R2",3,99,67,86,144,0.000684629358537552,0.000399131478769136,0.000883795819071736,87,2.59475931097139e-05,"Q467_Q469R2"
"withheld","All voters","Q691",3,103.333333333333,67,84,159,0.000658681765427838,0.00036285813777534,0.00091338294199609,88,3.67790333425256e-08,"Q691"
"withheld","All voters","Q773",3,96.3333333333333,77,88,124,0.000658644986394496,0.000473205704814165,0.000824026504358966,89,1.74285466771128e-07,"Q773"
"withheld","All voters","Q131R5",3,96.3333333333333,83,87,119,0.000658470700927725,0.000493740510560519,0.000769721019490345,90,1.50991737249218e-05,"Q131R5"
"withheld","All voters","Q806",3,117.666666666667,73,76,204,0.000643371527202803,0.000311850987035033,0.000826700933494718,91,3.14081554444014e-06,"Q806"
"withheld","All voters","Q61",3,100.666666666667,80,94,128,0.000640230711658363,0.000449997912464969,0.00077409065057123,92,3.23761238089438e-06,"Q61"
"withheld","All voters","Q487_Q489R2",3,116.666666666667,54,142,154,0.000636993099277468,0.00037359431837018,0.00115297761151867,93,9.6625069993414e-06,"Q487_Q489R2"
"withheld","All voters","Q619_Q626R4",3,101.333333333333,65,117,122,0.000627330592278127,0.000479605244161517,0.00091984046495077,94,3.87829874898293e-06,"Discrimination against Native Americans"
"withheld","All voters","Q184R3",3,101,72,100,131,0.000623452293529144,0.000442046711486812,0.000848291756759809,95,3.04568092473101e-06,"Q184R3"
"withheld","All voters","Q790",3,131.333333333333,63,93,238,0.000620406612604413,0.000259979047253791,0.000951638244031675,96,3.13273386255957e-07,"Q790"
"withheld","All voters","S10",3,101.666666666667,83,105,117,0.000620093339218157,0.000517662810658041,0.000784037307081131,97,1.95573290380285e-06,"S10"
"withheld","All voters","Q213R4",3,102,87,96,123,0.000618137606314354,0.000478858855631719,0.000694460949074354,98,6.38348802575045e-06,"Q213R4"
"withheld","All voters","Q131R7",3,99.3333333333333,75,101,122,0.000611754118288604,0.000450742781939513,0.000807369435320824,99,4.84372358835908e-06,"Q131R7"
"withheld","All voters","Q582",3,101,74,99,130,0.000606910394700245,0.000423360772381528,0.000790305985976929,100,7.44231816320593e-07,"Q582"
"withheld","All voters","Q478_Q483R1",3,144.333333333333,52,139,242,0.000606166162883924,0.000257905249789913,0.00114532291776161,101,2.83127247301031e-06,"Q478_Q483R1"
"withheld","All voters","Q42",3,122.666666666667,59,114,195,0.000603334890410914,0.000296168796866739,0.000989673380973662,102,5.62163902842906e-06,"Q42"
"withheld","All voters","Q213R2",3,105,90,104,121,0.000597713251382485,0.00049066281437608,0.00074074935747458,103,5.7251553561787e-06,"Q213R2"
"withheld","All voters","Q366",3,108.666666666667,81,89,156,0.000591988096026306,0.000367344278361768,0.000768484347423906,104,1.62538730333405e-05,"Q366"
"withheld","All voters","Q693_Q700R5",3,109.333333333333,99,100,129,0.000575734222992965,0.000449835056909521,0.000670857022469765,105,2.86134269420561e-05,"Q693_Q700R5"
"withheld","All voters","Q162R8",3,119.333333333333,91,96,171,0.000547120796050909,0.000344237831677711,0.000700669342592605,106,1.72861766651309e-07,"Q162R8"
"withheld","All voters","Q563_Q572R4",3,134.666666666667,81,110,213,0.000546947934284258,0.000298492898342483,0.000808810598210491,107,1.39537658681692e-06,"Native Americans: political representation"
"withheld","All voters","Q76",3,109.333333333333,81,119,128,0.000545552557697441,0.000452025327385961,0.000719609833164339,108,5.11345973649698e-06,"Q76"
"withheld","All voters","Q178R3",3,123.333333333333,83,112,175,0.000540439097960944,0.000333378191054995,0.000759002836525485,109,1.00589889967908e-06,"Q178R3"
"withheld","All voters","Q794",3,109,93,97,137,0.000539433199061265,0.000397011042581226,0.000622208229672111,110,2.8797059680914e-06,"Q794"
"withheld","All voters","Q378",3,126.666666666667,88,90,202,0.000536553493093174,0.000283843501312945,0.000670958633851631,111,4.70986921481524e-07,"Q378"
"withheld","All voters","Q417_Q424R2",3,128.666666666667,73,132,181,0.000536082506171692,0.000337033468633645,0.000852066709727959,112,2.91238887285762e-06,"Q417_Q424R2"
"withheld","All voters","Q689",3,176,69,109,350,0.000533170117298835,0.000182804675526574,0.000861781196092602,113,7.25085246250682e-06,"Q689"
"withheld","All voters","Q490",3,158,62,164,248,0.000525919264836328,0.000267657033936792,0.000953572888203967,114,1.47296165768594e-05,"Q490"
"withheld","All voters","Q217R3",3,123,91,113,165,0.000511189648259468,0.000351358130555357,0.000634732798195547,115,4.22039977906986e-06,"Q217R3"
"withheld","All voters","Q248",3,266,55,274,469,0.000506969248480398,0.000128822541278375,0.00114318836426173,116,9.67389510215253e-07,"Q248"
"withheld","All voters","Q250R1",3,123,94,117,158,0.000506001858970183,0.000363366071114487,0.000639163331918535,117,2.70920229286989e-06,"Q250R1"
"withheld","All voters","Q629",3,123.666666666667,80,129,162,0.000503292656677313,0.000359551281132173,0.000721104398231254,118,9.02268508105734e-06,"Q629"
"withheld","All voters","Q257CR4",3,154,91,95,276,0.000494269971596256,0.00021706770753345,0.000667689321014247,119,1.24737781942853e-07,"Q257CR4"
"withheld","All voters","Q62R5",3,172.333333333333,66,178,273,0.000494145233814313,0.000249918983292876,0.00089361095354177,120,6.74587599669332e-06,"Q62R5"
"withheld","All voters","Q187R1",3,134.333333333333,102,127,174,0.00048739935781762,0.000346436460747935,0.000654499701972351,121,4.70789796668859e-06,"Q187R1"
"withheld","All voters","Q225R12",3,122,114,121,131,0.000482691459850931,0.000422002423366443,0.000541968551061338,122,2.03010585726423e-06,"Q225R12"
"withheld","All voters","Q726",3,124.333333333333,111,125,137,0.000480661353993667,0.000418749246867892,0.000541235287110986,123,1.16013589599156e-06,"Q726"
"withheld","All voters","Q225R8",3,174.333333333333,71,149,303,0.000479501218097675,0.000202055080214624,0.000854482703772776,124,2.12957274674361e-05,"Q225R8"
"withheld","All voters","Q701_Q705R1",3,147.666666666667,103,129,211,0.000458205490630239,0.000286831588718598,0.000638110756249605,125,6.73631541362276e-06,"Q701_Q705R1"
"withheld","All voters","Q187R5",3,130,103,139,148,0.000451469175216617,0.000375417928473718,0.000567958255386008,126,5.97972704482569e-06,"Q187R5"
"withheld","All voters","Q544",3,170.333333333333,100,130,281,0.000445489448171791,0.000219649959689739,0.000670827738558743,127,2.75632150885038e-06,"Q544"
"withheld","All voters","Q117R4",3,177.666666666667,92,143,298,0.00044273312666294,0.00022702844719883,0.000700341548228768,128,1.44768709854333e-07,"Q117R4"
"withheld","All voters","Q281",3,152.333333333333,86,179,192,0.000442588357953086,0.000302773448949947,0.000687841102695094,129,1.77480537049326e-05,"Q281"
"withheld","All voters","Q131R11",3,142.333333333333,107,144,176,0.000424840304248153,0.000340205009157833,0.00055563303469828,130,4.82716542148933e-06,"Q131R11"
"withheld","All voters","Q417_Q424R3",3,136.666666666667,125,135,150,0.000420013138826664,0.000389630730210564,0.00044256727125318,131,5.39426428644162e-07,"Q417_Q424R3"
"withheld","All voters","Q117R3",3,139,125,127,165,0.00041947371239802,0.00035598446648207,0.000470886550642644,132,1.91504082077808e-07,"Q117R3"
"withheld","All voters","Q221R4",3,220,105,119,436,0.000419282208315942,0.000148119073404466,0.000614870904952336,133,9.61780315247428e-07,"Q221R4"
"withheld","All voters","Q504R2",3,140.666666666667,122,146,154,0.000418320428000695,0.000368843334965432,0.000488244994243173,134,1.15062443169213e-05,"Q504R2"
"withheld","All voters","Q257CR3",3,159.333333333333,113,141,224,0.000406814183683773,0.0002897509557967,0.000520468154326684,135,7.98695899571138e-08,"Q257CR3"
"withheld","All voters","Q225R13",3,153,110,143,206,0.000406734314093816,0.000291028336592892,0.000550064994309987,136,4.12323114449816e-06,"Q225R13"
"withheld","All voters","Q208R1",3,175,107,126,292,0.000402611082949318,0.000210091610096456,0.000557274328244942,137,9.53603633908852e-07,"Q208R1"
"withheld","All voters","Q517",3,192,101,199,276,0.000401657479315409,0.000246805461096444,0.000656060892232896,138,7.29264254737978e-07,"Q517"
"withheld","All voters","Q408",3,154,118,138,206,0.000400928215060671,0.000309670537230924,0.00049938410356915,139,3.85635083211124e-06,"Q408"
"withheld","All voters","Q619_Q626R1",3,165.666666666667,109,150,238,0.00039707186422856,0.000276584269336134,0.000541353723639978,140,1.62582928066497e-07,"Discrimination against Whites"
"withheld","All voters","Q800",3,145,134,142,159,0.000396909281300494,0.000372453730125643,0.000413573295341053,141,6.32622044612627e-07,"Q800"
"withheld","All voters","Q257AR3",3,166,110,188,200,0.000396276659255881,0.000314188278232225,0.000556508302233398,142,3.88845177465584e-06,"Q257AR3"
"withheld","All voters","Q417_Q424R7",3,160.333333333333,116,147,218,0.000392388207481225,0.000268572529644279,0.000517934328655493,143,9.03126128391275e-07,"Q417_Q424R7"
"withheld","All voters","Q162R5",3,162.333333333333,115,182,190,0.000391485081352834,0.000313165764410809,0.000541820740038616,144,3.73188906792744e-06,"Q162R5"
"withheld","All voters","Q348",3,152.666666666667,126,158,174,0.000387753192284906,0.000334578067408868,0.000464571661821674,145,2.77476398480899e-06,"Q348"
"withheld","All voters","Q417_Q424R6",3,147.333333333333,139,148,155,0.000384978428300097,0.000372615921387039,0.000391738338029971,146,1.07986305490355e-07,"Q417_Q424R6"
"withheld","All voters","Q330",3,160.666666666667,114,160,208,0.000384870441994607,0.000288528009013536,0.000504486592817412,147,5.47803209849482e-07,"Q330"
"withheld","All voters","Q33R4",3,256.333333333333,89,147,533,0.000384322638784758,0.00010143666227777,0.00067606656204261,148,1.60106457524364e-06,"Q33R4"
"withheld","All voters","Q396_Q398R1",3,194,99,164,319,0.000382721574209514,0.000214147631162953,0.000582127015914799,149,1.00852707966701e-06,"Q396_Q398R1"
"withheld","All voters","Q513_Q516R2",3,247.666666666667,97,192,454,0.000381713047129847,0.000142258305076958,0.000691989118133742,150,4.89551098024627e-06,"Q513_Q516R2"
"withheld","All voters","Q563_Q572R1",3,251,96,156,501,0.000376817536149601,0.000121244691989599,0.000632375514602711,151,2.08427838580509e-06,"Women: political representation"
"withheld","All voters","Q257AR2",3,156.333333333333,141,151,177,0.000374733257763796,0.000325267021062974,0.00041056713905488,152,1.18347811794842e-06,"Q257AR2"
"withheld","All voters","Q619_Q626R3",3,180.333333333333,120,138,283,0.000373549779645847,0.000213291663928264,0.000489373568407818,153,5.12345062506601e-07,"Discrimination against Asian Americans"
"withheld","All voters","Q693_Q700R1",3,153.333333333333,149,155,156,0.000373037434583341,0.000366641600822726,0.000378317816479776,154,2.61741807826825e-06,"Q693_Q700R1"
"withheld","All voters","Q441_Q452R4",3,323.666666666667,78,309,584,0.000370420016505072,9.29544876590334e-05,0.000818212805427005,155,2.67325593691621e-06,"Q441_Q452R4"
"withheld","All voters","Q560R1",3,205.333333333333,95,223,298,0.000367746760568156,0.000207716710183888,0.000633083401649497,156,7.22746501447582e-06,"Q560R1"
"withheld","All voters","Q779",3,160.666666666667,151,163,168,0.00036051929555368,0.000342764400936093,0.000376571491811105,157,1.91437199558694e-06,"Q779"
"withheld","All voters","Q208R2",3,197.666666666667,113,169,311,0.000358604923558093,0.000199732552094341,0.000525945287305426,158,2.37748897716217e-06,"Q208R2"
"withheld","All voters","Q111R4",3,177,133,155,243,0.000356227434580931,0.000273638602460872,0.000427384464379863,159,1.4066784856725e-06,"Q111R4"
"withheld","All voters","Q715_718R3",3,172,131,159,226,0.000354820756095259,0.000259429562012354,0.00044340482969491,160,5.86083275505101e-07,"Q715_718R3"
"withheld","All voters","Q521_Q528R1",3,196,108,231,249,0.000354234672819754,0.000250715113415112,0.000556149830000094,161,1.18430503432288e-06,"Q521_Q528R1"
"withheld","All voters","S5",3,206.666666666667,102,255,263,0.000353050367785431,0.000233191921131676,0.000588121388868304,162,2.91128005939226e-06,"Birth year"
"withheld","All voters","Q659",3,168.333333333333,157,173,175,0.000350139087726038,0.000335102504026286,0.000375098906311669,163,3.52524316719178e-07,"Q659"
"withheld","All voters","Q145",3,239.666666666667,98,215,406,0.000349786563409319,0.000156877991867193,0.000614687866068201,164,2.51744897984609e-06,"Q145"
"withheld","All voters","Q693_Q700R6",3,169.666666666667,149,163,197,0.000347269114429473,0.000292558754196208,0.000389899221767672,165,4.64036772683193e-07,"Q693_Q700R6"
"withheld","All voters","Q243R4",3,214.333333333333,103,239,301,0.00034680507765679,0.000202293000517741,0.000563020047485009,166,3.35035029173908e-06,"Q243R4"
"withheld","All voters","Q70R2",3,216,112,195,341,0.000343454727365051,0.000198457582652853,0.000526519308219029,167,3.72385188536451e-06,"Q70R2"
"withheld","All voters","Q225R4",3,183.333333333333,135,164,251,0.000339730875479686,0.00024864974322642,0.000412451505548742,168,4.58106478573854e-06,"Q225R4"
"withheld","All voters","Q59",3,221,108,275,280,0.000335149810693948,0.000214500093887855,0.000542987762179084,169,8.39234176911352e-07,"Q59"
"withheld","All voters","Q808",3,191,133,175,265,0.000334310576517036,0.000226177371580839,0.000430600712310364,170,5.41589906772472e-07,"Q808"
"withheld","All voters","Q349",3,178.666666666667,160,183,193,0.000333768986610264,0.000297078764355408,0.000371026756520037,171,1.52385439945588e-06,"Q349"
"withheld","All voters","Q225R1",3,303,87,306,516,0.000332245132210808,0.000116328750800595,0.000658809666423276,172,2.05655220891077e-06,"Q225R1"
"withheld","All voters","Q39",3,192,128,217,231,0.000330188580001897,0.000264194353579717,0.000430233745974977,173,7.8517094130999e-07,"Q39"
"withheld","All voters","Q505_Q508R4",3,303,120,124,665,0.000329403409060587,5.39774696834334e-05,0.000491276924914765,174,1.53212058795634e-06,"Q505_Q508R4"
"withheld","All voters","Q509_Q511R1",3,269.666666666667,104,197,508,0.000327871288472631,0.000117973461048203,0.000562524195122614,175,1.99289224654523e-08,"Q509_Q511R1"
"withheld","All voters","Q225R6",3,195.666666666667,143,162,282,0.000327851359550166,0.000213873746544843,0.000403168345017883,176,1.25695695483681e-06,"Q225R6"
"withheld","All voters","Q99R2",3,194.666666666667,141,148,295,0.000326594402595329,0.00020862837354898,0.000386324541801157,177,2.35130000696311e-07,"Q99R2"
"withheld","All voters","Q221R3",3,193.333333333333,145,183,252,0.000326359272594632,0.00026435687252024,0.000397974709566451,178,9.04057915000246e-07,"Q221R3"
"withheld","All voters","Q513_Q516R3",3,191.666666666667,140,180,255,0.000325455214679632,0.000243510855650897,0.000412590725919846,179,7.70024941515576e-07,"Q513_Q516R3"
"withheld","All voters","Q117R8",3,230.333333333333,132,146,413,0.000324685189738117,0.000153423455836168,0.000442135950578851,180,2.54779122546946e-06,"Q117R8"
"withheld","All voters","Q377",3,297,94,260,537,0.000322137398512647,0.000109052537178861,0.000598905113908736,181,4.19720524737297e-07,"Q377"
"withheld","All voters","Q202",3,194.666666666667,137,196,251,0.00032171767798791,0.000236283232787674,0.000425370711658566,182,1.02912140568189e-07,"Q202"
"withheld","All voters","Q31",3,234,115,185,402,0.000321614765847342,0.000146810724415651,0.000485875071971727,183,1.02600824983902e-06,"Q31"
"withheld","All voters","Q187R4",3,220.666666666667,121,174,367,0.000320588757597503,0.000164536113328437,0.00045634870213995,184,7.08458478216581e-07,"Q187R4"
"withheld","All voters","Q256",3,212.666666666667,126,213,299,0.000319880299119286,0.000203204315798319,0.00047517683433851,185,1.07445049049023e-06,"Q256"
"withheld","All voters","Q33R2",3,210.666666666667,138,179,315,0.000318805848628796,0.000217315294231932,0.000417337076343877,186,2.36955513922534e-06,"Q33R2"
"withheld","All voters","Q407",3,220,118,228,314,0.00031643629348957,0.000193729453945085,0.000497141754860213,187,9.38042201881228e-07,"Q407"
"withheld","All voters","Q727_Q731R3",3,193,170,179,230,0.000315498251287689,0.000256470789893639,0.000350082144572427,188,4.22781048459663e-08,"Q727_Q731R3"
"withheld","All voters","Q492",3,240,136,140,444,0.000315455973182843,0.000131048816870025,0.000426496749558323,189,6.78501923592582e-07,"Q492"
"withheld","All voters","Q662",3,190.666666666667,167,196,209,0.000314777471259251,0.000276380374822583,0.000350397973768644,190,3.07849931452159e-07,"Q662"
"withheld","All voters","Q493",3,261.666666666667,111,256,418,0.000314469621327799,0.000149343763820715,0.000531536271246762,191,1.1608440014384e-06,"Q493"
"withheld","All voters","Q331",3,201.333333333333,152,194,258,0.00031330877732636,0.00026077621928671,0.000382183834250726,192,4.50375748912649e-06,"Q331"
"withheld","All voters","Q693_Q700R3",3,203,162,177,270,0.000308805019837234,0.000229993258153291,0.000356271224978483,193,2.74457919217062e-09,"Q693_Q700R3"
"withheld","All voters","Q518",3,213,133,249,257,0.000308802275258042,0.000241760996639037,0.000417772011157102,194,5.22632986103128e-07,"Q518"
"withheld","All voters","Q813",3,198.666666666667,172,211,213,0.000308279642271938,0.000273494986528326,0.000347614359773662,195,4.50989112521516e-06,"Q813"
"withheld","All voters","Q352",3,208,152,186,286,0.000303769751146723,0.000212940886034868,0.000374925945562146,196,2.94446271561989e-07,"Q352"
"withheld","All voters","Q359R3",3,215.666666666667,169,173,305,0.000303475304875161,0.000221779837958238,0.000346825176263873,197,3.47974909096908e-07,"Q359R3"
"withheld","All voters","Q471",3,205.333333333333,163,221,232,0.000303127329966064,0.00026396234996301,0.000352494273289268,198,4.84515831578329e-07,"Q471"
"withheld","All voters","Q478_Q483R2",3,209.666666666667,172,187,270,0.000302642814134486,0.000251451094203918,0.000337631832670832,199,2.49017089438145e-06,"Q478_Q483R2"
"withheld","All voters","Q225R2",3,220.333333333333,140,253,268,0.000300152643240105,0.000225382072536634,0.000410836203551886,200,1.92473701138166e-06,"Q225R2"
"withheld","All voters","Q208R4",3,222,154,197,315,0.000298227906228723,0.000199100206544368,0.00037969805274972,201,7.35200038116956e-07,"Q208R4"
"withheld","All voters","Q265",3,230.333333333333,158,173,360,0.000297492706190606,0.000177212581345763,0.000372634320568167,202,1.50533717326588e-06,"Q265"
"withheld","All voters","Q171",3,216.333333333333,161,194,294,0.00029598736901734,0.000209507282892876,0.000359715070019428,203,1.03753156271329e-06,"Q171"
"withheld","All voters","Q540R1",3,230.666666666667,136,215,341,0.000294949837454627,0.000179587359834386,0.000407720941336941,204,2.39852788969618e-07,"Q540R1"
"withheld","All voters","Q693_Q700R8",3,220.333333333333,145,235,281,0.000294709984665657,0.000244132779881072,0.000378555938909794,205,8.18686212772021e-08,"Q693_Q700R8"
"withheld","All voters","Q213R3",3,267.333333333333,116,281,405,0.00029462811604438,0.000146355815641715,0.000523069241336117,206,2.7097907367784e-06,"Q213R3"
"withheld","All voters","Q343R3",3,272.666666666667,123,215,480,0.000291918325307602,0.000118455961404893,0.000484814684973697,207,1.08847965606172e-07,"Q343R3"
"withheld","All voters","Q417_Q424R8",3,206,186,212,220,0.000291809477341995,0.000265804546450196,0.000327894703539808,208,8.4310356037175e-07,"Q417_Q424R8"
"withheld","All voters","Q803",3,228.333333333333,169,178,338,0.000290966373781624,0.000199983593527827,0.000350095554447664,209,2.88385388584579e-07,"Q803"
"withheld","All voters","Q810",3,222,165,199,302,0.000290677988393039,0.000225145875151046,0.000356506302678875,210,5.2193911721294e-07,"Q810"
"withheld","All voters","Q742",3,229.333333333333,147,221,320,0.000290156049275826,0.000213768058964417,0.000393673938463974,211,2.54185152176234e-06,"Q742"
"withheld","All voters","Q749",3,251,161,170,422,0.000287614197754064,0.000147599388393552,0.00036953595132858,212,1.66689463335827e-07,"Q749"
"withheld","All voters","Q693_Q700R4",3,222,146,260,260,0.000287447508290728,0.000230418126241606,0.000392354168624228,213,2.00696042197679e-06,"Q693_Q700R4"
"withheld","All voters","Q287R4",3,227,181,189,311,0.000285440547868751,0.000219418106781085,0.000319479538487958,214,2.44344874569498e-06,"Q287R4"
"withheld","All voters","Q62R2",3,221.666666666667,185,228,252,0.000282997099123056,0.000235725994200529,0.000330109984611291,215,2.80260441107066e-07,"Q62R2"
"withheld","All voters","Q386_Q390R5",3,262,123,259,404,0.000282716838681949,0.0001465770541318,0.00044307872454672,216,6.00483542116193e-07,"Q386_Q390R5"
"withheld","All voters","Q131R4",3,230,166,216,308,0.000282116355139833,0.000220276360583984,0.0003542657486953,217,5.34800685292975e-07,"Q131R4"
"withheld","All voters","Q727_Q731R5",3,218.333333333333,208,217,230,0.00028158155445454,0.00026437528238301,0.000309594919090852,218,2.75397228582816e-06,"Q727_Q731R5"
"withheld","All voters","Q788",3,230.666666666667,176,244,272,0.000278827582168712,0.000244464244132337,0.000341010427600499,219,5.26881066505771e-06,"Q788"
"withheld","All voters","Q57",3,238,170,253,291,0.000273558771503654,0.00023459818202357,0.000338282762228004,220,1.30501718130028e-07,"Q57"
"withheld","All voters","Q117R10",3,260.333333333333,134,301,346,0.000273428269785524,0.000184952774809399,0.00043025872292844,221,1.68063958688107e-06,"Q117R10"
"withheld","All voters","Q709_712R4",3,238.333333333333,184,231,300,0.000271747630198643,0.000202720266388428,0.000330311415318968,222,9.69999819128609e-08,"Anti-Black racism in own community"
"withheld","All voters","Q381_Q383R1",3,271.333333333333,134,325,355,0.00027165063021673,0.000179411464947234,0.000425678377191531,223,4.10094796773029e-07,"Q381_Q383R1"
"withheld","All voters","Q417_Q424R5",3,230,198,224,268,0.000271240535419957,0.000252271211753114,0.000290871055878623,224,1.78318974655321e-06,"Q417_Q424R5"
"withheld","All voters","Q401_Q404R2",3,234,172,211,319,0.000269457345673404,0.000189315155350729,0.000343639561593933,225,9.02330643029448e-08,"Q401_Q404R2"
"withheld","All voters","Q597_Q602R6",3,229.666666666667,188,234,267,0.000269367112609101,0.000232251908151202,0.00032414837515335,226,1.07497654766738e-07,"Q597_Q602R6"
"withheld","All voters","Q261",3,232.333333333333,196,236,265,0.000269259614954334,0.00023636009513571,0.000292611842037991,227,1.46890082308108e-06,"Q261"
"withheld","All voters","Q110",3,238.666666666667,166,246,304,0.000267790714131253,0.000204589327706339,0.000355904980916754,228,1.90627229102e-07,"Q110"
"withheld","All voters","Q99R6",3,235,189,250,266,0.000267600086902151,0.000232900648301389,0.000303925695196266,229,9.6940792016875e-08,"Q99R6"
"withheld","All voters","Q257AR1",3,340.333333333333,115,360,546,0.000267503146110134,0.000104118429309234,0.000519984910374991,230,7.58992834829224e-07,"Q257AR1"
"withheld","All voters","Q551_Q559R3",3,314.333333333333,116,332,495,0.000266744153275305,0.000114649166156236,0.000482499796443162,231,1.01644137885123e-06,"Q551_Q559R3"
"withheld","All voters","Q777",3,232.666666666667,226,227,245,0.000265727711896454,0.000243314141881205,0.000283481186237451,232,5.910066687055e-07,"Q777"
"withheld","All voters","Q478_Q483R3",3,236.333333333333,200,230,279,0.000265136705227748,0.000214568075518444,0.000298482179976473,233,7.4637827555111e-07,"Q478_Q483R3"
"withheld","All voters","Q159R1",3,246.666666666667,207,209,324,0.000264390326952197,0.00019578522178963,0.000308176370765877,234,3.26892176252726e-07,"Q159R1"
"withheld","All voters","Q417_Q424R4",3,253.666666666667,167,245,349,0.000264063434775944,0.000172813023090508,0.000350026725607609,235,4.27802416443079e-08,"Q417_Q424R4"
"withheld","All voters","Q782",3,240.666666666667,187,239,296,0.0002640206545343,0.000205930155625842,0.000326612875219776,236,2.99279092548705e-07,"Q782"
"withheld","All voters","Q33R5",3,264,167,190,435,0.000263721375441751,0.000133921342211225,0.000353698875125657,237,2.23686255113758e-07,"Q33R5"
"withheld","All voters","Q509_Q511R2",3,247.333333333333,191,205,346,0.000263497689186638,0.000176834226841653,0.000310620658741027,238,1.02030089808825e-06,"Q509_Q511R2"
"withheld","All voters","Q429_Q440R11",3,249.666666666667,177,278,294,0.000262477388288549,0.000215059546221351,0.000339053894668023,239,7.53638591940108e-08,"Q429_Q440R11"
"withheld","All voters","Q45",3,244,185,258,289,0.000262402024429355,0.000235841562871901,0.000310057327149199,240,6.03070696329657e-07,"Q45"
"withheld","All voters","Q178R1",3,251.333333333333,183,219,352,0.000261798953733026,0.000186014209384528,0.000332521238307178,241,4.34571121342171e-07,"Q178R1"
"withheld","All voters","Q811",3,243,189,210,330,0.000261364382611684,0.000184574355337244,0.000324063680773899,242,1.97007432453644e-07,"Q811"
"withheld","All voters","Q146",3,266.333333333333,144,292,363,0.00026116737517923,0.000175356735827433,0.000400714285819119,243,1.31159355985875e-07,"Q146"
"withheld","All voters","Q491",3,295,153,207,525,0.000261036215823244,0.000102816618251895,0.000370646593940628,244,9.13435681941543e-08,"Q491"
"withheld","All voters","Q560R8",3,239.333333333333,208,233,277,0.00026094487225505,0.000223151793648791,0.000281410489757787,245,3.24331004177599e-06,"Q560R8"
"withheld","All voters","Q162R6",3,280.333333333333,182,193,466,0.000257701562213274,0.000130462478009229,0.000333714905827636,246,3.27466465849669e-07,"Q162R6"
"withheld","All voters","Q487_Q489R3",3,245.666666666667,203,257,277,0.000257374095747424,0.000215749353763174,0.000295490248650896,247,1.64047379450419e-06,"Q487_Q489R3"
"withheld","All voters","Q796",3,262.666666666667,153,262,373,0.00025573362195292,0.000163189800573209,0.000374855220364719,248,2.71839853969124e-07,"Q796"
"withheld","All voters","Q271",3,247.333333333333,204,264,274,0.000255461782098951,0.000217263520312282,0.000293399600862499,249,2.52999518831482e-07,"Q271"
"withheld","All voters","Q117R1",3,320.666666666667,118,374,470,0.000255208782580119,0.000120592122396638,0.000476551837765648,250,3.06242128295743e-06,"Q117R1"
"withheld","All voters","Q343R4",3,326.333333333333,132,282,565,0.000252146361297162,9.87089487024856e-05,0.000439989337963468,251,1.06478834848643e-06,"Q343R4"
"withheld","All voters","Q676_Q678R1",3,256.333333333333,186,287,296,0.000251081572948676,0.000207813769336108,0.000308322972058943,252,2.18957084787688e-07,"Q676_Q678R1"
"withheld","All voters","Q99R4",3,266.666666666667,161,250,389,0.000250862615863888,0.000155225993237769,0.0003608734937855,253,2.61852674713297e-06,"Q99R4"
"withheld","All voters","Q411_Q416R3",3,256.333333333333,212,261,296,0.000248244089116755,0.000230005383703124,0.000275270187577502,254,2.60435699227593e-07,"Q411_Q416R3"
"withheld","All voters","Q798",3,306,153,288,477,0.000247983653417527,0.000126727870076884,0.000381044037125942,255,3.00222177557593e-06,"Q798"
"withheld","All voters","Q504R5",3,265.333333333333,184,267,345,0.000244981431641951,0.000176856764911669,0.000332363171762424,256,2.12849597670787e-06,"Q504R5"
"withheld","All voters","Q429_Q440R2",3,264,204,254,334,0.000242852935665244,0.000182707635297676,0.000282108378481067,257,3.48647342012409e-07,"Q429_Q440R2"
"withheld","All voters","Q709_712R3",3,294.333333333333,194,200,489,0.000242504288323231,0.000129717901949696,0.000307684165033778,258,6.12431458587892e-07,"Protect way of life from foreign influence"
"withheld","All voters","Q208R3",3,280,191,283,366,0.000241891856864643,0.000172468376058424,0.000312896216138354,259,9.98024003993908e-07,"Q208R3"
"withheld","All voters","Q706_Q708R3",3,274,235,246,341,0.000240893832860649,0.000188627764387647,0.000279400800625621,260,4.07879143982559e-08,"New non-police first responders"
"withheld","All voters","Q504R7",3,266,248,255,295,0.000240853044946251,0.000206421070010864,0.000263475359915933,261,1.39937916683562e-06,"Q504R7"
"withheld","All voters","Q795",3,308.666666666667,145,348,433,0.000239453665779415,0.000136929392117823,0.000397420105532753,262,2.06532521122187e-07,"Q795"
"withheld","All voters","Q693_Q700R7",3,292.333333333333,171,290,416,0.000239247133258293,0.000143676255158847,0.000338275862580274,263,6.97830579263052e-07,"Q693_Q700R7"
"withheld","All voters","Q411_Q416R6",3,268.666666666667,206,227,373,0.00023854930267903,0.000168812081144896,0.000279456626607587,264,2.28175745001463e-07,"Q411_Q416R6"
"withheld","All voters","Q99R8",3,266.333333333333,256,264,279,0.000238321126934029,0.000233057540100929,0.000244686179913674,265,9.44871984679297e-07,"Q99R8"
"withheld","All voters","Q504R1",3,265,237,241,317,0.000237376254949349,0.000189970849520169,0.000276843416033711,266,2.58632224284423e-07,"Q504R1"
"withheld","All voters","Q512",3,281.666666666667,234,234,377,0.000237117622725065,0.000169001951898222,0.000280131485339263,267,1.66610177560514e-06,"Q512"
"withheld","All voters","Q225R5",3,288,166,322,376,0.00023545152094946,0.00016751259368808,0.000350564412478317,268,1.58901754275791e-07,"Q225R5"
"withheld","All voters","Q207",3,305.666666666667,209,220,488,0.000235292619195184,0.000124386665606322,0.00029328315537879,269,9.37156517003928e-07,"Q207"
"withheld","All voters","Q147",3,293.333333333333,199,256,425,0.00023435546267818,0.000145846106532841,0.000314695506567902,270,7.15549678727105e-07,"Q147"
"withheld","All voters","Q520",3,300,157,307,436,0.000233639912999453,0.00013337469634281,0.00036645149035951,271,2.33642529665659e-07,"Q520"
"withheld","All voters","Q257CR1",3,323,151,322,496,0.000233406270469787,0.000114568845431149,0.00037290718962927,272,6.28819233978908e-08,"Q257CR1"
"withheld","All voters","Q519",3,288.666666666667,198,276,392,0.00023334338854639,0.000161144187068456,0.000315006590054704,273,6.17757193143998e-07,"Q519"
"withheld","All voters","Q395",3,274,222,269,331,0.000232725631353246,0.000183483449661951,0.000262861444451442,274,1.16419947004292e-07,"Q395"
"withheld","All voters","Q99R7",3,295.333333333333,176,303,407,0.000232609211406241,0.000146195188700359,0.000328165621494805,275,1.8457590470329e-07,"Q99R7"
"withheld","All voters","Q257BR3",3,274,232,259,331,0.000232424635501538,0.000203401035779169,0.00025312814656463,276,1.18350882233274e-06,"Q257BR3"
"withheld","All voters","Q213R1",3,302,210,244,452,0.000231241126679205,0.000136508078901814,0.000287584768138436,277,6.43490454164247e-07,"Q213R1"
"withheld","All voters","Q478_Q483R4",3,277.333333333333,242,254,336,0.000230597636225041,0.000201579329238176,0.0002452563998255,278,1.01209558343851e-06,"Q478_Q483R4"
"withheld","All voters","Q205",3,278.333333333333,242,288,305,0.000229585540641602,0.000202718526154198,0.000273897623732758,279,1.03598810134863e-06,"Q205"
"withheld","All voters","Q560R6",3,289,192,293,382,0.000228549552540254,0.000159155225877339,0.000319634685002596,280,1.47626086409821e-06,"Q560R6"
"withheld","All voters","Q472_Q474R3",3,299.333333333333,180,356,362,0.000227073291676156,0.000166133353489296,0.000336003163878617,281,9.50289916721431e-07,"Q472_Q474R3"
"withheld","All voters","Q273R1",3,336.333333333333,152,334,523,0.000226123001759434,0.000103367372763233,0.000372412732215799,282,6.38860490776035e-09,"Q273R1"
"withheld","All voters","Q162R3",3,315.666666666667,168,358,421,0.000226116613154526,0.000148273287039096,0.000350145313112025,283,3.26791430002707e-07,"Q162R3"
"withheld","All voters","Q264",3,364.333333333333,142,353,598,0.000225789821724524,8.37421509295057e-05,0.000408052813361963,284,6.06920925439261e-07,"Q264"
"withheld","All voters","Q343R2",3,293.666666666667,216,297,368,0.000225182900799084,0.000171560500028843,0.000296186538049745,285,4.04251058654624e-07,"Q343R2"
"withheld","All voters","Q455",3,409,124,465,638,0.00022477864974043,6.75967615045113e-05,0.000484687269447504,286,5.599398162791e-07,"Q455"
"withheld","All voters","Q347",3,298.666666666667,212,291,393,0.000224218709924151,0.000160799064468243,0.000300998586902884,287,1.16789535489298e-06,"Q347"
"withheld","All voters","Q111R5",3,294.666666666667,188,348,348,0.000223050814569258,0.000176262628356071,0.000304207911603337,288,5.14040104992341e-07,"Q111R5"
"withheld","All voters","Q178R2",3,293,246,249,384,0.000222536774464265,0.000157717438551534,0.000268714065244474,289,3.41543623038487e-07,"Q178R2"
"withheld","All voters","Q249",3,314,205,233,504,0.000222195230841227,0.000122645405154366,0.000291497433581917,290,1.37972791377236e-06,"Q249"
"withheld","All voters","Q750",3,312,201,304,431,0.000220815502927455,0.000143404296705338,0.000296957032520786,291,2.46225340868358e-07,"Q750"
"withheld","All voters","Q646_Q651R6",2,338,201,338,475,0.000220569277586586,0.000127285783070396,0.000313852772102777,292,7.2477129051056e-07,"Q646_Q651R6"
"withheld","All voters","Q308R4",3,303,214,335,360,0.000219844506296076,0.000169466294561864,0.000298372118861027,293,2.50921307116242e-07,"Welfare recipients warmth"
"withheld","All voters","Q633",3,309.333333333333,193,316,419,0.000219593584988959,0.000149067465436338,0.000318795087034951,294,1.28044061578297e-06,"Q633"
"withheld","All voters","Q727_Q731R2",3,292,247,254,375,0.000218313144373176,0.000168132147783269,0.000253418136237507,295,1.12587776346986e-06,"Q727_Q731R2"
"withheld","All voters","Q225R9",3,304.333333333333,222,258,433,0.000217187266609707,0.000148333672932838,0.000271606570809406,296,6.01960207761423e-07,"Q225R9"
"withheld","All voters","Q701_Q705R4",3,318.333333333333,214,295,446,0.000216585306401945,0.000138003244679571,0.000279647047580976,297,6.74566610887374e-07,"Q701_Q705R4"
"withheld","All voters","Q675",3,345.666666666667,160,385,492,0.000215910739791058,0.000128759394573927,0.00036155121472758,298,2.53264143316347e-06,"Q675"
"withheld","All voters","Q809",3,299.666666666667,271,302,326,0.000213378098357894,0.0001865119167275,0.000251447749982746,299,1.93994235274898e-06,"Q809"
"withheld","All voters","Q239R3",3,331.333333333333,233,277,484,0.000211438156005145,0.000124765844029054,0.000263037147426795,300,2.14544113078088e-07,"Q239R3"
"withheld","All voters","Q187R2",3,356.333333333333,157,414,498,0.000211223611892067,0.000114239032102687,0.000366376802376458,301,1.54984434081032e-07,"Q187R2"
"withheld","All voters","Q316R1",3,357,210,252,609,0.000211068627457986,7.88269203568381e-05,0.000306072480895653,302,1.32285952900049e-07,"Q316R1"
"withheld","All voters","Q206",3,311.666666666667,261,307,367,0.000210936341505086,0.000171984264401145,0.000258265814152038,303,1.47467562907149e-06,"Q206"
"withheld","All voters","Q162R1",3,313.333333333333,265,285,390,0.000209461665876015,0.000161452544248847,0.000253423816357294,304,8.54631814102639e-07,"Q162R1"
"withheld","All voters","Q162R4",3,310.333333333333,224,333,374,0.000208607034061912,0.000162840300955667,0.000260088046382525,305,8.14401530711373e-08,"Q162R4"
"withheld","All voters","Q616_Q618R3",3,310.666666666667,270,282,380,0.000208525593908841,0.000160188318655433,0.000241641409166404,306,2.65861038837179e-07,"Q616_Q618R3"
"withheld","All voters","Q560R2",3,344,191,328,513,0.000208259732870004,0.000117132586648038,0.000321433831880565,307,3.19583741878818e-07,"Q560R2"
"withheld","All voters","Q117R7",3,319,232,353,372,0.000207940149128125,0.0001709885431507,0.000281843136431459,308,1.46304698033211e-07,"Q117R7"
"withheld","All voters","Q98",3,308,237,340,347,0.000207793844430092,0.000176590258069305,0.000247702898805249,309,3.9685966908001e-07,"Q98"
"withheld","All voters","Q513_Q516R1",3,304,272,312,328,0.000207396984761012,0.000198211079992192,0.000218848739028025,310,4.0487393836958e-07,"Q513_Q516R1"
"withheld","All voters","Q560R5",3,320.333333333333,228,345,388,0.000206992110822642,0.000162822288932578,0.000265441798410789,311,1.38563572434251e-06,"Q560R5"
"withheld","All voters","Q316R6",3,319,253,285,419,0.0002056064750983,0.000142407867904614,0.000238982971475574,312,1.13904594971706e-06,"Q316R6"
"withheld","All voters","Q701_Q705R2",3,368.333333333333,168,394,543,0.000204467429148583,0.000106282685135722,0.000353439263019554,313,8.8849548700678e-08,"Q701_Q705R2"
"withheld","All voters","Q411_Q416R1",3,310,297,301,332,0.000204378579599882,0.00018345819140027,0.000225848799095719,314,2.05626800428089e-06,"Q411_Q416R1"
"withheld","All voters","Q805",3,320,293,323,344,0.000202322311595601,0.000177023491635339,0.000233504212405562,315,1.03590092877064e-08,"Q805"
"withheld","All voters","Q456_Q461R1",3,333,217,313,469,0.000202311952586313,0.000133674944668381,0.00027373921261055,316,1.28672730896539e-06,"Q456_Q461R1"
"withheld","All voters","Q217R4",3,309,275,286,366,0.000201025225277348,0.00017309656110027,0.000217244288439341,317,2.57242358458803e-07,"Q217R4"
"withheld","All voters","Q263",3,350,198,384,468,0.000200767982918889,0.000133730212687324,0.000302629622045567,318,5.67058990351053e-07,"Q263"
"withheld","All voters","Q591_Q596R3",3,342.666666666667,271,278,479,0.000200200923928538,0.000126007431740062,0.000244778358841265,319,7.03155135174031e-08,"Q591_Q596R3"
"withheld","All voters","Q425",3,325,266,272,437,0.000200130608415021,0.000147786838720394,0.000226853788501194,320,3.27187462292812e-07,"Q425"
"withheld","All voters","Q754_Q762R5",3,328,269,335,380,0.000199803420952728,0.000166940663482608,0.000230340633206947,321,3.27596204909849e-07,"Q754_Q762R5"
"withheld","All voters","Q701_Q705R5",3,342.666666666667,222,358,448,0.000199475824747818,0.000129562221525697,0.000291445200092212,322,9.98528876011609e-08,"Q701_Q705R5"
"withheld","All voters","Q372",3,395.333333333333,180,313,693,0.000199375971860217,4.23718243373317e-05,0.00033705872187301,323,3.19510698753341e-07,"Q372"
"withheld","All voters","Q748",3,330.333333333333,243,321,427,0.000199056461161463,0.000139499984261517,0.000244889417052339,324,1.33671129194161e-06,"Q748"
"withheld","All voters","Q257BR2",3,335.666666666667,262,330,415,0.000197719749869522,0.000144021002685721,0.000256134276478073,325,7.51552746008829e-07,"Q257BR2"
"withheld","All voters","Q504R8",3,337.333333333333,221,387,404,0.000196968197123513,0.000155739956914491,0.000271619987243615,326,5.05741623281432e-08,"Q504R8"
"withheld","All voters","Q285",3,335.333333333333,227,339,440,0.000196917622961185,0.000131789795918948,0.000259388175119443,327,5.23152309973873e-07,"Q285"
"withheld","All voters","Q257CR2",3,343.333333333333,203,350,477,0.000196394470651211,0.000118781579351872,0.000282771047598855,328,1.46260982034768e-06,"Q257CR2"
"withheld","All voters","Q273R5",3,353.333333333333,219,407,434,0.000194931860830863,0.0001345020561461,0.00029373277529878,329,5.20067232325476e-07,"Q273R5"
"withheld","All voters","Q715_718R2",3,373.333333333333,251,262,607,0.000194411793598538,7.92807377748003e-05,0.000265613827810362,330,5.36882385579137e-07,"Q715_718R2"
"withheld","All voters","Q243R2",3,328,269,306,409,0.000193874911212959,0.000154726635013303,0.000224225909841269,331,5.47247410535981e-07,"Q243R2"
"withheld","All voters","Q154R4",3,333.333333333333,293,342,365,0.000193327663802423,0.000172611769466822,0.000209645704672862,332,1.00415425126606e-06,"Q154R4"
"withheld","All voters","Q99R10",3,344.666666666667,275,324,435,0.000192323509551157,0.000142310489897063,0.000223941524310075,333,1.35242587614992e-09,"Q99R10"
"withheld","All voters","Q456_Q461R6",3,385,203,328,624,0.00019232215712528,7.04347399901975e-05,0.000311956617813927,334,4.26351251435068e-07,"Q456_Q461R6"
"withheld","All voters","Q801",3,387,181,366,614,0.000191895805873845,7.50738102908857e-05,0.000335862217540556,335,1.71672332588294e-07,"Q801"
"withheld","All voters","Q550",3,344.666666666667,280,375,379,0.000191724133541257,0.000160441207075434,0.000244237539059912,336,9.9079854797864e-07,"Q550"
"withheld","All voters","Q410",3,348,280,326,438,0.000190733334993278,0.00014164287507957,0.000221196277363644,337,4.83646236304827e-07,"Q410"
"withheld","All voters","Q13",3,413.666666666667,171,415,655,0.000190249688756974,6.96983918165957e-05,0.000348697154434157,338,4.8661595943852e-08,"Voting method"
"withheld","All voters","Q273R3",3,363,225,355,509,0.00019020102716103,0.000117924495888856,0.000270558807344339,339,6.06450336611373e-08,"Q273R3"
"withheld","All voters","Q574",3,348.666666666667,248,311,487,0.000190140382127369,0.000130084646198402,0.000241648130008027,340,2.36832838624104e-07,"Q574"
"withheld","All voters","Q117R5",3,351,263,391,399,0.000189903549288745,0.000154473101530837,0.000256006682768764,341,1.04614944289791e-06,"Q117R5"
"withheld","All voters","Q111R3",3,341,308,312,403,0.000188857399845847,0.000146738375102169,0.00021918431728204,342,6.33699756117409e-08,"Q111R3"
"withheld","All voters","Q591_Q596R5",3,364.666666666667,247,343,504,0.000188794029870235,0.000119572155913263,0.000267816172972349,343,9.41884528550356e-08,"Q591_Q596R5"
"withheld","All voters","S13",3,352.333333333333,267,395,395,0.00018869984141738,0.000153315713448882,0.000253186710135025,344,7.85249793756263e-08,"Education"
"withheld","All voters","Q154R5",3,338,238,365,411,0.000188621316438004,0.000145263180014808,0.000246476942407587,345,1.25176452958525e-06,"Q154R5"
"withheld","All voters","Q663_Q666R1",3,407,182,478,561,0.000187369551908419,0.000101063953554885,0.000334833577534774,346,8.72226903420411e-07,"Q663_Q666R1"
"withheld","All voters","Q562",3,363.666666666667,243,413,435,0.000186497325004999,0.000148152794497856,0.00025697432309786,347,2.25067355855613e-07,"Q562"
"withheld","All voters","Q411_Q416R2",3,373,226,409,484,0.000186272257649143,0.000117416055807059,0.000285927260161782,348,3.65423820743502e-07,"Q411_Q416R2"
"withheld","All voters","Q282",3,348.333333333333,279,349,417,0.000185906833828399,0.000151857348560082,0.000222170846331095,349,1.67999597203052e-07,"Q282"
"withheld","All voters","Q549R7",3,338,306,310,398,0.000185738834231196,0.000156869986600788,0.000201103712495566,350,6.07211378628755e-07,"Q549R7"
"withheld","All voters","Q411_Q416R4",3,353,317,322,420,0.000185131622852568,0.000141826162310338,0.000216859483960152,351,1.90680308871774e-07,"Q411_Q416R4"
"withheld","All voters","Q399",3,367.666666666667,245,410,448,0.000184940942543696,0.000144698973499675,0.000254840197130048,352,1.20805157184434e-07,"Q399"
"withheld","All voters","Q547R7",3,359.333333333333,284,344,450,0.000184820137386511,0.000127931659708331,0.000239958739593703,353,2.62901486715035e-08,"Q547R7"
"withheld","All voters","Q203",3,394,190,470,522,0.00018479384723784,0.000103968255079895,0.000321938009127818,354,1.1207878826953e-07,"Q203"
"withheld","All voters","Q820",3,344,299,361,372,0.00018468176844957,0.000169818894086709,0.000207279787635195,355,2.61988814465898e-07,"Q820"
"withheld","All voters","Q751",3,362,214,390,482,0.000184419779635105,0.000118352377228058,0.000272773518182006,356,1.87188891608454e-07,"Q751"
"withheld","All voters","Q75",3,376,244,298,586,0.000184232590743496,9.29180223624742e-05,0.000256027491904625,357,4.62322004515862e-07,"Q75"
"withheld","All voters","Q673",3,374.333333333333,229,429,465,0.00018377026873898,0.000130571793723413,0.000282419314055363,358,1.65725330016387e-06,"Q673"
"withheld","All voters","Q690",3,344.666666666667,323,340,371,0.000182113015438816,0.000170160117046326,0.000188876891009163,359,1.13393834905406e-07,"Q690"
"withheld","All voters","Q316R2",3,362.333333333333,303,327,457,0.000181999621603911,0.000133452184669061,0.000207644369788388,360,5.85808860059357e-07,"Q316R2"
"withheld","All voters","Q41",3,392,225,397,554,0.000181413812743852,9.65367776372336e-05,0.00028830728895664,361,1.03967436112227e-07,"Q41"
"withheld","All voters","Q221R2",3,352.333333333333,290,318,449,0.000181309845307739,0.000144139511437522,0.000210458058692956,362,2.43727078692125e-07,"Q221R2"
"withheld","All voters","Q429_Q440R9",3,381,250,310,583,0.000181066118229047,9.34847642750728e-05,0.00024969933617527,363,2.96197132946088e-07,"Q429_Q440R9"
"withheld","All voters","Q162R7",3,380,241,369,530,0.000180769921096101,0.000111268064089736,0.000258558588460207,364,1.78183479619285e-09,"Q162R7"
"withheld","All voters","Q560R7",3,384,201,387,564,0.000180768139261305,0.000100649959125371,0.000286063676658351,365,1.35554477482738e-07,"Q560R7"
"withheld","All voters","Q62R3",3,402,202,483,521,0.000180632584783822,0.00011474192291503,0.000295847568230148,366,7.46251396392726e-08,"Q62R3"
"withheld","All voters","Q257BR1",3,357,257,371,443,0.000180557959644183,0.000145929392157445,0.000231972908512071,367,4.85571358520303e-07,"Q257BR1"
"withheld","All voters","Q752",3,363.666666666667,236,399,456,0.000180072388285663,0.000140158977870198,0.000248569970530578,368,1.04336837569594e-07,"Q752"
"withheld","All voters","Q257AR4",3,392.333333333333,241,342,594,0.000179968051448093,8.63615652930991e-05,0.000274448195199763,369,7.50505750397228e-08,"Q257AR4"
"withheld","All voters","Q221R1",3,371.666666666667,292,340,483,0.000179893000873053,0.000125010492718648,0.000234103469039789,370,9.21605455644306e-08,"Q221R1"
"withheld","All voters","Q727_Q731R1",3,381,237,386,520,0.000179800840327489,0.000115320375311578,0.000260453784560591,371,1.1166321822722e-06,"Q727_Q731R1"
"withheld","All voters","Q239R2",3,381,286,304,553,0.000178684208145217,9.65421747295664e-05,0.000237504894145858,372,5.97100457489191e-07,"Q239R2"
"withheld","All voters","Q99R3",3,367.333333333333,287,342,473,0.000178087107687728,0.000133233752852765,0.000212671148576017,373,3.73765668049164e-07,"Q99R3"
"withheld","All voters","Q62R1",3,385.333333333333,264,316,576,0.000177713342019678,8.99741283820381e-05,0.000226244068597823,374,1.27240107243432e-06,"Q62R1"
"withheld","All voters","Q154R2",3,412.666666666667,184,457,597,0.000176440940947244,9.00945930833642e-05,0.00031328622224221,375,1.82550006505989e-08,"Q154R2"
"withheld","All voters","Q494_Q503R3",3,376.333333333333,247,357,525,0.000176422685946593,0.000117616143762101,0.000241740978116856,376,1.11494159717987e-07,"Q494_Q503R3"
"withheld","All voters","Q534",3,401,218,378,607,0.000176311191786875,8.69604448639105e-05,0.000273529551930514,377,9.06737831530581e-08,"Q534"
"withheld","All voters","Q456_Q461R3",3,361.666666666667,263,398,424,0.000176220518003722,0.000149772464648336,0.000226827003188744,378,6.66029293568029e-07,"Q456_Q461R3"
"withheld","All voters","Q316R5",3,368.666666666667,273,403,430,0.000175554488710154,0.000143837965545797,0.000226768451126003,379,6.73987492678853e-07,"Q316R5"
"withheld","All voters","Q561",3,391.333333333333,284,318,572,0.000174880501217475,9.46695635912582e-05,0.000215804163232335,380,1.03450822986468e-07,"Q561"
"withheld","All voters","Q287R7",3,359.666666666667,332,358,389,0.000174777050394489,0.000162276098828497,0.000192435115203642,381,2.02155309926875e-07,"Q287R7"
"withheld","All voters","Q661",3,358.333333333333,294,365,416,0.000174574895084562,0.000152137068409621,0.000206739355336773,382,1.8926424563188e-08,"Q661"
"withheld","All voters","Q727_Q731R4",3,397.333333333333,240,453,499,0.000174555968659999,0.00012213823967767,0.00027471330632583,383,2.23963314990871e-06,"Q727_Q731R4"
"withheld","All voters","Q660",3,384.333333333333,229,459,465,0.00017231633551009,0.00012433937511159,0.000257872436750666,384,6.46307195827566e-07,"Q660"
"withheld","All voters","Q701_Q705R3",3,364.666666666667,317,377,400,0.000171670028314263,0.000149241433717287,0.000198424859697427,385,4.71023271240095e-07,"Q701_Q705R3"
"withheld","All voters","Q386_Q390R3",3,368.666666666667,335,368,403,0.000171199005043023,0.000158059295544393,0.00018267048966904,386,8.09598207302052e-08,"Q386_Q390R3"
"withheld","All voters","Q429_Q440R6",3,386.666666666667,297,377,486,0.000171118045222292,0.000124512352229408,0.000227247977725975,387,3.06663118799665e-07,"Q429_Q440R6"
"withheld","All voters","Q333",3,431.333333333333,202,459,633,0.000170811382103493,6.73564505227499e-05,0.000312466313238805,388,7.37830155976029e-07,"Q333"
"withheld","All voters","Q693_Q700R2",3,367,357,363,381,0.000170073551947517,0.00016565061983653,0.000178014648327299,389,1.66730778551231e-06,"Q693_Q700R2"
"withheld","All voters","Q287R2",3,398,235,380,579,0.000168406244162004,8.77072648299801e-05,0.000250794423404533,390,5.42257775620533e-07,"Q287R2"
"withheld","All voters","Q29",3,376.333333333333,321,388,420,0.000167863986386384,0.000151466061713349,0.000196780051337754,391,3.26633635680231e-07,"Q29"
"withheld","All voters","Q429_Q440R8",3,377.333333333333,337,370,425,0.000167537352750704,0.000149694168689479,0.000181530458543946,392,4.64001008365037e-07,"Q429_Q440R8"
"withheld","All voters","Q152",3,409.666666666667,300,316,613,0.000167073351742339,7.62272339815997e-05,0.000226078480256548,393,5.45198523206896e-07,"Q152"
"withheld","All voters","Q551_Q559R1",3,382,351,356,439,0.000166528153219132,0.000147583097374749,0.000181843264851573,394,9.65277857299061e-07,"Q551_Q559R1"
"withheld","All voters","Q278",3,408.333333333333,225,479,521,0.000165562875361833,0.00011849578646205,0.000259583658450509,395,3.88697982626595e-08,"Q278"
"withheld","All voters","Q812",3,379.333333333333,333,382,423,0.00016552400556357,0.000147026530184587,0.000183101919220939,396,1.15093473906805e-06,"Q812"
"withheld","All voters","Q111R2",3,439.333333333333,218,503,597,0.000164373070824502,8.5773775675312e-05,0.000295141161179262,397,1.94626652865278e-07,"Q111R2"
"withheld","All voters","Q597_Q602R5",3,407.333333333333,278,401,543,0.000164178444171637,0.000111434850002539,0.000222613082740836,398,4.95619996245845e-08,"Q597_Q602R5"
"withheld","All voters","NEWQ67",3,418.333333333333,290,299,666,0.000164128882172012,5.4497408790902e-05,0.000226867609674219,399,7.69808070048909e-07,"NEWQ67"
"withheld","All voters","Q560R3",3,382.333333333333,375,378,394,0.000163359074101963,0.000160613375055363,0.000167041354123916,400,4.09215793132484e-08,"Q560R3"
"withheld","All voters","Q77R1",3,413,310,352,577,0.00016331815252265,8.86222735050792e-05,0.000219499526720011,401,1.63282332234975e-07,"Q77R1"
"withheld","All voters","Q187R3",3,391.666666666667,343,361,471,0.000163154870190415,0.000133473011184723,0.000188066457125383,402,2.86549206826586e-07,"Q187R3"
"withheld","All voters","Q154R3",3,393,319,359,501,0.000162868320983588,0.000112583285575892,0.000197321386953468,403,3.9481315037174e-07,"Q154R3"
"withheld","All voters","Q494_Q503R2",3,422.333333333333,240,330,697,0.000162473507833217,3.77771668394067e-05,0.000246070882491139,404,1.14924357626282e-07,"Q494_Q503R2"
"withheld","All voters","Q99R1",3,395.666666666667,305,354,528,0.00016235858347559,0.000115035739040367,0.000201139224943102,405,1.32201494589397e-07,"Q99R1"
"withheld","All voters","Q521_Q528R4",3,402.666666666667,323,402,483,0.000162226381981001,0.000117537561424473,0.000210816874091885,406,7.03212680899459e-07,"Q521_Q528R4"
"withheld","All voters","Q159R2",3,404.666666666667,329,351,534,0.000161523169300101,0.000109527615625286,0.000203789140218853,407,1.26350634316899e-06,"Q159R2"
"withheld","All voters","Q225R7",3,391.333333333333,364,383,427,0.000160259662956932,0.000149595717906139,0.000173357717669992,408,1.43432613608729e-07,"Q225R7"
"withheld","All voters","Q194",3,400.666666666667,291,414,497,0.000160116230343324,0.000126527145581009,0.000209342421298395,409,1.09788765604628e-06,"Q194"
"withheld","All voters","Q551_Q559R8",3,398.666666666667,336,428,432,0.000159018342687277,0.000136954915953827,0.00019058007664832,410,7.42822728286134e-07,"Q551_Q559R8"
"withheld","All voters","Q335",3,402.666666666667,289,392,527,0.000158275519958991,0.000102541547513267,0.000211125337756153,411,4.71680541372377e-08,"Q335"
"withheld","All voters","Q182",3,445,205,496,634,0.000158228351904854,6.6592705887716e-05,0.000281492117560555,412,8.8234187581784e-07,"Q182"
"withheld","All voters","Q131R12",3,413.666666666667,261,471,509,0.000157346010029036,0.000120583873226226,0.000230028893982906,413,2.76644182633921e-07,"Q131R12"
"withheld","All voters","Q159R3",3,396.666666666667,373,405,412,0.000157069365846402,0.000144580495786918,0.000170906055945352,414,2.87937026840986e-07,"Q159R3"
"withheld","All voters","Q563_Q572R2",3,446,207,535,596,0.000156781428819561,9.02786075257703e-05,0.00027890831876071,415,3.83592381944563e-07,"Men: political representation"
"withheld","All voters","Q239R4",3,402.666666666667,339,419,450,0.000156397836437617,0.000136973228296314,0.000180736634666066,416,1.12619149153173e-07,"Q239R4"
"withheld","All voters","Q545R7",3,430.666666666667,239,494,559,0.000156285217288464,9.54955121243206e-05,0.000246368205599602,417,1.7667319874033e-07,"Q545R7"
"withheld","All voters","Q797",3,424.333333333333,300,347,626,0.000156108544089723,7.22947169736439e-05,0.000206193593635262,418,3.12846553193464e-07,"Q797"
"withheld","All voters","Q754_Q762R7",3,445.666666666667,216,429,692,0.00015579569753653,4.24659462280116e-05,0.00027579763272889,419,3.57861946355365e-07,"Q754_Q762R7"
"withheld","All voters","Q380",3,464.666666666667,223,585,586,0.000155437835590174,8.59176312171356e-05,0.000290250394006623,420,7.51126191473131e-08,"Q380"
"withheld","All voters","Q286",3,411.666666666667,314,430,491,0.000155362722971027,0.000128834976852129,0.000199268629454247,421,8.6438102388784e-08,"Q286"
"withheld","All voters","Q816",3,403,390,404,415,0.000155276284868638,0.000152698368881168,0.000157931098908097,422,2.76765963671947e-08,"Q816"
"withheld","All voters","Q99R9",3,422.666666666667,259,486,523,0.000155248608272271,0.000117082959426443,0.000230842752991648,423,4.64792284480658e-07,"Q99R9"
"withheld","All voters","Q243R1",3,411.333333333333,312,430,492,0.00015478381598779,0.000115789564055795,0.000199634982626713,424,4.32774747190012e-07,"Q243R1"
"withheld","All voters","Q417_Q424R1",3,412,320,384,532,0.0001543510412406,0.000101445090551465,0.000197320332584787,425,6.82970973505054e-08,"Q417_Q424R1"
"withheld","All voters","Q754_Q762R8",3,470,187,544,679,0.00015428274414325,5.74579584336296e-05,0.000307245249396369,426,1.49843215828692e-07,"Q754_Q762R8"
"withheld","All voters","Q754_Q762R2",3,408.333333333333,361,372,492,0.000154132900927421,0.000123135000158794,0.000175877183027825,427,1.19313081269789e-07,"Q754_Q762R2"
"withheld","All voters","Q273R4",3,409,376,391,460,0.000154013587846151,0.000138561481129161,0.000162180286316472,428,9.26594461827038e-08,"Q273R4"
"withheld","All voters","Q409",3,432.666666666667,274,424,600,0.000153920928399969,8.8813444308383e-05,0.000226509548508963,429,5.76464365918808e-07,"Q409"
"withheld","All voters","Q754_Q762R9",3,430.666666666667,314,436,542,0.00015334446403405,9.94804040452781e-05,0.000218655052481675,430,5.3833375887705e-07,"Q754_Q762R9"
"withheld","All voters","Q548R7",3,415.666666666667,354,397,496,0.000152806130275173,0.000122478247258819,0.000183362624464854,431,6.73969405136458e-07,"Q548R7"
"withheld","All voters","Q287R1",3,412.666666666667,356,416,466,0.000152132160870036,0.000122030779594296,0.000182079690386873,432,2.20148143594039e-07,"Q287R1"
"withheld","All voters","Q616_Q618R1",3,459,236,542,599,0.000151912012726442,8.34976094860985e-05,0.000260619560086158,433,2.03214045070674e-07,"Q616_Q618R1"
"withheld","All voters","Q386_Q390R2",3,420,284,464,512,0.000151708798681372,0.000107030235388949,0.000213109155786766,434,1.68558542081986e-07,"Q386_Q390R2"
"withheld","All voters","Q67",3,410.333333333333,369,407,455,0.00015154024013929,0.000135117829585016,0.000163935685971177,435,8.30903753058695e-07,"Q67"
"withheld","All voters","Q628",3,428.666666666667,271,423,592,0.000150709336386231,9.09421113047381e-05,0.000219943280831465,436,9.85982860356394e-07,"Q628"
"withheld","All voters","Q775",3,422.666666666667,368,369,531,0.000149723353525875,0.000113611639153634,0.000171498293130187,437,1.72493115494778e-07,"Q775"
"withheld","All voters","Q674R1",3,436.666666666667,338,349,623,0.00014955086041038,7.06165083162313e-05,0.000189897347871757,438,8.88908779283809e-07,"Q674R1"
"withheld","All voters","Q131R13",3,434.333333333333,273,422,608,0.000148661951631096,8.68674271140268e-05,0.000217561182770795,439,1.0518646373408e-06,"Q131R13"
"withheld","All voters","Q316R3",3,439.333333333333,308,463,547,0.000147610086993755,0.000109562847370465,0.000202454729186611,440,4.38171860129492e-08,"Q316R3"
"withheld","All voters","Q441_Q452R10",3,470,240,498,672,0.000147566269807742,6.11697197645845e-05,0.000259315167531053,441,1.116796742764e-07,"Q441_Q452R10"
"withheld","All voters","Q505_Q508R1",3,432,320,432,544,0.000147454590133466,0.000110774742262135,0.000188681814060773,442,1.11033289859895e-07,"Q505_Q508R1"
"withheld","All voters","Q351",3,422.666666666667,379,431,458,0.000147343556843606,0.000124947421734862,0.000168243997116662,443,2.64928892064641e-06,"Q351"
"withheld","All voters","Q268",3,446,327,381,630,0.00014469426792296,8.15670927431952e-05,0.000186245071437563,444,6.85276343403453e-07,"Q268"
"withheld","All voters","Q616_Q618R2",3,430.333333333333,382,401,508,0.000144008991579556,0.000109662373721857,0.000166086518642554,445,2.91387304336498e-07,"Q616_Q618R2"
"withheld","All voters","Q192",3,514.333333333333,178,653,712,0.00014371760427522,3.27379244547689e-05,0.000340009668435583,446,4.87949086223319e-07,"Q192"
"withheld","All voters","Q747",3,445.666666666667,325,418,594,0.000143229655188996,9.07069980002117e-05,0.000195705078124045,447,3.24435308008612e-08,"Q747"
"withheld","All voters","S11",3,449,287,514,546,0.000143197211658196,9.7787558189923e-05,0.000212148532172231,448,1.25971805347067e-07,"S11"
"withheld","All voters","Q476",3,444.666666666667,339,458,537,0.000143071239852848,0.000100721608251572,0.000189384139277761,449,1.88338262680269e-08,"Q476"
"withheld","All voters","Q454",3,433.666666666667,385,406,510,0.00014305240602658,0.000109139092983415,0.000164368396567299,450,7.23148783514154e-09,"Q454"
"withheld","All voters","Q529",3,482.666666666667,219,524,705,0.000143045174538745,3.8566154136785e-05,0.000272836308786079,451,1.91372712362437e-07,"Q529"
"withheld","All voters","Q117R12",3,450.333333333333,329,344,678,0.000142853801826383,4.83282698168668e-05,0.000194657775353739,452,8.78759834672829e-08,"Q117R12"
"withheld","All voters","Q257BR4",3,449.666666666667,313,507,529,0.000142765925842916,0.000111307068772074,0.000194980773761439,453,5.2351995669743e-07,"Q257BR4"
"withheld","All voters","Q672",3,438.666666666667,383,388,545,0.000142242405886218,9.79872843624485e-05,0.000166055398695234,454,7.7263808887434e-08,"Q672"
"withheld","All voters","Q785",3,445.666666666667,338,459,540,0.000142165142077331,0.000106952363628291,0.000180913235640763,455,6.16427361742995e-08,"Q785"
"withheld","All voters","Q472_Q474R1",3,438.333333333333,392,447,476,0.000142103499341156,0.000127189514038763,0.000154411350160732,456,1.55064671969333e-07,"Q472_Q474R1"
"withheld","All voters","Q604_Q605R1",3,446,346,456,536,0.000141948434669187,0.000109345496471614,0.000190412682807128,457,2.27999214027109e-08,"Q604_Q605R1"
"withheld","All voters","Q401_Q404R4",3,444,345,408,579,0.000141925634747784,9.43709069804644e-05,0.000185392586838419,458,1.01788501413624e-06,"Q401_Q404R4"
"withheld","All voters","Q381_Q383R3",3,439.333333333333,387,412,519,0.000140907749733648,0.000104735080869854,0.000163565392488931,459,5.79442264944457e-07,"Q381_Q383R3"
"withheld","All voters","Q646_Q651R8",2,448,393,448,503,0.000140328307468704,0.000120033061573661,0.000160623553363746,460,2.74336204839851e-07,"Q646_Q651R8"
"withheld","All voters","Q754_Q762R4",3,438.666666666667,385,442,489,0.000140053971263864,0.00011644985044081,0.000163676115853178,461,2.88814397175546e-10,"Q754_Q762R4"
"withheld","All voters","Q804",3,447.333333333333,376,462,504,0.000140053682449467,0.000112142388645411,0.000170395104818604,462,1.25235655524755e-06,"Q804"
"withheld","All voters","Q478_Q483R5",3,447,357,460,524,0.000138801325894219,0.000103146942177156,0.000181237344676509,463,6.04128072088819e-07,"Q478_Q483R5"
"withheld","All voters","Q679_Q682R4",3,468,337,505,562,0.00013819719782213,9.4386366865352e-05,0.000201369634925077,464,1.59468892335884e-07,"Q679_Q682R4"
"withheld","All voters","Q604_Q605R2",3,453.333333333333,315,400,645,0.000138037728929794,6.58860387665615e-05,0.000191924276516152,465,5.12308954453259e-07,"Q604_Q605R2"
"withheld","All voters","Q343R1",3,441.333333333333,397,454,473,0.000137525419975341,0.000119558295691285,0.000157466210037364,466,5.60217669371983e-07,"Q343R1"
"withheld","All voters","Q535_Q538R3",3,454,359,428,575,0.000136965202305969,9.61267266606432e-05,0.000169477439638018,467,1.0269104760871e-07,"Q535_Q538R3"
"withheld","All voters","Q266",3,467.333333333333,283,432,687,0.00013686251125836,4.50697589378654e-05,0.000217016359480722,468,3.62338594844959e-07,"Q266"
"withheld","All voters","Q365",3,460,327,472,581,0.000136500172663515,9.41562183009425e-05,0.000194832245985043,469,2.46516078954769e-07,"Q365"
"withheld","All voters","Q117R6",3,463.333333333333,324,449,617,0.000136253656584561,8.43799328976897e-05,0.000186883945683558,470,9.15096376108876e-07,"Q117R6"
"withheld","All voters","Q69",3,459.333333333333,396,488,494,0.000135338560208452,0.000123009822321793,0.000153171412178789,471,1.64471501113605e-07,"Q69"
"withheld","All voters","Q535_Q538R1",3,452.333333333333,422,448,487,0.000135174088707338,0.000116981785225754,0.000150920908783805,472,3.37032019782598e-08,"Q535_Q538R1"
"withheld","All voters","Q363",3,459,408,414,555,0.00013514038550536,9.64699689736291e-05,0.000155266203759499,473,3.07086327427339e-07,"Q363"
"withheld","All voters","Q148",3,458.333333333333,406,444,525,0.000134833299177933,0.000112864725151959,0.000146236766316127,474,3.41857069236819e-10,"Q148"
"withheld","All voters","Q359R4",3,468.666666666667,309,446,651,0.000134832957320863,5.90734388006463e-05,0.000200394417432696,475,3.14285336278352e-07,"Q359R4"
"withheld","All voters","Q546R7",3,475.666666666667,326,527,574,0.000134518671984585,9.08817472123142e-05,0.000195600900098409,476,5.65039915539087e-08,"Q546R7"
"withheld","All voters","Q30",3,469.333333333333,325,530,553,0.000134462167993031,0.000102811850076588,0.000186663952728932,477,2.02353328563817e-07,"Q30"
"withheld","All voters","Q639",3,498.333333333333,266,578,651,0.000134259814664467,6.13843380522872e-05,0.000253331734229789,478,2.43293674351307e-07,"Q639"
"withheld","All voters","Q746B",3,470.666666666667,336,445,631,0.000134016520990116,8.11207832382996e-05,0.000182498454206009,479,3.37567963401455e-08,"Q746B"
"withheld","All voters","Q597_Q602R4",3,453,410,467,482,0.000133982764193776,0.000122001361338813,0.000154720554114169,480,2.99470323822279e-07,"Q597_Q602R4"
"withheld","All voters","Q667_Q671R3",3,467.333333333333,354,505,543,0.000133683293869954,9.88657490544101e-05,0.00017992405968427,481,1.07208593283303e-07,"Q667_Q671R3"
"withheld","All voters","Q99R5",3,460,411,454,515,0.00013357608527667,0.00011951357362912,0.000154446224236278,482,9.99509006468114e-08,"Q99R5"
"withheld","All voters","Q401_Q404R3",3,455.666666666667,445,458,464,0.000133476134376023,0.000122442166217275,0.000145316590593316,483,3.30611412118571e-07,"Q401_Q404R3"
"withheld","All voters","Q316R4",3,472,321,468,627,0.000133145522963905,8.173622670611e-05,0.000188440300709323,484,1.05984263894566e-06,"Q316R4"
"withheld","All voters","Q273R2",3,470,389,440,581,0.000132085680324959,8.71385890878459e-05,0.000161881288243873,485,4.12221288697905e-08,"Q273R2"
"withheld","All voters","Q369",3,479,334,501,602,0.000132044458196089,7.97565711768111e-05,0.000191808715047698,486,1.55939412630558e-07,"Q369"
"withheld","All voters","Q117R2",3,466.666666666667,398,402,600,0.000131888518783459,8.02146913740541e-05,0.000159232096547485,487,3.57200094486021e-07,"Q117R2"
"withheld","All voters","Q162R2",3,461.666666666667,421,473,491,0.000131531318688973,0.000116058222674242,0.000151158897079917,488,5.06669704904215e-08,"Q162R2"
"withheld","All voters","Q741",3,464.666666666667,429,481,484,0.000131480651718482,0.00011841086515058,0.000145093333634816,489,5.09850311977315e-07,"Q741"
"withheld","All voters","Q429_Q440R12",3,483.333333333333,285,519,646,0.000130970801406505,6.11573533934227e-05,0.000213033324838555,490,2.02512669176082e-07,"Q429_Q440R12"
"withheld","All voters","S14",3,478.333333333333,333,455,647,0.000130768288737329,7.3820480284638e-05,0.000192294190241021,491,1.16571166930359e-07,"S14"
"withheld","All voters","Q819",3,466,412,487,499,0.000130651717570399,0.000113972879546625,0.000153519917803095,492,2.47707688974899e-08,"Q819"
"withheld","All voters","Q494_Q503R6",3,514,223,631,688,0.000130626946801501,5.09924997033515e-05,0.000270582762880333,493,5.52464614900417e-07,"Q494_Q503R6"
"withheld","All voters","Q551_Q559R9",3,471.666666666667,413,500,502,0.000130074482186601,0.000120782776765563,0.000144580149890873,494,8.94395098717315e-07,"Q551_Q559R9"
"withheld","All voters","Q597_Q602R2",3,468.333333333333,394,443,568,0.000129180087087883,9.72522102987272e-05,0.000159070255924136,495,1.79085477248217e-07,"Q597_Q602R2"
"withheld","All voters","Q597_Q602R1",3,485.666666666667,329,562,566,0.000129001001610635,9.24235375928354e-05,0.000193707489412338,496,2.23261075709108e-07,"Q597_Q602R1"
"withheld","All voters","Q753",3,478,363,520,551,0.000128777740534926,0.000104588309831584,0.000174101689267207,497,3.99109397503257e-07,"Q753"
"withheld","All voters","Q70R1",3,492.333333333333,302,552,623,0.000128378631137423,7.29447841369067e-05,0.000204947215986004,498,1.61838577302428e-06,"Q70R1"
"withheld","All voters","Q646_Q651R5",3,523.666666666667,220,628,723,0.000126760245364399,3.70529144919878e-05,0.000271932508562347,499,1.33516016148709e-07,"Q646_Q651R5"
"withheld","All voters","Q287R5",3,477.666666666667,418,506,509,0.00012662672934825,0.000109220114524836,0.000151825302371674,500,7.29870166666356e-08,"Q287R5"
"withheld","All voters","Q679_Q682R1",3,484.333333333333,343,439,671,0.000126553742331583,5.20356344239308e-05,0.000195804489773656,501,1.34481128922533e-07,"Q679_Q682R1"
"withheld","All voters","Q494_Q503R9",3,492.666666666667,289,472,717,0.000126419261202661,4.00374351410366e-05,0.000211219460383247,502,5.44704715919517e-08,"Q494_Q503R9"
"withheld","All voters","Q111R1",3,484,362,539,551,0.000126364790731069,0.000100375443865536,0.0001755864262077,503,1.56152986127527e-08,"Q111R1"
"withheld","All voters","S2_M",3,486.333333333333,386,493,580,0.000126349175432456,8.76923009094307e-05,0.000163880770219866,504,3.09065054569194e-08,"S2_M"
"withheld","All voters","Q250R2",3,476,440,467,521,0.000126318268926999,0.000104302249756594,0.000140490510716862,505,1.27754152815169e-07,"Q250R2"
"withheld","All voters","Q611",3,497.666666666667,318,556,619,0.000126190514774184,8.39461178758759e-05,0.000198271053148617,506,2.27262066946645e-07,"Q611"
"withheld","All voters","Q350",3,504.666666666667,309,549,656,0.000125963252707237,6.05575027080664e-05,0.000219937659620485,507,2.89583620492886e-07,"Q350"
"withheld","All voters","Q521_Q528R7",3,488.333333333333,371,450,644,0.000125673669086744,6.1723239154749e-05,0.000171276605704051,508,2.46328924677423e-07,"Q521_Q528R7"
"withheld","All voters","Q411_Q416R5",3,479.666666666667,449,474,516,0.000125427340162067,0.000119423406682131,0.000129525524935476,509,2.82118047921043e-07,"Q411_Q416R5"
"withheld","All voters","Q151",3,488.333333333333,367,500,598,0.000125145222114146,8.07280870529935e-05,0.000173047175580049,510,2.59738159896907e-07,"Q151"
"withheld","All voters","Q491A",3,487.666666666667,444,452,567,0.000124885483954249,9.17895870221187e-05,0.000143388005673695,511,3.79947109831321e-07,"Q491A"
"withheld","All voters","Q441_Q452R2",3,483,456,479,514,0.000124505536844418,0.000106729012234998,0.000134922344345964,512,4.66837677669165e-07,"Q441_Q452R2"
"withheld","All voters","Q381_Q383R2",3,490.666666666667,378,493,601,0.000124038699166749,8.85698706046582e-05,0.000160490184629061,513,1.28817805698152e-06,"Q381_Q383R2"
"withheld","All voters","Q687",3,484.666666666667,391,393,670,0.000122750521109767,5.24536221000883e-05,0.000161949429343782,514,4.28842997636882e-08,"Q687"
"withheld","All voters","Q802",3,512.333333333333,288,590,659,0.000122707636810003,6.75631009078922e-05,0.000211622741301986,515,1.53223794051728e-08,"Q802"
"withheld","All voters","Q178R4",3,489.666666666667,411,453,605,0.000122692314430598,7.80965557124686e-05,0.000154005601023167,516,2.53616671669132e-07,"Q178R4"
"withheld","All voters","Q20",3,500.333333333333,337,497,667,0.000122438697758929,6.28764085529678e-05,0.000190136373150135,517,3.66055285450822e-08,"Q20"
"withheld","All voters","Q239R1",3,497.666666666667,362,506,625,0.000122402092230384,7.03668183996462e-05,0.00017470670691645,518,2.06746525227639e-07,"Q239R1"
"withheld","All voters","Q99R11",3,494.333333333333,427,499,557,0.000122195345705156,9.59608377059571e-05,0.000145546195313924,519,1.39294902730633e-07,"Q99R11"
"withheld","All voters","Q714",3,490.666666666667,379,515,578,0.000122056050802426,9.28398505920336e-05,0.000166952083966738,520,3.94020717548482e-07,"Q714"
"withheld","All voters","Q494_Q503R5",3,497,350,570,571,0.000121662030084877,9.57110647092744e-05,0.000171461768907375,521,2.49270130850174e-07,"Q494_Q503R5"
"withheld","All voters","Q640_Q645R3",3,496,426,511,551,0.000121412759954027,9.70018446815984e-05,0.000149642607776969,522,3.29104883105201e-07,"Q640_Q645R3"
"withheld","All voters","Q77R8",3,504,355,531,626,0.000121083655070922,8.17372341027765e-05,0.000170300345056221,523,9.33648165730831e-09,"Q77R8"
"withheld","All voters","Q93",3,505,352,527,636,0.000121074318589265,7.93766420337139e-05,0.000171114769255019,524,8.83877968461236e-07,"Q93"
"withheld","All voters","Q77R9",3,499,434,493,570,0.000120190440620803,9.71030440835841e-05,0.000148274752865036,525,1.01034495316567e-06,"Q77R9"
"withheld","All voters","Q486",3,504.333333333333,386,535,592,0.000119180095667638,8.7696433763802e-05,0.000157233372389012,526,4.07181104960765e-07,"Q486"
"withheld","All voters","Q396_Q398R2",3,501.333333333333,347,461,696,0.000118772914562677,4.85160390852785e-05,0.000184843698124075,527,1.55151700520067e-07,"Q396_Q398R2"
"withheld","All voters","Q551_Q559R2",3,495.333333333333,364,460,662,0.000118617762862157,5.84257687777382e-05,0.000174135512458951,528,8.6335795871323e-07,"Q551_Q559R2"
"withheld","All voters","Q663_Q666R4",3,503.333333333333,476,486,548,0.000117754404903444,0.000103647932466697,0.000130214640485936,529,9.93551039930722e-08,"Q663_Q666R4"
"withheld","All voters","Q646_Q651R9",2,509.5,439,509.5,580,0.00011765504979945,9.42881120680922e-05,0.000141021987530809,530,5.41173418936892e-07,"Q646_Q651R9"
"withheld","All voters","Q339",3,506,438,538,542,0.000117113876380514,0.000106375315813616,0.000132778099027597,531,1.97718085475073e-07,"Q339"
"withheld","All voters","Q379",3,503.666666666667,447,451,613,0.000116916158295038,8.58842447565566e-05,0.000137783059919079,532,7.80549255908174e-08,"Q379"
"withheld","All voters","Q754_Q762R1",3,507.666666666667,428,490,605,0.000116838103369448,8.77888710652249e-05,0.000138792572957167,533,2.84278612723983e-07,"Q754_Q762R1"
"withheld","All voters","Q70R4",3,507.666666666667,437,441,645,0.000116553824756724,7.5997289925022e-05,0.000141890244495852,534,9.64204396504279e-08,"Q70R4"
"withheld","All voters","Q591_Q596R2",3,515.666666666667,359,557,631,0.000116457404317073,6.79487820199917e-05,0.000177362801824512,535,1.831006109756e-07,"Q591_Q596R2"
"withheld","All voters","Q652_Q658R6",3,512.666666666667,417,489,632,0.000116274303706098,8.09600806932634e-05,0.000143673258224671,536,2.66586766423847e-07,"Q652_Q658R6"
"withheld","All voters","Q720_Q722R3",3,511.333333333333,502,510,522,0.000116007716939674,0.000112212963348231,0.000121266607447019,537,1.48014826481337e-07,"Q720_Q722R3"
"withheld","All voters","Q521_Q528R5",3,513.333333333333,400,568,572,0.000115859702113192,9.13732381555574e-05,0.000158909961662331,538,5.66847297500371e-07,"Q521_Q528R5"
"withheld","All voters","Q456_Q461R4",3,510.666666666667,470,471,591,0.000115292854815692,8.40900768692037e-05,0.000133581540942211,539,1.30900491466428e-07,"Q456_Q461R4"
"withheld","All voters","Q396_Q398R3",3,512,461,506,569,0.000115161954324226,9.71613278594045e-05,0.000138472327849953,540,1.93004370460011e-07,"Q396_Q398R3"
"withheld","All voters","Q193",3,508,401,481,642,0.000114968949953766,6.63584958528505e-05,0.000146996965542811,541,1.05250677044843e-06,"Q193"
"withheld","All voters","Q676_Q678R3",3,510.333333333333,420,442,669,0.000113916443183317,6.2051603645774e-05,0.000148441092722011,542,4.24775281181668e-07,"Q676_Q678R3"
"withheld","All voters","Q713",3,505.666666666667,370,446,701,0.000113491667902136,3.94243018291282e-05,0.000170242614981303,543,4.61836618706842e-08,"Q713"
"withheld","All voters","Q401_Q404R1",3,516.666666666667,464,475,611,0.000113445484240265,7.71690393985795e-05,0.000132527838815081,544,8.15805179144412e-07,"Q401_Q404R1"
"withheld","All voters","Q77R4",3,516.333333333333,462,519,568,0.00011262967906112,9.9298183027571e-05,0.000122817164839939,545,1.77857396531169e-07,"Q77R4"
"withheld","All voters","Q646_Q651R7",2,527.5,476,527.5,579,0.000112451821664589,9.28018390719362e-05,0.000132101804257242,546,3.58774054753805e-07,"Q646_Q651R7"
"withheld","All voters","Q77R6",3,520.333333333333,472,480,609,0.000112093047609836,7.72985524565363e-05,0.000133333259175614,547,2.8724797726648e-07,"Q77R6"
"withheld","All voters","Q679_Q682R2",3,514,410,463,669,0.000111805799632569,5.25389504174011e-05,0.000145848540650709,548,5.71347280360385e-07,"Q679_Q682R2"
"withheld","All voters","Q386_Q390R4",3,513.333333333333,396,441,703,0.000111234452352209,3.54629817897176e-05,0.000158034235404198,549,1.49723792263146e-07,"Q386_Q390R4"
"withheld","All voters","Q505_Q508R2",3,524.666666666667,434,567,573,0.000111084728559945,9.0912876064297e-05,0.000142322340575587,550,9.97321117466877e-07,"Q505_Q508R2"
"withheld","All voters","Q597_Q602R3",3,528.666666666667,426,539,621,0.000110087407442479,7.25273942383264e-05,0.000145578131954003,551,8.30353534919917e-07,"Q597_Q602R3"
"withheld","All voters","Q247",3,531,490,536,567,0.000109257053907559,9.75533135417592e-05,0.000129281090026623,552,2.18522257708004e-07,"Q247"
"withheld","All voters","Q738_Q740R1",3,527.333333333333,463,545,574,0.000109038531649851,9.44134626512021e-05,0.000122767413370987,553,1.98167855847156e-07,"Q738_Q740R1"
"withheld","All voters","Q429_Q440R10",3,529,453,485,649,0.000108840363794004,5.9535595819288e-05,0.000142261235094608,554,4.2538171334394e-07,"Q429_Q440R10"
"withheld","All voters","Q667_Q671R1",3,530.333333333333,409,517,665,0.00010841498208066,6.31157746406332e-05,0.000145921102215651,555,1.56227989524669e-07,"Q667_Q671R1"
"withheld","All voters","Q153",3,533.333333333333,438,524,638,0.000108258754091135,6.41610642748402e-05,0.00014760877199071,556,5.64202119477449e-08,"Q153"
"withheld","All voters","Q149",3,539.333333333333,408,569,641,0.000108202333879187,7.73839704782263e-05,0.000156086369980278,557,4.35868449252661e-07,"Q149"
"withheld","All voters","Q84",3,532.666666666667,511,540,547,0.000107766465429935,0.000104037747059651,0.000112118700029734,558,4.42078653215594e-07,"Q84"
"withheld","All voters","Q175R1",3,537,491,536,584,0.000107324386776719,8.5978446623304e-05,0.000123407978888976,559,2.04858736521467e-07,"Q175R1"
"withheld","All voters","S2_NATIVE",3,536.333333333333,443,558,608,0.000107119528040197,7.75086604723904e-05,0.00014000889860132,560,2.55832024344919e-07,"S2_NATIVE"
"withheld","All voters","Q250R5",3,531.666666666667,442,494,659,0.000106863696015853,5.94288590383139e-05,0.000146204135969812,561,6.21658599486545e-07,"Q250R5"
"withheld","All voters","Q535_Q538R2",3,535.333333333333,462,571,573,0.000106242037416366,9.09716952701758e-05,0.000130914934076808,562,3.29655868976699e-07,"Q535_Q538R2"
"withheld","All voters","Q591_Q596R4",3,538,505,549,560,0.000105912381547389,9.96097581130994e-05,0.000110079768062546,563,1.62339343008665e-08,"Q591_Q596R4"
"withheld","All voters","Q77R5",3,540,445,533,642,0.000105896147613088,7.69631032030862e-05,0.000130915074037507,564,5.38707716981658e-07,"Q77R5"
"withheld","All voters","Q591_Q596R6",3,543.333333333333,457,559,614,0.000105357439896107,7.61035310418785e-05,0.000139424002132103,565,3.39193733760979e-07,"Q591_Q596R6"
"withheld","All voters","Q754_Q762R6",3,548.333333333333,353,636,656,0.000105018246162346,6.54411541155348e-05,0.000180090776059455,566,3.43332448933433e-09,"Q754_Q762R6"
"withheld","All voters","Q364",3,531.666666666667,423,481,691,0.000105014812837856,3.93332871594195e-05,0.000150127559190051,567,2.07420584890272e-08,"Q364"
"withheld","All voters","Q117R9",3,542.666666666667,510,558,560,0.000104994070779367,9.55207479814667e-05,0.000117767147840546,568,9.10123030185462e-07,"Q117R9"
"withheld","All voters","Q287R3",3,547.333333333333,512,558,572,0.000104083947749182,9.09357759098651e-05,0.000119863124393281,569,6.55508872776965e-08,"Q287R3"
"withheld","All voters","Q484",3,541,502,518,603,0.000104018396861904,8.24823948955921e-05,0.000124079149846619,570,2.384608849696e-07,"Q484"
"withheld","All voters","Q640_Q645R4",3,533.333333333333,433,469,698,0.000103779935976935,4.76516758473528e-05,0.000142856002945365,571,2.05141817364278e-07,"Q640_Q645R4"
"withheld","All voters","Q204",3,546,495,550,593,0.00010357479415957,9.07110579939746e-05,0.000122952234005128,572,6.53210238289053e-08,"Q204"
"withheld","All voters","Q258",3,562.333333333333,268,699,720,0.000103509473135741,3.86508780579816e-05,0.000231773463188277,573,1.32455525124489e-07,"Q258"
"withheld","All voters","Q225R3",3,545.333333333333,500,555,581,0.000103377017610617,9.18645285438618e-05,0.000113570364265721,574,6.91805068483894e-08,"Q225R3"
"withheld","All voters","Q720_Q722R2",3,548.666666666667,480,580,586,0.000103307837103769,8.55769211288477e-05,0.000131575003253199,575,3.26003476971217e-08,"Q720_Q722R2"
"withheld","All voters","Q70R3",3,540.333333333333,474,522,625,0.000103275236756071,7.23330265633768e-05,0.00011953253868766,576,4.99753293482696e-07,"Q70R3"
"withheld","All voters","Q815",3,549,482,518,647,0.000102775483462589,6.08279965806218e-05,0.000131398234456421,577,3.73528049259542e-07,"Q815"
"withheld","All voters","Q386_Q390R1",3,547.666666666667,466,550,627,0.000102401955413329,6.98549604576399e-05,0.000134173658943276,578,7.6092715510959e-08,"Q386_Q390R1"
"withheld","All voters","Q591_Q596R1",3,536.333333333333,437,461,711,0.000102325862697818,4.23491396041279e-05,0.000132900510102121,579,3.47875550051028e-07,"Q591_Q596R1"
"withheld","All voters","Q521_Q528R8",3,545.333333333333,478,534,624,0.000101977987147767,7.2659833183494e-05,0.000131923171803754,580,1.03345287636667e-08,"Q521_Q528R8"
"withheld","All voters","Q630_Q632R3",3,546.666666666667,396,563,681,0.000101967652619004,4.56236913252948e-05,0.000159524012035267,581,1.16285130146229e-07,"Q630_Q632R3"
"withheld","All voters","Q551_Q559R5",3,552,523,564,569,0.000101851367488857,9.37746060971148e-05,0.000113340301123559,582,4.53925620032123e-08,"Q551_Q559R5"
"withheld","All voters","Q78",3,538.666666666667,452,485,679,0.000101805974926854,4.8224442818083e-05,0.000130269960098275,583,1.14250344348529e-07,"Q78"
"withheld","All voters","Q551_Q559R6",3,552.666666666667,508,556,594,0.000101691724582506,8.19223707963966e-05,0.000121425869275909,584,4.20534080023533e-07,"Q551_Q559R6"
"withheld","All voters","Q535_Q538R4",3,554.666666666667,520,561,583,0.000101271190502482,9.08854043646256e-05,0.000118512571506122,585,3.06222709958907e-07,"Q535_Q538R4"
"withheld","All voters","Q477",3,554.666666666667,515,516,633,0.000100964967792523,8.03011846142087e-05,0.000116340673465658,586,1.55166638799944e-06,"Q477"
"withheld","All voters","Q723_Q725R1",3,561,529,562,592,9.94133014045238e-05,8.40544182595462e-05,0.000114665305162575,587,2.04919630980295e-08,"Q723_Q725R1"
"withheld","All voters","Q551_Q559R4",3,551.666666666667,475,507,673,9.93928094414257e-05,6.06020174685405e-05,0.000119513210134298,588,7.90176121086137e-08,"Q551_Q559R4"
"withheld","All voters","Q573",3,559,417,606,654,9.93137918293171e-05,5.83277563987935e-05,0.000152233502734948,589,5.83467822331158e-07,"Q573"
"withheld","All voters","Q150",3,558.666666666667,541,559,576,9.8730324006986e-05,9.42017033046072e-05,0.00010234271174203,590,1.3164383478822e-08,"Q150"
"withheld","All voters","Q646_Q651R10",2,567.5,545,567.5,590,9.87171596235071e-05,9.24590424829669e-05,0.000104975276764047,591,5.39962937463765e-08,"Q646_Q651R10"
"withheld","All voters","Q652_Q658R4",3,563.333333333333,405,628,657,9.86631633297608e-05,6.92875016547157e-05,0.000156896340063235,592,5.46580235581009e-07,"Q652_Q658R4"
"withheld","All voters","Q86",3,564.333333333333,451,603,639,9.81165830941797e-05,7.77896254256281e-05,0.000136927061599586,593,1.48843093013764e-07,"Q86"
"withheld","All voters","Q283",3,563,538,563,588,9.7967740001166e-05,9.27071396203484e-05,0.000107261835260557,594,8.71308474774667e-08,"Q283"
"withheld","All voters","Q429_Q440R3",3,555,399,618,648,9.78806091536885e-05,6.33713829209319e-05,0.000156839596913615,595,9.96375216769658e-07,"Q429_Q440R3"
"withheld","All voters","Q68",3,560.666666666667,364,643,675,9.68842339369189e-05,5.91959985405952e-05,0.000165270614559922,596,2.95209537356687e-07,"Q68"
"withheld","All voters","Q814",3,563,540,573,576,9.65890243995622e-05,9.46486330019961e-05,9.9689492916586e-05,597,3.93363268593871e-07,"Q814"
"withheld","All voters","Q532",1,574,574,574,574,9.61956611309683e-05,9.61956611309683e-05,9.61956611309683e-05,598,9.76834193478968e-08,"Q532"
"withheld","All voters","Q463",3,552.666666666667,395,552,711,9.60979777116204e-05,3.33293835945106e-05,0.000158240085992623,599,4.44936792626745e-07,"Q463"
"withheld","All voters","Q521_Q528R3",3,565.333333333333,351,672,673,9.56530409189937e-05,4.99829144967314e-05,0.000186678592320849,600,9.99248275395829e-08,"Q521_Q528R3"
"withheld","All voters","Q719",3,567,477,561,663,9.55531160914541e-05,5.50395315670153e-05,0.000132023932996653,601,6.60840963625584e-07,"Q719"
"withheld","All voters","Q77R2",3,569.666666666667,549,578,582,9.48922751278285e-05,8.66208698661307e-05,0.0001035432410116,602,2.22993880621641e-07,"Q77R2"
"withheld","All voters","Q663_Q666R3",3,569.666666666667,538,582,589,9.46692812472069e-05,9.09393596967117e-05,0.000100435945618917,603,3.20509203644999e-07,"Q663_Q666R3"
"withheld","All voters","Q70R5",3,568.333333333333,531,541,633,9.43487720435619e-05,6.98947605631632e-05,0.000111652424928319,604,1.04710523825537e-07,"Q70R5"
"withheld","All voters","Q685",3,565.333333333333,431,557,708,9.42440615197363e-05,4.34341049839156e-05,0.000137838707091907,605,1.42136567103153e-07,"Q685"
"withheld","All voters","Q77R3",3,570.666666666667,441,602,669,9.41019249526332e-05,5.29195674344836e-05,0.000146871510078724,606,9.77467213239818e-07,"Q77R3"
"withheld","All voters","Q494_Q503R1",3,577.666666666667,537,577,619,9.31244577393933e-05,7.31300013607692e-05,0.000112206525379497,607,8.72282704549225e-07,"Q494_Q503R1"
"withheld","All voters","Q494_Q503R7",3,573,488,604,627,9.22521750348441e-05,7.16346880496614e-05,0.000116923049934101,608,2.13217871945534e-07,"Q494_Q503R7"
"withheld","All voters","Q521_Q528R2",3,581,526,602,615,9.20389571628986e-05,7.4857732053144e-05,0.000112819445656677,609,1.54492038216065e-08,"Q521_Q528R2"
"withheld","All voters","Q40",3,578.333333333333,533,601,601,9.2023507959077e-05,8.00542738360263e-05,0.000113202706204934,610,6.5388977512929e-07,"Q40"
"withheld","All voters","Q262",3,573,468,610,641,9.13696181839477e-05,6.64289471780941e-05,0.000121273174980968,611,7.12393060867941e-08,"Q262"
"withheld","All voters","Q640_Q645R5",3,579.666666666667,513,589,637,9.12983788778609e-05,6.518175363958e-05,0.000119701272574663,612,2.63906593970462e-08,"Q640_Q645R5"
"withheld","All voters","Q429_Q440R7",3,572,485,571,660,9.12719882184638e-05,5.89114397408095e-05,0.000117202457884226,613,6.57870416649907e-07,"Q429_Q440R7"
"withheld","All voters","Q663_Q666R2",3,585.333333333333,544,596,616,9.06141178018139e-05,8.13480129314013e-05,0.000105509624452544,614,3.09541824994268e-07,"Q663_Q666R2"
"withheld","All voters","Q77R7",3,577.666666666667,381,649,703,9.03045759768197e-05,3.86785105876866e-05,0.000159312734085719,615,2.04482722451909e-07,"Q77R7"
"withheld","All voters","Q715_718R4",3,575.666666666667,421,596,710,9.01000932543678e-05,4.24748763610578e-05,0.000141698666677297,616,4.06210500669083e-07,"Q715_718R4"
"withheld","All voters","Q429_Q440R4",3,580.333333333333,426,655,660,8.96938827536987e-05,6.10496533612732e-05,0.000140581838874261,617,3.05444885756399e-07,"Q429_Q440R4"
"withheld","All voters","Q720_Q722R1",3,578.666666666667,455,604,677,8.93884378679423e-05,4.84936337573612e-05,0.000140778115301854,618,4.84709718078947e-07,"Q720_Q722R1"
"withheld","All voters","Q453",3,580.666666666667,529,548,665,8.89037281498633e-05,5.57552686821398e-05,0.000108926281973909,619,2.46000719929701e-07,"Q453"
"withheld","All voters","Q88",3,587.666666666667,467,634,662,8.86577274299336e-05,5.56084639391464e-05,0.000130188058506004,620,4.28661907774268e-08,"Q88"
"withheld","All voters","Q732_Q737R1",3,581.666666666667,517,535,693,8.86148612391562e-05,5.01799615909947e-05,0.000109466354327205,621,5.76764266523239e-08,"Q732_Q737R1"
"withheld","All voters","Q429_Q440R5",3,589.333333333333,514,614,640,8.85571848125039e-05,6.31993087839902e-05,0.000116687358026031,622,6.25153580414392e-08,"Q429_Q440R5"
"withheld","All voters","Q692",3,581.666666666667,528,582,635,8.84946694544624e-05,6.95412439966845e-05,0.000102057049332418,623,4.52702363852369e-07,"Q692"
"withheld","All voters","Q763_Q766R3",3,586,511,597,650,8.80419670906101e-05,6.2385994083138e-05,0.000120779807611414,624,3.96606407953245e-07,"Q763_Q766R3"
"withheld","All voters","Q467_Q469R3",3,586,526,552,680,8.76453606826568e-05,5.73813890048184e-05,0.000102926712958177,625,7.14590792823266e-08,"Q467_Q469R3"
"withheld","All voters","Q400",3,588,517,621,626,8.75739016033745e-05,7.03515344597587e-05,0.000119095511979834,626,2.80385041004248e-06,"Q400"
"withheld","All voters","Q646_Q651R11",2,602,546,602,658,8.4770051193332e-05,5.9925234853806e-05,0.000109614867532858,627,3.24229137009692e-08,"Q646_Q651R11"
"withheld","All voters","Q551_Q559R7",3,599.333333333333,563,565,670,8.4737628279631e-05,6.17432083918895e-05,9.93226445310903e-05,628,3.04664364331468e-07,"Q551_Q559R7"
"withheld","All voters","Q456_Q461R5",3,597.666666666667,534,629,630,8.44329639152996e-05,6.89358097092469e-05,0.000113193775779601,629,3.53934572578317e-08,"Q456_Q461R5"
"withheld","All voters","Q280",3,603,528,635,646,8.43975704580418e-05,6.62108088810922e-05,0.000111660560323289,630,4.69964990169856e-07,"Q280"
"withheld","All voters","Q394",3,592,478,634,664,8.39276054678719e-05,6.33614496457694e-05,0.000118748377864358,631,7.68601259047789e-07,"Q394"
"withheld","All voters","Q763_Q766R2",3,605.333333333333,584,612,620,8.31590042088241e-05,7.26876717713324e-05,9.07587172190353e-05,632,1.20047407126895e-06,"Q763_Q766R2"
"withheld","All voters","Q46",3,604.333333333333,553,606,654,8.19585301375552e-05,6.11119483830797e-05,0.000106708870438863,633,4.0114619284037e-07,"Q46"
"withheld","All voters","Q406",3,604,518,639,655,8.15573839447148e-05,5.83038887620372e-05,0.000119027975651998,634,8.39271774735688e-07,"Q406"
"withheld","All voters","Q763_Q766R4",3,601,503,615,685,8.07181121699791e-05,4.3235955587412e-05,0.00012384827787341,635,3.29713991029226e-08,"Q763_Q766R4"
"withheld","All voters","S1",3,588.666666666667,331,694,741,8.06851407708762e-05,0,0.000192651418527907,636,1.15850429184958e-06,"S1"
"withheld","All voters","Q754_Q762R3",3,607.333333333333,526,600,696,7.95266364790266e-05,3.78689635380376e-05,0.000117592995377917,637,1.43644225268917e-07,"Q754_Q762R3"
"withheld","All voters","Q676_Q678R2",3,613.666666666667,566,609,666,7.93829922537577e-05,5.37473652918526e-05,9.79600984177944e-05,638,1.96935625372218e-07,"Q676_Q678R2"
"withheld","All voters","Q652_Q658R1",3,605.666666666667,507,637,673,7.91860566283855e-05,4.96030263514827e-05,0.000109734829729893,639,8.51891010112543e-08,"Q652_Q658R1"
"withheld","All voters","S2_RACE",3,603.333333333333,513,613,684,7.91008675273742e-05,5.46937603159996e-05,0.000106818395504395,640,1.54021394290758e-06,"S2_RACE"
"withheld","All voters","Q732_Q737R6",3,600.333333333333,370,702,729,7.75606535844666e-05,2.9945836105349e-05,0.000163865600079335,641,3.8166139894975e-07,"Q732_Q737R6"
"withheld","All voters","Q688",3,614.333333333333,554,593,696,7.71789921855169e-05,4.19553037347491e-05,0.000106631893636034,642,3.33378261662361e-07,"Q688"
"withheld","All voters","S10_MEX",3,620.333333333333,599,615,647,7.68456139238545e-05,6.4757209838401e-05,8.52601842643104e-05,643,2.67991250956008e-07,"S10_MEX"
"withheld","All voters","Q679_Q682R3",3,619.333333333333,560,637,661,7.65776226728985e-05,6.67463174597037e-05,9.45639791688977e-05,644,3.00811936385618e-08,"Q679_Q682R3"
"withheld","All voters","Q370",3,618,512,660,682,7.654754147926e-05,5.58651324469363e-05,0.000117574045570452,645,3.42278616203166e-07,"Q370"
"withheld","All voters","Q521_Q528R6",3,611.666666666667,490,667,678,7.62052628630568e-05,5.44656691770723e-05,0.000116342582072568,646,6.05545186639796e-07,"Q521_Q528R6"
"withheld","All voters","Q243R3",3,623.666666666667,617,625,629,7.5599717676417e-05,6.97356477115324e-05,8.21870883998805e-05,647,8.54933449918288e-07,"Q243R3"
"withheld","All voters","Q487_Q489R1",3,617.666666666667,548,608,697,7.47447842264987e-05,4.76570000090875e-05,9.76504240540806e-05,648,8.17330678856384e-07,"Q487_Q489R1"
"withheld","All voters","Q441_Q452R8",3,623.333333333333,547,643,680,7.39274535476423e-05,4.72007988390518e-05,9.76963149149061e-05,649,2.01354311934644e-07,"Q441_Q452R8"
"withheld","All voters","Q505_Q508R3",3,627.666666666667,587,628,668,7.37260992357077e-05,5.4265177005487e-05,8.52614815410004e-05,650,9.36070070664338e-07,"Q505_Q508R3"
"withheld","All voters","Q175R2",3,622.333333333333,565,616,686,7.27900291650433e-05,4.30760932782097e-05,0.000100280274457798,651,7.37573316796655e-08,"Q175R2"
"withheld","All voters","Q494_Q503R10",3,632.333333333333,630,632,635,7.27162718333637e-05,6.78038485436323e-05,7.93982272943144e-05,652,9.99581294447752e-08,"Q494_Q503R10"
"withheld","All voters","Q723_Q725R2",3,628.666666666667,606,612,668,7.26163137039189e-05,6.22620444122048e-05,7.93396084219295e-05,653,8.85366847229381e-08,"Q723_Q725R2"
"withheld","All voters","Q763_Q766R1",3,632,595,648,653,7.2527777019196e-05,5.96944824516197e-05,8.62856941374179e-05,654,2.8411955738145e-07,"Q763_Q766R1"
"withheld","All voters","Q456_Q461R2",3,627.666666666667,577,636,670,7.22436574618145e-05,5.22241595258389e-05,9.52053615976616e-05,655,4.14868302477906e-07,"Q456_Q461R2"
"withheld","All voters","Q250R8",3,612.333333333333,474,617,746,7.18287891593366e-05,8.92745019421614e-06,0.000133064071902436,656,2.97415624796855e-09,"Q250R8"
"withheld","All voters","Q640_Q645R1",3,616,424,698,726,7.18258150030886e-05,3.44012347500762e-05,0.000140680523198629,657,1.91829801501667e-07,"Q640_Q645R1"
"withheld","All voters","Q542",3,621.666666666667,554,570,741,7.1633985201587e-05,2.14392041164178e-05,0.000102475530779295,658,5.88381234978958e-07,"Q542"
"withheld","All voters","Q732_Q737R3",3,628.666666666667,591,612,683,7.1045603966608e-05,4.43958811731817e-05,9.16615319419435e-05,659,4.78055936583047e-08,"Q732_Q737R3"
"withheld","All voters","Q441_Q452R11",3,632,585,589,722,7.09977983729497e-05,3.76364874928139e-05,9.03429407294244e-05,660,4.72510166266279e-08,"Q441_Q452R11"
"withheld","All voters","Q494_Q503R4",3,628.666666666667,550,661,675,7.09505473563231e-05,4.89968848181226e-05,0.000108013142876143,661,1.07304578840682e-07,"Q494_Q503R4"
"withheld","All voters","Q630_Q632R2",3,610.666666666667,374,715,743,7.08432427774824e-05,1.68684228559717e-05,0.000170750817396272,662,8.32213581361589e-08,"Q630_Q632R2"
"withheld","All voters","Q254",3,634.666666666667,555,651,698,7.07600214193462e-05,3.75300405640915e-05,0.000102223485477447,663,4.74923744206502e-07,"Q254"
"withheld","All voters","Q429_Q440R1",3,634.666666666667,610,618,676,7.02850976751397e-05,5.8953792182386e-05,7.72305212340116e-05,664,7.844823577653e-07,"Q429_Q440R1"
"withheld","All voters","Q640_Q645R6",3,629.666666666667,497,688,704,6.95006153173744e-05,4.10074307377305e-05,0.000122281045026791,665,9.49670598601233e-07,"Q640_Q645R6"
"withheld","All voters","Q16",3,640.333333333333,593,650,678,6.85509447187732e-05,4.66482806860213e-05,8.6472652749661e-05,666,4.14742259079328e-07,"Q16"
"withheld","All voters","S7",3,635.666666666667,595,611,701,6.81362024596939e-05,3.5830095378275e-05,9.06052136225718e-05,667,2.10320406536792e-07,"S7"
"withheld","All voters","Q467_Q469R1",3,639.333333333333,575,644,699,6.79258820531571e-05,4.72441222241245e-05,9.04527021698254e-05,668,7.02269071609456e-07,"Q467_Q469R1"
"withheld","All voters","Q87",3,640.666666666667,583,629,710,6.72236129815476e-05,3.36290873003072e-05,8.64611998259338e-05,669,1.47731976545481e-07,"Q87"
"withheld","All voters","Q646_Q651R1",3,640.666666666667,587,650,685,6.70758810050021e-05,5.20564592626192e-05,8.99305450941469e-05,670,1.06460507754734e-07,"Q646_Q651R1"
"withheld","All voters","Q640_Q645R2",3,644.666666666667,620,638,676,6.69694204972474e-05,4.91565708957516e-05,7.78408173457551e-05,671,5.16247235591544e-07,"Q640_Q645R2"
"withheld","All voters","Q441_Q452R12",3,643,603,649,677,6.64531732616559e-05,4.76795542404855e-05,8.84200567805284e-05,672,1.28851221498273e-07,"Q441_Q452R12"
"withheld","All voters","Q494_Q503R8",3,645.333333333333,604,658,674,6.63243220401576e-05,5.75972160095682e-05,8.1814229896206e-05,673,4.28481391268729e-07,"Q494_Q503R8"
"withheld","All voters","Q732_Q737R5",3,629.333333333333,447,715,726,6.58958406488889e-05,2.74119456550927e-05,0.000129598629062729,674,1.1874480971363e-06,"Q732_Q737R5"
"withheld","All voters","Q541",3,638.333333333333,498,699,718,6.47083925517526e-05,3.21378857891154e-05,0.000125939199430561,675,5.4643090512303e-08,"Q541"
"withheld","All voters","Q583",3,643.333333333333,599,622,709,6.46537494612403e-05,3.18644248263429e-05,8.90966297896521e-05,676,9.77159046684298e-07,"Q583"
"withheld","All voters","Q172R3",3,636.666666666667,495,695,720,6.3676590414556e-05,2.20406515383771e-05,0.000126720778905273,677,3.54965616027408e-07,"Q172R3"
"withheld","All voters","S3B",3,619.333333333333,383,736,739,6.33216247985285e-05,9.3424404466842e-06,0.000165507958979052,678,7.17753055445842e-08,"Gender"
"withheld","All voters","Q723_Q725R3",3,647.666666666667,585,672,686,6.3249849492984e-05,4.59986086648667e-05,9.29273171748749e-05,679,7.11172345780361e-08,"Q723_Q725R3"
"withheld","All voters","Q738_Q740R3",3,649.666666666667,611,632,706,6.31787322584059e-05,3.32825747950397e-05,8.6098343628727e-05,680,1.14417201468082e-06,"Q738_Q740R3"
"withheld","All voters","S3",3,654.333333333333,640,642,681,6.20345602437251e-05,5.68695782613266e-05,6.69108351856279e-05,681,1.5597060379169e-07,"Sexual orientation"
"withheld","All voters","Q250R3",3,654.333333333333,618,664,681,6.18785896399334e-05,4.69440785880614e-05,8.40319214929396e-05,682,3.73563863740115e-09,"Q250R3"
"withheld","All voters","Q356",3,650.666666666667,532,708,712,6.1874854001296e-05,3.25688125220749e-05,0.000110825473096614,683,2.54260364065663e-07,"Q356"
"withheld","All voters","Q767_Q771R1",3,653.666666666667,588,652,721,6.16205936372304e-05,3.83448989947549e-05,8.51924677565104e-05,684,2.35178504901995e-07,"Q767_Q771R1"
"withheld","All voters","Q767_Q771R5",3,638,575,598,741,6.13854151323284e-05,0,9.44013761087797e-05,685,1.83540760094562e-07,"Q767_Q771R5"
"withheld","All voters","Q652_Q658R7",3,637.333333333333,451,727,734,6.12018743722338e-05,1.27592807095941e-05,0.000143481409031332,686,1.66082097850258e-07,"Q652_Q658R7"
"withheld","All voters","Q767_Q771R2",3,654.333333333333,564,695,704,6.10357922743835e-05,3.52064927498243e-05,9.90359953005105e-05,687,1.00158547917961e-07,"Q767_Q771R2"
"withheld","All voters","Q652_Q658R3",3,655.666666666667,622,622,723,6.09356337264656e-05,2.87574620583968e-05,8.31754744924458e-05,688,6.09094412969881e-07,"Q652_Q658R3"
"withheld","All voters","Q95",3,656.333333333333,616,676,677,6.03265393134957e-05,4.86722857222274e-05,7.40130491724408e-05,689,1.89589329117971e-07,"Q95"
"withheld","All voters","Q738_Q740R2",3,655,587,671,707,6.01369499843777e-05,3.60488955097474e-05,9.28809454078615e-05,690,1.22056777567955e-06,"Q738_Q740R2"
"withheld","All voters","Q652_Q658R2",3,658.333333333333,619,640,716,5.89163822086982e-05,2.48524488414778e-05,7.7762542299091e-05,691,1.497531330043e-07,"Q652_Q658R2"
"withheld","All voters","Q270",3,634.666666666667,425,731,748,5.87666290756939e-05,1.13969708317867e-05,0.000140588370306637,692,9.89348350910265e-07,"Q270"
"withheld","All voters","Q531",3,652,532,687,737,5.77772807247836e-05,1.84345743340911e-05,0.000113570022139906,693,5.79472232419187e-07,"Q531"
"withheld","All voters","Q767_Q771R3",3,654.666666666667,556,685,723,5.71978084923644e-05,2.08095533732356e-05,0.000104363877769177,694,1.85923088396891e-07,"Q767_Q771R3"
"withheld","All voters","Q470",3,664.666666666667,621,645,728,5.70118854039675e-05,2.60188596073802e-05,8.34881826493026e-05,695,1.85030646335295e-07,"Q470"
"withheld","All voters","S2_RACE_PRIME",3,661.333333333333,605,652,727,5.68268547576322e-05,3.20965216394125e-05,7.95754704487908e-05,696,5.05519901052232e-07,"S2_RACE_PRIME"
"withheld","All voters","Q172R2",3,657,539,701,731,5.632133485658e-05,1.46865954513572e-05,0.000107158013182384,697,1.33223733029851e-07,"Q172R2"
"withheld","All voters","Q441_Q452R5",3,667.333333333333,646,666,690,5.61881111235502e-05,4.00788611997141e-05,6.54922778870722e-05,698,8.56686027892846e-07,"Q441_Q452R5"
"withheld","All voters","Q613",3,656,541,680,747,5.53314250956573e-05,1.31882332983969e-05,0.000106850587852794,699,4.22283934729586e-07,"Q613"
"withheld","All voters","Q652_Q658R5",3,671.333333333333,624,668,722,5.49091411609277e-05,2.91647453482871e-05,8.26309320836148e-05,700,3.61466403448298e-08,"Q652_Q658R5"
"withheld","All voters","Q441_Q452R1",3,669,607,682,718,5.48729945205829e-05,3.98665954351243e-05,7.79766460842109e-05,701,1.89031114656093e-07,"Q441_Q452R1"
"withheld","All voters","Q441_Q452R3",3,663.666666666667,588,686,717,5.46839634059268e-05,2.33609445873069e-05,8.91287475787207e-05,702,1.28801283064229e-08,"Q441_Q452R3"
"withheld","All voters","Q686",3,672,661,671,684,5.46710832776204e-05,4.42673076067023e-05,6.12309808261855e-05,703,6.57277179600213e-07,"Q686"
"withheld","All voters","Q746A",3,669.333333333333,591,692,725,5.40138060980202e-05,3.49369328449608e-05,8.82450070307946e-05,704,8.62032936179472e-07,"Q746A"
"withheld","All voters","Q462",3,675,644,688,693,5.31517731618407e-05,3.82754721976737e-05,7.68841324142299e-05,705,6.56675333067072e-07,"Q462"
"withheld","All voters","Q646_Q651R2",3,675.666666666667,648,674,705,5.24950978287736e-05,3.49555070453259e-05,7.32358155979917e-05,706,6.41226593447411e-07,"Q646_Q651R2"
"withheld","All voters","Q530",3,662.666666666667,530,720,738,5.18538712353262e-05,2.40580912515249e-05,0.000101933011084114,707,4.74531043841668e-08,"Q530"
"withheld","All voters","Q367",3,666.666666666667,566,715,719,5.1806418130942e-05,2.28102959585401e-05,0.000100248968349069,708,5.27305388865743e-07,"Q367"
"withheld","All voters","Q279",3,674,641,653,728,5.12791127420763e-05,3.01704304753617e-05,6.25344757251145e-05,709,1.74883370986429e-07,"Q279"
"withheld","All voters","Q172R1",3,678.333333333333,658,683,694,5.11042293710899e-05,3.79646912511072e-05,6.86634166715327e-05,710,5.69083816227031e-08,"Q172R1"
"withheld","All voters","Q97",3,678,623,695,716,5.10473209894672e-05,3.22834017336748e-05,8.29045493793102e-05,711,4.7503893247029e-07,"Q97"
"withheld","All voters","Q646_Q651R4",3,678.333333333333,657,689,689,5.05722820569969e-05,4.0627433414302e-05,6.03772686669732e-05,712,4.17255291208345e-07,"Q646_Q651R4"
"withheld","All voters","Q630_Q632R1",3,682.333333333333,663,675,709,5.01550267657885e-05,4.30819904258598e-05,5.81369889631723e-05,713,1.44896187463337e-06,"Q630_Q632R1"
"withheld","All voters","Q585_Q590R4",3,683,656,687,706,4.87060648911552e-05,3.69162286991018e-05,5.7771036115379e-05,714,2.00910718322209e-06,"Q585_Q590R4"
"withheld","All voters","Q818",3,688.666666666667,667,694,705,4.66969577079331e-05,4.22904644446888e-05,5.32481826045725e-05,715,1.87765281161456e-07,"Q818"
"withheld","All voters","Q85",3,687.666666666667,639,700,724,4.65091924267716e-05,2.84672251305739e-05,6.39039329821786e-05,716,1.13943090949476e-06,"Q85"
"withheld","All voters","Q391_Q393R2",3,690,682,691,697,4.53697615172769e-05,4.04977173772455e-05,5.04970513259718e-05,717,9.9126077293469e-08,"Q391_Q393R2"
"withheld","All voters","Q441_Q452R7",3,686,610,724,724,4.52706354399834e-05,2.03650008899098e-05,7.87457067769138e-05,718,9.09058229432175e-07,"Q441_Q452R7"
"withheld","All voters","Q405",3,690.666666666667,664,683,725,4.43615772105512e-05,2.02659161925157e-05,5.80331340103429e-05,719,2.33025755604032e-07,"Q405"
"withheld","All voters","Q466",3,691.666666666667,662,679,734,4.41285514549472e-05,2.00053761668693e-05,6.63628588184782e-05,720,3.23824934957431e-07,"Q466"
"withheld","All voters","S2_AFROLAT",3,694,652,711,719,4.38047265199897e-05,2.91394994473626e-05,7.21180242314235e-05,721,5.01613615948872e-07,"S2_AFROLAT"
"withheld","All voters","Q767_Q771R4",3,692.666666666667,659,684,735,4.33031129040409e-05,2.68878525339692e-05,5.66007007893974e-05,722,6.7409886101665e-07,"Q767_Q771R4"
"withheld","All voters","Q441_Q452R6",3,691,643,691,739,4.26290140430242e-05,2.32107943459756e-05,6.18746089644966e-05,723,2.23080363217426e-06,"Q441_Q452R6"
"withheld","All voters","Q267",3,690.666666666667,595,735,742,4.039821041085e-05,1.93582833566091e-05,8.18664209017545e-05,724,1.39706144454223e-07,"Q267"
"withheld","All voters","Q627",3,690.333333333333,590,737,744,4.02585042663957e-05,1.07534270704754e-05,8.42208331831507e-05,725,2.53239082811845e-06,"Q627"
"withheld","All voters","Q585_Q590R5",3,705.666666666667,689,712,716,3.77261134382773e-05,2.89032095949707e-05,4.41379208443609e-05,726,7.28171535808531e-07,"Q585_Q590R5"
"withheld","All voters","Q357",3,697.333333333333,620,733,739,3.69979419024688e-05,7.34314463297493e-06,8.35815672376057e-05,727,4.83118017963683e-07,"Q357"
"withheld","All voters","Q175R3",3,707,657,730,734,3.65148238845051e-05,2.46838037787611e-05,5.77134570164889e-05,728,6.47826026755293e-07,"Q175R3"
"withheld","All voters","Q585_Q590R6",3,705,690,692,733,3.58669978577498e-05,1.32898774287759e-05,5.03419256226261e-05,729,2.59375932900422e-07,"Q585_Q590R6"
"withheld","All voters","Q667_Q671R4",3,703.333333333333,663,709,738,3.56076219248494e-05,7.55752342959735e-06,6.4021998707013e-05,730,2.07253748678455e-07,"Q667_Q671R4"
"withheld","All voters","Q85B",3,711.333333333333,707,713,714,3.54003681761709e-05,3.2443266658814e-05,4.10891204895756e-05,731,6.38871997105358e-07,"Q85B"
"withheld","All voters","Q646_Q651R3",3,711,674,729,730,3.47614961790656e-05,2.51501911752765e-05,4.92978896333688e-05,732,5.9274301169372e-07,"Q646_Q651R3"
"withheld","All voters","Q732_Q737R2",3,707.666666666667,654,728,741,3.41687531673718e-05,1.26857251160595e-05,7.06801905982571e-05,733,9.54348611469104e-07,"Q732_Q737R2"
"withheld","All voters","Q170",3,714,707,708,727,3.32144045559027e-05,1.92020390616481e-05,4.4435356877351e-05,734,7.91126584514822e-07,"Q170"
"withheld","All voters","Q260",3,713,690,717,732,3.24232779713879e-05,1.44914299231331e-05,5.05712499664911e-05,735,6.4864664173631e-07,"Q260"
"withheld","All voters","Q253",3,716.333333333333,713,714,722,3.17746313296516e-05,2.12789936366354e-05,4.16162804874784e-05,736,3.49664264037398e-07,"Q253"
"withheld","All voters","Q667_Q671R5",3,715.666666666667,702,702,743,3.14249670656142e-05,1.17475097825867e-05,4.68172996815897e-05,737,4.56671208583292e-07,"Q667_Q671R5"
"withheld","All voters","Q269",3,717.333333333333,703,713,736,3.09682958570309e-05,1.9182636356827e-05,4.59724112268391e-05,738,9.99492814499897e-08,"Q269"
"withheld","All voters","Q255",3,716.666666666667,700,710,740,3.08683465755809e-05,2.19626498557114e-05,3.9639933496792e-05,739,9.44714622867107e-07,"Q255"
"withheld","All voters","Q732_Q737R4",3,718.333333333333,704,718,733,2.99236319527138e-05,2.31148489284579e-05,3.86743106337245e-05,740,6.47365348992906e-07,"Q732_Q737R4"
"withheld","All voters","Q441_Q452R9",3,720.333333333333,700,719,742,2.92762666037209e-05,1.25697593323502e-05,3.93820814213209e-05,741,2.48722323895031e-06,"Q441_Q452R9"
"withheld","All voters","Q391_Q393R1",3,724.333333333333,721,721,731,2.67890433647706e-05,2.18661369079548e-05,2.9363644257741e-05,742,2.51205766333225e-06,"Q391_Q393R1"
"withheld","All voters","Q585_Q590R3",3,728,714,732,738,2.42769857014383e-05,1.64674037864628e-05,2.91175507202964e-05,743,3.44830472983327e-06,"Q585_Q590R3"
"withheld","All voters","Q585_Q590R2",3,728.333333333333,706,730,749,2.08286809716051e-05,0,4.44726206368488e-05,744,1.6465628733833e-06,"Q585_Q590R2"
"withheld","All voters","Q391_Q393R3",3,735,729,736,740,1.91821180982218e-05,1.28106615429675e-05,2.60004879663736e-05,745,1.4674896236502e-06,"Q391_Q393R3"
"withheld","All voters","Q252",3,735.333333333333,725,735,746,1.77146284745716e-05,1.11836136291324e-05,2.84578436039578e-05,746,2.38044870320545e-06,"Q252"
"withheld","All voters","Q251",3,738,732,737,745,1.53341797713661e-05,9.09612514057084e-06,2.20744703686846e-05,747,5.84409347695035e-07,"Q251"
"withheld","All voters","Q585_Q590R1",3,738.333333333333,726,744,745,1.47497704236711e-05,9.80873358002614e-06,1.95259698344826e-05,748,8.24236027658107e-06,"Q585_Q590R1"
"withheld","All voters","S3C",3,745.666666666667,740,747,750,6.50741014709002e-06,4.4291274620252e-06,8.35826963484518e-06,749,1.21211282168347e-06,"S3C"
"withheld","All voters","Q667_Q671R2",3,746,741,748,749,5.29529732540655e-06,0,1.06260912121694e-05,750,NA,"Q667_Q671R2"
