"variable","item","verified_short_label","construct","wording_source","codebook_pdf_page","source_type","appended_context","routing_notes","missingness_type","sample_system_missing","base_decision","model1","model2","model3","exclusion_note","label_review","raw_observed","measurement","questionnaire_item","questionnaire_pdf_page"
"RECORD","RECORD","RECORD","record: Record number","ICPSR variable label; may be truncated",5,"Administration / derived field",FALSE,"Original questionnaire route / module retained; system NA not interpreted as a substantive answer","System NA: routing, nonresponse or unavailable; labelled responses preserved",0,"Outcome, selection, administration, weights or duplicate",FALSE,FALSE,FALSE,"Outcome, selection, administration, weights or duplicate","Code retained; full wording/short label requires review",17545,"Original labelled categories or source type",NA,NA
"UUID","UUID","UUID","uuid: Participant identifier","ICPSR variable label; may be truncated",5,"Administration / derived field",FALSE,"Original questionnaire route / module retained; system NA not interpreted as a substantive answer","System NA: routing, nonresponse or unavailable; labelled responses preserved",0,"Outcome, selection, administration, weights or duplicate",FALSE,FALSE,FALSE,"Outcome, selection, administration, weights or duplicate","Code retained; full wording/short label requires review",17545,"Original labelled categories or source type",NA,NA
"DATE","DATE","DATE","date: Completion time and date","ICPSR variable label; may be truncated",5,"Administration / derived field",FALSE,"Original questionnaire route / module retained; system NA not interpreted as a substantive answer","System NA: routing, nonresponse or unavailable; labelled responses preserved",0,"Outcome, selection, administration, weights or duplicate",FALSE,FALSE,FALSE,"Outcome, selection, administration, weights or duplicate","Code retained; full wording/short label requires review",17545,"Original labelled categories or source type",NA,NA
"S1","S1","S1","S1: What language would you like to continue in?","ICPSR variable label; may be truncated",5,"Survey item or survey routing field",FALSE,"Original questionnaire route / module retained; system NA not interpreted as a substantive answer","System NA: routing, nonresponse or unavailable; labelled responses preserved",0,"Eligible",TRUE,TRUE,TRUE,"Eligible subject to training-only screening","Code retained; full wording/short label requires review",17545,"Original labelled categories or source type",NA,NA
"S2_RACER1","S2_RACE","S2_RACER1","S2_Racer1: White - In order to make sure we have a representative sample of ever","ICPSR variable label; may be truncated",6,"Survey item or survey routing field",FALSE,"Original questionnaire route / module retained; system NA not interpreted as a substantive answer","System NA: routing, nonresponse or unavailable; labelled responses preserved",0,"Eligible",TRUE,TRUE,TRUE,"Eligible subject to training-only screening","Code retained; full wording/short label requires review",17545,"Original labelled categories or source type",NA,NA
"S2_RACER2","S2_RACE","S2_RACER2","S2_Racer2: Hispanic or Latino - In order to make sure we have a representative s","ICPSR variable label; may be truncated",6,"Survey item or survey routing field",FALSE,"Original questionnaire route / module retained; system NA not interpreted as a substantive answer","System NA: routing, nonresponse or unavailable; labelled responses preserved",0,"Eligible",TRUE,TRUE,TRUE,"Eligible subject to training-only screening","Code retained; full wording/short label requires review",17545,"Original labelled categories or source type",NA,NA
"S2_RACER3","S2_RACE","S2_RACER3","S2_Racer3: Black or African American - In order to make sure we have a represent","ICPSR variable label; may be truncated",6,"Survey item or survey routing field",FALSE,"Original questionnaire route / module retained; system NA not interpreted as a substantive answer","System NA: routing, nonresponse or unavailable; labelled responses preserved",0,"Eligible",TRUE,TRUE,TRUE,"Eligible subject to training-only screening","Code retained; full wording/short label requires review",17545,"Original labelled categories or source type",NA,NA
"S2_RACER4","S2_RACE","S2_RACER4","S2_Racer4: Asian American - In order to make sure we have a representative sampl","ICPSR variable label; may be truncated",6,"Survey item or survey routing field",FALSE,"Original questionnaire route / module retained; system NA not interpreted as a substantive answer","System NA: routing, nonresponse or unavailable; labelled responses preserved",0,"Eligible",TRUE,TRUE,TRUE,"Eligible subject to training-only screening","Code retained; full wording/short label requires review",17545,"Original labelled categories or source type",NA,NA
"S2_RACER5","S2_RACE","S2_RACER5","S2_Racer5: American Indian/Native American - In order to make sure we have a rep","ICPSR variable label; may be truncated",7,"Survey item or survey routing field",FALSE,"Original questionnaire route / module retained; system NA not interpreted as a substantive answer","System NA: routing, nonresponse or unavailable; labelled responses preserved",0,"Eligible",TRUE,TRUE,TRUE,"Eligible subject to training-only screening","Code retained; full wording/short label requires review",17545,"Original labelled categories or source type",NA,NA
"S2_RACER6","S2_RACE","S2_RACER6","S2_Racer6: Arab, Middle Eastern or North African - In order to make sure we have","ICPSR variable label; may be truncated",7,"Survey item or survey routing field",FALSE,"Original questionnaire route / module retained; system NA not interpreted as a substantive answer","System NA: routing, nonresponse or unavailable; labelled responses preserved",0,"Eligible",TRUE,TRUE,TRUE,"Eligible subject to training-only screening","Code retained; full wording/short label requires review",17545,"Original labelled categories or source type",NA,NA
"S2_RACER7","S2_RACE","S2_RACER7","S2_Racer7: Native Hawaiian - In order to make sure we have a representative samp","ICPSR variable label; may be truncated",7,"Survey item or survey routing field",FALSE,"Original questionnaire route / module retained; system NA not interpreted as a substantive answer","System NA: routing, nonresponse or unavailable; labelled responses preserved",0,"Eligible",TRUE,TRUE,TRUE,"Eligible subject to training-only screening","Code retained; full wording/short label requires review",17545,"Original labelled categories or source type",NA,NA
"S2_RACER8","S2_RACE","S2_RACER8","S2_Racer8: Not Hawaiian, but other Pacific Islander - In order to make sure we h","ICPSR variable label; may be truncated",8,"Survey item or survey routing field",FALSE,"Original questionnaire route / module retained; system NA not interpreted as a substantive answer","System NA: routing, nonresponse or unavailable; labelled responses preserved",0,"Eligible",TRUE,TRUE,TRUE,"Eligible subject to training-only screening","Code retained; full wording/short label requires review",17545,"Original labelled categories or source type",NA,NA
"S2_RACE_PRIME","S2_RACE_PRIME","S2_RACE_PRIME","S2_Race_Prime: Even if they are all important, which of these would you consider","ICPSR variable label; may be truncated",8,"Survey item or survey routing field",FALSE,"Condition joined: S2_RACE_PRIME","System NA: routing, nonresponse or unavailable; labelled responses preserved",0,"Eligible",TRUE,TRUE,TRUE,"Eligible subject to training-only screening","Code retained; full wording/short label requires review",17545,"Original labelled categories or source type",NA,NA
"MAIN_ETH_QUOTA","MAIN_ETH_QUOTA","MAIN_ETH_QUOTA","Main_Eth_quota: Hold Ethnicity for single quota;","ICPSR variable label; may be truncated",9,"Administration / derived field",FALSE,"Original questionnaire route / module retained; system NA not interpreted as a substantive answer","System NA: routing, nonresponse or unavailable; labelled responses preserved",0,"Outcome, selection, administration, weights or duplicate",FALSE,FALSE,FALSE,"Outcome, selection, administration, weights or duplicate","Code retained; full wording/short label requires review",17545,"Original labelled categories or source type",NA,NA
"S2_HISPANICR1","S2_HISPANIC","S2_HISPANICR1","S2_Hispanicr1: No, not Hispanic or Latino - Do you consider yourself, or your fa","ICPSR variable label; may be truncated",9,"Survey item or survey routing field",FALSE,"Original questionnaire route / module retained; system NA not interpreted as a substantive answer","System NA: routing, nonresponse or unavailable; labelled responses preserved",2082,"Eligible",TRUE,TRUE,TRUE,"Eligible subject to training-only screening","Code retained; full wording/short label requires review",12968,"Original labelled categories or source type",NA,NA
"S2_HISPANICR2","S2_HISPANIC","S2_HISPANICR2","S2_Hispanicr2: Yes, myself - Do you consider yourself, or your family ancestry t","ICPSR variable label; may be truncated",9,"Survey item or survey routing field",FALSE,"Original questionnaire route / module retained; system NA not interpreted as a substantive answer","System NA: routing, nonresponse or unavailable; labelled responses preserved",2082,"Eligible",TRUE,TRUE,TRUE,"Eligible subject to training-only screening","Code retained; full wording/short label requires review",12968,"Original labelled categories or source type",NA,NA
"S2_HISPANICR3","S2_HISPANIC","S2_HISPANICR3","S2_Hispanicr3: Yes, one of my parents - Do you consider yourself, or your family","ICPSR variable label; may be truncated",10,"Survey item or survey routing field",FALSE,"Original questionnaire route / module retained; system NA not interpreted as a substantive answer","System NA: routing, nonresponse or unavailable; labelled responses preserved",2082,"Eligible",TRUE,TRUE,TRUE,"Eligible subject to training-only screening","Code retained; full wording/short label requires review",12968,"Original labelled categories or source type",NA,NA
"S2_HISPANICR4","S2_HISPANIC","S2_HISPANICR4","S2_Hispanicr4: Yes, one of my grandparents - Do you consider yourself, or your f","ICPSR variable label; may be truncated",10,"Survey item or survey routing field",FALSE,"Original questionnaire route / module retained; system NA not interpreted as a substantive answer","System NA: routing, nonresponse or unavailable; labelled responses preserved",2082,"Eligible",TRUE,TRUE,TRUE,"Eligible subject to training-only screening","Code retained; full wording/short label requires review",12968,"Original labelled categories or source type",NA,NA
"S2_HISPANICR5","S2_HISPANIC","S2_HISPANICR5","S2_Hispanicr5: Yes, another more distant relative - Do you consider yourself, or","ICPSR variable label; may be truncated",11,"Survey item or survey routing field",FALSE,"Original questionnaire route / module retained; system NA not interpreted as a substantive answer","System NA: routing, nonresponse or unavailable; labelled responses preserved",2082,"Eligible",TRUE,TRUE,TRUE,"Eligible subject to training-only screening","Code retained; full wording/short label requires review",12968,"Original labelled categories or source type",NA,NA
"S2_NATIVER1","S2_NATIVE","S2_NATIVER1","S2_Nativer1: No, not Native American - Do you consider yourself, or your family","ICPSR variable label; may be truncated",11,"Survey item or survey routing field",FALSE,"Original questionnaire route / module retained; system NA not interpreted as a substantive answer","System NA: routing, nonresponse or unavailable; labelled responses preserved",0,"Eligible",TRUE,TRUE,TRUE,"Eligible subject to training-only screening","Code retained; full wording/short label requires review",17545,"Original labelled categories or source type",NA,NA
"S2_NATIVER2","S2_NATIVE","S2_NATIVER2","S2_Nativer2: Yes, myself - Do you consider yourself, or your family ancestry to","ICPSR variable label; may be truncated",11,"Survey item or survey routing field",FALSE,"Original questionnaire route / module retained; system NA not interpreted as a substantive answer","System NA: routing, nonresponse or unavailable; labelled responses preserved",0,"Eligible",TRUE,TRUE,TRUE,"Eligible subject to training-only screening","Code retained; full wording/short label requires review",17545,"Original labelled categories or source type",NA,NA
"S2_NATIVER3","S2_NATIVE","S2_NATIVER3","S2_Nativer3: Yes, one of my parents - Do you consider yourself, or your family a","ICPSR variable label; may be truncated",12,"Survey item or survey routing field",FALSE,"Original questionnaire route / module retained; system NA not interpreted as a substantive answer","System NA: routing, nonresponse or unavailable; labelled responses preserved",0,"Eligible",TRUE,TRUE,TRUE,"Eligible subject to training-only screening","Code retained; full wording/short label requires review",17545,"Original labelled categories or source type",NA,NA
"S2_NATIVER4","S2_NATIVE","S2_NATIVER4","S2_Nativer4: Yes, one of my grandparents - Do you consider yourself, or your fam","ICPSR variable label; may be truncated",12,"Survey item or survey routing field",FALSE,"Original questionnaire route / module retained; system NA not interpreted as a substantive answer","System NA: routing, nonresponse or unavailable; labelled responses preserved",0,"Eligible",TRUE,TRUE,TRUE,"Eligible subject to training-only screening","Code retained; full wording/short label requires review",17545,"Original labelled categories or source type",NA,NA
"S2_NATIVER5","S2_NATIVE","S2_NATIVER5","S2_Nativer5: Yes, another more distant relative - Do you consider yourself, or y","ICPSR variable label; may be truncated",12,"Survey item or survey routing field",FALSE,"Original questionnaire route / module retained; system NA not interpreted as a substantive answer","System NA: routing, nonresponse or unavailable; labelled responses preserved",0,"Eligible",TRUE,TRUE,TRUE,"Eligible subject to training-only screening","Code retained; full wording/short label requires review",17545,"Original labelled categories or source type",NA,NA
"S2_AFROLAT_TEXT","S2_AFROLAT_TEXT","S2_AFROLAT_TEXT","S2_AfroLat_text: Text for S2_AfroLat","ICPSR variable label; may be truncated",12,"Survey item or survey routing field",FALSE,"Original questionnaire route / module retained; system NA not interpreted as a substantive answer","System NA: routing, nonresponse or unavailable; labelled responses preserved",0,"Routing/experiment metadata; joined to response where required",FALSE,FALSE,FALSE,"Routing/experiment metadata; joined to response where required","Code retained; full wording/short label requires review",9394,"Original labelled categories or source type",NA,NA
"S2_AFROLATR1","S2_AFROLAT","S2_AFROLATR1","S2_AfroLatr1: No, not Afro-Latino - Do you identify as Afro-Latino, or being Bla","ICPSR variable label; may be truncated",13,"Survey item or survey routing field",FALSE,"Original questionnaire route / module retained; system NA not interpreted as a substantive answer","System NA: routing, nonresponse or unavailable; labelled responses preserved",0,"Eligible",TRUE,TRUE,TRUE,"Eligible subject to training-only screening","Code retained; full wording/short label requires review",9394,"Original labelled categories or source type",NA,NA
"S2_AFROLATR2","S2_AFROLAT","S2_AFROLATR2","S2_AfroLatr2: Yes, myself - Do you identify as Afro-Latino, or being Black with","ICPSR variable label; may be truncated",13,"Survey item or survey routing field",FALSE,"Original questionnaire route / module retained; system NA not interpreted as a substantive answer","System NA: routing, nonresponse or unavailable; labelled responses preserved",0,"Eligible",TRUE,TRUE,TRUE,"Eligible subject to training-only screening","Code retained; full wording/short label requires review",9394,"Original labelled categories or source type",NA,NA
"S2_AFROLATR3","S2_AFROLAT","S2_AFROLATR3","S2_AfroLatr3: Yes, one of my parents - Do you identify as Afro-Latino, or being","ICPSR variable label; may be truncated",14,"Survey item or survey routing field",FALSE,"Original questionnaire route / module retained; system NA not interpreted as a substantive answer","System NA: routing, nonresponse or unavailable; labelled responses preserved",0,"Eligible",TRUE,TRUE,TRUE,"Eligible subject to training-only screening","Code retained; full wording/short label requires review",9394,"Original labelled categories or source type",NA,NA
"S2_AFROLATR4","S2_AFROLAT","S2_AFROLATR4","S2_AfroLatr4: Yes, one of my grandparents - Do you identify as Afro-Latino, or b","ICPSR variable label; may be truncated",14,"Survey item or survey routing field",FALSE,"Original questionnaire route / module retained; system NA not interpreted as a substantive answer","System NA: routing, nonresponse or unavailable; labelled responses preserved",0,"Eligible",TRUE,TRUE,TRUE,"Eligible subject to training-only screening","Code retained; full wording/short label requires review",9394,"Original labelled categories or source type",NA,NA
"S2_AFROLATR5","S2_AFROLAT","S2_AFROLATR5","S2_AfroLatr5: Yes, another more distant relative - Do you identify as Afro-Latin","ICPSR variable label; may be truncated",14,"Survey item or survey routing field",FALSE,"Original questionnaire route / module retained; system NA not interpreted as a substantive answer","System NA: routing, nonresponse or unavailable; labelled responses preserved",0,"Eligible",TRUE,TRUE,TRUE,"Eligible subject to training-only screening","Code retained; full wording/short label requires review",9394,"Original labelled categories or source type",NA,NA
"S3","S3","Sexual orientation","S3: Which of the following best represents how you think of yourself?","ICPSR variable label; may be truncated",15,"Survey item or survey routing field",FALSE,"Original questionnaire route / module retained; system NA not interpreted as a substantive answer","System NA: routing, nonresponse or unavailable; labelled responses preserved",0,"Eligible",TRUE,TRUE,TRUE,"Eligible subject to training-only screening","Verified short label; original source construct retained",17545,"Original labelled categories or source type",NA,NA
"S3R4OE","S3R4OE","S3R4OE","S3r4oe: Which of the following best represents how you think of yourself? - Some","ICPSR variable label; may be truncated",15,"Survey item or survey routing field",FALSE,"Original questionnaire route / module retained; system NA not interpreted as a substantive answer","Disclosure masked",0,"ICPSR disclosure-masked field",FALSE,FALSE,FALSE,"ICPSR disclosure-masked field","Code retained; full wording/short label requires review",17545,"Original labelled categories or source type",NA,NA
"S3B","S3B","Gender","S3b: What is your gender?","ICPSR variable label; may be truncated",15,"Survey item or survey routing field",FALSE,"Original questionnaire route / module retained; system NA not interpreted as a substantive answer","System NA: routing, nonresponse or unavailable; labelled responses preserved",0,"Eligible",TRUE,TRUE,TRUE,"Eligible subject to training-only screening","Verified short label; original source construct retained",17545,"Original labelled categories or source type",NA,NA
"S3BR4OE","S3BR4OE","S3BR4OE","S3br4oe: What is your gender? - Something else (Specify)","ICPSR variable label; may be truncated",16,"Survey item or survey routing field",FALSE,"Original questionnaire route / module retained; system NA not interpreted as a substantive answer","Disclosure masked",0,"ICPSR disclosure-masked field",FALSE,FALSE,FALSE,"ICPSR disclosure-masked field","Code retained; full wording/short label requires review",17545,"Original labelled categories or source type",NA,NA
"S3C","S3C","S3C","S3c: Some people describe themselves as transgender when they experience a diffe","ICPSR variable label; may be truncated",16,"Survey item or survey routing field",FALSE,"Original questionnaire route / module retained; system NA not interpreted as a substantive answer","System NA: routing, nonresponse or unavailable; labelled responses preserved",0,"Eligible",TRUE,TRUE,TRUE,"Eligible subject to training-only screening","Code retained; full wording/short label requires review",17545,"Original labelled categories or source type",NA,NA
"S4","S4","State of residence","S4: Please select your current state of residence.","ICPSR variable label; may be truncated",16,"Survey item or survey routing field",FALSE,"Original questionnaire route / module retained; system NA not interpreted as a substantive answer","System NA: routing, nonresponse or unavailable; labelled responses preserved",0,"Eligible",TRUE,TRUE,TRUE,"Eligible subject to training-only screening","Verified short label; original source construct retained",17545,"Original labelled categories or source type",NA,NA
"S5","S5","Birth year","S5: In what year were you born?","ICPSR variable label; may be truncated",18,"Survey item or survey routing field",FALSE,"Original questionnaire route / module retained; system NA not interpreted as a substantive answer","System NA: routing, nonresponse or unavailable; labelled responses preserved",0,"Eligible",TRUE,TRUE,TRUE,"Eligible subject to training-only screening","Verified short label; original source construct retained",17545,"Continuous quantity / allocation",NA,NA
"S5_AGE","S5_AGE","S5_AGE","S5_Age: Age categories","ICPSR variable label; may be truncated",20,"Survey item or survey routing field",FALSE,"Original questionnaire route / module retained; system NA not interpreted as a substantive answer","System NA: routing, nonresponse or unavailable; labelled responses preserved",0,"Outcome, selection, administration, weights or duplicate",FALSE,FALSE,FALSE,"Outcome, selection, administration, weights or duplicate","Code retained; full wording/short label requires review",17545,"Original labelled categories or source type",NA,NA
"S6","S6","S6","S6: Are you currently registered to vote here in [pipe: S4], or like many people","ICPSR variable label; may be truncated",20,"Survey item or survey routing field",FALSE,"Original questionnaire route / module retained; system NA not interpreted as a substantive answer","System NA: routing, nonresponse or unavailable; labelled responses preserved",0,"Outcome, selection, administration, weights or duplicate",FALSE,FALSE,FALSE,"Outcome, selection, administration, weights or duplicate","Code retained; full wording/short label requires review",17545,"Original labelled categories or source type",NA,NA
"S6_NON","S6_NON","S6_NON","S6_non: In 2020 there were 40 million Americans who were NOT registered to vote.","ICPSR variable label; may be truncated",20,"Survey item or survey routing field",FALSE,"Original questionnaire route / module retained; system NA not interpreted as a substantive answer","System NA: routing, nonresponse or unavailable; labelled responses preserved",2056,"Outcome, selection, administration, weights or duplicate",FALSE,FALSE,FALSE,"Outcome, selection, administration, weights or duplicate","Code retained; full wording/short label requires review",6317,"Original labelled categories or source type",NA,NA
"S7","S7","S7","S7: Were you born in the...?","ICPSR variable label; may be truncated",21,"Survey item or survey routing field",FALSE,"Original questionnaire route / module retained; system NA not interpreted as a substantive answer","System NA: routing, nonresponse or unavailable; labelled responses preserved",0,"Eligible",TRUE,TRUE,TRUE,"Eligible subject to training-only screening","Code retained; full wording/short label requires review",17545,"Original labelled categories or source type",NA,NA
"S8","S8","S8","S8: Asian Americans come from a diversity of backgrounds. What do you consider t","ICPSR variable label; may be truncated",21,"Survey item or survey routing field",FALSE,"Original questionnaire route / module retained; system NA not interpreted as a substantive answer","System NA: routing, nonresponse or unavailable; labelled responses preserved",2082,"Eligible",TRUE,TRUE,TRUE,"Eligible subject to training-only screening","Code retained; full wording/short label requires review",3955,"Original labelled categories or source type",NA,NA
"S8R16OE","S8R16OE","S8R16OE","S8r16oe: Asian Americans come from a diversity of backgrounds. What do you consi","ICPSR variable label; may be truncated",22,"Survey item or survey routing field",FALSE,"Original questionnaire route / module retained; system NA not interpreted as a substantive answer","Disclosure masked",0,"ICPSR disclosure-masked field",FALSE,FALSE,FALSE,"ICPSR disclosure-masked field","Code retained; full wording/short label requires review",17545,"Original labelled categories or source type",NA,NA
"ASIAN_ETH","ASIAN_ETH","ASIAN_ETH","Asian_Eth: Asian Ethnicity","ICPSR variable label; may be truncated",22,"Administration / derived field",FALSE,"Original questionnaire route / module retained; system NA not interpreted as a substantive answer","System NA: routing, nonresponse or unavailable; labelled responses preserved",2082,"Outcome, selection, administration, weights or duplicate",FALSE,FALSE,FALSE,"Outcome, selection, administration, weights or duplicate","Code retained; full wording/short label requires review",3938,"Original labelled categories or source type",NA,NA
"S8_PACIFIC","S8_PACIFIC","S8_PACIFIC","S8_Pacific: Native Hawaiians and Pacific Islanders come from a diversity of back","ICPSR variable label; may be truncated",23,"Survey item or survey routing field",FALSE,"Original questionnaire route / module retained; system NA not interpreted as a substantive answer","System NA: routing, nonresponse or unavailable; labelled responses preserved",2082,"Eligible",TRUE,TRUE,TRUE,"Eligible subject to training-only screening","Code retained; full wording/short label requires review",432,"Original labelled categories or source type",NA,NA
"S8_PACIFICR8OE","S8_PACIFICR8OE","S8_PACIFICR8OE","S8_Pacificr8oe: Native Hawaiians and Pacific Islanders come from a diversity of","ICPSR variable label; may be truncated",23,"Survey item or survey routing field",FALSE,"Original questionnaire route / module retained; system NA not interpreted as a substantive answer","Disclosure masked",0,"ICPSR disclosure-masked field",FALSE,FALSE,FALSE,"ICPSR disclosure-masked field","Code retained; full wording/short label requires review",17545,"Original labelled categories or source type",NA,NA
"S9","S9","S9","S9: Some African Americans are part of immigrant communities that are newer to A","ICPSR variable label; may be truncated",23,"Survey item or survey routing field",FALSE,"Original questionnaire route / module retained; system NA not interpreted as a substantive answer","System NA: routing, nonresponse or unavailable; labelled responses preserved",2012,"Eligible",TRUE,TRUE,TRUE,"Eligible subject to training-only screening","Code retained; full wording/short label requires review",4843,"Original labelled categories or source type",NA,NA
"S9R19OE","S9R19OE","S9R19OE","S9r19oe: Some African Americans are part of immigrant communities that are newer","ICPSR variable label; may be truncated",24,"Survey item or survey routing field",FALSE,"Original questionnaire route / module retained; system NA not interpreted as a substantive answer","Disclosure masked",0,"ICPSR disclosure-masked field",FALSE,FALSE,FALSE,"ICPSR disclosure-masked field","Code retained; full wording/short label requires review",17545,"Original labelled categories or source type",NA,NA
"S10","S10","S10","S10: Hispanics and Latinos have their roots in many different countries in Latin","ICPSR variable label; may be truncated",24,"Survey item or survey routing field",FALSE,"Original questionnaire route / module retained; system NA not interpreted as a substantive answer","System NA: routing, nonresponse or unavailable; labelled responses preserved",0,"Eligible",TRUE,TRUE,TRUE,"Eligible subject to training-only screening","Code retained; full wording/short label requires review",4975,"Original labelled categories or source type",NA,NA
"S10R22OE","S10R22OE","S10R22OE","S10r22oe: Hispanics and Latinos have their roots in many different countries in","ICPSR variable label; may be truncated",25,"Survey item or survey routing field",FALSE,"Original questionnaire route / module retained; system NA not interpreted as a substantive answer","Disclosure masked",0,"ICPSR disclosure-masked field",FALSE,FALSE,FALSE,"ICPSR disclosure-masked field","Code retained; full wording/short label requires review",17545,"Original labelled categories or source type",NA,NA
"S10_MEX","S10_MEX","S10_MEX","S10_Mex: Do you consider any part of your or your family ancestry to be Mexican","ICPSR variable label; may be truncated",26,"Survey item or survey routing field",FALSE,"Original questionnaire route / module retained; system NA not interpreted as a substantive answer","System NA: routing, nonresponse or unavailable; labelled responses preserved",1813,"Eligible",TRUE,TRUE,TRUE,"Eligible subject to training-only screening","Code retained; full wording/short label requires review",631,"Original labelled categories or source type",NA,NA
"S11","S11","S11","S11: There are 574 federally recognized tribes living within the US, what tribe","ICPSR variable label; may be truncated",26,"Survey item or survey routing field",FALSE,"Original questionnaire route / module retained; system NA not interpreted as a substantive answer","System NA: routing, nonresponse or unavailable; labelled responses preserved",1771,"Eligible",TRUE,TRUE,TRUE,"Eligible subject to training-only screening","Code retained; full wording/short label requires review",2829,"Original labelled categories or source type",NA,NA
"S11R13OE","S11R13OE","S11R13OE","S11r13oe: There are 574 federally recognized tribes living within the US, what t","ICPSR variable label; may be truncated",27,"Survey item or survey routing field",FALSE,"Original questionnaire route / module retained; system NA not interpreted as a substantive answer","Disclosure masked",0,"ICPSR disclosure-masked field",FALSE,FALSE,FALSE,"ICPSR disclosure-masked field","Code retained; full wording/short label requires review",17545,"Original labelled categories or source type",NA,NA
"S12","S12","S12","S12: Arab, Middle Eastern or North African communities come from diverse backgro","ICPSR variable label; may be truncated",27,"Survey item or survey routing field",FALSE,"Original questionnaire route / module retained; system NA not interpreted as a substantive answer","System NA: routing, nonresponse or unavailable; labelled responses preserved",2082,"Eligible",TRUE,TRUE,TRUE,"Eligible subject to training-only screening","Code retained; full wording/short label requires review",292,"Original labelled categories or source type",NA,NA
"S12R27OE","S12R27OE","S12R27OE","S12r27oe: Arab, Middle Eastern or North African communities come from diverse ba","ICPSR variable label; may be truncated",28,"Survey item or survey routing field",FALSE,"Original questionnaire route / module retained; system NA not interpreted as a substantive answer","Disclosure masked",0,"ICPSR disclosure-masked field",FALSE,FALSE,FALSE,"ICPSR disclosure-masked field","Code retained; full wording/short label requires review",17545,"Original labelled categories or source type",NA,NA
"S2_M","S2_M","S2_M","S2_M: Do you consider yourself to be mixed race or multiracial?","ICPSR variable label; may be truncated",28,"Survey item or survey routing field",FALSE,"Original questionnaire route / module retained; system NA not interpreted as a substantive answer","System NA: routing, nonresponse or unavailable; labelled responses preserved",0,"Eligible",TRUE,TRUE,TRUE,"Eligible subject to training-only screening","Code retained; full wording/short label requires review",17545,"Original labelled categories or source type",NA,NA
"S13","S13","Education","S13: What is the highest level of education you completed?","ICPSR variable label; may be truncated",28,"Survey item or survey routing field",FALSE,"Original questionnaire route / module retained; system NA not interpreted as a substantive answer","System NA: routing, nonresponse or unavailable; labelled responses preserved",0,"Eligible",TRUE,TRUE,TRUE,"Eligible subject to training-only screening","Verified short label; original source construct retained",17545,"Original labelled categories or source type",NA,NA
"S14","S14","S14","S14: When you think about the community that you live in, which comes closest to","ICPSR variable label; may be truncated",29,"Survey item or survey routing field",FALSE,"Original questionnaire route / module retained; system NA not interpreted as a substantive answer","System NA: routing, nonresponse or unavailable; labelled responses preserved",0,"Eligible",TRUE,TRUE,TRUE,"Eligible subject to training-only screening","Code retained; full wording/short label requires review",17545,"Original labelled categories or source type",NA,NA
"S15","S15","S15","S15: Just to make sure we have a representative sample of people from all across","ICPSR variable label; may be truncated",29,"Survey item or survey routing field",FALSE,"Original questionnaire route / module retained; system NA not interpreted as a substantive answer","Disclosure masked",0,"ICPSR disclosure-masked field",FALSE,FALSE,FALSE,"ICPSR disclosure-masked field","Code retained; full wording/short label requires review",17545,"Original labelled categories or source type",NA,NA
"Q58R1","Q58","Q58R1","Q58r1: Catholic - When it comes to religion, do you consider yourself to be?","ICPSR variable label; may be truncated",30,"Survey item or survey routing field",FALSE,"Original questionnaire route / module retained; system NA not interpreted as a substantive answer","System NA: routing, nonresponse or unavailable; labelled responses preserved",1,"Eligible",TRUE,TRUE,TRUE,"Eligible subject to training-only screening","Code retained; full wording/short label requires review",17532,"Original labelled categories or source type",NA,NA
"Q58R2","Q58","Q58R2","Q58r2: Protestant (such as Methodist, Presbyterian, Assembly of God, Baptist, Lu","ICPSR variable label; may be truncated",30,"Survey item or survey routing field",FALSE,"Original questionnaire route / module retained; system NA not interpreted as a substantive answer","System NA: routing, nonresponse or unavailable; labelled responses preserved",1,"Eligible",TRUE,TRUE,TRUE,"Eligible subject to training-only screening","Code retained; full wording/short label requires review",17532,"Original labelled categories or source type",NA,NA
"Q58R3","Q58","Q58R3","Q58r3: Other Christian - When it comes to religion, do you consider yourself to","ICPSR variable label; may be truncated",30,"Survey item or survey routing field",FALSE,"Original questionnaire route / module retained; system NA not interpreted as a substantive answer","System NA: routing, nonresponse or unavailable; labelled responses preserved",1,"Eligible",TRUE,TRUE,TRUE,"Eligible subject to training-only screening","Code retained; full wording/short label requires review",17532,"Original labelled categories or source type",NA,NA
"Q58R4","Q58","Q58R4","Q58r4: Jewish - When it comes to religion, do you consider yourself to be?","ICPSR variable label; may be truncated",31,"Survey item or survey routing field",FALSE,"Original questionnaire route / module retained; system NA not interpreted as a substantive answer","System NA: routing, nonresponse or unavailable; labelled responses preserved",1,"Eligible",TRUE,TRUE,TRUE,"Eligible subject to training-only screening","Code retained; full wording/short label requires review",17532,"Original labelled categories or source type",NA,NA
"Q58R5","Q58","Q58R5","Q58r5: Muslim - When it comes to religion, do you consider yourself to be?","ICPSR variable label; may be truncated",31,"Survey item or survey routing field",FALSE,"Original questionnaire route / module retained; system NA not interpreted as a substantive answer","System NA: routing, nonresponse or unavailable; labelled responses preserved",1,"Eligible",TRUE,TRUE,TRUE,"Eligible subject to training-only screening","Code retained; full wording/short label requires review",17532,"Original labelled categories or source type",NA,NA
"Q58R6","Q58","Q58R6","Q58r6: Hindu - When it comes to religion, do you consider yourself to be?","ICPSR variable label; may be truncated",31,"Survey item or survey routing field",FALSE,"Original questionnaire route / module retained; system NA not interpreted as a substantive answer","System NA: routing, nonresponse or unavailable; labelled responses preserved",1,"Eligible",TRUE,TRUE,TRUE,"Eligible subject to training-only screening","Code retained; full wording/short label requires review",17532,"Original labelled categories or source type",NA,NA
"Q58R7","Q58","Q58R7","Q58r7: Buddhist - When it comes to religion, do you consider yourself to be?","ICPSR variable label; may be truncated",32,"Survey item or survey routing field",FALSE,"Original questionnaire route / module retained; system NA not interpreted as a substantive answer","System NA: routing, nonresponse or unavailable; labelled responses preserved",1,"Eligible",TRUE,TRUE,TRUE,"Eligible subject to training-only screening","Code retained; full wording/short label requires review",17532,"Original labelled categories or source type",NA,NA
"Q58R8","Q58","Q58R8","Q58r8: Mormon/LDS - When it comes to religion, do you consider yourself to be?","ICPSR variable label; may be truncated",32,"Survey item or survey routing field",FALSE,"Original questionnaire route / module retained; system NA not interpreted as a substantive answer","System NA: routing, nonresponse or unavailable; labelled responses preserved",1,"Eligible",TRUE,TRUE,TRUE,"Eligible subject to training-only screening","Code retained; full wording/short label requires review",17532,"Original labelled categories or source type",NA,NA
"Q58R9","Q58","Q58R9","Q58r9: Folk religion - When it comes to religion, do you consider yourself to be","ICPSR variable label; may be truncated",32,"Survey item or survey routing field",FALSE,"Original questionnaire route / module retained; system NA not interpreted as a substantive answer","System NA: routing, nonresponse or unavailable; labelled responses preserved",1,"Eligible",TRUE,TRUE,TRUE,"Eligible subject to training-only screening","Code retained; full wording/short label requires review",17532,"Original labelled categories or source type",NA,NA
"Q58R10","Q58","Q58R10","Q58r10: Daoist - When it comes to religion, do you consider yourself to be?","ICPSR variable label; may be truncated",33,"Survey item or survey routing field",FALSE,"Original questionnaire route / module retained; system NA not interpreted as a substantive answer","System NA: routing, nonresponse or unavailable; labelled responses preserved",1,"Eligible",TRUE,TRUE,TRUE,"Eligible subject to training-only screening","Code retained; full wording/short label requires review",17532,"Original labelled categories or source type",NA,NA
"Q58R11","Q58","Q58R11","Q58r11: Shamanism - When it comes to religion, do you consider yourself to be?","ICPSR variable label; may be truncated",33,"Survey item or survey routing field",FALSE,"Original questionnaire route / module retained; system NA not interpreted as a substantive answer","System NA: routing, nonresponse or unavailable; labelled responses preserved",1,"Eligible",TRUE,TRUE,TRUE,"Eligible subject to training-only screening","Code retained; full wording/short label requires review",17532,"Original labelled categories or source type",NA,NA
"Q58R12","Q58","Q58R12","Q58r12: Ancestral religion - When it comes to religion, do you consider yourself","ICPSR variable label; may be truncated",33,"Survey item or survey routing field",FALSE,"Original questionnaire route / module retained; system NA not interpreted as a substantive answer","System NA: routing, nonresponse or unavailable; labelled responses preserved",1,"Eligible",TRUE,TRUE,TRUE,"Eligible subject to training-only screening","Code retained; full wording/short label requires review",17532,"Original labelled categories or source type",NA,NA
"Q58R13","Q58","Q58R13","Q58r13: Spiritual but not religious - When it comes to religion, do you consider","ICPSR variable label; may be truncated",34,"Survey item or survey routing field",FALSE,"Original questionnaire route / module retained; system NA not interpreted as a substantive answer","System NA: routing, nonresponse or unavailable; labelled responses preserved",1,"Eligible",TRUE,TRUE,TRUE,"Eligible subject to training-only screening","Code retained; full wording/short label requires review",17532,"Original labelled categories or source type",NA,NA
"Q58R14","Q58","Q58R14","Q58r14: Atheist - When it comes to religion, do you consider yourself to be?","ICPSR variable label; may be truncated",34,"Survey item or survey routing field",FALSE,"Original questionnaire route / module retained; system NA not interpreted as a substantive answer","System NA: routing, nonresponse or unavailable; labelled responses preserved",1,"Eligible",TRUE,TRUE,TRUE,"Eligible subject to training-only screening","Code retained; full wording/short label requires review",17532,"Original labelled categories or source type",NA,NA
"Q58R15","Q58","Q58R15","Q58r15: Agnostic - When it comes to religion, do you consider yourself to be?","ICPSR variable label; may be truncated",35,"Survey item or survey routing field",FALSE,"Original questionnaire route / module retained; system NA not interpreted as a substantive answer","System NA: routing, nonresponse or unavailable; labelled responses preserved",1,"Eligible",TRUE,TRUE,TRUE,"Eligible subject to training-only screening","Code retained; full wording/short label requires review",17532,"Original labelled categories or source type",NA,NA
"Q58R16","Q58","Q58R16","Q58r16: None - When it comes to religion, do you consider yourself to be?","ICPSR variable label; may be truncated",35,"Survey item or survey routing field",FALSE,"Original questionnaire route / module retained; system NA not interpreted as a substantive answer","System NA: routing, nonresponse or unavailable; labelled responses preserved",1,"Eligible",TRUE,TRUE,TRUE,"Eligible subject to training-only screening","Code retained; full wording/short label requires review",17532,"Original labelled categories or source type",NA,NA
"Q58R17","Q58","Q58R17","Q58r17: Other (SPECIFY) - When it comes to religion, do you consider yourself to","ICPSR variable label; may be truncated",35,"Survey item or survey routing field",FALSE,"Original questionnaire route / module retained; system NA not interpreted as a substantive answer","System NA: routing, nonresponse or unavailable; labelled responses preserved",1,"Eligible",TRUE,TRUE,TRUE,"Eligible subject to training-only screening","Code retained; full wording/short label requires review",17532,"Original labelled categories or source type",NA,NA
"Q58R17OE","Q58R17OE","Q58R17OE","Q58r17oe: When it comes to religion, do you consider yourself to be? - Other (SP","ICPSR variable label; may be truncated",36,"Survey item or survey routing field",FALSE,"Original questionnaire route / module retained; system NA not interpreted as a substantive answer","System NA: routing, nonresponse or unavailable; labelled responses preserved",0,"Uncoded/free-text field; no text model",FALSE,FALSE,FALSE,"Uncoded/free-text field; no text model","Code retained; full wording/short label requires review",17545,"Original labelled categories or source type",NA,NA
"Q3B_PLURAL","Q3B_PLURAL","Q3B_PLURAL","Q3b_plural: What is your gender?","ICPSR variable label; may be truncated",36,"Survey item or survey routing field",FALSE,"Original questionnaire route / module retained; system NA not interpreted as a substantive answer","System NA: routing, nonresponse or unavailable; labelled responses preserved",0,"Outcome, selection, administration, weights or duplicate",FALSE,FALSE,FALSE,"Outcome, selection, administration, weights or duplicate","Code retained; full wording/short label requires review",17545,"Original labelled categories or source type",NA,NA
"Q3B_PLURALR4OE","Q3B_PLURALR4OE","Q3B_PLURALR4OE","Q3b_pluralr4oe: What is your gender? - $ {S3b.r4.open}","ICPSR variable label; may be truncated",36,"Survey item or survey routing field",FALSE,"Original questionnaire route / module retained; system NA not interpreted as a substantive answer","System NA: routing, nonresponse or unavailable; labelled responses preserved",0,"Uncoded/free-text field; no text model",FALSE,FALSE,FALSE,"Uncoded/free-text field; no text model","Code retained; full wording/short label requires review",17545,"Original labelled categories or source type",NA,NA
"Q1R1","Q1","Q1R1","Q1r1: Responding to Coronavirus / COVID-19 - On the whole, what are the most imp","ICPSR variable label; may be truncated",36,"Survey item or survey routing field",FALSE,"Original questionnaire route / module retained; system NA not interpreted as a substantive answer","System NA: routing, nonresponse or unavailable; labelled responses preserved",0,"Eligible",TRUE,TRUE,TRUE,"Eligible subject to training-only screening","Code retained; full wording/short label requires review",17545,"Original labelled categories or source type",NA,NA
"Q1R2","Q1","Q1R2","Q1r2: Lowering the costs of health care - On the whole, what are the most import","ICPSR variable label; may be truncated",37,"Survey item or survey routing field",FALSE,"Original questionnaire route / module retained; system NA not interpreted as a substantive answer","System NA: routing, nonresponse or unavailable; labelled responses preserved",0,"Eligible",TRUE,TRUE,TRUE,"Eligible subject to training-only screening","Code retained; full wording/short label requires review",17545,"Original labelled categories or source type",NA,NA
"Q1R3","Q1","Q1R3","Q1r3: Improving wages and incomes - On the whole, what are the most important is","ICPSR variable label; may be truncated",37,"Survey item or survey routing field",FALSE,"Original questionnaire route / module retained; system NA not interpreted as a substantive answer","System NA: routing, nonresponse or unavailable; labelled responses preserved",0,"Eligible",TRUE,TRUE,TRUE,"Eligible subject to training-only screening","Code retained; full wording/short label requires review",17545,"Original labelled categories or source type",NA,NA
"Q1R4","Q1","Q1R4","Q1r4: Unemployment / Creating more jobs - On the whole, what are the most import","ICPSR variable label; may be truncated",37,"Survey item or survey routing field",FALSE,"Original questionnaire route / module retained; system NA not interpreted as a substantive answer","System NA: routing, nonresponse or unavailable; labelled responses preserved",0,"Eligible",TRUE,TRUE,TRUE,"Eligible subject to training-only screening","Code retained; full wording/short label requires review",17545,"Original labelled categories or source type",NA,NA
"Q1R5","Q1","Q1R5","Q1r5: Stopping discrimination against racial/ethnic minorities - On the whole, w","ICPSR variable label; may be truncated",38,"Survey item or survey routing field",FALSE,"Original questionnaire route / module retained; system NA not interpreted as a substantive answer","System NA: routing, nonresponse or unavailable; labelled responses preserved",0,"Eligible",TRUE,TRUE,TRUE,"Eligible subject to training-only screening","Code retained; full wording/short label requires review",17545,"Original labelled categories or source type",NA,NA
"Q1R6","Q1","Q1R6","Q1r6: Criminal justice and police reform - On the whole, what are the most impor","ICPSR variable label; may be truncated",38,"Survey item or survey routing field",FALSE,"Original questionnaire route / module retained; system NA not interpreted as a substantive answer","System NA: routing, nonresponse or unavailable; labelled responses preserved",0,"Eligible",TRUE,TRUE,TRUE,"Eligible subject to training-only screening","Code retained; full wording/short label requires review",17545,"Original labelled categories or source type",NA,NA
"Q1R7","Q1","Q1R7","Q1r7: Protecting immigrant rights - On the whole, what are the most important is","ICPSR variable label; may be truncated",38,"Survey item or survey routing field",FALSE,"Original questionnaire route / module retained; system NA not interpreted as a substantive answer","System NA: routing, nonresponse or unavailable; labelled responses preserved",0,"Eligible",TRUE,TRUE,TRUE,"Eligible subject to training-only screening","Code retained; full wording/short label requires review",17545,"Original labelled categories or source type",NA,NA
"Q1R8","Q1","Q1R8","Q1r8: Improving K-12 education and schools - On the whole, what are the most imp","ICPSR variable label; may be truncated",39,"Survey item or survey routing field",FALSE,"Original questionnaire route / module retained; system NA not interpreted as a substantive answer","System NA: routing, nonresponse or unavailable; labelled responses preserved",0,"Eligible",TRUE,TRUE,TRUE,"Eligible subject to training-only screening","Code retained; full wording/short label requires review",17545,"Original labelled categories or source type",NA,NA
"Q1R9","Q1","Q1R9","Q1r9: Lowering taxes - On the whole, what are the most important issues that you","ICPSR variable label; may be truncated",39,"Survey item or survey routing field",FALSE,"Original questionnaire route / module retained; system NA not interpreted as a substantive answer","System NA: routing, nonresponse or unavailable; labelled responses preserved",0,"Eligible",TRUE,TRUE,TRUE,"Eligible subject to training-only screening","Code retained; full wording/short label requires review",17545,"Original labelled categories or source type",NA,NA
"Q1R10","Q1","Q1R10","Q1r10: Decrease government spending - On the whole, what are the most important","ICPSR variable label; may be truncated",39,"Survey item or survey routing field",FALSE,"Original questionnaire route / module retained; system NA not interpreted as a substantive answer","System NA: routing, nonresponse or unavailable; labelled responses preserved",0,"Eligible",TRUE,TRUE,TRUE,"Eligible subject to training-only screening","Code retained; full wording/short label requires review",17545,"Original labelled categories or source type",NA,NA
"Q1R11","Q1","Q1R11","Q1r11: Combating climate change and pollution - On the whole, what are the most","ICPSR variable label; may be truncated",39,"Survey item or survey routing field",FALSE,"Original questionnaire route / module retained; system NA not interpreted as a substantive answer","System NA: routing, nonresponse or unavailable; labelled responses preserved",0,"Eligible",TRUE,TRUE,TRUE,"Eligible subject to training-only screening","Code retained; full wording/short label requires review",17545,"Original labelled categories or source type",NA,NA
"Q1R12","Q1","Q1R12","Q1r12: Creating more affordable housing - On the whole, what are the most import","ICPSR variable label; may be truncated",40,"Survey item or survey routing field",FALSE,"Original questionnaire route / module retained; system NA not interpreted as a substantive answer","System NA: routing, nonresponse or unavailable; labelled responses preserved",0,"Eligible",TRUE,TRUE,TRUE,"Eligible subject to training-only screening","Code retained; full wording/short label requires review",17545,"Original labelled categories or source type",NA,NA
"Q1R13","Q1","Q1R13","Q1r13: Addressing mass shootings and gun safety policy - On the whole, what are","ICPSR variable label; may be truncated",40,"Survey item or survey routing field",FALSE,"Original questionnaire route / module retained; system NA not interpreted as a substantive answer","System NA: routing, nonresponse or unavailable; labelled responses preserved",0,"Eligible",TRUE,TRUE,TRUE,"Eligible subject to training-only screening","Code retained; full wording/short label requires review",17545,"Original labelled categories or source type",NA,NA
"Q1R14","Q1","Q1R14","Q1r14: Lowering the cost of college - On the whole, what are the most important","ICPSR variable label; may be truncated",40,"Survey item or survey routing field",FALSE,"Original questionnaire route / module retained; system NA not interpreted as a substantive answer","System NA: routing, nonresponse or unavailable; labelled responses preserved",0,"Eligible",TRUE,TRUE,TRUE,"Eligible subject to training-only screening","Code retained; full wording/short label requires review",17545,"Original labelled categories or source type",NA,NA
"Q1R15","Q1","Q1R15","Q1r15: Protecting women","ICPSR variable label; may be truncated",41,"Survey item or survey routing field",FALSE,"Original questionnaire route / module retained; system NA not interpreted as a substantive answer","System NA: routing, nonresponse or unavailable; labelled responses preserved",0,"Eligible",TRUE,TRUE,TRUE,"Eligible subject to training-only screening","Code retained; full wording/short label requires review",17545,"Original labelled categories or source type",NA,NA
"Q1R16","Q1","Q1R16","Q1r16: Limiting abortion - On the whole, what are the most important issues that","ICPSR variable label; may be truncated",41,"Survey item or survey routing field",FALSE,"Original questionnaire route / module retained; system NA not interpreted as a substantive answer","System NA: routing, nonresponse or unavailable; labelled responses preserved",0,"Eligible",TRUE,TRUE,TRUE,"Eligible subject to training-only screening","Code retained; full wording/short label requires review",17545,"Original labelled categories or source type",NA,NA
"Q1R17","Q1","Q1R17","Q1r17: Stopping the left-wing Democratic agenda - On the whole, what are the mos","ICPSR variable label; may be truncated",41,"Survey item or survey routing field",FALSE,"Original questionnaire route / module retained; system NA not interpreted as a substantive answer","System NA: routing, nonresponse or unavailable; labelled responses preserved",0,"Eligible",TRUE,TRUE,FALSE,"Direct partisan or party-selected identity; withheld in Model 3","Code retained; full wording/short label requires review",17545,"Original labelled categories or source type",NA,NA
"Q1R18","Q1","Q1R18","Q1r18: Stopping the right-wing Republican agenda - On the whole, what are the mo","ICPSR variable label; may be truncated",42,"Survey item or survey routing field",FALSE,"Original questionnaire route / module retained; system NA not interpreted as a substantive answer","System NA: routing, nonresponse or unavailable; labelled responses preserved",0,"Eligible",TRUE,TRUE,FALSE,"Direct partisan or party-selected identity; withheld in Model 3","Code retained; full wording/short label requires review",17545,"Original labelled categories or source type",NA,NA
"Q1R19","Q1","Border security as issue priority","Q1r19: Border security to control immigration - On the whole, what are the most","ICPSR variable label; may be truncated",42,"Survey item or survey routing field",FALSE,"Original questionnaire route / module retained; system NA not interpreted as a substantive answer","System NA: routing, nonresponse or unavailable; labelled responses preserved",0,"Eligible",TRUE,TRUE,TRUE,"Eligible subject to training-only screening","Verified short label; original source construct retained",17545,"Original labelled categories or source type",NA,NA
"Q1R20","Q1","Q1R20","Q1r20: Combating terrorism - On the whole, what are the most important issues th","ICPSR variable label; may be truncated",42,"Survey item or survey routing field",FALSE,"Original questionnaire route / module retained; system NA not interpreted as a substantive answer","System NA: routing, nonresponse or unavailable; labelled responses preserved",0,"Eligible",TRUE,TRUE,TRUE,"Eligible subject to training-only screening","Code retained; full wording/short label requires review",17545,"Original labelled categories or source type",NA,NA
"Q1R21","Q1","Q1R21","Q1r21: Reducing crime - On the whole, what are the most important issues that yo","ICPSR variable label; may be truncated",43,"Survey item or survey routing field",FALSE,"Original questionnaire route / module retained; system NA not interpreted as a substantive answer","System NA: routing, nonresponse or unavailable; labelled responses preserved",0,"Eligible",TRUE,TRUE,TRUE,"Eligible subject to training-only screening","Code retained; full wording/short label requires review",17545,"Original labelled categories or source type",NA,NA
"Q1R22","Q1","Q1R22","Q1r22: Eliminating voter suppression - On the whole, what are the most important","ICPSR variable label; may be truncated",43,"Survey item or survey routing field",FALSE,"Original questionnaire route / module retained; system NA not interpreted as a substantive answer","System NA: routing, nonresponse or unavailable; labelled responses preserved",0,"Eligible",TRUE,TRUE,TRUE,"Eligible subject to training-only screening","Code retained; full wording/short label requires review",17545,"Original labelled categories or source type",NA,NA
"Q1R23","Q1","Q1R23","Q1r23: Other - On the whole, what are the most important issues that you want th","ICPSR variable label; may be truncated",43,"Survey item or survey routing field",FALSE,"Original questionnaire route / module retained; system NA not interpreted as a substantive answer","System NA: routing, nonresponse or unavailable; labelled responses preserved",0,"Eligible",TRUE,TRUE,TRUE,"Eligible subject to training-only screening","Code retained; full wording/short label requires review",17545,"Original labelled categories or source type",NA,NA
"Q2R1","Q2R1","Trump favorability","Q2r1: Former President Donald Trump - For each of the following people, please i","ICPSR variable label; may be truncated",43,"Survey item or survey routing field",FALSE,"Original questionnaire route / module retained; system NA not interpreted as a substantive answer","System NA: routing, nonresponse or unavailable; labelled responses preserved",0,"Eligible",TRUE,FALSE,FALSE,"Candidate/election-proximate; Model 1 only","Verified short label; original source construct retained",17545,"Original labelled categories or source type",2,12
"Q2R2","Q2R2","Pence favorability","Q2r2: Former Vice President Mike Pence - For each of the following people, pleas","ICPSR variable label; may be truncated",44,"Survey item or survey routing field",FALSE,"Original questionnaire route / module retained; system NA not interpreted as a substantive answer","System NA: routing, nonresponse or unavailable; labelled responses preserved",0,"Eligible",TRUE,FALSE,FALSE,"Candidate/election-proximate; Model 1 only","Verified short label; original source construct retained",17545,"Original labelled categories or source type",3,12
"Q2R3","Q2R3","Biden favorability","Q2r3: President Joe Biden - For each of the following people, please indicate wh","ICPSR variable label; may be truncated",44,"Survey item or survey routing field",FALSE,"Original questionnaire route / module retained; system NA not interpreted as a substantive answer","System NA: routing, nonresponse or unavailable; labelled responses preserved",0,"Eligible",TRUE,FALSE,FALSE,"Candidate/election-proximate; Model 1 only","Verified short label; original source construct retained",17545,"Original labelled categories or source type",4,12
"Q2R4","Q2R4","Harris favorability","Q2r4: Vice President Kamala Harris - For each of the following people, please in","ICPSR variable label; may be truncated",45,"Survey item or survey routing field",FALSE,"Original questionnaire route / module retained; system NA not interpreted as a substantive answer","System NA: routing, nonresponse or unavailable; labelled responses preserved",0,"Eligible",TRUE,FALSE,FALSE,"Candidate/election-proximate; Model 1 only","Verified short label; original source construct retained",17545,"Original labelled categories or source type",5,12
"Q2R5","Q2R5","Barack Obama favorability","Q2r5: Former President Barack Obama - For each of the following people, please i","ICPSR variable label; may be truncated",45,"Survey item or survey routing field",FALSE,"Original questionnaire route / module retained; system NA not interpreted as a substantive answer","System NA: routing, nonresponse or unavailable; labelled responses preserved",0,"Eligible",TRUE,FALSE,FALSE,"Candidate/election-proximate; Model 1 only","Verified short label; original source construct retained",17545,"Original labelled categories or source type",6,12
"Q2R6","Q2R6","George W. Bush favorability","Q2r6: Former President George W. Bush - For each of the following people, please","ICPSR variable label; may be truncated",46,"Survey item or survey routing field",FALSE,"Original questionnaire route / module retained; system NA not interpreted as a substantive answer","System NA: routing, nonresponse or unavailable; labelled responses preserved",0,"Eligible",TRUE,FALSE,FALSE,"Candidate/election-proximate; Model 1 only","Verified short label; original source construct retained",17545,"Original labelled categories or source type",7,12
"Q2R7","Q2R7","Hillary Clinton favorability","Q2r7: Former Secretary of State Hillary Clinton - For each of the following peop","ICPSR variable label; may be truncated",46,"Survey item or survey routing field",FALSE,"Original questionnaire route / module retained; system NA not interpreted as a substantive answer","System NA: routing, nonresponse or unavailable; labelled responses preserved",0,"Eligible",TRUE,FALSE,FALSE,"Candidate/election-proximate; Model 1 only","Verified short label; original source construct retained",17545,"Original labelled categories or source type",8,12
"Q2R8","Q2R8","Melania Trump favorability","Q2r8: Former first-lady Melania Trump - For each of the following people, please","ICPSR variable label; may be truncated",46,"Survey item or survey routing field",FALSE,"Original questionnaire route / module retained; system NA not interpreted as a substantive answer","System NA: routing, nonresponse or unavailable; labelled responses preserved",0,"Eligible",TRUE,FALSE,FALSE,"Candidate/election-proximate; Model 1 only","Verified short label; original source construct retained",17545,"Original labelled categories or source type",9,12
"Q2R9","Q2R9","Michelle Obama favorability","Q2r9: Former first-lady Michelle Obama - For each of the following people, pleas","ICPSR variable label; may be truncated",47,"Survey item or survey routing field",FALSE,"Original questionnaire route / module retained; system NA not interpreted as a substantive answer","System NA: routing, nonresponse or unavailable; labelled responses preserved",0,"Eligible",TRUE,FALSE,FALSE,"Candidate/election-proximate; Model 1 only","Verified short label; original source construct retained",17545,"Original labelled categories or source type",10,12
"Q2R10","Q2R10","Jill Biden favorability","Q2r10: First-lady Dr. Jill Biden - For each of the following people, please indi","ICPSR variable label; may be truncated",47,"Survey item or survey routing field",FALSE,"Original questionnaire route / module retained; system NA not interpreted as a substantive answer","System NA: routing, nonresponse or unavailable; labelled responses preserved",0,"Eligible",TRUE,FALSE,FALSE,"Candidate/election-proximate; Model 1 only","Verified short label; original source construct retained",17545,"Original labelled categories or source type",11,13
"Q12","Q12","Q12","Q12: This year a lot of people said they did NOT vote in the election, because t","ICPSR variable label; may be truncated",48,"Survey item or survey routing field",FALSE,"Original questionnaire route / module retained; system NA not interpreted as a substantive answer","System NA: routing, nonresponse or unavailable; labelled responses preserved",0,"Outcome, selection, administration, weights or duplicate",FALSE,FALSE,FALSE,"Outcome, selection, administration, weights or duplicate","Code retained; full wording/short label requires review",11073,"Original labelled categories or source type",NA,NA
"Q13","Q13","Voting method","Q13: Did you vote by mail or absentee ballot, vote early in person, or vote in p","ICPSR variable label; may be truncated",48,"Survey item or survey routing field",FALSE,"Questionnaire Q13: asked only when Q12=1 (certain voter); Original questionnaire route / module retained; system NA not interpreted as a substantive answer","System NA: routing, nonresponse or unavailable; labelled responses preserved",31,"Eligible",TRUE,TRUE,TRUE,"Eligible subject to training-only screening","Verified short label; original source construct retained",10351,"Original labelled categories or source type",NA,NA
"Q14","Q14","Q14","Q14: In the election for president, [pipe: Q14verb] [pipe: Q14verb2], or the Lib","ICPSR variable label; may be truncated",48,"Survey item or survey routing field",FALSE,"Original questionnaire route / module retained; system NA not interpreted as a substantive answer","System NA: routing, nonresponse or unavailable; labelled responses preserved",0,"Outcome, selection, administration, weights or duplicate",FALSE,FALSE,FALSE,"Outcome, selection, administration, weights or duplicate","Code retained; full wording/short label requires review",17545,"Original labelled categories or source type",NA,NA
"Q14R5OE","Q14R5OE","Q14R5OE","Q14r5oe: In the election for president, [pipe: Q14verb] [pipe: Q14verb2], or the","ICPSR variable label; may be truncated",49,"Survey item or survey routing field",FALSE,"Original questionnaire route / module retained; system NA not interpreted as a substantive answer","System NA: routing, nonresponse or unavailable; labelled responses preserved",0,"Uncoded/free-text field; no text model",FALSE,FALSE,FALSE,"Uncoded/free-text field; no text model","Code retained; full wording/short label requires review",17545,"Original labelled categories or source type",NA,NA
"Q15","Q15","Congressional vote","Q15: How about in the election for U.S. Congress, here in your district in [pipe","ICPSR variable label; may be truncated",49,"Survey item or survey routing field",FALSE,"Original questionnaire route / module retained; system NA not interpreted as a substantive answer","System NA: routing, nonresponse or unavailable; labelled responses preserved",0,"Eligible",TRUE,FALSE,FALSE,"Candidate/election-proximate; Model 1 only","Verified short label; original source construct retained",17545,"Original labelled categories or source type",15,13
"Q15R3OE","Q15R3OE","Q15R3OE","Q15r3oe: How about in the election for U.S. Congress, here in your district in [","ICPSR variable label; may be truncated",49,"Survey item or survey routing field",FALSE,"Original questionnaire route / module retained; system NA not interpreted as a substantive answer","System NA: routing, nonresponse or unavailable; labelled responses preserved",0,"Uncoded/free-text field; no text model",FALSE,FALSE,FALSE,"Uncoded/free-text field; no text model","Code retained; full wording/short label requires review",17545,"Original labelled categories or source type",NA,NA
"Q16","Q16","Q16","Q16: Before coming to the United States, did you ever vote in the elections in y","ICPSR variable label; may be truncated",50,"Survey item or survey routing field",FALSE,"Original questionnaire route / module retained; system NA not interpreted as a substantive answer","System NA: routing, nonresponse or unavailable; labelled responses preserved",1607,"Eligible",TRUE,TRUE,TRUE,"Eligible subject to training-only screening","Code retained; full wording/short label requires review",4248,"Original labelled categories or source type",NA,NA
"Q17","Q17","Q17","Q17: Before you came to the US, did you identify with a political party in your","ICPSR variable label; may be truncated",50,"Survey item or survey routing field",FALSE,"Original questionnaire route / module retained; system NA not interpreted as a substantive answer","System NA: routing, nonresponse or unavailable; labelled responses preserved",1607,"Eligible",TRUE,TRUE,FALSE,"Direct partisan or party-selected identity; withheld in Model 3","Code retained; full wording/short label requires review",4248,"Original labelled categories or source type",NA,NA
"Q18","Q18","Q18","Q18: Would you describe this party as liberal or on the left, conservative or on","ICPSR variable label; may be truncated",50,"Survey item or survey routing field",FALSE,"Original questionnaire route / module retained; system NA not interpreted as a substantive answer","System NA: routing, nonresponse or unavailable; labelled responses preserved",1952,"Eligible",TRUE,TRUE,FALSE,"Direct partisan or party-selected identity; withheld in Model 3","Code retained; full wording/short label requires review",1130,"Original labelled categories or source type",NA,NA
"Q19","Q19","Q19","Q19: How similar or different would you say the party you supported in your coun","ICPSR variable label; may be truncated",51,"Survey item or survey routing field",FALSE,"Original questionnaire route / module retained; system NA not interpreted as a substantive answer","System NA: routing, nonresponse or unavailable; labelled responses preserved",1952,"Eligible",TRUE,TRUE,FALSE,"Direct partisan or party-selected identity; withheld in Model 3","Code retained; full wording/short label requires review",1130,"Original labelled categories or source type",NA,NA
"Q20","Q20","Q20","Q20: Before you came to the US, were you involved in any political party or orga","ICPSR variable label; may be truncated",51,"Survey item or survey routing field",FALSE,"Original questionnaire route / module retained; system NA not interpreted as a substantive answer","System NA: routing, nonresponse or unavailable; labelled responses preserved",1607,"Eligible",TRUE,TRUE,TRUE,"Eligible subject to training-only screening","Code retained; full wording/short label requires review",4248,"Original labelled categories or source type",NA,NA
"Q21","Q21","Party identification","Q21: Do you consider your party identification to be","ICPSR variable label; may be truncated",52,"Survey item or survey routing field",FALSE,"Original questionnaire route / module retained; system NA not interpreted as a substantive answer","System NA: routing, nonresponse or unavailable; labelled responses preserved",0,"Eligible",TRUE,TRUE,FALSE,"Direct partisan or party-selected identity; withheld in Model 3","Verified short label; original source construct retained",17545,"Original labelled categories or source type",21,15
"Q22","Q22","Partisan strength","Q22: Do you consider yourself to be a strong [pipe: Q21], or not?","ICPSR variable label; may be truncated",52,"Survey item or survey routing field",FALSE,"Asked Q21=Republican or Democrat; party identity piped; Condition joined: Q21","System NA: routing, nonresponse or unavailable; labelled responses preserved",550,"Eligible",TRUE,TRUE,FALSE,"Direct partisan or party-selected identity; withheld in Model 3","Verified short label; original source construct retained",11556,"Original labelled categories or source type",22,15
"Q23","Q23","Party leaning","Q23: If you had to choose, do you consider yourself closer to the Republican par","ICPSR variable label; may be truncated",52,"Survey item or survey routing field",FALSE,"Asked nonmajor-party identification; Original questionnaire route / module retained; system NA not interpreted as a substantive answer","System NA: routing, nonresponse or unavailable; labelled responses preserved",1532,"Eligible",TRUE,TRUE,FALSE,"Direct partisan or party-selected identity; withheld in Model 3","Verified short label; original source construct retained",5989,"Original labelled categories or source type",23,15
"Q24","Q24","Republican party history","Q24: Have you always called yourself a Republican, or did you used to call yours","ICPSR variable label; may be truncated",53,"Survey item or survey routing field",FALSE,"Asked Q21=Republican; Original questionnaire route / module retained; system NA not interpreted as a substantive answer","System NA: routing, nonresponse or unavailable; labelled responses preserved",1641,"Eligible",TRUE,TRUE,FALSE,"Direct partisan or party-selected identity; withheld in Model 3","Verified short label; original source construct retained",3238,"Original labelled categories or source type",24,15
"Q25","Q25","Democratic party history","Q25: Have you always called yourself a Democrat, or did you used to call yoursel","ICPSR variable label; may be truncated",53,"Survey item or survey routing field",FALSE,"Asked Q21=Democrat; Original questionnaire route / module retained; system NA not interpreted as a substantive answer","System NA: routing, nonresponse or unavailable; labelled responses preserved",991,"Eligible",TRUE,TRUE,FALSE,"Direct partisan or party-selected identity; withheld in Model 3","Verified short label; original source construct retained",8318,"Original labelled categories or source type",25,15
"Q26","Q26","Independent party history","Q26: Have you always called yourself an Independent, or did you used to think of","ICPSR variable label; may be truncated",54,"Survey item or survey routing field",FALSE,"Asked Q21=Independent or Other; Original questionnaire route / module retained; system NA not interpreted as a substantive answer","System NA: routing, nonresponse or unavailable; labelled responses preserved",1574,"Eligible",TRUE,TRUE,FALSE,"Direct partisan or party-selected identity; withheld in Model 3","Verified short label; original source construct retained",5174,"Original labelled categories or source type",26,15
"Q27R1","Q27","Q27R1","Q27r1: Older Americans - Thinking about Democrats, which of the following groups","ICPSR variable label; may be truncated",54,"Survey item or survey routing field",FALSE,"Original questionnaire route / module retained; system NA not interpreted as a substantive answer","System NA: routing, nonresponse or unavailable; labelled responses preserved",0,"Eligible",TRUE,TRUE,FALSE,"Direct partisan or party-selected identity; withheld in Model 3","Code retained; full wording/short label requires review",17545,"Original labelled categories or source type",NA,NA
"Q27R2","Q27","Q27R2","Q27r2: Younger Americans - Thinking about Democrats, which of the following grou","ICPSR variable label; may be truncated",54,"Survey item or survey routing field",FALSE,"Original questionnaire route / module retained; system NA not interpreted as a substantive answer","System NA: routing, nonresponse or unavailable; labelled responses preserved",0,"Eligible",TRUE,TRUE,FALSE,"Direct partisan or party-selected identity; withheld in Model 3","Code retained; full wording/short label requires review",17545,"Original labelled categories or source type",NA,NA
"Q27R3","Q27","Q27R3","Q27r3: Men - Thinking about Democrats, which of the following groups do you asso","ICPSR variable label; may be truncated",55,"Survey item or survey routing field",FALSE,"Original questionnaire route / module retained; system NA not interpreted as a substantive answer","System NA: routing, nonresponse or unavailable; labelled responses preserved",0,"Eligible",TRUE,TRUE,FALSE,"Direct partisan or party-selected identity; withheld in Model 3","Code retained; full wording/short label requires review",17545,"Original labelled categories or source type",NA,NA
"Q27R4","Q27","Q27R4","Q27r4: Women - Thinking about Democrats, which of the following groups do you as","ICPSR variable label; may be truncated",55,"Survey item or survey routing field",FALSE,"Original questionnaire route / module retained; system NA not interpreted as a substantive answer","System NA: routing, nonresponse or unavailable; labelled responses preserved",0,"Eligible",TRUE,TRUE,FALSE,"Direct partisan or party-selected identity; withheld in Model 3","Code retained; full wording/short label requires review",17545,"Original labelled categories or source type",NA,NA
"Q27R5","Q27","Q27R5","Q27r5: LGBTQ Americans - Thinking about Democrats, which of the following groups","ICPSR variable label; may be truncated",55,"Survey item or survey routing field",FALSE,"Original questionnaire route / module retained; system NA not interpreted as a substantive answer","System NA: routing, nonresponse or unavailable; labelled responses preserved",0,"Eligible",TRUE,TRUE,FALSE,"Direct partisan or party-selected identity; withheld in Model 3","Code retained; full wording/short label requires review",17545,"Original labelled categories or source type",NA,NA
"Q27R6","Q27","Q27R6","Q27r6: Catholics - Thinking about Democrats, which of the following groups do yo","ICPSR variable label; may be truncated",56,"Survey item or survey routing field",FALSE,"Original questionnaire route / module retained; system NA not interpreted as a substantive answer","System NA: routing, nonresponse or unavailable; labelled responses preserved",0,"Eligible",TRUE,TRUE,FALSE,"Direct partisan or party-selected identity; withheld in Model 3","Code retained; full wording/short label requires review",17545,"Original labelled categories or source type",NA,NA
"Q27R7","Q27","Q27R7","Q27r7: Protestants - Thinking about Democrats, which of the following groups do","ICPSR variable label; may be truncated",56,"Survey item or survey routing field",FALSE,"Original questionnaire route / module retained; system NA not interpreted as a substantive answer","System NA: routing, nonresponse or unavailable; labelled responses preserved",0,"Eligible",TRUE,TRUE,FALSE,"Direct partisan or party-selected identity; withheld in Model 3","Code retained; full wording/short label requires review",17545,"Original labelled categories or source type",NA,NA
"Q27R8","Q27","Q27R8","Q27r8: Jews - Thinking about Democrats, which of the following groups do you ass","ICPSR variable label; may be truncated",56,"Survey item or survey routing field",FALSE,"Original questionnaire route / module retained; system NA not interpreted as a substantive answer","System NA: routing, nonresponse or unavailable; labelled responses preserved",0,"Eligible",TRUE,TRUE,FALSE,"Direct partisan or party-selected identity; withheld in Model 3","Code retained; full wording/short label requires review",17545,"Original labelled categories or source type",NA,NA
"Q27R9","Q27","Q27R9","Q27r9: Muslims - Thinking about Democrats, which of the following groups do you","ICPSR variable label; may be truncated",56,"Survey item or survey routing field",FALSE,"Original questionnaire route / module retained; system NA not interpreted as a substantive answer","System NA: routing, nonresponse or unavailable; labelled responses preserved",0,"Eligible",TRUE,TRUE,FALSE,"Direct partisan or party-selected identity; withheld in Model 3","Code retained; full wording/short label requires review",17545,"Original labelled categories or source type",NA,NA
"Q27R10","Q27","Q27R10","Q27r10: Hindus - Thinking about Democrats, which of the following groups do you","ICPSR variable label; may be truncated",57,"Survey item or survey routing field",FALSE,"Original questionnaire route / module retained; system NA not interpreted as a substantive answer","System NA: routing, nonresponse or unavailable; labelled responses preserved",0,"Eligible",TRUE,TRUE,FALSE,"Direct partisan or party-selected identity; withheld in Model 3","Code retained; full wording/short label requires review",17545,"Original labelled categories or source type",NA,NA
"Q27R11","Q27","Q27R11","Q27r11: Buddhists - Thinking about Democrats, which of the following groups do y","ICPSR variable label; may be truncated",57,"Survey item or survey routing field",FALSE,"Original questionnaire route / module retained; system NA not interpreted as a substantive answer","System NA: routing, nonresponse or unavailable; labelled responses preserved",0,"Eligible",TRUE,TRUE,FALSE,"Direct partisan or party-selected identity; withheld in Model 3","Code retained; full wording/short label requires review",17545,"Original labelled categories or source type",NA,NA
"Q27R12","Q27","Q27R12","Q27r12: Atheists - Thinking about Democrats, which of the following groups do yo","ICPSR variable label; may be truncated",57,"Survey item or survey routing field",FALSE,"Original questionnaire route / module retained; system NA not interpreted as a substantive answer","System NA: routing, nonresponse or unavailable; labelled responses preserved",0,"Eligible",TRUE,TRUE,FALSE,"Direct partisan or party-selected identity; withheld in Model 3","Code retained; full wording/short label requires review",17545,"Original labelled categories or source type",NA,NA
"Q27R13","Q27","Q27R13","Q27r13: Agnostics - Thinking about Democrats, which of the following groups do y","ICPSR variable label; may be truncated",58,"Survey item or survey routing field",FALSE,"Original questionnaire route / module retained; system NA not interpreted as a substantive answer","System NA: routing, nonresponse or unavailable; labelled responses preserved",0,"Eligible",TRUE,TRUE,FALSE,"Direct partisan or party-selected identity; withheld in Model 3","Code retained; full wording/short label requires review",17545,"Original labelled categories or source type",NA,NA
"Q27R14","Q27","Q27R14","Q27r14: Non-religious people - Thinking about Democrats, which of the following","ICPSR variable label; may be truncated",58,"Survey item or survey routing field",FALSE,"Original questionnaire route / module retained; system NA not interpreted as a substantive answer","System NA: routing, nonresponse or unavailable; labelled responses preserved",0,"Eligible",TRUE,TRUE,FALSE,"Direct partisan or party-selected identity; withheld in Model 3","Code retained; full wording/short label requires review",17545,"Original labelled categories or source type",NA,NA
"Q27R15","Q27","Q27R15","Q27r15: Rich people - Thinking about Democrats, which of the following groups do","ICPSR variable label; may be truncated",58,"Survey item or survey routing field",FALSE,"Original questionnaire route / module retained; system NA not interpreted as a substantive answer","System NA: routing, nonresponse or unavailable; labelled responses preserved",0,"Eligible",TRUE,TRUE,FALSE,"Direct partisan or party-selected identity; withheld in Model 3","Code retained; full wording/short label requires review",17545,"Original labelled categories or source type",NA,NA
"Q27R16","Q27","Q27R16","Q27r16: Poor people - Thinking about Democrats, which of the following groups do","ICPSR variable label; may be truncated",59,"Survey item or survey routing field",FALSE,"Original questionnaire route / module retained; system NA not interpreted as a substantive answer","System NA: routing, nonresponse or unavailable; labelled responses preserved",0,"Eligible",TRUE,TRUE,FALSE,"Direct partisan or party-selected identity; withheld in Model 3","Code retained; full wording/short label requires review",17545,"Original labelled categories or source type",NA,NA
"Q27R17","Q27","Q27R17","Q27r17: Middle class people - Thinking about Democrats, which of the following g","ICPSR variable label; may be truncated",59,"Survey item or survey routing field",FALSE,"Original questionnaire route / module retained; system NA not interpreted as a substantive answer","System NA: routing, nonresponse or unavailable; labelled responses preserved",0,"Eligible",TRUE,TRUE,FALSE,"Direct partisan or party-selected identity; withheld in Model 3","Code retained; full wording/short label requires review",17545,"Original labelled categories or source type",NA,NA
"Q27R18","Q27","Q27R18","Q27r18: People who are racist - Thinking about Democrats, which of the following","ICPSR variable label; may be truncated",59,"Survey item or survey routing field",FALSE,"Original questionnaire route / module retained; system NA not interpreted as a substantive answer","System NA: routing, nonresponse or unavailable; labelled responses preserved",0,"Eligible",TRUE,TRUE,FALSE,"Direct partisan or party-selected identity; withheld in Model 3","Code retained; full wording/short label requires review",17545,"Original labelled categories or source type",NA,NA
"Q27R19","Q27","Q27R19","Q27r19: People who fight against racism - Thinking about Democrats, which of the","ICPSR variable label; may be truncated",59,"Survey item or survey routing field",FALSE,"Original questionnaire route / module retained; system NA not interpreted as a substantive answer","System NA: routing, nonresponse or unavailable; labelled responses preserved",0,"Eligible",TRUE,TRUE,FALSE,"Direct partisan or party-selected identity; withheld in Model 3","Code retained; full wording/short label requires review",17545,"Original labelled categories or source type",NA,NA
"Q28R1","Q28","Q28R1","Q28r1: Older Americans - Thinking about Republicans, which of the following grou","ICPSR variable label; may be truncated",60,"Survey item or survey routing field",FALSE,"Original questionnaire route / module retained; system NA not interpreted as a substantive answer","System NA: routing, nonresponse or unavailable; labelled responses preserved",0,"Eligible",TRUE,TRUE,FALSE,"Direct partisan or party-selected identity; withheld in Model 3","Code retained; full wording/short label requires review",17545,"Original labelled categories or source type",NA,NA
"Q28R2","Q28","Q28R2","Q28r2: Younger Americans - Thinking about Republicans, which of the following gr","ICPSR variable label; may be truncated",60,"Survey item or survey routing field",FALSE,"Original questionnaire route / module retained; system NA not interpreted as a substantive answer","System NA: routing, nonresponse or unavailable; labelled responses preserved",0,"Eligible",TRUE,TRUE,FALSE,"Direct partisan or party-selected identity; withheld in Model 3","Code retained; full wording/short label requires review",17545,"Original labelled categories or source type",NA,NA
"Q28R3","Q28","Q28R3","Q28r3: Men - Thinking about Republicans, which of the following groups do you as","ICPSR variable label; may be truncated",60,"Survey item or survey routing field",FALSE,"Original questionnaire route / module retained; system NA not interpreted as a substantive answer","System NA: routing, nonresponse or unavailable; labelled responses preserved",0,"Eligible",TRUE,TRUE,FALSE,"Direct partisan or party-selected identity; withheld in Model 3","Code retained; full wording/short label requires review",17545,"Original labelled categories or source type",NA,NA
"Q28R4","Q28","Q28R4","Q28r4: Women - Thinking about Republicans, which of the following groups do you","ICPSR variable label; may be truncated",61,"Survey item or survey routing field",FALSE,"Original questionnaire route / module retained; system NA not interpreted as a substantive answer","System NA: routing, nonresponse or unavailable; labelled responses preserved",0,"Eligible",TRUE,TRUE,FALSE,"Direct partisan or party-selected identity; withheld in Model 3","Code retained; full wording/short label requires review",17545,"Original labelled categories or source type",NA,NA
"Q28R5","Q28","Q28R5","Q28r5: LGBTQ Americans - Thinking about Republicans, which of the following grou","ICPSR variable label; may be truncated",61,"Survey item or survey routing field",FALSE,"Original questionnaire route / module retained; system NA not interpreted as a substantive answer","System NA: routing, nonresponse or unavailable; labelled responses preserved",0,"Eligible",TRUE,TRUE,FALSE,"Direct partisan or party-selected identity; withheld in Model 3","Code retained; full wording/short label requires review",17545,"Original labelled categories or source type",NA,NA
"Q28R6","Q28","Q28R6","Q28r6: Catholics - Thinking about Republicans, which of the following groups do","ICPSR variable label; may be truncated",61,"Survey item or survey routing field",FALSE,"Original questionnaire route / module retained; system NA not interpreted as a substantive answer","System NA: routing, nonresponse or unavailable; labelled responses preserved",0,"Eligible",TRUE,TRUE,FALSE,"Direct partisan or party-selected identity; withheld in Model 3","Code retained; full wording/short label requires review",17545,"Original labelled categories or source type",NA,NA
"Q28R7","Q28","Q28R7","Q28r7: Protestants - Thinking about Republicans, which of the following groups d","ICPSR variable label; may be truncated",62,"Survey item or survey routing field",FALSE,"Original questionnaire route / module retained; system NA not interpreted as a substantive answer","System NA: routing, nonresponse or unavailable; labelled responses preserved",0,"Eligible",TRUE,TRUE,FALSE,"Direct partisan or party-selected identity; withheld in Model 3","Code retained; full wording/short label requires review",17545,"Original labelled categories or source type",NA,NA
"Q28R8","Q28","Q28R8","Q28r8: Jews - Thinking about Republicans, which of the following groups do you a","ICPSR variable label; may be truncated",62,"Survey item or survey routing field",FALSE,"Original questionnaire route / module retained; system NA not interpreted as a substantive answer","System NA: routing, nonresponse or unavailable; labelled responses preserved",0,"Eligible",TRUE,TRUE,FALSE,"Direct partisan or party-selected identity; withheld in Model 3","Code retained; full wording/short label requires review",17545,"Original labelled categories or source type",NA,NA
"Q28R9","Q28","Q28R9","Q28r9: Muslims - Thinking about Republicans, which of the following groups do yo","ICPSR variable label; may be truncated",62,"Survey item or survey routing field",FALSE,"Original questionnaire route / module retained; system NA not interpreted as a substantive answer","System NA: routing, nonresponse or unavailable; labelled responses preserved",0,"Eligible",TRUE,TRUE,FALSE,"Direct partisan or party-selected identity; withheld in Model 3","Code retained; full wording/short label requires review",17545,"Original labelled categories or source type",NA,NA
"Q28R10","Q28","Q28R10","Q28r10: Hindus - Thinking about Republicans, which of the following groups do yo","ICPSR variable label; may be truncated",63,"Survey item or survey routing field",FALSE,"Original questionnaire route / module retained; system NA not interpreted as a substantive answer","System NA: routing, nonresponse or unavailable; labelled responses preserved",0,"Eligible",TRUE,TRUE,FALSE,"Direct partisan or party-selected identity; withheld in Model 3","Code retained; full wording/short label requires review",17545,"Original labelled categories or source type",NA,NA
"Q28R11","Q28","Q28R11","Q28r11: Buddhists - Thinking about Republicans, which of the following groups do","ICPSR variable label; may be truncated",63,"Survey item or survey routing field",FALSE,"Original questionnaire route / module retained; system NA not interpreted as a substantive answer","System NA: routing, nonresponse or unavailable; labelled responses preserved",0,"Eligible",TRUE,TRUE,FALSE,"Direct partisan or party-selected identity; withheld in Model 3","Code retained; full wording/short label requires review",17545,"Original labelled categories or source type",NA,NA
"Q28R12","Q28","Q28R12","Q28r12: Atheists - Thinking about Republicans, which of the following groups do","ICPSR variable label; may be truncated",63,"Survey item or survey routing field",FALSE,"Original questionnaire route / module retained; system NA not interpreted as a substantive answer","System NA: routing, nonresponse or unavailable; labelled responses preserved",0,"Eligible",TRUE,TRUE,FALSE,"Direct partisan or party-selected identity; withheld in Model 3","Code retained; full wording/short label requires review",17545,"Original labelled categories or source type",NA,NA
"Q28R13","Q28","Q28R13","Q28r13: Agnostics - Thinking about Republicans, which of the following groups do","ICPSR variable label; may be truncated",63,"Survey item or survey routing field",FALSE,"Original questionnaire route / module retained; system NA not interpreted as a substantive answer","System NA: routing, nonresponse or unavailable; labelled responses preserved",0,"Eligible",TRUE,TRUE,FALSE,"Direct partisan or party-selected identity; withheld in Model 3","Code retained; full wording/short label requires review",17545,"Original labelled categories or source type",NA,NA
"Q28R14","Q28","Q28R14","Q28r14: Non-religious people - Thinking about Republicans, which of the followin","ICPSR variable label; may be truncated",64,"Survey item or survey routing field",FALSE,"Original questionnaire route / module retained; system NA not interpreted as a substantive answer","System NA: routing, nonresponse or unavailable; labelled responses preserved",0,"Eligible",TRUE,TRUE,FALSE,"Direct partisan or party-selected identity; withheld in Model 3","Code retained; full wording/short label requires review",17545,"Original labelled categories or source type",NA,NA
"Q28R15","Q28","Q28R15","Q28r15: Rich people - Thinking about Republicans, which of the following groups","ICPSR variable label; may be truncated",64,"Survey item or survey routing field",FALSE,"Original questionnaire route / module retained; system NA not interpreted as a substantive answer","System NA: routing, nonresponse or unavailable; labelled responses preserved",0,"Eligible",TRUE,TRUE,FALSE,"Direct partisan or party-selected identity; withheld in Model 3","Code retained; full wording/short label requires review",17545,"Original labelled categories or source type",NA,NA
"Q28R16","Q28","Q28R16","Q28r16: Poor people - Thinking about Republicans, which of the following groups","ICPSR variable label; may be truncated",64,"Survey item or survey routing field",FALSE,"Original questionnaire route / module retained; system NA not interpreted as a substantive answer","System NA: routing, nonresponse or unavailable; labelled responses preserved",0,"Eligible",TRUE,TRUE,FALSE,"Direct partisan or party-selected identity; withheld in Model 3","Code retained; full wording/short label requires review",17545,"Original labelled categories or source type",NA,NA
"Q28R17","Q28","Q28R17","Q28r17: Middle class people - Thinking about Republicans, which of the following","ICPSR variable label; may be truncated",65,"Survey item or survey routing field",FALSE,"Original questionnaire route / module retained; system NA not interpreted as a substantive answer","System NA: routing, nonresponse or unavailable; labelled responses preserved",0,"Eligible",TRUE,TRUE,FALSE,"Direct partisan or party-selected identity; withheld in Model 3","Code retained; full wording/short label requires review",17545,"Original labelled categories or source type",NA,NA
"Q28R18","Q28","Q28R18","Q28r18: People who are racist - Thinking about Republicans, which of the followi","ICPSR variable label; may be truncated",65,"Survey item or survey routing field",FALSE,"Original questionnaire route / module retained; system NA not interpreted as a substantive answer","System NA: routing, nonresponse or unavailable; labelled responses preserved",0,"Eligible",TRUE,TRUE,FALSE,"Direct partisan or party-selected identity; withheld in Model 3","Code retained; full wording/short label requires review",17545,"Original labelled categories or source type",NA,NA
"Q28R19","Q28","Q28R19","Q28r19: People who fight against racism - Thinking about Republicans, which of t","ICPSR variable label; may be truncated",65,"Survey item or survey routing field",FALSE,"Original questionnaire route / module retained; system NA not interpreted as a substantive answer","System NA: routing, nonresponse or unavailable; labelled responses preserved",0,"Eligible",TRUE,TRUE,FALSE,"Direct partisan or party-selected identity; withheld in Model 3","Code retained; full wording/short label requires review",17545,"Original labelled categories or source type",NA,NA
"Q29","Q29","Q29","Q29: Some people are very interested in politics while other people can","ICPSR variable label; may be truncated",66,"Survey item or survey routing field",FALSE,"Original questionnaire route / module retained; system NA not interpreted as a substantive answer","System NA: routing, nonresponse or unavailable; labelled responses preserved",0,"Eligible",TRUE,TRUE,TRUE,"Eligible subject to training-only screening","Code retained; full wording/short label requires review",17545,"Original labelled categories or source type",NA,NA
"Q30","Q30","Q30","Q30: Do you remember how you became interested in politics? Choose the best answ","ICPSR variable label; may be truncated",66,"Survey item or survey routing field",FALSE,"Original questionnaire route / module retained; system NA not interpreted as a substantive answer","System NA: routing, nonresponse or unavailable; labelled responses preserved",445,"Eligible",TRUE,TRUE,TRUE,"Eligible subject to training-only screening","Code retained; full wording/short label requires review",11918,"Original labelled categories or source type",NA,NA
"Q30R5OE","Q30R5OE","Q30R5OE","Q30r5oe: Do you remember how you became interested in politics? Choose the best","ICPSR variable label; may be truncated",66,"Survey item or survey routing field",FALSE,"Original questionnaire route / module retained; system NA not interpreted as a substantive answer","System NA: routing, nonresponse or unavailable; labelled responses preserved",0,"Uncoded/free-text field; no text model",FALSE,FALSE,FALSE,"Uncoded/free-text field; no text model","Code retained; full wording/short label requires review",17545,"Original labelled categories or source type",NA,NA
"Q31","Q31","Q31","Q31: Why do you think you are not interested in politics? Choose the best answer","ICPSR variable label; may be truncated",67,"Survey item or survey routing field",FALSE,"Original questionnaire route / module retained; system NA not interpreted as a substantive answer","System NA: routing, nonresponse or unavailable; labelled responses preserved",1637,"Eligible",TRUE,TRUE,TRUE,"Eligible subject to training-only screening","Code retained; full wording/short label requires review",5627,"Original labelled categories or source type",NA,NA
"Q31R5OE","Q31R5OE","Q31R5OE","Q31r5oe: Why do you think you are not interested in politics? Choose the best an","ICPSR variable label; may be truncated",67,"Survey item or survey routing field",FALSE,"Original questionnaire route / module retained; system NA not interpreted as a substantive answer","System NA: routing, nonresponse or unavailable; labelled responses preserved",0,"Uncoded/free-text field; no text model",FALSE,FALSE,FALSE,"Uncoded/free-text field; no text model","Code retained; full wording/short label requires review",17545,"Original labelled categories or source type",NA,NA
"Q32R1","Q32","Q32R1","Q32r1: Local TV News (NBC, CBS, Fox, ABC) - Please rank the following as sources","ICPSR variable label; may be truncated",67,"Survey item or survey routing field",FALSE,"Original questionnaire route / module retained; system NA not interpreted as a substantive answer","System NA: routing, nonresponse or unavailable; labelled responses preserved",42,"Eligible",TRUE,TRUE,TRUE,"Eligible subject to training-only screening","Code retained; full wording/short label requires review",17031,"Original labelled categories or source type",NA,NA
"Q32R2","Q32","Q32R2","Q32r2: Cable TV News (Fox News, MSNBC, CNN) - Please rank the following as sourc","ICPSR variable label; may be truncated",68,"Survey item or survey routing field",FALSE,"Original questionnaire route / module retained; system NA not interpreted as a substantive answer","System NA: routing, nonresponse or unavailable; labelled responses preserved",55,"Eligible",TRUE,TRUE,TRUE,"Eligible subject to training-only screening","Code retained; full wording/short label requires review",16887,"Original labelled categories or source type",NA,NA
"Q32R3","Q32","Q32R3","Q32r3: News on my Facebook feed - Please rank the following as sources of news a","ICPSR variable label; may be truncated",68,"Survey item or survey routing field",FALSE,"Original questionnaire route / module retained; system NA not interpreted as a substantive answer","System NA: routing, nonresponse or unavailable; labelled responses preserved",148,"Eligible",TRUE,TRUE,TRUE,"Eligible subject to training-only screening","Code retained; full wording/short label requires review",16474,"Original labelled categories or source type",NA,NA
"Q32R4","Q32","Q32R4","Q32r4: Social media like Twitter or Instagram - Please rank the following as sou","ICPSR variable label; may be truncated",69,"Survey item or survey routing field",FALSE,"Original questionnaire route / module retained; system NA not interpreted as a substantive answer","System NA: routing, nonresponse or unavailable; labelled responses preserved",155,"Eligible",TRUE,TRUE,TRUE,"Eligible subject to training-only screening","Code retained; full wording/short label requires review",16472,"Original labelled categories or source type",NA,NA
"Q32R5","Q32","Q32R5","Q32r5: Talking with friends or family - Please rank the following as sources of","ICPSR variable label; may be truncated",70,"Survey item or survey routing field",FALSE,"Original questionnaire route / module retained; system NA not interpreted as a substantive answer","System NA: routing, nonresponse or unavailable; labelled responses preserved",58,"Eligible",TRUE,TRUE,TRUE,"Eligible subject to training-only screening","Code retained; full wording/short label requires review",17046,"Original labelled categories or source type",NA,NA
"Q32R6","Q32","Q32R6","Q32r6: Newspapers or news outlets online - Please rank the following as sources","ICPSR variable label; may be truncated",70,"Survey item or survey routing field",FALSE,"Original questionnaire route / module retained; system NA not interpreted as a substantive answer","System NA: routing, nonresponse or unavailable; labelled responses preserved",67,"Eligible",TRUE,TRUE,TRUE,"Eligible subject to training-only screening","Code retained; full wording/short label requires review",16854,"Original labelled categories or source type",NA,NA
"Q32R7","Q32","Q32R7","Q32r7: YouTube - Please rank the following as sources of news and information. T","ICPSR variable label; may be truncated",71,"Survey item or survey routing field",FALSE,"Original questionnaire route / module retained; system NA not interpreted as a substantive answer","System NA: routing, nonresponse or unavailable; labelled responses preserved",145,"Eligible",TRUE,TRUE,TRUE,"Eligible subject to training-only screening","Code retained; full wording/short label requires review",16531,"Original labelled categories or source type",NA,NA
"Q32R8","Q32","Q32R8","Q32r8: Specialized online news sources - Please rank the following as sources of","ICPSR variable label; may be truncated",71,"Survey item or survey routing field",FALSE,"Original questionnaire route / module retained; system NA not interpreted as a substantive answer","System NA: routing, nonresponse or unavailable; labelled responses preserved",96,"Eligible",TRUE,TRUE,TRUE,"Eligible subject to training-only screening","Code retained; full wording/short label requires review",16545,"Original labelled categories or source type",NA,NA
"Q32R9","Q32","Q32R9","Q32r9: Listening to news radio - Please rank the following as sources of news an","ICPSR variable label; may be truncated",72,"Survey item or survey routing field",FALSE,"Original questionnaire route / module retained; system NA not interpreted as a substantive answer","System NA: routing, nonresponse or unavailable; labelled responses preserved",97,"Eligible",TRUE,TRUE,TRUE,"Eligible subject to training-only screening","Code retained; full wording/short label requires review",16375,"Original labelled categories or source type",NA,NA
"Q33R1","Q33R1","Q33R1","Q33r1: Fox News - How often do you watch or get news from the following news sou","ICPSR variable label; may be truncated",72,"Survey item or survey routing field",FALSE,"Original questionnaire route / module retained; system NA not interpreted as a substantive answer","System NA: routing, nonresponse or unavailable; labelled responses preserved",0,"Eligible",TRUE,TRUE,TRUE,"Eligible subject to training-only screening","Code retained; full wording/short label requires review",17545,"Original labelled categories or source type",NA,NA
"Q33R2","Q33R2","Q33R2","Q33r2: MSNBC - How often do you watch or get news from the following news source","ICPSR variable label; may be truncated",73,"Survey item or survey routing field",FALSE,"Original questionnaire route / module retained; system NA not interpreted as a substantive answer","System NA: routing, nonresponse or unavailable; labelled responses preserved",0,"Eligible",TRUE,TRUE,TRUE,"Eligible subject to training-only screening","Code retained; full wording/short label requires review",17545,"Original labelled categories or source type",NA,NA
"Q33R3","Q33R3","CNN news exposure","Q33r3: CNN - How often do you watch or get news from the following news sources?","ICPSR variable label; may be truncated",73,"Survey item or survey routing field",FALSE,"Original questionnaire route / module retained; system NA not interpreted as a substantive answer","System NA: routing, nonresponse or unavailable; labelled responses preserved",0,"Eligible",TRUE,TRUE,TRUE,"Eligible subject to training-only screening","Verified short label; original source construct retained",17545,"Original labelled categories or source type",35,18
"Q33R4","Q33R4","Q33R4","Q33r4: New York Times - How often do you watch or get news from the following ne","ICPSR variable label; may be truncated",73,"Survey item or survey routing field",FALSE,"Original questionnaire route / module retained; system NA not interpreted as a substantive answer","System NA: routing, nonresponse or unavailable; labelled responses preserved",0,"Eligible",TRUE,TRUE,TRUE,"Eligible subject to training-only screening","Code retained; full wording/short label requires review",17545,"Original labelled categories or source type",NA,NA
"Q33R5","Q33R5","Q33R5","Q33r5: National Public Radio (NPR) - How often do you watch or get news from the","ICPSR variable label; may be truncated",74,"Survey item or survey routing field",FALSE,"Original questionnaire route / module retained; system NA not interpreted as a substantive answer","System NA: routing, nonresponse or unavailable; labelled responses preserved",0,"Eligible",TRUE,TRUE,TRUE,"Eligible subject to training-only screening","Code retained; full wording/short label requires review",17545,"Original labelled categories or source type",NA,NA
"Q38R1","Q38","Q38R1","Q38r1: Yes, people from the Democratic side - During the 2020 election and campa","ICPSR variable label; may be truncated",74,"Survey item or survey routing field",FALSE,"Original questionnaire route / module retained; system NA not interpreted as a substantive answer","System NA: routing, nonresponse or unavailable; labelled responses preserved",0,"Eligible",TRUE,TRUE,TRUE,"Eligible subject to training-only screening","Code retained; full wording/short label requires review",17545,"Original labelled categories or source type",NA,NA
"Q38R2","Q38","Q38R2","Q38r2: Yes, people from the Republican side - During the 2020 election and campa","ICPSR variable label; may be truncated",74,"Survey item or survey routing field",FALSE,"Original questionnaire route / module retained; system NA not interpreted as a substantive answer","System NA: routing, nonresponse or unavailable; labelled responses preserved",0,"Eligible",TRUE,TRUE,TRUE,"Eligible subject to training-only screening","Code retained; full wording/short label requires review",17545,"Original labelled categories or source type",NA,NA
"Q38R3","Q38","Q38R3","Q38r3: Yes, people from community groups - During the 2020 election and campaign","ICPSR variable label; may be truncated",75,"Survey item or survey routing field",FALSE,"Original questionnaire route / module retained; system NA not interpreted as a substantive answer","System NA: routing, nonresponse or unavailable; labelled responses preserved",0,"Eligible",TRUE,TRUE,TRUE,"Eligible subject to training-only screening","Code retained; full wording/short label requires review",17545,"Original labelled categories or source type",NA,NA
"Q38R4","Q38","Q38R4","Q38r4: No, nobody contacted me - During the 2020 election and campaign, did anyo","ICPSR variable label; may be truncated",75,"Survey item or survey routing field",FALSE,"Original questionnaire route / module retained; system NA not interpreted as a substantive answer","System NA: routing, nonresponse or unavailable; labelled responses preserved",0,"Eligible",TRUE,TRUE,TRUE,"Eligible subject to training-only screening","Code retained; full wording/short label requires review",17545,"Original labelled categories or source type",NA,NA
"Q39R1","Q39","Q39R1","Q39r1: Someone came to my home - In which of the following ways were you contact","ICPSR variable label; may be truncated",75,"Survey item or survey routing field",FALSE,"Asked when any campaign contact at Q38; Original questionnaire route / module retained; system NA not interpreted as a substantive answer","System NA: routing, nonresponse or unavailable; labelled responses preserved",881,"Eligible",TRUE,TRUE,TRUE,"Eligible subject to training-only screening","Code retained; full wording/short label requires review",8803,"Original labelled categories or source type",NA,NA
"Q39R2","Q39","Q39R2","Q39r2: Phone call - In which of the following ways were you contacted?","ICPSR variable label; may be truncated",75,"Survey item or survey routing field",FALSE,"Asked when any campaign contact at Q38; Original questionnaire route / module retained; system NA not interpreted as a substantive answer","System NA: routing, nonresponse or unavailable; labelled responses preserved",881,"Eligible",TRUE,TRUE,TRUE,"Eligible subject to training-only screening","Code retained; full wording/short label requires review",8803,"Original labelled categories or source type",NA,NA
"Q39R3","Q39","Q39R3","Q39r3: Text message - In which of the following ways were you contacted?","ICPSR variable label; may be truncated",76,"Survey item or survey routing field",FALSE,"Asked when any campaign contact at Q38; Original questionnaire route / module retained; system NA not interpreted as a substantive answer","System NA: routing, nonresponse or unavailable; labelled responses preserved",881,"Eligible",TRUE,TRUE,TRUE,"Eligible subject to training-only screening","Code retained; full wording/short label requires review",8803,"Original labelled categories or source type",NA,NA
"Q39R4","Q39","Q39R4","Q39r4: Email - In which of the following ways were you contacted?","ICPSR variable label; may be truncated",76,"Survey item or survey routing field",FALSE,"Asked when any campaign contact at Q38; Original questionnaire route / module retained; system NA not interpreted as a substantive answer","System NA: routing, nonresponse or unavailable; labelled responses preserved",881,"Eligible",TRUE,TRUE,TRUE,"Eligible subject to training-only screening","Code retained; full wording/short label requires review",8803,"Original labelled categories or source type",NA,NA
"Q39R5","Q39","Q39R5","Q39r5: Direct message on social media - In which of the following ways were you","ICPSR variable label; may be truncated",77,"Survey item or survey routing field",FALSE,"Asked when any campaign contact at Q38; Original questionnaire route / module retained; system NA not interpreted as a substantive answer","System NA: routing, nonresponse or unavailable; labelled responses preserved",881,"Eligible",TRUE,TRUE,TRUE,"Eligible subject to training-only screening","Code retained; full wording/short label requires review",8803,"Original labelled categories or source type",NA,NA
"Q39R6","Q39","Q39R6","Q39r6: Mail sent to my house - In which of the following ways were you contacted","ICPSR variable label; may be truncated",77,"Survey item or survey routing field",FALSE,"Asked when any campaign contact at Q38; Original questionnaire route / module retained; system NA not interpreted as a substantive answer","System NA: routing, nonresponse or unavailable; labelled responses preserved",881,"Eligible",TRUE,TRUE,TRUE,"Eligible subject to training-only screening","Code retained; full wording/short label requires review",8803,"Original labelled categories or source type",NA,NA
"Q39R7","Q39","Q39R7","Q39r7: Someone talked to me on the street, outside a store or something similar","ICPSR variable label; may be truncated",77,"Survey item or survey routing field",FALSE,"Asked when any campaign contact at Q38; Original questionnaire route / module retained; system NA not interpreted as a substantive answer","System NA: routing, nonresponse or unavailable; labelled responses preserved",881,"Eligible",TRUE,TRUE,TRUE,"Eligible subject to training-only screening","Code retained; full wording/short label requires review",8803,"Original labelled categories or source type",NA,NA
"Q40","Q40","Q40","Q40: Over the past 12 months, were you asked to register or to vote by a cultura","ICPSR variable label; may be truncated",78,"Survey item or survey routing field",FALSE,"Original questionnaire route / module retained; system NA not interpreted as a substantive answer","System NA: routing, nonresponse or unavailable; labelled responses preserved",0,"Eligible",TRUE,TRUE,TRUE,"Eligible subject to training-only screening","Code retained; full wording/short label requires review",17545,"Original labelled categories or source type",NA,NA
"Q41R1","Q41","Q41R1","Q41r1: Encouraging me to vote - What type of information did cultural groups or","ICPSR variable label; may be truncated",78,"Survey item or survey routing field",FALSE,"Asked when cultural/advocacy contact at Q40; Original questionnaire route / module retained; system NA not interpreted as a substantive answer","System NA: routing, nonresponse or unavailable; labelled responses preserved",1849,"Eligible",TRUE,TRUE,TRUE,"Eligible subject to training-only screening","Code retained; full wording/short label requires review",2136,"Original labelled categories or source type",NA,NA
"Q41R2","Q41","Q41R2","Q41r2: Encouraging me to vote for a specific candidate - What type of informatio","ICPSR variable label; may be truncated",78,"Survey item or survey routing field",FALSE,"Asked when cultural/advocacy contact at Q40; Original questionnaire route / module retained; system NA not interpreted as a substantive answer","System NA: routing, nonresponse or unavailable; labelled responses preserved",1849,"Eligible",TRUE,TRUE,TRUE,"Eligible subject to training-only screening","Code retained; full wording/short label requires review",2136,"Original labelled categories or source type",NA,NA
"Q41R3","Q41","Q41R3","Q41r3: Informing me about the issues - What type of information did cultural gro","ICPSR variable label; may be truncated",79,"Survey item or survey routing field",FALSE,"Asked when cultural/advocacy contact at Q40; Original questionnaire route / module retained; system NA not interpreted as a substantive answer","System NA: routing, nonresponse or unavailable; labelled responses preserved",1849,"Eligible",TRUE,TRUE,TRUE,"Eligible subject to training-only screening","Code retained; full wording/short label requires review",2136,"Original labelled categories or source type",NA,NA
"Q41R4","Q41","Q41R4","Q41r4: Something else - What type of information did cultural groups or racial m","ICPSR variable label; may be truncated",79,"Survey item or survey routing field",FALSE,"Asked when cultural/advocacy contact at Q40; Original questionnaire route / module retained; system NA not interpreted as a substantive answer","System NA: routing, nonresponse or unavailable; labelled responses preserved",1849,"Eligible",TRUE,TRUE,TRUE,"Eligible subject to training-only screening","Code retained; full wording/short label requires review",2136,"Original labelled categories or source type",NA,NA
"Q42","Q42","Q42","Q42: People rely on different sources for information on politics in the U.S. Ho","ICPSR variable label; may be truncated",79,"Survey item or survey routing field",FALSE,"Original questionnaire route / module retained; system NA not interpreted as a substantive answer","System NA: routing, nonresponse or unavailable; labelled responses preserved",0,"Eligible",TRUE,TRUE,TRUE,"Eligible subject to training-only screening","Code retained; full wording/short label requires review",17545,"Original labelled categories or source type",NA,NA
"Q43","Q43","Ideology","Q43: When it comes to politics, do you think of yourself as liberal, moderate, o","ICPSR variable label; may be truncated",80,"Survey item or survey routing field",FALSE,"Original questionnaire route / module retained; system NA not interpreted as a substantive answer","System NA: routing, nonresponse or unavailable; labelled responses preserved",0,"Eligible",TRUE,TRUE,TRUE,"Eligible subject to training-only screening","Verified short label; original source construct retained",17545,"Original labelled categories or source type",43,19
"Q44","Q44","Q44","Q44: How much of the time do you think you can trust the government in Washingto","ICPSR variable label; may be truncated",80,"Survey item or survey routing field",FALSE,"Original questionnaire route / module retained; system NA not interpreted as a substantive answer","System NA: routing, nonresponse or unavailable; labelled responses preserved",0,"Eligible",TRUE,TRUE,TRUE,"Eligible subject to training-only screening","Code retained; full wording/short label requires review",17545,"Original labelled categories or source type",NA,NA
"Q45","Q45","Q45","Q45: Please indicate if you agree or disagree: The political system helps people","ICPSR variable label; may be truncated",80,"Survey item or survey routing field",FALSE,"Original questionnaire route / module retained; system NA not interpreted as a substantive answer","System NA: routing, nonresponse or unavailable; labelled responses preserved",0,"Eligible",TRUE,TRUE,TRUE,"Eligible subject to training-only screening","Code retained; full wording/short label requires review",17545,"Original labelled categories or source type",NA,NA
"Q46","Q46","Q46","Q46: Please indicate if you agree or disagree: Politicians do not listen to peop","ICPSR variable label; may be truncated",81,"Survey item or survey routing field",FALSE,"Original questionnaire route / module retained; system NA not interpreted as a substantive answer","System NA: routing, nonresponse or unavailable; labelled responses preserved",0,"Eligible",TRUE,TRUE,TRUE,"Eligible subject to training-only screening","Code retained; full wording/short label requires review",17545,"Original labelled categories or source type",NA,NA
"Q47","Q47","Election-fraud news awareness","Q47: How much have you heard in the news about allegations of voter fraud in the","ICPSR variable label; may be truncated",81,"Survey item or survey routing field",FALSE,"Original questionnaire route / module retained; system NA not interpreted as a substantive answer","System NA: routing, nonresponse or unavailable; labelled responses preserved",0,"Eligible",TRUE,FALSE,FALSE,"Candidate/election-proximate; Model 1 only","Verified short label; original source construct retained",17545,"Original labelled categories or source type",NA,NA
"Q48_50SPLIT","Q48_50SPLIT","Q48_50SPLIT","q48_50split: holds split selection for q48-50","ICPSR variable label; may be truncated",82,"Survey item or survey routing field",FALSE,"Original questionnaire route / module retained; system NA not interpreted as a substantive answer","System NA: routing, nonresponse or unavailable; labelled responses preserved",0,"Routing/experiment metadata; joined to response where required",FALSE,FALSE,FALSE,"Routing/experiment metadata; joined to response where required","Code retained; full wording/short label requires review",17545,"Original labelled categories or source type",NA,NA
"Q48","Q48","Q48","Q48: Do you believe there was voter fraud in the presidential election which imp","ICPSR variable label; may be truncated",82,"Survey item or survey routing field",FALSE,"Condition joined: Q48_50SPLIT","System NA: routing, nonresponse or unavailable; labelled responses preserved",1394,"Eligible",TRUE,FALSE,FALSE,"Candidate/election-proximate; Model 1 only","Code retained; full wording/short label requires review",5816,"Original labelled categories or source type",NA,NA
"Q49","Q49","Q49","Q49: Do you believe there was voter fraud in the presidential election at the le","ICPSR variable label; may be truncated",82,"Survey item or survey routing field",FALSE,"Condition joined: Q48_50SPLIT","System NA: routing, nonresponse or unavailable; labelled responses preserved",1374,"Eligible",TRUE,FALSE,FALSE,"Candidate/election-proximate; Model 1 only","Code retained; full wording/short label requires review",5903,"Original labelled categories or source type",NA,NA
"Q50","Q50","Q50","Q50: Do you believe there was voter fraud in the presidential election at the le","ICPSR variable label; may be truncated",83,"Survey item or survey routing field",FALSE,"Condition joined: Q48_50SPLIT","System NA: routing, nonresponse or unavailable; labelled responses preserved",1396,"Eligible",TRUE,FALSE,FALSE,"Candidate/election-proximate; Model 1 only","Code retained; full wording/short label requires review",5826,"Original labelled categories or source type",NA,NA
"Q51_52SPLIT","Q51_52SPLIT","Q51_52SPLIT","q51_52split: holds split selection for q51-52","ICPSR variable label; may be truncated",83,"Survey item or survey routing field",FALSE,"Original questionnaire route / module retained; system NA not interpreted as a substantive answer","System NA: routing, nonresponse or unavailable; labelled responses preserved",0,"Routing/experiment metadata; joined to response where required",FALSE,FALSE,FALSE,"Routing/experiment metadata; joined to response where required","Code retained; full wording/short label requires review",17545,"Original labelled categories or source type",NA,NA
"Q51","Q51","Fraud claim after election","Q51: On November 20, 2020","ICPSR variable label; may be truncated",83,"Survey item or survey routing field",FALSE,"Condition joined: Q51_52SPLIT","System NA: routing, nonresponse or unavailable; labelled responses preserved",1055,"Eligible",TRUE,FALSE,FALSE,"Candidate/election-proximate; Model 1 only","Verified short label; original source construct retained",8673,"Original labelled categories or source type",NA,NA
"Q52","Q52","Fraud claim after Biden certification","Q52: After all 50 states and D.C. certified the final vote results Joe Biden def","ICPSR variable label; may be truncated",84,"Survey item or survey routing field",FALSE,"Condition joined: Q51_52SPLIT","System NA: routing, nonresponse or unavailable; labelled responses preserved",1027,"Eligible",TRUE,FALSE,FALSE,"Candidate/election-proximate; Model 1 only","Verified short label; original source construct retained",8872,"Original labelled categories or source type",NA,NA
"Q53","Q53","Description of January 6 events","Q53: On January 6, 2021 the U.S. Congress was scheduled to meet and vote on the","ICPSR variable label; may be truncated",84,"Survey item or survey routing field",FALSE,"Original questionnaire route / module retained; system NA not interpreted as a substantive answer","System NA: routing, nonresponse or unavailable; labelled responses preserved",0,"Eligible",TRUE,FALSE,FALSE,"Candidate/election-proximate; Model 1 only","Verified short label; original source construct retained",17545,"Original labelled categories or source type",NA,NA
"Q54","Q54","Trump responsibility for January 6","Q54: Some people have said that former President Donald Trump encouraged or inci","ICPSR variable label; may be truncated",85,"Survey item or survey routing field",FALSE,"Original questionnaire route / module retained; system NA not interpreted as a substantive answer","System NA: routing, nonresponse or unavailable; labelled responses preserved",0,"Eligible",TRUE,FALSE,FALSE,"Candidate/election-proximate; Model 1 only","Verified short label; original source construct retained",17545,"Original labelled categories or source type",54,21
"Q55","Q55","Republican challenge to certification","Q55: Do you think the Republican members of Congress who tried to stop the forma","ICPSR variable label; may be truncated",85,"Survey item or survey routing field",FALSE,"Original questionnaire route / module retained; system NA not interpreted as a substantive answer","System NA: routing, nonresponse or unavailable; labelled responses preserved",0,"Eligible",TRUE,FALSE,FALSE,"Candidate/election-proximate; Model 1 only","Verified short label; original source construct retained",17545,"Original labelled categories or source type",55,21
"Q56","Q56","Racial motives of January 6 rioters","Q56: Thinking about the people who attacked the U.S. Capitol, do you think","ICPSR variable label; may be truncated",85,"Survey item or survey routing field",FALSE,"Original questionnaire route / module retained; system NA not interpreted as a substantive answer","System NA: routing, nonresponse or unavailable; labelled responses preserved",0,"Eligible",TRUE,FALSE,FALSE,"Candidate/election-proximate; Model 1 only","Verified short label; original source construct retained",17545,"Original labelled categories or source type",NA,NA
"Q57","Q57","Q57","Q57: How much of the time do you think you can trust your [pipe: Q57verb] govern","ICPSR variable label; may be truncated",86,"Survey item or survey routing field",FALSE,"Original questionnaire route / module retained; system NA not interpreted as a substantive answer","System NA: routing, nonresponse or unavailable; labelled responses preserved",0,"Eligible",TRUE,TRUE,TRUE,"Eligible subject to training-only screening","Code retained; full wording/short label requires review",17545,"Original labelled categories or source type",NA,NA
"Q58_COUNT","Q58_COUNT","Q58_COUNT","Q58_count: HOLDS NUMBER OF ROWS THAT WERE SELCTED AT Q58.","ICPSR variable label; may be truncated",86,"Survey item or survey routing field",FALSE,"Original questionnaire route / module retained; system NA not interpreted as a substantive answer","System NA: routing, nonresponse or unavailable; labelled responses preserved",0,"Outcome, selection, administration, weights or duplicate",FALSE,FALSE,FALSE,"Outcome, selection, administration, weights or duplicate","Code retained; full wording/short label requires review",17545,"Original labelled categories or source type",NA,NA
"Q58SELECT","Q58SELECT","Q58SELECT","Q58select: HOLDS Q58 selection","ICPSR variable label; may be truncated",87,"Survey item or survey routing field",FALSE,"Original questionnaire route / module retained; system NA not interpreted as a substantive answer","System NA: routing, nonresponse or unavailable; labelled responses preserved",2082,"Outcome, selection, administration, weights or duplicate",FALSE,FALSE,FALSE,"Outcome, selection, administration, weights or duplicate","Code retained; full wording/short label requires review",0,"Original labelled categories or source type",NA,NA
"Q59","Q59","Q59","Q59: Thinking back to before the coronavirus pandemic, generally speaking, about","ICPSR variable label; may be truncated",87,"Survey item or survey routing field",FALSE,"Original questionnaire route / module retained; system NA not interpreted as a substantive answer","System NA: routing, nonresponse or unavailable; labelled responses preserved",0,"Eligible",TRUE,TRUE,TRUE,"Eligible subject to training-only screening","Code retained; full wording/short label requires review",17545,"Original labelled categories or source type",NA,NA
"Q60R1","Q60","Q60R1","Q60r1: Fundamentalist - Theologically, do you consider yourself a fundamentalist","ICPSR variable label; may be truncated",88,"Survey item or survey routing field",FALSE,"Questionnaire Q58 religion categories 1,2,3,13:17; Original questionnaire route / module retained; system NA not interpreted as a substantive answer","System NA: routing, nonresponse or unavailable; labelled responses preserved",61,"Eligible",TRUE,TRUE,TRUE,"Eligible subject to training-only screening","Code retained; full wording/short label requires review",15656,"Original labelled categories or source type",NA,NA
"Q60R2","Q60","Q60R2","Q60r2: Evangelical - Theologically, do you consider yourself a fundamentalist, e","ICPSR variable label; may be truncated",88,"Survey item or survey routing field",FALSE,"Questionnaire Q58 religion categories 1,2,3,13:17; Original questionnaire route / module retained; system NA not interpreted as a substantive answer","System NA: routing, nonresponse or unavailable; labelled responses preserved",61,"Eligible",TRUE,TRUE,TRUE,"Eligible subject to training-only screening","Code retained; full wording/short label requires review",15656,"Original labelled categories or source type",NA,NA
"Q60R3","Q60","Q60R3","Q60r3: Mainline - Theologically, do you consider yourself a fundamentalist, evan","ICPSR variable label; may be truncated",88,"Survey item or survey routing field",FALSE,"Questionnaire Q58 religion categories 1,2,3,13:17; Original questionnaire route / module retained; system NA not interpreted as a substantive answer","System NA: routing, nonresponse or unavailable; labelled responses preserved",61,"Eligible",TRUE,TRUE,TRUE,"Eligible subject to training-only screening","Code retained; full wording/short label requires review",15656,"Original labelled categories or source type",NA,NA
"Q60R4","Q60","Q60R4","Q60r4: Liberal - Theologically, do you consider yourself a fundamentalist, evang","ICPSR variable label; may be truncated",89,"Survey item or survey routing field",FALSE,"Questionnaire Q58 religion categories 1,2,3,13:17; Original questionnaire route / module retained; system NA not interpreted as a substantive answer","System NA: routing, nonresponse or unavailable; labelled responses preserved",61,"Eligible",TRUE,TRUE,TRUE,"Eligible subject to training-only screening","Code retained; full wording/short label requires review",15656,"Original labelled categories or source type",NA,NA
"Q60R5","Q60","Q60R5","Q60r5: Pentecostal - Theologically, do you consider yourself a fundamentalist, e","ICPSR variable label; may be truncated",89,"Survey item or survey routing field",FALSE,"Questionnaire Q58 religion categories 1,2,3,13:17; Original questionnaire route / module retained; system NA not interpreted as a substantive answer","System NA: routing, nonresponse or unavailable; labelled responses preserved",61,"Eligible",TRUE,TRUE,TRUE,"Eligible subject to training-only screening","Code retained; full wording/short label requires review",15656,"Original labelled categories or source type",NA,NA
"Q60R6","Q60","Q60R6","Q60r6: None of these - Theologically, do you consider yourself a fundamentalist,","ICPSR variable label; may be truncated",89,"Survey item or survey routing field",FALSE,"Questionnaire Q58 religion categories 1,2,3,13:17; Original questionnaire route / module retained; system NA not interpreted as a substantive answer","System NA: routing, nonresponse or unavailable; labelled responses preserved",61,"Eligible",TRUE,TRUE,TRUE,"Eligible subject to training-only screening","Code retained; full wording/short label requires review",15656,"Original labelled categories or source type",NA,NA
"Q61","Q61","Q61","Q61: What primary religion, if any, did your family practice or follow when you","ICPSR variable label; may be truncated",90,"Survey item or survey routing field",FALSE,"Original questionnaire route / module retained; system NA not interpreted as a substantive answer","System NA: routing, nonresponse or unavailable; labelled responses preserved",0,"Eligible",TRUE,TRUE,TRUE,"Eligible subject to training-only screening","Code retained; full wording/short label requires review",17545,"Original labelled categories or source type",NA,NA
"Q61R17OE","Q61R17OE","Q61R17OE","Q61r17oe: What primary religion, if any, did your family practice or follow when","ICPSR variable label; may be truncated",90,"Survey item or survey routing field",FALSE,"Original questionnaire route / module retained; system NA not interpreted as a substantive answer","System NA: routing, nonresponse or unavailable; labelled responses preserved",0,"Uncoded/free-text field; no text model",FALSE,FALSE,FALSE,"Uncoded/free-text field; no text model","Code retained; full wording/short label requires review",17545,"Original labelled categories or source type",NA,NA
"Q62R1","Q62R1","Q62R1","Q62r1: God will reward the faithful with health and wealth. - To what extent do","ICPSR variable label; may be truncated",91,"Survey item or survey routing field",FALSE,"Original questionnaire route / module retained; system NA not interpreted as a substantive answer","System NA: routing, nonresponse or unavailable; labelled responses preserved",0,"Eligible",TRUE,TRUE,TRUE,"Eligible subject to training-only screening","Code retained; full wording/short label requires review",17545,"Original labelled categories or source type",NA,NA
"Q62R2","Q62R2","Q62R2","Q62r2: If you earn a lot of money, you should give most of it away and live mode","ICPSR variable label; may be truncated",91,"Survey item or survey routing field",FALSE,"Original questionnaire route / module retained; system NA not interpreted as a substantive answer","System NA: routing, nonresponse or unavailable; labelled responses preserved",0,"Eligible",TRUE,TRUE,TRUE,"Eligible subject to training-only screening","Code retained; full wording/short label requires review",17545,"Original labelled categories or source type",NA,NA
"Q62R3","Q62R3","Q62R3","Q62r3: People should be allowed to compete to ensure the best person wins. - To","ICPSR variable label; may be truncated",91,"Survey item or survey routing field",FALSE,"Original questionnaire route / module retained; system NA not interpreted as a substantive answer","System NA: routing, nonresponse or unavailable; labelled responses preserved",0,"Eligible",TRUE,TRUE,TRUE,"Eligible subject to training-only screening","Code retained; full wording/short label requires review",17545,"Original labelled categories or source type",NA,NA
"Q62R4","Q62R4","Q62R4","Q62r4: I","ICPSR variable label; may be truncated",92,"Survey item or survey routing field",FALSE,"Original questionnaire route / module retained; system NA not interpreted as a substantive answer","System NA: routing, nonresponse or unavailable; labelled responses preserved",0,"Eligible",TRUE,TRUE,TRUE,"Eligible subject to training-only screening","Code retained; full wording/short label requires review",17545,"Original labelled categories or source type",NA,NA
"Q62R5","Q62R5","Q62R5","Q62r5: A problem with government social programs is that they get in the way of","ICPSR variable label; may be truncated",92,"Survey item or survey routing field",FALSE,"Original questionnaire route / module retained; system NA not interpreted as a substantive answer","System NA: routing, nonresponse or unavailable; labelled responses preserved",0,"Eligible",TRUE,TRUE,TRUE,"Eligible subject to training-only screening","Code retained; full wording/short label requires review",17545,"Original labelled categories or source type",NA,NA
"NEWQ67","NEWQ67","NEWQ67","newq67: Which best describes your view of the Afterlife?","ICPSR variable label; may be truncated",93,"Survey item or survey routing field",FALSE,"Original questionnaire route / module retained; system NA not interpreted as a substantive answer","System NA: routing, nonresponse or unavailable; labelled responses preserved",0,"Eligible",TRUE,TRUE,TRUE,"Eligible subject to training-only screening","Code retained; full wording/short label requires review",17545,"Original labelled categories or source type",NA,NA
"Q67","Q67","Q67","Q67: Thinking about before the coronavirus pandemic, how often do you talk with","ICPSR variable label; may be truncated",93,"Survey item or survey routing field",FALSE,"Original questionnaire route / module retained; system NA not interpreted as a substantive answer","System NA: routing, nonresponse or unavailable; labelled responses preserved",0,"Eligible",TRUE,TRUE,TRUE,"Eligible subject to training-only screening","Code retained; full wording/short label requires review",17545,"Original labelled categories or source type",NA,NA
"Q68","Q68","Q68","Q68: Think about the people in your neighborhood.","ICPSR variable label; may be truncated",93,"Survey item or survey routing field",FALSE,"Original questionnaire route / module retained; system NA not interpreted as a substantive answer","System NA: routing, nonresponse or unavailable; labelled responses preserved",0,"Eligible",TRUE,TRUE,TRUE,"Eligible subject to training-only screening","Code retained; full wording/short label requires review",17545,"Original labelled categories or source type",NA,NA
"Q69","Q69","Q69","Q69: Thinking about the people in your neighborhood, how similar would you say y","ICPSR variable label; may be truncated",94,"Survey item or survey routing field",FALSE,"Original questionnaire route / module retained; system NA not interpreted as a substantive answer","System NA: routing, nonresponse or unavailable; labelled responses preserved",0,"Eligible",TRUE,TRUE,TRUE,"Eligible subject to training-only screening","Code retained; full wording/short label requires review",17545,"Original labelled categories or source type",NA,NA
"Q70R1","Q70R1","Q70R1","Q70r1: Public schools - Overall, how would you rate the following local goods an","ICPSR variable label; may be truncated",94,"Survey item or survey routing field",FALSE,"Original questionnaire route / module retained; system NA not interpreted as a substantive answer","System NA: routing, nonresponse or unavailable; labelled responses preserved",0,"Eligible",TRUE,TRUE,TRUE,"Eligible subject to training-only screening","Code retained; full wording/short label requires review",17545,"Original labelled categories or source type",NA,NA
"Q70R2","Q70R2","Q70R2","Q70r2: Police - Overall, how would you rate the following local goods and servic","ICPSR variable label; may be truncated",94,"Survey item or survey routing field",FALSE,"Original questionnaire route / module retained; system NA not interpreted as a substantive answer","System NA: routing, nonresponse or unavailable; labelled responses preserved",0,"Eligible",TRUE,TRUE,TRUE,"Eligible subject to training-only screening","Code retained; full wording/short label requires review",17545,"Original labelled categories or source type",NA,NA
"Q70R3","Q70R3","Q70R3","Q70r3: Public parks/recreation - Overall, how would you rate the following local","ICPSR variable label; may be truncated",95,"Survey item or survey routing field",FALSE,"Original questionnaire route / module retained; system NA not interpreted as a substantive answer","System NA: routing, nonresponse or unavailable; labelled responses preserved",0,"Eligible",TRUE,TRUE,TRUE,"Eligible subject to training-only screening","Code retained; full wording/short label requires review",17545,"Original labelled categories or source type",NA,NA
"Q70R4","Q70R4","Q70R4","Q70r4: Public transportation - Overall, how would you rate the following local g","ICPSR variable label; may be truncated",95,"Survey item or survey routing field",FALSE,"Original questionnaire route / module retained; system NA not interpreted as a substantive answer","System NA: routing, nonresponse or unavailable; labelled responses preserved",0,"Eligible",TRUE,TRUE,TRUE,"Eligible subject to training-only screening","Code retained; full wording/short label requires review",17545,"Original labelled categories or source type",NA,NA
"Q70R5","Q70R5","Q70R5","Q70r5: Access to hospitals/health care facilities - Overall, how would you rate","ICPSR variable label; may be truncated",96,"Survey item or survey routing field",FALSE,"Original questionnaire route / module retained; system NA not interpreted as a substantive answer","System NA: routing, nonresponse or unavailable; labelled responses preserved",0,"Eligible",TRUE,TRUE,TRUE,"Eligible subject to training-only screening","Code retained; full wording/short label requires review",17545,"Original labelled categories or source type",NA,NA
"Q75","Q75","Q75","Q75: Overall, how would you rate your community as a place to live?","ICPSR variable label; may be truncated",96,"Survey item or survey routing field",FALSE,"Original questionnaire route / module retained; system NA not interpreted as a substantive answer","System NA: routing, nonresponse or unavailable; labelled responses preserved",0,"Eligible",TRUE,TRUE,TRUE,"Eligible subject to training-only screening","Code retained; full wording/short label requires review",17545,"Original labelled categories or source type",NA,NA
"Q76R1","Q76","Q76R1","Q76r1: White, non-Hispanic - If you could live anywhere, in any type of communit","ICPSR variable label; may be truncated",96,"Survey item or survey routing field",FALSE,"Original questionnaire route / module retained; system NA not interpreted as a substantive answer","System NA: routing, nonresponse or unavailable; labelled responses preserved",0,"Eligible",TRUE,TRUE,TRUE,"Eligible subject to training-only screening","Code retained; full wording/short label requires review",17545,"Original labelled categories or source type",NA,NA
"Q76R2","Q76","Q76R2","Q76r2: Hispanic or Latino - If you could live anywhere, in any type of community","ICPSR variable label; may be truncated",97,"Survey item or survey routing field",FALSE,"Original questionnaire route / module retained; system NA not interpreted as a substantive answer","System NA: routing, nonresponse or unavailable; labelled responses preserved",0,"Eligible",TRUE,TRUE,TRUE,"Eligible subject to training-only screening","Code retained; full wording/short label requires review",17545,"Original labelled categories or source type",NA,NA
"Q76R3","Q76","Q76R3","Q76r3: Black of African American - If you could live anywhere, in any type of co","ICPSR variable label; may be truncated",97,"Survey item or survey routing field",FALSE,"Original questionnaire route / module retained; system NA not interpreted as a substantive answer","System NA: routing, nonresponse or unavailable; labelled responses preserved",0,"Eligible",TRUE,TRUE,TRUE,"Eligible subject to training-only screening","Code retained; full wording/short label requires review",17545,"Original labelled categories or source type",NA,NA
"Q76R4","Q76","Q76R4","Q76r4: Asian American or Pacific Islander - If you could live anywhere, in any t","ICPSR variable label; may be truncated",98,"Survey item or survey routing field",FALSE,"Original questionnaire route / module retained; system NA not interpreted as a substantive answer","System NA: routing, nonresponse or unavailable; labelled responses preserved",0,"Eligible",TRUE,TRUE,TRUE,"Eligible subject to training-only screening","Code retained; full wording/short label requires review",17545,"Original labelled categories or source type",NA,NA
"Q76R5","Q76","Q76R5","Q76r5: Native American or Native Hawaiian - If you could live anywhere, in any t","ICPSR variable label; may be truncated",98,"Survey item or survey routing field",FALSE,"Original questionnaire route / module retained; system NA not interpreted as a substantive answer","System NA: routing, nonresponse or unavailable; labelled responses preserved",0,"Eligible",TRUE,TRUE,TRUE,"Eligible subject to training-only screening","Code retained; full wording/short label requires review",17545,"Original labelled categories or source type",NA,NA
"Q76R6","Q76","Q76R6","Q76r6: Middle Eastern or North African - If you could live anywhere, in any type","ICPSR variable label; may be truncated",98,"Survey item or survey routing field",FALSE,"Original questionnaire route / module retained; system NA not interpreted as a substantive answer","System NA: routing, nonresponse or unavailable; labelled responses preserved",0,"Eligible",TRUE,TRUE,TRUE,"Eligible subject to training-only screening","Code retained; full wording/short label requires review",17545,"Original labelled categories or source type",NA,NA
"Q77R1","Q77R1","Q77R1","Q77r1: Discussed politics with family and friends? - Since January 2020, have yo","ICPSR variable label; may be truncated",99,"Survey item or survey routing field",FALSE,"Original questionnaire route / module retained; system NA not interpreted as a substantive answer","System NA: routing, nonresponse or unavailable; labelled responses preserved",0,"Eligible",TRUE,TRUE,TRUE,"Eligible subject to training-only screening","Code retained; full wording/short label requires review",17545,"Original labelled categories or source type",NA,NA
"Q77R2","Q77R2","Q77R2","Q77r2: Contributed money to a candidate, political party, ballot issue, or some","ICPSR variable label; may be truncated",99,"Survey item or survey routing field",FALSE,"Original questionnaire route / module retained; system NA not interpreted as a substantive answer","System NA: routing, nonresponse or unavailable; labelled responses preserved",0,"Eligible",TRUE,TRUE,TRUE,"Eligible subject to training-only screening","Code retained; full wording/short label requires review",17545,"Original labelled categories or source type",NA,NA
"Q77R3","Q77R3","Q77R3","Q77r3: Worn a campaign button, or posted a campaign sign or sticker? - Since Jan","ICPSR variable label; may be truncated",100,"Survey item or survey routing field",FALSE,"Original questionnaire route / module retained; system NA not interpreted as a substantive answer","System NA: routing, nonresponse or unavailable; labelled responses preserved",0,"Eligible",TRUE,TRUE,TRUE,"Eligible subject to training-only screening","Code retained; full wording/short label requires review",17545,"Original labelled categories or source type",NA,NA
"Q77R4","Q77R4","Q77R4","Q77r4: Contacted an elected representative or a government official in the U.S.","ICPSR variable label; may be truncated",100,"Survey item or survey routing field",FALSE,"Original questionnaire route / module retained; system NA not interpreted as a substantive answer","System NA: routing, nonresponse or unavailable; labelled responses preserved",0,"Eligible",TRUE,TRUE,TRUE,"Eligible subject to training-only screening","Code retained; full wording/short label requires review",17545,"Original labelled categories or source type",NA,NA
"Q77R5","Q77R5","Q77R5","Q77r5: Contacted in any way, such as by letter, telephone, internet, or in perso","ICPSR variable label; may be truncated",100,"Survey item or survey routing field",FALSE,"Original questionnaire route / module retained; system NA not interpreted as a substantive answer","System NA: routing, nonresponse or unavailable; labelled responses preserved",0,"Eligible",TRUE,TRUE,TRUE,"Eligible subject to training-only screening","Code retained; full wording/short label requires review",17545,"Original labelled categories or source type",NA,NA
"Q77R6","Q77R6","Q77R6","Q77r6: Worked or cooperated with others to try to solve a problem affecting your","ICPSR variable label; may be truncated",101,"Survey item or survey routing field",FALSE,"Original questionnaire route / module retained; system NA not interpreted as a substantive answer","System NA: routing, nonresponse or unavailable; labelled responses preserved",0,"Eligible",TRUE,TRUE,TRUE,"Eligible subject to training-only screening","Code retained; full wording/short label requires review",17545,"Original labelled categories or source type",NA,NA
"Q77R7","Q77R7","Q77R7","Q77r7: Discussed a candidate or political issue by posting on an internet site o","ICPSR variable label; may be truncated",101,"Survey item or survey routing field",FALSE,"Original questionnaire route / module retained; system NA not interpreted as a substantive answer","System NA: routing, nonresponse or unavailable; labelled responses preserved",0,"Eligible",TRUE,TRUE,TRUE,"Eligible subject to training-only screening","Code retained; full wording/short label requires review",17545,"Original labelled categories or source type",NA,NA
"Q77R8","Q77R8","Q77R8","Q77r8: Signed a petition regarding an issue or problem that concerns you? - Sinc","ICPSR variable label; may be truncated",102,"Survey item or survey routing field",FALSE,"Original questionnaire route / module retained; system NA not interpreted as a substantive answer","System NA: routing, nonresponse or unavailable; labelled responses preserved",0,"Eligible",TRUE,TRUE,TRUE,"Eligible subject to training-only screening","Code retained; full wording/short label requires review",17545,"Original labelled categories or source type",NA,NA
"Q77R9","Q77R9","Q77R9","Q77r9: Boycotted a company or product for political reasons? - Since January 202","ICPSR variable label; may be truncated",102,"Survey item or survey routing field",FALSE,"Original questionnaire route / module retained; system NA not interpreted as a substantive answer","System NA: routing, nonresponse or unavailable; labelled responses preserved",0,"Eligible",TRUE,TRUE,TRUE,"Eligible subject to training-only screening","Code retained; full wording/short label requires review",17545,"Original labelled categories or source type",NA,NA
"Q78","Q78","Q78","Q78: Since January 2020, have you","ICPSR variable label; may be truncated",102,"Survey item or survey routing field",FALSE,"Original questionnaire route / module retained; system NA not interpreted as a substantive answer","System NA: routing, nonresponse or unavailable; labelled responses preserved",0,"Eligible",TRUE,TRUE,TRUE,"Eligible subject to training-only screening","Code retained; full wording/short label requires review",17545,"Original labelled categories or source type",NA,NA
"Q79","Q79","Q79","Q79: Did you work in person or mainly remotely, using phone, internet, mail?","ICPSR variable label; may be truncated",103,"Survey item or survey routing field",FALSE,"Original questionnaire route / module retained; system NA not interpreted as a substantive answer","System NA: routing, nonresponse or unavailable; labelled responses preserved",1945,"Eligible",TRUE,TRUE,TRUE,"Eligible subject to training-only screening","Code retained; full wording/short label requires review",1156,"Original labelled categories or source type",NA,NA
"Q84","Q84","Q84","Q84: Since January 2020, have you","ICPSR variable label; may be truncated",103,"Survey item or survey routing field",FALSE,"Original questionnaire route / module retained; system NA not interpreted as a substantive answer","System NA: routing, nonresponse or unavailable; labelled responses preserved",0,"Eligible",TRUE,TRUE,TRUE,"Eligible subject to training-only screening","Code retained; full wording/short label requires review",17545,"Original labelled categories or source type",NA,NA
"Q85","Q85","Q85","Q85: In how many groups did you regularly participate?","ICPSR variable label; may be truncated",103,"Survey item or survey routing field",FALSE,"Original questionnaire route / module retained; system NA not interpreted as a substantive answer","System NA: routing, nonresponse or unavailable; labelled responses preserved",1822,"Eligible",TRUE,TRUE,TRUE,"Eligible subject to training-only screening","Code retained; full wording/short label requires review",2175,"Original labelled categories or source type",NA,NA
"Q85B","Q85B","Q85B","Q85b: Do any of these organizations sometimes take stands on any public issues,","ICPSR variable label; may be truncated",104,"Survey item or survey routing field",FALSE,"Original questionnaire route / module retained; system NA not interpreted as a substantive answer","System NA: routing, nonresponse or unavailable; labelled responses preserved",1825,"Eligible",TRUE,TRUE,TRUE,"Eligible subject to training-only screening","Code retained; full wording/short label requires review",2149,"Original labelled categories or source type",NA,NA
"Q86","Q86","Q86","Q86: Since January 2020, have you","ICPSR variable label; may be truncated",104,"Survey item or survey routing field",FALSE,"Original questionnaire route / module retained; system NA not interpreted as a substantive answer","System NA: routing, nonresponse or unavailable; labelled responses preserved",0,"Eligible",TRUE,TRUE,TRUE,"Eligible subject to training-only screening","Code retained; full wording/short label requires review",17545,"Original labelled categories or source type",NA,NA
"Q87","Q87","Q87","Q87: Was this in person or remotely, like using the internet?","ICPSR variable label; may be truncated",105,"Survey item or survey routing field",FALSE,"Original questionnaire route / module retained; system NA not interpreted as a substantive answer","System NA: routing, nonresponse or unavailable; labelled responses preserved",1819,"Eligible",TRUE,TRUE,TRUE,"Eligible subject to training-only screening","Code retained; full wording/short label requires review",2038,"Original labelled categories or source type",NA,NA
"Q88","Q88","Q88","Q88: Did you speak or post a comment at the meeting?","ICPSR variable label; may be truncated",105,"Survey item or survey routing field",FALSE,"Original questionnaire route / module retained; system NA not interpreted as a substantive answer","System NA: routing, nonresponse or unavailable; labelled responses preserved",1819,"Eligible",TRUE,TRUE,TRUE,"Eligible subject to training-only screening","Code retained; full wording/short label requires review",2038,"Original labelled categories or source type",NA,NA
"Q93","Q93","Q93","Q93: Since January 2020, have you","ICPSR variable label; may be truncated",105,"Survey item or survey routing field",FALSE,"Original questionnaire route / module retained; system NA not interpreted as a substantive answer","System NA: routing, nonresponse or unavailable; labelled responses preserved",0,"Eligible",TRUE,TRUE,TRUE,"Eligible subject to training-only screening","Code retained; full wording/short label requires review",17545,"Original labelled categories or source type",NA,NA
"Q94","Q94","Q94","Q94: Was this in person or remotely, like using the internet?","ICPSR variable label; may be truncated",106,"Survey item or survey routing field",FALSE,"Original questionnaire route / module retained; system NA not interpreted as a substantive answer","System NA: routing, nonresponse or unavailable; labelled responses preserved",1935,"Eligible",TRUE,TRUE,TRUE,"Eligible subject to training-only screening","Code retained; full wording/short label requires review",1282,"Original labelled categories or source type",NA,NA
"Q95","Q95","Q95","Q95: Since January 2020, have you","ICPSR variable label; may be truncated",106,"Survey item or survey routing field",FALSE,"Original questionnaire route / module retained; system NA not interpreted as a substantive answer","System NA: routing, nonresponse or unavailable; labelled responses preserved",0,"Eligible",TRUE,TRUE,TRUE,"Eligible subject to training-only screening","Code retained; full wording/short label requires review",17545,"Original labelled categories or source type",NA,NA
"Q96R1","Q96","Q96R1","Q96r1: In support of Black Lives Matter","ICPSR variable label; may be truncated",106,"Survey item or survey routing field",FALSE,"Original questionnaire route / module retained; system NA not interpreted as a substantive answer","System NA: routing, nonresponse or unavailable; labelled responses preserved",1934,"Eligible",TRUE,TRUE,TRUE,"Eligible subject to training-only screening","Code retained; full wording/short label requires review",1427,"Original labelled categories or source type",NA,NA
"Q96R2","Q96","Q96R2","Q96r2: To protest racial bias in policing or the criminal justice system - For w","ICPSR variable label; may be truncated",107,"Survey item or survey routing field",FALSE,"Original questionnaire route / module retained; system NA not interpreted as a substantive answer","System NA: routing, nonresponse or unavailable; labelled responses preserved",1934,"Eligible",TRUE,TRUE,TRUE,"Eligible subject to training-only screening","Code retained; full wording/short label requires review",1427,"Original labelled categories or source type",NA,NA
"Q96R3","Q96","Q96R3","Q96r3: In support of humane immigration reform - For which of the following issu","ICPSR variable label; may be truncated",107,"Survey item or survey routing field",FALSE,"Original questionnaire route / module retained; system NA not interpreted as a substantive answer","System NA: routing, nonresponse or unavailable; labelled responses preserved",1934,"Eligible",TRUE,TRUE,TRUE,"Eligible subject to training-only screening","Code retained; full wording/short label requires review",1427,"Original labelled categories or source type",NA,NA
"Q96R4","Q96","Q96R4","Q96r4: Urging stronger government actions to address COVID-19 - For which of the","ICPSR variable label; may be truncated",107,"Survey item or survey routing field",FALSE,"Original questionnaire route / module retained; system NA not interpreted as a substantive answer","System NA: routing, nonresponse or unavailable; labelled responses preserved",1934,"Eligible",TRUE,TRUE,TRUE,"Eligible subject to training-only screening","Code retained; full wording/short label requires review",1427,"Original labelled categories or source type",NA,NA
"Q96R5","Q96","Q96R5","Q96r5: Opposing government overreach to address COVID-19 - For which of the foll","ICPSR variable label; may be truncated",108,"Survey item or survey routing field",FALSE,"Original questionnaire route / module retained; system NA not interpreted as a substantive answer","System NA: routing, nonresponse or unavailable; labelled responses preserved",1934,"Eligible",TRUE,TRUE,TRUE,"Eligible subject to training-only screening","Code retained; full wording/short label requires review",1427,"Original labelled categories or source type",NA,NA
"Q96R6","Q96","Q96R6","Q96r6: In support of wages and economic equality - For which of the following is","ICPSR variable label; may be truncated",108,"Survey item or survey routing field",FALSE,"Original questionnaire route / module retained; system NA not interpreted as a substantive answer","System NA: routing, nonresponse or unavailable; labelled responses preserved",1934,"Eligible",TRUE,TRUE,TRUE,"Eligible subject to training-only screening","Code retained; full wording/short label requires review",1427,"Original labelled categories or source type",NA,NA
"Q96R7","Q96","Q96R7","Q96r7: To address climate change - For which of the following issues did you att","ICPSR variable label; may be truncated",109,"Survey item or survey routing field",FALSE,"Original questionnaire route / module retained; system NA not interpreted as a substantive answer","System NA: routing, nonresponse or unavailable; labelled responses preserved",1934,"Eligible",TRUE,TRUE,TRUE,"Eligible subject to training-only screening","Code retained; full wording/short label requires review",1427,"Original labelled categories or source type",NA,NA
"Q96R8","Q96","Q96R8","Q96r8: Opposing gun violence and stronger gun laws - For which of the following","ICPSR variable label; may be truncated",109,"Survey item or survey routing field",FALSE,"Original questionnaire route / module retained; system NA not interpreted as a substantive answer","System NA: routing, nonresponse or unavailable; labelled responses preserved",1934,"Eligible",TRUE,TRUE,TRUE,"Eligible subject to training-only screening","Code retained; full wording/short label requires review",1427,"Original labelled categories or source type",NA,NA
"Q96R9","Q96","Q96R9","Q96r9: In support of","ICPSR variable label; may be truncated",109,"Survey item or survey routing field",FALSE,"Original questionnaire route / module retained; system NA not interpreted as a substantive answer","System NA: routing, nonresponse or unavailable; labelled responses preserved",1934,"Eligible",TRUE,TRUE,TRUE,"Eligible subject to training-only screening","Code retained; full wording/short label requires review",1427,"Original labelled categories or source type",NA,NA
"Q96R10","Q96","Q96R10","Q96r10: In support of President-Elect Joe Biden - For which of the following iss","ICPSR variable label; may be truncated",110,"Survey item or survey routing field",FALSE,"Original questionnaire route / module retained; system NA not interpreted as a substantive answer","System NA: routing, nonresponse or unavailable; labelled responses preserved",1934,"Eligible",TRUE,FALSE,FALSE,"Candidate/election-proximate; Model 1 only","Code retained; full wording/short label requires review",1427,"Original labelled categories or source type",NA,NA
"Q96R11","Q96","Q96R11","Q96r11: In support of President Trump - For which of the following issues did yo","ICPSR variable label; may be truncated",110,"Survey item or survey routing field",FALSE,"Original questionnaire route / module retained; system NA not interpreted as a substantive answer","System NA: routing, nonresponse or unavailable; labelled responses preserved",1934,"Eligible",TRUE,FALSE,FALSE,"Candidate/election-proximate; Model 1 only","Code retained; full wording/short label requires review",1427,"Original labelled categories or source type",NA,NA
"Q96R12","Q96","Q96R12","Q96r12: To protest voter fraud in the 2020 election - For which of the following","ICPSR variable label; may be truncated",110,"Survey item or survey routing field",FALSE,"Original questionnaire route / module retained; system NA not interpreted as a substantive answer","System NA: routing, nonresponse or unavailable; labelled responses preserved",1934,"Eligible",TRUE,FALSE,FALSE,"Candidate/election-proximate; Model 1 only","Code retained; full wording/short label requires review",1427,"Original labelled categories or source type",NA,NA
"Q96R13","Q96","Q96R13","Q96r13: In support of equal voting rights for all - For which of the following i","ICPSR variable label; may be truncated",111,"Survey item or survey routing field",FALSE,"Original questionnaire route / module retained; system NA not interpreted as a substantive answer","System NA: routing, nonresponse or unavailable; labelled responses preserved",1934,"Eligible",TRUE,TRUE,TRUE,"Eligible subject to training-only screening","Code retained; full wording/short label requires review",1427,"Original labelled categories or source type",NA,NA
"Q96R14","Q96","Q96R14","Q96r14: Other (SPECIFY) - For which of the following issues did you attend a mar","ICPSR variable label; may be truncated",111,"Survey item or survey routing field",FALSE,"Original questionnaire route / module retained; system NA not interpreted as a substantive answer","System NA: routing, nonresponse or unavailable; labelled responses preserved",1934,"Eligible",TRUE,TRUE,TRUE,"Eligible subject to training-only screening","Code retained; full wording/short label requires review",1427,"Original labelled categories or source type",NA,NA
"Q96R14OE","Q96R14OE","Q96R14OE","Q96r14oe: For which of the following issues did you attend a march, demonstratio","ICPSR variable label; may be truncated",111,"Survey item or survey routing field",FALSE,"Original questionnaire route / module retained; system NA not interpreted as a substantive answer","System NA: routing, nonresponse or unavailable; labelled responses preserved",0,"Uncoded/free-text field; no text model",FALSE,FALSE,FALSE,"Uncoded/free-text field; no text model","Code retained; full wording/short label requires review",17545,"Original labelled categories or source type",NA,NA
"Q97","Q97","Q97","Q97: Previously we asked about your political engagement during the past 12 mont","ICPSR variable label; may be truncated",112,"Survey item or survey routing field",FALSE,"Original questionnaire route / module retained; system NA not interpreted as a substantive answer","System NA: routing, nonresponse or unavailable; labelled responses preserved",0,"Eligible",TRUE,TRUE,TRUE,"Eligible subject to training-only screening","Code retained; full wording/short label requires review",17545,"Original labelled categories or source type",NA,NA
"Q98R1","Q98","Q98R1","Q98r1: In support of Black Lives Matter","ICPSR variable label; may be truncated",112,"Survey item or survey routing field",FALSE,"Original questionnaire route / module retained; system NA not interpreted as a substantive answer","System NA: routing, nonresponse or unavailable; labelled responses preserved",1797,"Eligible",TRUE,TRUE,TRUE,"Eligible subject to training-only screening","Code retained; full wording/short label requires review",2141,"Original labelled categories or source type",NA,NA
"Q98R2","Q98","Q98R2","Q98r2: To protest racial bias in policing or the criminal justice system - For w","ICPSR variable label; may be truncated",112,"Survey item or survey routing field",FALSE,"Original questionnaire route / module retained; system NA not interpreted as a substantive answer","System NA: routing, nonresponse or unavailable; labelled responses preserved",1797,"Eligible",TRUE,TRUE,TRUE,"Eligible subject to training-only screening","Code retained; full wording/short label requires review",2141,"Original labelled categories or source type",NA,NA
"Q98R3","Q98","Q98R3","Q98r3: In support of humane immigration reform - For which of the following issu","ICPSR variable label; may be truncated",113,"Survey item or survey routing field",FALSE,"Original questionnaire route / module retained; system NA not interpreted as a substantive answer","System NA: routing, nonresponse or unavailable; labelled responses preserved",1797,"Eligible",TRUE,TRUE,TRUE,"Eligible subject to training-only screening","Code retained; full wording/short label requires review",2141,"Original labelled categories or source type",NA,NA
"Q98R4","Q98","Q98R4","Q98r4: In support of wages and economic equality - For which of the following is","ICPSR variable label; may be truncated",113,"Survey item or survey routing field",FALSE,"Original questionnaire route / module retained; system NA not interpreted as a substantive answer","System NA: routing, nonresponse or unavailable; labelled responses preserved",1797,"Eligible",TRUE,TRUE,TRUE,"Eligible subject to training-only screening","Code retained; full wording/short label requires review",2141,"Original labelled categories or source type",NA,NA
"Q98R5","Q98","Q98R5","Q98r5: To address climate change - For which of the following issues did you att","ICPSR variable label; may be truncated",113,"Survey item or survey routing field",FALSE,"Original questionnaire route / module retained; system NA not interpreted as a substantive answer","System NA: routing, nonresponse or unavailable; labelled responses preserved",1797,"Eligible",TRUE,TRUE,TRUE,"Eligible subject to training-only screening","Code retained; full wording/short label requires review",2141,"Original labelled categories or source type",NA,NA
"Q98R6","Q98","Q98R6","Q98r6: Opposing gun violence and stronger gun laws - For which of the following","ICPSR variable label; may be truncated",114,"Survey item or survey routing field",FALSE,"Original questionnaire route / module retained; system NA not interpreted as a substantive answer","System NA: routing, nonresponse or unavailable; labelled responses preserved",1797,"Eligible",TRUE,TRUE,TRUE,"Eligible subject to training-only screening","Code retained; full wording/short label requires review",2141,"Original labelled categories or source type",NA,NA
"Q98R7","Q98","Q98R7","Q98r7: In support of","ICPSR variable label; may be truncated",114,"Survey item or survey routing field",FALSE,"Original questionnaire route / module retained; system NA not interpreted as a substantive answer","System NA: routing, nonresponse or unavailable; labelled responses preserved",1797,"Eligible",TRUE,TRUE,TRUE,"Eligible subject to training-only screening","Code retained; full wording/short label requires review",2141,"Original labelled categories or source type",NA,NA
"Q98R8","Q98","Q98R8","Q98r8: In opposition to President Trump - For which of the following issues did","ICPSR variable label; may be truncated",114,"Survey item or survey routing field",FALSE,"Original questionnaire route / module retained; system NA not interpreted as a substantive answer","System NA: routing, nonresponse or unavailable; labelled responses preserved",1797,"Eligible",TRUE,FALSE,FALSE,"Candidate/election-proximate; Model 1 only","Code retained; full wording/short label requires review",2141,"Original labelled categories or source type",NA,NA
"Q98R9","Q98","Q98R9","Q98r9: In support of President Trump - For which of the following issues did you","ICPSR variable label; may be truncated",115,"Survey item or survey routing field",FALSE,"Original questionnaire route / module retained; system NA not interpreted as a substantive answer","System NA: routing, nonresponse or unavailable; labelled responses preserved",1797,"Eligible",TRUE,FALSE,FALSE,"Candidate/election-proximate; Model 1 only","Code retained; full wording/short label requires review",2141,"Original labelled categories or source type",NA,NA
"Q98R10","Q98","Q98R10","Q98r10: In support of equal voting rights for all - For which of the following i","ICPSR variable label; may be truncated",115,"Survey item or survey routing field",FALSE,"Original questionnaire route / module retained; system NA not interpreted as a substantive answer","System NA: routing, nonresponse or unavailable; labelled responses preserved",1797,"Eligible",TRUE,TRUE,TRUE,"Eligible subject to training-only screening","Code retained; full wording/short label requires review",2141,"Original labelled categories or source type",NA,NA
"Q98R11","Q98","Q98R11","Q98r11: Other (SPECIFY) - For which of the following issues did you attend a mar","ICPSR variable label; may be truncated",115,"Survey item or survey routing field",FALSE,"Original questionnaire route / module retained; system NA not interpreted as a substantive answer","System NA: routing, nonresponse or unavailable; labelled responses preserved",1797,"Eligible",TRUE,TRUE,TRUE,"Eligible subject to training-only screening","Code retained; full wording/short label requires review",2141,"Original labelled categories or source type",NA,NA
"Q98R11OE","Q98R11OE","Q98R11OE","Q98r11oe: For which of the following issues did you attend a march, demonstratio","ICPSR variable label; may be truncated",116,"Survey item or survey routing field",FALSE,"Original questionnaire route / module retained; system NA not interpreted as a substantive answer","System NA: routing, nonresponse or unavailable; labelled responses preserved",0,"Uncoded/free-text field; no text model",FALSE,FALSE,FALSE,"Uncoded/free-text field; no text model","Code retained; full wording/short label requires review",17545,"Original labelled categories or source type",NA,NA
"Q99R1","Q99R1","Q99R1","Q99r1: Racial bias in policing or the criminal justice system - Regardless of yo","ICPSR variable label; may be truncated",116,"Survey item or survey routing field",FALSE,"Original questionnaire route / module retained; system NA not interpreted as a substantive answer","System NA: routing, nonresponse or unavailable; labelled responses preserved",0,"Eligible",TRUE,TRUE,TRUE,"Eligible subject to training-only screening","Code retained; full wording/short label requires review",17545,"Original labelled categories or source type",NA,NA
"Q99R2","Q99R2","Q99R2","Q99r2: Support for Black lives - Regardless of your own participation in such ev","ICPSR variable label; may be truncated",116,"Survey item or survey routing field",FALSE,"Original questionnaire route / module retained; system NA not interpreted as a substantive answer","System NA: routing, nonresponse or unavailable; labelled responses preserved",0,"Eligible",TRUE,TRUE,TRUE,"Eligible subject to training-only screening","Code retained; full wording/short label requires review",17545,"Original labelled categories or source type",NA,NA
"Q99R3","Q99R3","Q99R3","Q99r3: Humane immigration reform - Regardless of your own participation in such","ICPSR variable label; may be truncated",117,"Survey item or survey routing field",FALSE,"Original questionnaire route / module retained; system NA not interpreted as a substantive answer","System NA: routing, nonresponse or unavailable; labelled responses preserved",0,"Eligible",TRUE,TRUE,TRUE,"Eligible subject to training-only screening","Code retained; full wording/short label requires review",17545,"Original labelled categories or source type",NA,NA
"Q99R4","Q99R4","Q99R4","Q99r4: Stronger government actions to address COVID-19 - Regardless of your own","ICPSR variable label; may be truncated",117,"Survey item or survey routing field",FALSE,"Original questionnaire route / module retained; system NA not interpreted as a substantive answer","System NA: routing, nonresponse or unavailable; labelled responses preserved",0,"Eligible",TRUE,TRUE,TRUE,"Eligible subject to training-only screening","Code retained; full wording/short label requires review",17545,"Original labelled categories or source type",NA,NA
"Q99R5","Q99R5","Q99R5","Q99r5: Stopping government overreach to address COVID-19 - Regardless of your ow","ICPSR variable label; may be truncated",118,"Survey item or survey routing field",FALSE,"Original questionnaire route / module retained; system NA not interpreted as a substantive answer","System NA: routing, nonresponse or unavailable; labelled responses preserved",0,"Eligible",TRUE,TRUE,TRUE,"Eligible subject to training-only screening","Code retained; full wording/short label requires review",17545,"Original labelled categories or source type",NA,NA
"Q99R6","Q99R6","Q99R6","Q99r6: Wage and economic equality - Regardless of your own participation in such","ICPSR variable label; may be truncated",118,"Survey item or survey routing field",FALSE,"Original questionnaire route / module retained; system NA not interpreted as a substantive answer","System NA: routing, nonresponse or unavailable; labelled responses preserved",0,"Eligible",TRUE,TRUE,TRUE,"Eligible subject to training-only screening","Code retained; full wording/short label requires review",17545,"Original labelled categories or source type",NA,NA
"Q99R7","Q99R7","Q99R7","Q99r7: Addressing climate change - Regardless of your own participation in such","ICPSR variable label; may be truncated",118,"Survey item or survey routing field",FALSE,"Original questionnaire route / module retained; system NA not interpreted as a substantive answer","System NA: routing, nonresponse or unavailable; labelled responses preserved",0,"Eligible",TRUE,TRUE,TRUE,"Eligible subject to training-only screening","Code retained; full wording/short label requires review",17545,"Original labelled categories or source type",NA,NA
"Q99R8","Q99R8","Q99R8","Q99r8: Stronger gun laws - Regardless of your own participation in such events,","ICPSR variable label; may be truncated",119,"Survey item or survey routing field",FALSE,"Original questionnaire route / module retained; system NA not interpreted as a substantive answer","System NA: routing, nonresponse or unavailable; labelled responses preserved",0,"Eligible",TRUE,TRUE,TRUE,"Eligible subject to training-only screening","Code retained; full wording/short label requires review",17545,"Original labelled categories or source type",NA,NA
"Q99R9","Q99R9","Q99R9","Q99r9: Support for women","ICPSR variable label; may be truncated",119,"Survey item or survey routing field",FALSE,"Original questionnaire route / module retained; system NA not interpreted as a substantive answer","System NA: routing, nonresponse or unavailable; labelled responses preserved",0,"Eligible",TRUE,TRUE,TRUE,"Eligible subject to training-only screening","Code retained; full wording/short label requires review",17545,"Original labelled categories or source type",NA,NA
"Q99R10","Q99R10","Q99R10","Q99r10: Support for equal voting rights for all - Regardless of your own partici","ICPSR variable label; may be truncated",120,"Survey item or survey routing field",FALSE,"Original questionnaire route / module retained; system NA not interpreted as a substantive answer","System NA: routing, nonresponse or unavailable; labelled responses preserved",0,"Eligible",TRUE,TRUE,TRUE,"Eligible subject to training-only screening","Code retained; full wording/short label requires review",17545,"Original labelled categories or source type",NA,NA
"Q99R11","Q99R11","Q99R11","Q99r11: Stopping voter fraud in elections - Regardless of your own participation","ICPSR variable label; may be truncated",120,"Survey item or survey routing field",FALSE,"Original questionnaire route / module retained; system NA not interpreted as a substantive answer","System NA: routing, nonresponse or unavailable; labelled responses preserved",0,"Eligible",TRUE,TRUE,TRUE,"Eligible subject to training-only screening","Code retained; full wording/short label requires review",17545,"Original labelled categories or source type",NA,NA
"Q110R1","Q110","Q110R1","Q110r1: No, none of these - In the past year, have you made a monetary donation","ICPSR variable label; may be truncated",120,"Survey item or survey routing field",FALSE,"Original questionnaire route / module retained; system NA not interpreted as a substantive answer","System NA: routing, nonresponse or unavailable; labelled responses preserved",0,"Eligible",TRUE,TRUE,TRUE,"Eligible subject to training-only screening","Code retained; full wording/short label requires review",17545,"Original labelled categories or source type",NA,NA
"Q110R2","Q110","Q110R2","Q110r2: Religious Organization - In the past year, have you made a monetary dona","ICPSR variable label; may be truncated",121,"Survey item or survey routing field",FALSE,"Original questionnaire route / module retained; system NA not interpreted as a substantive answer","System NA: routing, nonresponse or unavailable; labelled responses preserved",0,"Eligible",TRUE,TRUE,TRUE,"Eligible subject to training-only screening","Code retained; full wording/short label requires review",17545,"Original labelled categories or source type",NA,NA
"Q110R3","Q110","Q110R3","Q110r3: Political Party or candidate - In the past year, have you made a monetar","ICPSR variable label; may be truncated",121,"Survey item or survey routing field",FALSE,"Original questionnaire route / module retained; system NA not interpreted as a substantive answer","System NA: routing, nonresponse or unavailable; labelled responses preserved",0,"Eligible",TRUE,TRUE,TRUE,"Eligible subject to training-only screening","Code retained; full wording/short label requires review",17545,"Original labelled categories or source type",NA,NA
"Q110R4","Q110","Q110R4","Q110r4: Social/Human Services Organization - In the past year, have you made a m","ICPSR variable label; may be truncated",121,"Survey item or survey routing field",FALSE,"Original questionnaire route / module retained; system NA not interpreted as a substantive answer","System NA: routing, nonresponse or unavailable; labelled responses preserved",0,"Eligible",TRUE,TRUE,TRUE,"Eligible subject to training-only screening","Code retained; full wording/short label requires review",17545,"Original labelled categories or source type",NA,NA
"Q110R5","Q110","Q110R5","Q110r5: COVID Relief Efforts - In the past year, have you made a monetary donati","ICPSR variable label; may be truncated",121,"Survey item or survey routing field",FALSE,"Original questionnaire route / module retained; system NA not interpreted as a substantive answer","System NA: routing, nonresponse or unavailable; labelled responses preserved",0,"Eligible",TRUE,TRUE,TRUE,"Eligible subject to training-only screening","Code retained; full wording/short label requires review",17545,"Original labelled categories or source type",NA,NA
"Q110R6","Q110","Q110R6","Q110r6: Black Lives Matter - In the past year, have you made a monetary donation","ICPSR variable label; may be truncated",122,"Survey item or survey routing field",FALSE,"Original questionnaire route / module retained; system NA not interpreted as a substantive answer","System NA: routing, nonresponse or unavailable; labelled responses preserved",0,"Eligible",TRUE,TRUE,TRUE,"Eligible subject to training-only screening","Code retained; full wording/short label requires review",17545,"Original labelled categories or source type",NA,NA
"Q110R7","Q110","Q110R7","Q110r7: Police association - In the past year, have you made a monetary donation","ICPSR variable label; may be truncated",122,"Survey item or survey routing field",FALSE,"Original questionnaire route / module retained; system NA not interpreted as a substantive answer","System NA: routing, nonresponse or unavailable; labelled responses preserved",0,"Eligible",TRUE,TRUE,TRUE,"Eligible subject to training-only screening","Code retained; full wording/short label requires review",17545,"Original labelled categories or source type",NA,NA
"Q110R8","Q110","Q110R8","Q110r8: Political civic group (not a political party) - In the past year, have y","ICPSR variable label; may be truncated",122,"Survey item or survey routing field",FALSE,"Original questionnaire route / module retained; system NA not interpreted as a substantive answer","System NA: routing, nonresponse or unavailable; labelled responses preserved",0,"Eligible",TRUE,TRUE,TRUE,"Eligible subject to training-only screening","Code retained; full wording/short label requires review",17545,"Original labelled categories or source type",NA,NA
"Q111R1","Q111R1","Q111R1","Q111r1: Black Lives Matter - Thinking about your overall giving or donations to","ICPSR variable label; may be truncated",123,"Survey item or survey routing field",FALSE,"Original questionnaire route / module retained; system NA not interpreted as a substantive answer","System NA: routing, nonresponse or unavailable; labelled responses preserved",0,"Eligible",TRUE,TRUE,TRUE,"Eligible subject to training-only screening","Code retained; full wording/short label requires review",17545,"Original labelled categories or source type",NA,NA
"Q111R2","Q111R2","Q111R2","Q111r2: Local Police association - Thinking about your overall giving or donatio","ICPSR variable label; may be truncated",123,"Survey item or survey routing field",FALSE,"Original questionnaire route / module retained; system NA not interpreted as a substantive answer","System NA: routing, nonresponse or unavailable; labelled responses preserved",0,"Eligible",TRUE,TRUE,TRUE,"Eligible subject to training-only screening","Code retained; full wording/short label requires review",17545,"Original labelled categories or source type",NA,NA
"Q111R3","Q111R3","Q111R3","Q111r3: Immigrant rights organization - Thinking about your overall giving or do","ICPSR variable label; may be truncated",123,"Survey item or survey routing field",FALSE,"Original questionnaire route / module retained; system NA not interpreted as a substantive answer","System NA: routing, nonresponse or unavailable; labelled responses preserved",0,"Eligible",TRUE,TRUE,TRUE,"Eligible subject to training-only screening","Code retained; full wording/short label requires review",17545,"Original labelled categories or source type",NA,NA
"Q111R4","Q111R4","Q111R4","Q111r4: Your church or place of worship - Thinking about your overall giving or","ICPSR variable label; may be truncated",124,"Survey item or survey routing field",FALSE,"Original questionnaire route / module retained; system NA not interpreted as a substantive answer","System NA: routing, nonresponse or unavailable; labelled responses preserved",0,"Eligible",TRUE,TRUE,TRUE,"Eligible subject to training-only screening","Code retained; full wording/short label requires review",17545,"Original labelled categories or source type",NA,NA
"Q111R5","Q111R5","Q111R5","Q111r5: Local school - Thinking about your overall giving or donations to differ","ICPSR variable label; may be truncated",124,"Survey item or survey routing field",FALSE,"Original questionnaire route / module retained; system NA not interpreted as a substantive answer","System NA: routing, nonresponse or unavailable; labelled responses preserved",0,"Eligible",TRUE,TRUE,TRUE,"Eligible subject to training-only screening","Code retained; full wording/short label requires review",17545,"Original labelled categories or source type",NA,NA
"Q116R1","Q116","Q116R1","Q116r1: Children/Youth - Who do you expect to benefit from your largest donation","ICPSR variable label; may be truncated",125,"Survey item or survey routing field",FALSE,"Skipped when all Q111:115 donation amounts zero; Original questionnaire route / module retained; system NA not interpreted as a substantive answer","System NA: routing, nonresponse or unavailable; labelled responses preserved",1373,"Eligible",TRUE,TRUE,TRUE,"Eligible subject to training-only screening","Code retained; full wording/short label requires review",5967,"Original labelled categories or source type",NA,NA
"Q116R2","Q116","Q116R2","Q116r2: Low-income individuals/families - Who do you expect to benefit from your","ICPSR variable label; may be truncated",125,"Survey item or survey routing field",FALSE,"Skipped when all Q111:115 donation amounts zero; Original questionnaire route / module retained; system NA not interpreted as a substantive answer","System NA: routing, nonresponse or unavailable; labelled responses preserved",1345,"Eligible",TRUE,TRUE,TRUE,"Eligible subject to training-only screening","Code retained; full wording/short label requires review",6171,"Original labelled categories or source type",NA,NA
"Q116R3","Q116","Q116R3","Q116r3: Women - Who do you expect to benefit from your largest donations, please","ICPSR variable label; may be truncated",125,"Survey item or survey routing field",FALSE,"Skipped when all Q111:115 donation amounts zero; Original questionnaire route / module retained; system NA not interpreted as a substantive answer","System NA: routing, nonresponse or unavailable; labelled responses preserved",1779,"Eligible",TRUE,TRUE,TRUE,"Eligible subject to training-only screening","Code retained; full wording/short label requires review",2732,"Original labelled categories or source type",NA,NA
"Q116R4","Q116","Q116R4","Q116r4: Members of my racial/ethnic group - Who do you expect to benefit from yo","ICPSR variable label; may be truncated",126,"Survey item or survey routing field",FALSE,"Skipped when all Q111:115 donation amounts zero; Original questionnaire route / module retained; system NA not interpreted as a substantive answer","System NA: routing, nonresponse or unavailable; labelled responses preserved",1858,"Eligible",TRUE,TRUE,TRUE,"Eligible subject to training-only screening","Code retained; full wording/short label requires review",2682,"Original labelled categories or source type",NA,NA
"Q116R5","Q116","Q116R5","Q116r5: Immigrants, Asylum Seekers, Refugees - Who do you expect to benefit from","ICPSR variable label; may be truncated",126,"Survey item or survey routing field",FALSE,"Skipped when all Q111:115 donation amounts zero; Original questionnaire route / module retained; system NA not interpreted as a substantive answer","System NA: routing, nonresponse or unavailable; labelled responses preserved",1867,"Eligible",TRUE,TRUE,TRUE,"Eligible subject to training-only screening","Code retained; full wording/short label requires review",1566,"Original labelled categories or source type",NA,NA
"Q116R6","Q116","Q116R6","Q116r6: Formerly Incarcerated Individuals - Who do you expect to benefit from yo","ICPSR variable label; may be truncated",127,"Survey item or survey routing field",FALSE,"Skipped when all Q111:115 donation amounts zero; Original questionnaire route / module retained; system NA not interpreted as a substantive answer","System NA: routing, nonresponse or unavailable; labelled responses preserved",2004,"Eligible",TRUE,TRUE,TRUE,"Eligible subject to training-only screening","Code retained; full wording/short label requires review",763,"Original labelled categories or source type",NA,NA
"Q116R7","Q116","Q116R7","Q116r7: Military Families/Veterans - Who do you expect to benefit from your larg","ICPSR variable label; may be truncated",127,"Survey item or survey routing field",FALSE,"Skipped when all Q111:115 donation amounts zero; Original questionnaire route / module retained; system NA not interpreted as a substantive answer","System NA: routing, nonresponse or unavailable; labelled responses preserved",1830,"Eligible",TRUE,TRUE,TRUE,"Eligible subject to training-only screening","Code retained; full wording/short label requires review",1594,"Original labelled categories or source type",NA,NA
"Q116R8","Q116","Q116R8","Q116r8: Environment/Animals - Who do you expect to benefit from your largest don","ICPSR variable label; may be truncated",127,"Survey item or survey routing field",FALSE,"Skipped when all Q111:115 donation amounts zero; Original questionnaire route / module retained; system NA not interpreted as a substantive answer","System NA: routing, nonresponse or unavailable; labelled responses preserved",1864,"Eligible",TRUE,TRUE,TRUE,"Eligible subject to training-only screening","Code retained; full wording/short label requires review",1586,"Original labelled categories or source type",NA,NA
"Q116R9","Q116","Q116R9","Q116r9: Police Officers/Fraternal Orders of Police - Who do you expect to benefi","ICPSR variable label; may be truncated",128,"Survey item or survey routing field",FALSE,"Skipped when all Q111:115 donation amounts zero; Original questionnaire route / module retained; system NA not interpreted as a substantive answer","System NA: routing, nonresponse or unavailable; labelled responses preserved",1926,"Eligible",TRUE,TRUE,TRUE,"Eligible subject to training-only screening","Code retained; full wording/short label requires review",892,"Original labelled categories or source type",NA,NA
"Q116R10","Q116","Q116R10","Q116r10: Individuals affected by COVID Pandemic - Who do you expect to benefit f","ICPSR variable label; may be truncated",128,"Survey item or survey routing field",FALSE,"Skipped when all Q111:115 donation amounts zero; Original questionnaire route / module retained; system NA not interpreted as a substantive answer","System NA: routing, nonresponse or unavailable; labelled responses preserved",1855,"Eligible",TRUE,TRUE,TRUE,"Eligible subject to training-only screening","Code retained; full wording/short label requires review",2077,"Original labelled categories or source type",NA,NA
"Q116R11","Q116","Q116R11","Q116r11: Small Businesses - Who do you expect to benefit from your largest donat","ICPSR variable label; may be truncated",128,"Survey item or survey routing field",FALSE,"Skipped when all Q111:115 donation amounts zero; Original questionnaire route / module retained; system NA not interpreted as a substantive answer","System NA: routing, nonresponse or unavailable; labelled responses preserved",1964,"Eligible",TRUE,TRUE,TRUE,"Eligible subject to training-only screening","Code retained; full wording/short label requires review",1071,"Original labelled categories or source type",NA,NA
"Q116R12","Q116","Q116R12","Q116r12: Scientists/Research - Who do you expect to benefit from your largest do","ICPSR variable label; may be truncated",129,"Survey item or survey routing field",FALSE,"Skipped when all Q111:115 donation amounts zero; Original questionnaire route / module retained; system NA not interpreted as a substantive answer","System NA: routing, nonresponse or unavailable; labelled responses preserved",1983,"Eligible",TRUE,TRUE,TRUE,"Eligible subject to training-only screening","Code retained; full wording/short label requires review",807,"Original labelled categories or source type",NA,NA
"Q116R13","Q116","Q116R13","Q116r13: Gun Owners - Who do you expect to benefit from your largest donations,","ICPSR variable label; may be truncated",129,"Survey item or survey routing field",FALSE,"Skipped when all Q111:115 donation amounts zero; Original questionnaire route / module retained; system NA not interpreted as a substantive answer","System NA: routing, nonresponse or unavailable; labelled responses preserved",2037,"Eligible",TRUE,TRUE,TRUE,"Eligible subject to training-only screening","Code retained; full wording/short label requires review",279,"Original labelled categories or source type",NA,NA
"Q116R14","Q116","Q116R14","Q116r14: Politician/Local Campaign/Super PAC - Who do you expect to benefit from","ICPSR variable label; may be truncated",130,"Survey item or survey routing field",FALSE,"Skipped when all Q111:115 donation amounts zero; Original questionnaire route / module retained; system NA not interpreted as a substantive answer","System NA: routing, nonresponse or unavailable; labelled responses preserved",1992,"Eligible",TRUE,TRUE,TRUE,"Eligible subject to training-only screening","Code retained; full wording/short label requires review",547,"Original labelled categories or source type",NA,NA
"Q117R1","Q117R1","Q117R1","Q117r1: Addressing police brutality - Please indicate if the following should be","ICPSR variable label; may be truncated",130,"Survey item or survey routing field",FALSE,"Original questionnaire route / module retained; system NA not interpreted as a substantive answer","System NA: routing, nonresponse or unavailable; labelled responses preserved",0,"Eligible",TRUE,TRUE,TRUE,"Eligible subject to training-only screening","Code retained; full wording/short label requires review",17545,"Original labelled categories or source type",NA,NA
"Q117R2","Q117R2","Q117R2","Q117r2: Reducing mass incarceration - Please indicate if the following should be","ICPSR variable label; may be truncated",130,"Survey item or survey routing field",FALSE,"Original questionnaire route / module retained; system NA not interpreted as a substantive answer","System NA: routing, nonresponse or unavailable; labelled responses preserved",0,"Eligible",TRUE,TRUE,TRUE,"Eligible subject to training-only screening","Code retained; full wording/short label requires review",17545,"Original labelled categories or source type",NA,NA
"Q117R3","Q117R3","Q117R3","Q117r3: Opposing same-sex marriage - Please indicate if the following should be","ICPSR variable label; may be truncated",131,"Survey item or survey routing field",FALSE,"Original questionnaire route / module retained; system NA not interpreted as a substantive answer","System NA: routing, nonresponse or unavailable; labelled responses preserved",0,"Eligible",TRUE,TRUE,TRUE,"Eligible subject to training-only screening","Code retained; full wording/short label requires review",17545,"Original labelled categories or source type",NA,NA
"Q117R4","Q117R4","Q117R4","Q117r4: Raising the minimum wage - Please indicate if the following should be a","ICPSR variable label; may be truncated",131,"Survey item or survey routing field",FALSE,"Original questionnaire route / module retained; system NA not interpreted as a substantive answer","System NA: routing, nonresponse or unavailable; labelled responses preserved",0,"Eligible",TRUE,TRUE,TRUE,"Eligible subject to training-only screening","Code retained; full wording/short label requires review",17545,"Original labelled categories or source type",NA,NA
"Q117R5","Q117R5","Q117R5","Q117r5: Restricting access to abortions - Please indicate if the following shoul","ICPSR variable label; may be truncated",131,"Survey item or survey routing field",FALSE,"Original questionnaire route / module retained; system NA not interpreted as a substantive answer","System NA: routing, nonresponse or unavailable; labelled responses preserved",0,"Eligible",TRUE,TRUE,TRUE,"Eligible subject to training-only screening","Code retained; full wording/short label requires review",17545,"Original labelled categories or source type",NA,NA
"Q117R6","Q117R6","Q117R6","Q117r6: Addressing Domestic violence/sexual violence - Please indicate if the fo","ICPSR variable label; may be truncated",132,"Survey item or survey routing field",FALSE,"Original questionnaire route / module retained; system NA not interpreted as a substantive answer","System NA: routing, nonresponse or unavailable; labelled responses preserved",0,"Eligible",TRUE,TRUE,TRUE,"Eligible subject to training-only screening","Code retained; full wording/short label requires review",17545,"Original labelled categories or source type",NA,NA
"Q117R7","Q117R7","Q117R7","Q117r7: Reducing the number of liquor stores in the [pipe: S2_Race_Prime] commun","ICPSR variable label; may be truncated",132,"Survey item or survey routing field",FALSE,"Condition joined: S2_RACE_PRIME","System NA: routing, nonresponse or unavailable; labelled responses preserved",0,"Eligible",TRUE,TRUE,TRUE,"Eligible subject to training-only screening","Code retained; full wording/short label requires review",17545,"Original labelled categories or source type",NA,NA
"Q117R8","Q117R8","Q117R8","Q117r8: Stopping voter suppression - Please indicate if the following should be","ICPSR variable label; may be truncated",132,"Survey item or survey routing field",FALSE,"Original questionnaire route / module retained; system NA not interpreted as a substantive answer","System NA: routing, nonresponse or unavailable; labelled responses preserved",0,"Eligible",TRUE,TRUE,TRUE,"Eligible subject to training-only screening","Code retained; full wording/short label requires review",17545,"Original labelled categories or source type",NA,NA
"Q117R9","Q117R9","Q117R9","Q117r9: Reducing crime - Please indicate if the following should be a high prior","ICPSR variable label; may be truncated",133,"Survey item or survey routing field",FALSE,"Original questionnaire route / module retained; system NA not interpreted as a substantive answer","System NA: routing, nonresponse or unavailable; labelled responses preserved",0,"Eligible",TRUE,TRUE,TRUE,"Eligible subject to training-only screening","Code retained; full wording/short label requires review",17545,"Original labelled categories or source type",NA,NA
"Q117R10","Q117R10","Q117R10","Q117r10: Increasing funding for public schools - Please indicate if the followin","ICPSR variable label; may be truncated",133,"Survey item or survey routing field",FALSE,"Original questionnaire route / module retained; system NA not interpreted as a substantive answer","System NA: routing, nonresponse or unavailable; labelled responses preserved",0,"Eligible",TRUE,TRUE,TRUE,"Eligible subject to training-only screening","Code retained; full wording/short label requires review",17545,"Original labelled categories or source type",NA,NA
"Q117R11","Q117R11","Priority: immigrant rights","Q117r11: Supporting immigrant rights - Please indicate if the following should b","ICPSR variable label; may be truncated",134,"Survey item or survey routing field",FALSE,"Original questionnaire route / module retained; system NA not interpreted as a substantive answer","System NA: routing, nonresponse or unavailable; labelled responses preserved",0,"Eligible",TRUE,TRUE,TRUE,"Eligible subject to training-only screening","Verified short label; original source construct retained",17545,"Original labelled categories or source type",127,30
"Q117R12","Q117R12","Q117R12","Q117r12: Ending coronavirus quarantine - Please indicate if the following should","ICPSR variable label; may be truncated",134,"Survey item or survey routing field",FALSE,"Original questionnaire route / module retained; system NA not interpreted as a substantive answer","System NA: routing, nonresponse or unavailable; labelled responses preserved",0,"Eligible",TRUE,TRUE,TRUE,"Eligible subject to training-only screening","Code retained; full wording/short label requires review",17545,"Original labelled categories or source type",NA,NA
"Q117R13","Q117R13","Q117R13","Q117r13: A national mandate to wear a mask in public when coronavirus cases are","ICPSR variable label; may be truncated",134,"Survey item or survey routing field",FALSE,"Original questionnaire route / module retained; system NA not interpreted as a substantive answer","System NA: routing, nonresponse or unavailable; labelled responses preserved",0,"Eligible",TRUE,TRUE,TRUE,"Eligible subject to training-only screening","Code retained; full wording/short label requires review",17545,"Original labelled categories or source type",NA,NA
"Q130","Q130","Trump responsibility for COVID-19","Q130: Looking back over the past ten months that our nation has been dealing wit","ICPSR variable label; may be truncated",135,"Survey item or survey routing field",FALSE,"Original questionnaire route / module retained; system NA not interpreted as a substantive answer","System NA: routing, nonresponse or unavailable; labelled responses preserved",0,"Eligible",TRUE,FALSE,FALSE,"Candidate/election-proximate; Model 1 only","Verified short label; original source construct retained",17545,"Original labelled categories or source type",130,30
"Q131SPLIT","Q131SPLIT","Q131SPLIT","q131split: holds split for q131 battery","ICPSR variable label; may be truncated",135,"Survey item or survey routing field",FALSE,"Original questionnaire route / module retained; system NA not interpreted as a substantive answer","System NA: routing, nonresponse or unavailable; labelled responses preserved",0,"Routing/experiment metadata; joined to response where required",FALSE,FALSE,FALSE,"Routing/experiment metadata; joined to response where required","Code retained; full wording/short label requires review",17545,"Original labelled categories or source type",NA,NA
"Q131R1","Q131R1","Two-trillion-dollar stimulus policy","Q131r1: Congress should pass a comprehensive stimulus bill with over 2 trillion","ICPSR variable label; may be truncated",135,"Survey item or survey routing field",FALSE,"Original questionnaire route / module retained; system NA not interpreted as a substantive answer","System NA: routing, nonresponse or unavailable; labelled responses preserved",0,"Eligible",TRUE,TRUE,TRUE,"Eligible subject to training-only screening","Verified short label; original source construct retained",17545,"Original labelled categories or source type",131,31
"Q131R2","Q131R2","Q131R2","Q131r2: As long as the coronavirus is a threat, we need a national mandate to we","ICPSR variable label; may be truncated",136,"Survey item or survey routing field",FALSE,"Original questionnaire route / module retained; system NA not interpreted as a substantive answer","System NA: routing, nonresponse or unavailable; labelled responses preserved",1000,"Eligible",TRUE,TRUE,TRUE,"Eligible subject to training-only screening","Code retained; full wording/short label requires review",8904,"Original labelled categories or source type",NA,NA
"Q131R3","Q131R3","Ending parent-child border separation","Q131r3: We should end the policy of separating immigrant children from their par","ICPSR variable label; may be truncated",136,"Survey item or survey routing field",FALSE,"Original questionnaire route / module retained; system NA not interpreted as a substantive answer","System NA: routing, nonresponse or unavailable; labelled responses preserved",1082,"Eligible",TRUE,TRUE,TRUE,"Eligible subject to training-only screening","Verified short label; original source construct retained",8641,"Original labelled categories or source type",NA,NA
"Q131R4","Q131R4","Q131R4","Q131r4: We should establish a path to citizenship for undocumented immigrants wh","ICPSR variable label; may be truncated",136,"Survey item or survey routing field",FALSE,"Original questionnaire route / module retained; system NA not interpreted as a substantive answer","System NA: routing, nonresponse or unavailable; labelled responses preserved",1000,"Eligible",TRUE,TRUE,TRUE,"Eligible subject to training-only screening","Code retained; full wording/short label requires review",8904,"Original labelled categories or source type",NA,NA
"Q131R5","Q131R5","Q131R5","Q131r5: We should reward undocumented immigrants who have risked their lives as","ICPSR variable label; may be truncated",137,"Survey item or survey routing field",FALSE,"Original questionnaire route / module retained; system NA not interpreted as a substantive answer","System NA: routing, nonresponse or unavailable; labelled responses preserved",1082,"Eligible",TRUE,TRUE,TRUE,"Eligible subject to training-only screening","Code retained; full wording/short label requires review",8641,"Original labelled categories or source type",NA,NA
"Q131R6","Q131R6","Q131R6","Q131r6: We need police reform to stop the killing and abuse of African Americans","ICPSR variable label; may be truncated",137,"Survey item or survey routing field",FALSE,"Original questionnaire route / module retained; system NA not interpreted as a substantive answer","System NA: routing, nonresponse or unavailable; labelled responses preserved",1000,"Eligible",TRUE,TRUE,TRUE,"Eligible subject to training-only screening","Code retained; full wording/short label requires review",8904,"Original labelled categories or source type",NA,NA
"Q131R7","Q131R7","Q131R7","Q131r7: We should get rid of the electoral college and have a basic popular vote","ICPSR variable label; may be truncated",138,"Survey item or survey routing field",FALSE,"Original questionnaire route / module retained; system NA not interpreted as a substantive answer","System NA: routing, nonresponse or unavailable; labelled responses preserved",1082,"Eligible",TRUE,TRUE,TRUE,"Eligible subject to training-only screening","Code retained; full wording/short label requires review",8641,"Original labelled categories or source type",NA,NA
"Q131R8","Q131R8","Q131R8","Q131r8: Congress and the President should support a bold national climate policy","ICPSR variable label; may be truncated",138,"Survey item or survey routing field",FALSE,"Original questionnaire route / module retained; system NA not interpreted as a substantive answer","System NA: routing, nonresponse or unavailable; labelled responses preserved",1000,"Eligible",TRUE,TRUE,TRUE,"Eligible subject to training-only screening","Code retained; full wording/short label requires review",8904,"Original labelled categories or source type",NA,NA
"Q131R9","Q131R9","Legal abortion policy","Q131r9: Abortion should remain a legal option in the United States. - Please ind","ICPSR variable label; may be truncated",139,"Survey item or survey routing field",FALSE,"Original questionnaire route / module retained; system NA not interpreted as a substantive answer","System NA: routing, nonresponse or unavailable; labelled responses preserved",1082,"Eligible",TRUE,TRUE,TRUE,"Eligible subject to training-only screening","Verified short label; original source construct retained",8641,"Original labelled categories or source type",139,31
"Q131R10","Q131R10","Q131R10","Q131r10: Washington D.C. should be a full state and have 2 U.S. Senators and Rep","ICPSR variable label; may be truncated",139,"Survey item or survey routing field",FALSE,"Original questionnaire route / module retained; system NA not interpreted as a substantive answer","System NA: routing, nonresponse or unavailable; labelled responses preserved",1000,"Eligible",TRUE,TRUE,TRUE,"Eligible subject to training-only screening","Code retained; full wording/short label requires review",8904,"Original labelled categories or source type",NA,NA
"Q131R11","Q131R11","Q131R11","Q131r11: Puerto Rico should be a full state and have 2 U.S. Senators and Represe","ICPSR variable label; may be truncated",140,"Survey item or survey routing field",FALSE,"Original questionnaire route / module retained; system NA not interpreted as a substantive answer","System NA: routing, nonresponse or unavailable; labelled responses preserved",1082,"Eligible",TRUE,TRUE,TRUE,"Eligible subject to training-only screening","Code retained; full wording/short label requires review",8641,"Original labelled categories or source type",NA,NA
"Q131R12","Q131R12","Q131R12","Q131r12: Colleges and universities should consider grades and test scores only a","ICPSR variable label; may be truncated",140,"Survey item or survey routing field",FALSE,"Original questionnaire route / module retained; system NA not interpreted as a substantive answer","System NA: routing, nonresponse or unavailable; labelled responses preserved",1000,"Eligible",TRUE,TRUE,TRUE,"Eligible subject to training-only screening","Code retained; full wording/short label requires review",8904,"Original labelled categories or source type",NA,NA
"Q131R13","Q131R13","Q131R13","Q131r13: Colleges and universities should consider factors that impact a student","ICPSR variable label; may be truncated",140,"Survey item or survey routing field",FALSE,"Original questionnaire route / module retained; system NA not interpreted as a substantive answer","System NA: routing, nonresponse or unavailable; labelled responses preserved",1082,"Eligible",TRUE,TRUE,TRUE,"Eligible subject to training-only screening","Code retained; full wording/short label requires review",8641,"Original labelled categories or source type",NA,NA
"Q144","Q144","COVID-19 vaccine intentions","Q144: When it comes to the new vaccine to protect against the coronavirus, which","ICPSR variable label; may be truncated",141,"Survey item or survey routing field",FALSE,"Original questionnaire route / module retained; system NA not interpreted as a substantive answer","System NA: routing, nonresponse or unavailable; labelled responses preserved",0,"Eligible",TRUE,TRUE,TRUE,"Eligible subject to training-only screening","Verified short label; original source construct retained",17545,"Original labelled categories or source type",NA,NA
"Q145","Q145","Q145","Q145: More hopeful or less hopeful","ICPSR variable label; may be truncated",141,"Survey item or survey routing field",FALSE,"Original questionnaire route / module retained; system NA not interpreted as a substantive answer","System NA: routing, nonresponse or unavailable; labelled responses preserved",0,"Eligible",TRUE,TRUE,TRUE,"Eligible subject to training-only screening","Code retained; full wording/short label requires review",17545,"Original labelled categories or source type",NA,NA
"Q146","Q146","Q146","Q146: More angry or less angry","ICPSR variable label; may be truncated",142,"Survey item or survey routing field",FALSE,"Original questionnaire route / module retained; system NA not interpreted as a substantive answer","System NA: routing, nonresponse or unavailable; labelled responses preserved",0,"Eligible",TRUE,TRUE,TRUE,"Eligible subject to training-only screening","Code retained; full wording/short label requires review",17545,"Original labelled categories or source type",NA,NA
"Q147","Q147","Q147","Q147: More afraid or less afraid","ICPSR variable label; may be truncated",142,"Survey item or survey routing field",FALSE,"Original questionnaire route / module retained; system NA not interpreted as a substantive answer","System NA: routing, nonresponse or unavailable; labelled responses preserved",0,"Eligible",TRUE,TRUE,TRUE,"Eligible subject to training-only screening","Code retained; full wording/short label requires review",17545,"Original labelled categories or source type",NA,NA
"Q148","Q148","Q148","Q148: More hopeful or less hopeful","ICPSR variable label; may be truncated",142,"Survey item or survey routing field",FALSE,"Original questionnaire route / module retained; system NA not interpreted as a substantive answer","System NA: routing, nonresponse or unavailable; labelled responses preserved",0,"Eligible",TRUE,TRUE,TRUE,"Eligible subject to training-only screening","Code retained; full wording/short label requires review",17545,"Original labelled categories or source type",NA,NA
"Q149","Q149","Q149","Q149: More angry or less angry","ICPSR variable label; may be truncated",143,"Survey item or survey routing field",FALSE,"Original questionnaire route / module retained; system NA not interpreted as a substantive answer","System NA: routing, nonresponse or unavailable; labelled responses preserved",0,"Eligible",TRUE,TRUE,TRUE,"Eligible subject to training-only screening","Code retained; full wording/short label requires review",17545,"Original labelled categories or source type",NA,NA
"Q150","Q150","Q150","Q150: More afraid or less afraid","ICPSR variable label; may be truncated",143,"Survey item or survey routing field",FALSE,"Original questionnaire route / module retained; system NA not interpreted as a substantive answer","System NA: routing, nonresponse or unavailable; labelled responses preserved",0,"Eligible",TRUE,TRUE,TRUE,"Eligible subject to training-only screening","Code retained; full wording/short label requires review",17545,"Original labelled categories or source type",NA,NA
"Q151","Q151","Q151","Q151: More hopeful or less hopeful","ICPSR variable label; may be truncated",143,"Survey item or survey routing field",FALSE,"Original questionnaire route / module retained; system NA not interpreted as a substantive answer","System NA: routing, nonresponse or unavailable; labelled responses preserved",0,"Eligible",TRUE,TRUE,TRUE,"Eligible subject to training-only screening","Code retained; full wording/short label requires review",17545,"Original labelled categories or source type",NA,NA
"Q152","Q152","Q152","Q152: More angry or less angry","ICPSR variable label; may be truncated",144,"Survey item or survey routing field",FALSE,"Original questionnaire route / module retained; system NA not interpreted as a substantive answer","System NA: routing, nonresponse or unavailable; labelled responses preserved",0,"Eligible",TRUE,TRUE,TRUE,"Eligible subject to training-only screening","Code retained; full wording/short label requires review",17545,"Original labelled categories or source type",NA,NA
"Q153","Q153","Q153","Q153: More afraid or less afraid","ICPSR variable label; may be truncated",144,"Survey item or survey routing field",FALSE,"Original questionnaire route / module retained; system NA not interpreted as a substantive answer","System NA: routing, nonresponse or unavailable; labelled responses preserved",0,"Eligible",TRUE,TRUE,TRUE,"Eligible subject to training-only screening","Code retained; full wording/short label requires review",17545,"Original labelled categories or source type",NA,NA
"Q154R1","Q154R1","Pride in flag or national anthem","Q154r1: You see an American flag or hear the national anthem? - How much pride w","ICPSR variable label; may be truncated",145,"Survey item or survey routing field",FALSE,"Original questionnaire route / module retained; system NA not interpreted as a substantive answer","System NA: routing, nonresponse or unavailable; labelled responses preserved",0,"Eligible",TRUE,TRUE,TRUE,"Eligible subject to training-only screening","Verified short label; original source construct retained",17545,"Original labelled categories or source type",154,32
"Q154R2","Q154R2","Q154R2","Q154r2: You participate in a civic or political action, such as voting, contacti","ICPSR variable label; may be truncated",145,"Survey item or survey routing field",FALSE,"Original questionnaire route / module retained; system NA not interpreted as a substantive answer","System NA: routing, nonresponse or unavailable; labelled responses preserved",0,"Eligible",TRUE,TRUE,TRUE,"Eligible subject to training-only screening","Code retained; full wording/short label requires review",17545,"Original labelled categories or source type",NA,NA
"Q154R3","Q154R3","Q154R3","Q154r3: You view news or think about protests on issues that are important for [","ICPSR variable label; may be truncated",145,"Survey item or survey routing field",FALSE,"Original questionnaire route / module retained; system NA not interpreted as a substantive answer","System NA: routing, nonresponse or unavailable; labelled responses preserved",0,"Eligible",TRUE,TRUE,TRUE,"Eligible subject to training-only screening","Code retained; full wording/short label requires review",17545,"Original labelled categories or source type",NA,NA
"Q154R4","Q154R4","Q154R4","Q154r4: You see a [pipe: S2_Race_Prime] individual accomplishing a major milesto","ICPSR variable label; may be truncated",146,"Survey item or survey routing field",FALSE,"Condition joined: S2_RACE_PRIME","System NA: routing, nonresponse or unavailable; labelled responses preserved",0,"Eligible",TRUE,TRUE,TRUE,"Eligible subject to training-only screening","Code retained; full wording/short label requires review",17545,"Original labelled categories or source type",NA,NA
"Q154R5","Q154R5","Q154R5","Q154r5: You see a [pipe: S2_Race_Prime] individual holding elected office? - How","ICPSR variable label; may be truncated",146,"Survey item or survey routing field",FALSE,"Condition joined: S2_RACE_PRIME","System NA: routing, nonresponse or unavailable; labelled responses preserved",0,"Eligible",TRUE,TRUE,TRUE,"Eligible subject to training-only screening","Code retained; full wording/short label requires review",17545,"Original labelled categories or source type",NA,NA
"Q159R1","Q159R1","Q159R1","Q159r1: Public officials work hard to help [pipe: S2_Race_Prime] people? - How o","ICPSR variable label; may be truncated",147,"Survey item or survey routing field",FALSE,"Condition joined: S2_RACE_PRIME","System NA: routing, nonresponse or unavailable; labelled responses preserved",0,"Eligible",TRUE,TRUE,TRUE,"Eligible subject to training-only screening","Code retained; full wording/short label requires review",17545,"Original labelled categories or source type",NA,NA
"Q159R2","Q159R2","Q159R2","Q159r2: [pipe: S2_Race_Prime] people have a say in how government handles import","ICPSR variable label; may be truncated",147,"Survey item or survey routing field",FALSE,"Condition joined: S2_RACE_PRIME","System NA: routing, nonresponse or unavailable; labelled responses preserved",0,"Eligible",TRUE,TRUE,TRUE,"Eligible subject to training-only screening","Code retained; full wording/short label requires review",17545,"Original labelled categories or source type",NA,NA
"Q159R3","Q159R3","Q159R3","Q159r3: [pipe: S2_Race_Prime] elected to office can make changes for Black peopl","ICPSR variable label; may be truncated",147,"Survey item or survey routing field",FALSE,"Condition joined: S2_RACE_PRIME","System NA: routing, nonresponse or unavailable; labelled responses preserved",0,"Eligible",TRUE,TRUE,TRUE,"Eligible subject to training-only screening","Code retained; full wording/short label requires review",17545,"Original labelled categories or source type",NA,NA
"Q162R1","Q162R1","Q162R1","Q162r1: Voting in elections - For each of the following activities, indicate if","ICPSR variable label; may be truncated",148,"Survey item or survey routing field",FALSE,"Original questionnaire route / module retained; system NA not interpreted as a substantive answer","System NA: routing, nonresponse or unavailable; labelled responses preserved",0,"Eligible",TRUE,TRUE,TRUE,"Eligible subject to training-only screening","Code retained; full wording/short label requires review",17545,"Original labelled categories or source type",NA,NA
"Q162R2","Q162R2","Q162R2","Q162r2: Donating money to campaigns or causes - For each of the following activi","ICPSR variable label; may be truncated",148,"Survey item or survey routing field",FALSE,"Original questionnaire route / module retained; system NA not interpreted as a substantive answer","System NA: routing, nonresponse or unavailable; labelled responses preserved",0,"Eligible",TRUE,TRUE,TRUE,"Eligible subject to training-only screening","Code retained; full wording/short label requires review",17545,"Original labelled categories or source type",NA,NA
"Q162R3","Q162R3","Q162R3","Q162r3: Working with others to solve community problems - For each of the follow","ICPSR variable label; may be truncated",149,"Survey item or survey routing field",FALSE,"Original questionnaire route / module retained; system NA not interpreted as a substantive answer","System NA: routing, nonresponse or unavailable; labelled responses preserved",0,"Eligible",TRUE,TRUE,TRUE,"Eligible subject to training-only screening","Code retained; full wording/short label requires review",17545,"Original labelled categories or source type",NA,NA
"Q162R4","Q162R4","Q162R4","Q162r4: Attending protests for issues you care about - For each of the following","ICPSR variable label; may be truncated",149,"Survey item or survey routing field",FALSE,"Original questionnaire route / module retained; system NA not interpreted as a substantive answer","System NA: routing, nonresponse or unavailable; labelled responses preserved",0,"Eligible",TRUE,TRUE,TRUE,"Eligible subject to training-only screening","Code retained; full wording/short label requires review",17545,"Original labelled categories or source type",NA,NA
"Q162R5","Q162R5","Q162R5","Q162r5: Posting on the internet about issues you care about - For each of the fo","ICPSR variable label; may be truncated",149,"Survey item or survey routing field",FALSE,"Original questionnaire route / module retained; system NA not interpreted as a substantive answer","System NA: routing, nonresponse or unavailable; labelled responses preserved",0,"Eligible",TRUE,TRUE,TRUE,"Eligible subject to training-only screening","Code retained; full wording/short label requires review",17545,"Original labelled categories or source type",NA,NA
"Q162R6","Q162R6","Q162R6","Q162r6: Contacting officials about issues you care about - For each of the follo","ICPSR variable label; may be truncated",150,"Survey item or survey routing field",FALSE,"Original questionnaire route / module retained; system NA not interpreted as a substantive answer","System NA: routing, nonresponse or unavailable; labelled responses preserved",0,"Eligible",TRUE,TRUE,TRUE,"Eligible subject to training-only screening","Code retained; full wording/short label requires review",17545,"Original labelled categories or source type",NA,NA
"Q162R7","Q162R7","Q162R7","Q162r7: Working for a candidate or party or ballot issue in an election campaign","ICPSR variable label; may be truncated",150,"Survey item or survey routing field",FALSE,"Original questionnaire route / module retained; system NA not interpreted as a substantive answer","System NA: routing, nonresponse or unavailable; labelled responses preserved",0,"Eligible",TRUE,TRUE,TRUE,"Eligible subject to training-only screening","Code retained; full wording/short label requires review",17545,"Original labelled categories or source type",NA,NA
"Q162R8","Q162R8","Q162R8","Q162r8: Wearing something to cover the nose and mouth, like a mask, when inside","ICPSR variable label; may be truncated",151,"Survey item or survey routing field",FALSE,"Original questionnaire route / module retained; system NA not interpreted as a substantive answer","System NA: routing, nonresponse or unavailable; labelled responses preserved",0,"Eligible",TRUE,TRUE,TRUE,"Eligible subject to training-only screening","Code retained; full wording/short label requires review",17545,"Original labelled categories or source type",NA,NA
"Q170","Q170","Q170","Q170: Is there any political leader or any group or organization that you think","ICPSR variable label; may be truncated",151,"Survey item or survey routing field",FALSE,"Original questionnaire route / module retained; system NA not interpreted as a substantive answer","System NA: routing, nonresponse or unavailable; labelled responses preserved",0,"Eligible",TRUE,TRUE,TRUE,"Eligible subject to training-only screening","Code retained; full wording/short label requires review",17545,"Original labelled categories or source type",NA,NA
"Q171R1","Q171","Q171R1","Q171r1: Elected officials - Who looks out for your concerns?","ICPSR variable label; may be truncated",151,"Survey item or survey routing field",FALSE,"Original questionnaire route / module retained; system NA not interpreted as a substantive answer","System NA: routing, nonresponse or unavailable; labelled responses preserved",1250,"Eligible",TRUE,TRUE,TRUE,"Eligible subject to training-only screening","Code retained; full wording/short label requires review",6478,"Original labelled categories or source type",NA,NA
"Q171R2","Q171","Q171R2","Q171r2: Religious leaders - Who looks out for your concerns?","ICPSR variable label; may be truncated",152,"Survey item or survey routing field",FALSE,"Original questionnaire route / module retained; system NA not interpreted as a substantive answer","System NA: routing, nonresponse or unavailable; labelled responses preserved",1250,"Eligible",TRUE,TRUE,TRUE,"Eligible subject to training-only screening","Code retained; full wording/short label requires review",6478,"Original labelled categories or source type",NA,NA
"Q171R3","Q171","Q171R3","Q171r3: Community leaders - Who looks out for your concerns?","ICPSR variable label; may be truncated",152,"Survey item or survey routing field",FALSE,"Original questionnaire route / module retained; system NA not interpreted as a substantive answer","System NA: routing, nonresponse or unavailable; labelled responses preserved",1250,"Eligible",TRUE,TRUE,TRUE,"Eligible subject to training-only screening","Code retained; full wording/short label requires review",6478,"Original labelled categories or source type",NA,NA
"Q171R4","Q171","Q171R4","Q171r4: Union or work association leaders - Who looks out for your concerns?","ICPSR variable label; may be truncated",153,"Survey item or survey routing field",FALSE,"Original questionnaire route / module retained; system NA not interpreted as a substantive answer","System NA: routing, nonresponse or unavailable; labelled responses preserved",1250,"Eligible",TRUE,TRUE,TRUE,"Eligible subject to training-only screening","Code retained; full wording/short label requires review",6478,"Original labelled categories or source type",NA,NA
"Q171R5","Q171","Q171R5","Q171r5: A media figure - Who looks out for your concerns?","ICPSR variable label; may be truncated",153,"Survey item or survey routing field",FALSE,"Original questionnaire route / module retained; system NA not interpreted as a substantive answer","System NA: routing, nonresponse or unavailable; labelled responses preserved",1250,"Eligible",TRUE,TRUE,TRUE,"Eligible subject to training-only screening","Code retained; full wording/short label requires review",6478,"Original labelled categories or source type",NA,NA
"Q171R6","Q171","Q171R6","Q171r6: Celebrity or artist - Who looks out for your concerns?","ICPSR variable label; may be truncated",153,"Survey item or survey routing field",FALSE,"Original questionnaire route / module retained; system NA not interpreted as a substantive answer","System NA: routing, nonresponse or unavailable; labelled responses preserved",1250,"Eligible",TRUE,TRUE,TRUE,"Eligible subject to training-only screening","Code retained; full wording/short label requires review",6478,"Original labelled categories or source type",NA,NA
"Q171R7","Q171","Q171R7","Q171r7: Someone you know - Who looks out for your concerns?","ICPSR variable label; may be truncated",154,"Survey item or survey routing field",FALSE,"Original questionnaire route / module retained; system NA not interpreted as a substantive answer","System NA: routing, nonresponse or unavailable; labelled responses preserved",1250,"Eligible",TRUE,TRUE,TRUE,"Eligible subject to training-only screening","Code retained; full wording/short label requires review",6478,"Original labelled categories or source type",NA,NA
"Q171R8","Q171","Q171R8","Q171r8: Other - Who looks out for your concerns?","ICPSR variable label; may be truncated",154,"Survey item or survey routing field",FALSE,"Original questionnaire route / module retained; system NA not interpreted as a substantive answer","System NA: routing, nonresponse or unavailable; labelled responses preserved",1250,"Eligible",TRUE,TRUE,TRUE,"Eligible subject to training-only screening","Code retained; full wording/short label requires review",6478,"Original labelled categories or source type",NA,NA
"Q171R9","Q171","Q171R9","Q171r9: Can","ICPSR variable label; may be truncated",154,"Survey item or survey routing field",FALSE,"Original questionnaire route / module retained; system NA not interpreted as a substantive answer","System NA: routing, nonresponse or unavailable; labelled responses preserved",1250,"Eligible",TRUE,TRUE,TRUE,"Eligible subject to training-only screening","Code retained; full wording/short label requires review",6478,"Original labelled categories or source type",NA,NA
"Q171R8OE","Q171R8OE","Q171R8OE","Q171r8oe: Who looks out for your concerns? - Other","ICPSR variable label; may be truncated",155,"Survey item or survey routing field",FALSE,"Original questionnaire route / module retained; system NA not interpreted as a substantive answer","System NA: routing, nonresponse or unavailable; labelled responses preserved",0,"Uncoded/free-text field; no text model",FALSE,FALSE,FALSE,"Uncoded/free-text field; no text model","Code retained; full wording/short label requires review",17545,"Original labelled categories or source type",NA,NA
"Q172R1","Q172R1","Q172R1","Q172r1: Personally vote for or against certain candidates in an election for pub","ICPSR variable label; may be truncated",155,"Survey item or survey routing field",FALSE,"Original questionnaire route / module retained; system NA not interpreted as a substantive answer","System NA: routing, nonresponse or unavailable; labelled responses preserved",1250,"Eligible",TRUE,TRUE,TRUE,"Eligible subject to training-only screening","Code retained; full wording/short label requires review",6478,"Original labelled categories or source type",NA,NA
"Q172R2","Q172R2","Q172R2","Q172r2: Personally attend a protest march or demonstration? - Did this leader or","ICPSR variable label; may be truncated",155,"Survey item or survey routing field",FALSE,"Original questionnaire route / module retained; system NA not interpreted as a substantive answer","System NA: routing, nonresponse or unavailable; labelled responses preserved",1250,"Eligible",TRUE,TRUE,TRUE,"Eligible subject to training-only screening","Code retained; full wording/short label requires review",6478,"Original labelled categories or source type",NA,NA
"Q172R3","Q172R3","Q172R3","Q172r3: Personally take some other action on a political issue or in an election","ICPSR variable label; may be truncated",156,"Survey item or survey routing field",FALSE,"Original questionnaire route / module retained; system NA not interpreted as a substantive answer","System NA: routing, nonresponse or unavailable; labelled responses preserved",1250,"Eligible",TRUE,TRUE,TRUE,"Eligible subject to training-only screening","Code retained; full wording/short label requires review",6478,"Original labelled categories or source type",NA,NA
"Q175R1","Q175R1","Q175R1","Q175r1: Personally vote for or against certain candidates in an election for pub","ICPSR variable label; may be truncated",156,"Survey item or survey routing field",FALSE,"Original questionnaire route / module retained; system NA not interpreted as a substantive answer","System NA: routing, nonresponse or unavailable; labelled responses preserved",832,"Eligible",TRUE,TRUE,TRUE,"Eligible subject to training-only screening","Code retained; full wording/short label requires review",11067,"Original labelled categories or source type",NA,NA
"Q175R2","Q175R2","Q175R2","Q175r2: Personally attend a protest march or demonstration? - Did anyone ever su","ICPSR variable label; may be truncated",156,"Survey item or survey routing field",FALSE,"Original questionnaire route / module retained; system NA not interpreted as a substantive answer","System NA: routing, nonresponse or unavailable; labelled responses preserved",832,"Eligible",TRUE,TRUE,TRUE,"Eligible subject to training-only screening","Code retained; full wording/short label requires review",11067,"Original labelled categories or source type",NA,NA
"Q175R3","Q175R3","Q175R3","Q175r3: Personally take some other action on a political issue or in an election","ICPSR variable label; may be truncated",157,"Survey item or survey routing field",FALSE,"Original questionnaire route / module retained; system NA not interpreted as a substantive answer","System NA: routing, nonresponse or unavailable; labelled responses preserved",832,"Eligible",TRUE,TRUE,TRUE,"Eligible subject to training-only screening","Code retained; full wording/short label requires review",11067,"Original labelled categories or source type",NA,NA
"Q178R1","Q178R1","Q178R1","Q178r1: Scientific research these days doesn't pay enough attention to the moral","ICPSR variable label; may be truncated",157,"Survey item or survey routing field",FALSE,"Original questionnaire route / module retained; system NA not interpreted as a substantive answer","System NA: routing, nonresponse or unavailable; labelled responses preserved",0,"Eligible",TRUE,TRUE,TRUE,"Eligible subject to training-only screening","Code retained; full wording/short label requires review",17545,"Original labelled categories or source type",NA,NA
"Q178R2","Q178R2","Q178R2","Q178r2: Scientific research has created as many problems for society as it has s","ICPSR variable label; may be truncated",157,"Survey item or survey routing field",FALSE,"Original questionnaire route / module retained; system NA not interpreted as a substantive answer","System NA: routing, nonresponse or unavailable; labelled responses preserved",0,"Eligible",TRUE,TRUE,TRUE,"Eligible subject to training-only screening","Code retained; full wording/short label requires review",17545,"Original labelled categories or source type",NA,NA
"Q178R3","Q178R3","Q178R3","Q178r3: Scientific research is essential for improving the quality of human live","ICPSR variable label; may be truncated",158,"Survey item or survey routing field",FALSE,"Original questionnaire route / module retained; system NA not interpreted as a substantive answer","System NA: routing, nonresponse or unavailable; labelled responses preserved",0,"Eligible",TRUE,TRUE,TRUE,"Eligible subject to training-only screening","Code retained; full wording/short label requires review",17545,"Original labelled categories or source type",NA,NA
"Q178R4","Q178R4","Q178R4","Q178r4: New technology used in medicine allows people to live longer and better.","ICPSR variable label; may be truncated",158,"Survey item or survey routing field",FALSE,"Original questionnaire route / module retained; system NA not interpreted as a substantive answer","System NA: routing, nonresponse or unavailable; labelled responses preserved",0,"Eligible",TRUE,TRUE,TRUE,"Eligible subject to training-only screening","Code retained; full wording/short label requires review",17545,"Original labelled categories or source type",NA,NA
"Q182","Q182","Q182","Q182: Immigration and Customs Enforcement (I.C.E.) regularly conducts deportatio","ICPSR variable label; may be truncated",158,"Survey item or survey routing field",FALSE,"Original questionnaire route / module retained; system NA not interpreted as a substantive answer","System NA: routing, nonresponse or unavailable; labelled responses preserved",0,"Eligible",TRUE,TRUE,TRUE,"Eligible subject to training-only screening","Code retained; full wording/short label requires review",17545,"Original labelled categories or source type",NA,NA
"Q183","Q183","ICE favorability","Q183: Is your overall opinion of Immigration and Customs Enforcement, known as I","ICPSR variable label; may be truncated",159,"Survey item or survey routing field",FALSE,"Original questionnaire route / module retained; system NA not interpreted as a substantive answer","System NA: routing, nonresponse or unavailable; labelled responses preserved",0,"Eligible",TRUE,TRUE,TRUE,"Eligible subject to training-only screening","Verified short label; original source construct retained",17545,"Original labelled categories or source type",183,35
"Q184R1","Q184R1","Border priority despite migrant deaths","Q184r1: Increasing security at the U.S.-Mexico border should be a national prior","ICPSR variable label; may be truncated",159,"Survey item or survey routing field",FALSE,"Original questionnaire route / module retained; system NA not interpreted as a substantive answer","System NA: routing, nonresponse or unavailable; labelled responses preserved",0,"Eligible",TRUE,TRUE,TRUE,"Eligible subject to training-only screening","Verified short label; original source construct retained",17545,"Original labelled categories or source type",184,35
"Q184R2","Q184R2","Q184R2","Q184r2: This country should make it easier for immigrants to obtain visas and ci","ICPSR variable label; may be truncated",159,"Survey item or survey routing field",FALSE,"Original questionnaire route / module retained; system NA not interpreted as a substantive answer","System NA: routing, nonresponse or unavailable; labelled responses preserved",0,"Eligible",TRUE,TRUE,TRUE,"Eligible subject to training-only screening","Code retained; full wording/short label requires review",17545,"Original labelled categories or source type",NA,NA
"Q184R3","Q184R3","Q184R3","Q184r3: Law enforcement and the criminal justice system need to be completely re","ICPSR variable label; may be truncated",160,"Survey item or survey routing field",FALSE,"Original questionnaire route / module retained; system NA not interpreted as a substantive answer","System NA: routing, nonresponse or unavailable; labelled responses preserved",0,"Eligible",TRUE,TRUE,TRUE,"Eligible subject to training-only screening","Code retained; full wording/short label requires review",17545,"Original labelled categories or source type",NA,NA
"Q187R1","Q187R1","Q187R1","Q187r1: Children born in the United States to non-citizen parents should not hav","ICPSR variable label; may be truncated",160,"Survey item or survey routing field",FALSE,"Original questionnaire route / module retained; system NA not interpreted as a substantive answer","System NA: routing, nonresponse or unavailable; labelled responses preserved",0,"Eligible",TRUE,TRUE,TRUE,"Eligible subject to training-only screening","Code retained; full wording/short label requires review",17545,"Original labelled categories or source type",NA,NA
"Q187R2","Q187R2","Q187R2","Q187r2: We need to empower law enforcement to patrol and secure Muslim neighborh","ICPSR variable label; may be truncated",161,"Survey item or survey routing field",FALSE,"Original questionnaire route / module retained; system NA not interpreted as a substantive answer","System NA: routing, nonresponse or unavailable; labelled responses preserved",0,"Eligible",TRUE,TRUE,TRUE,"Eligible subject to training-only screening","Code retained; full wording/short label requires review",17545,"Original labelled categories or source type",NA,NA
"Q187R3","Q187R3","Q187R3","Q187r3: Enact sanctions and heighten diplomatic tensions with China in response","ICPSR variable label; may be truncated",161,"Survey item or survey routing field",FALSE,"Original questionnaire route / module retained; system NA not interpreted as a substantive answer","System NA: routing, nonresponse or unavailable; labelled responses preserved",0,"Eligible",TRUE,TRUE,TRUE,"Eligible subject to training-only screening","Code retained; full wording/short label requires review",17545,"Original labelled categories or source type",NA,NA
"Q187R4","Q187R4","Q187R4","Q187r4: End family reunification visa policies in the U.S. - Please indicate how","ICPSR variable label; may be truncated",161,"Survey item or survey routing field",FALSE,"Original questionnaire route / module retained; system NA not interpreted as a substantive answer","System NA: routing, nonresponse or unavailable; labelled responses preserved",0,"Eligible",TRUE,TRUE,TRUE,"Eligible subject to training-only screening","Code retained; full wording/short label requires review",17545,"Original labelled categories or source type",NA,NA
"Q187R5","Q187R5","Q187R5","Q187r5: Ban people from predominantly Muslim countries from entering the U.S. -","ICPSR variable label; may be truncated",162,"Survey item or survey routing field",FALSE,"Original questionnaire route / module retained; system NA not interpreted as a substantive answer","System NA: routing, nonresponse or unavailable; labelled responses preserved",0,"Eligible",TRUE,TRUE,TRUE,"Eligible subject to training-only screening","Code retained; full wording/short label requires review",17545,"Original labelled categories or source type",NA,NA
"Q192","Q192","Q192","Q192: Which statement comes closer to your own views","ICPSR variable label; may be truncated",162,"Survey item or survey routing field",FALSE,"Original questionnaire route / module retained; system NA not interpreted as a substantive answer","System NA: routing, nonresponse or unavailable; labelled responses preserved",0,"Eligible",TRUE,TRUE,TRUE,"Eligible subject to training-only screening","Code retained; full wording/short label requires review",17545,"Original labelled categories or source type",NA,NA
"Q193SPLIT","Q193SPLIT","Q193SPLIT","q193split: holds split for q193/194","ICPSR variable label; may be truncated",163,"Survey item or survey routing field",FALSE,"Original questionnaire route / module retained; system NA not interpreted as a substantive answer","System NA: routing, nonresponse or unavailable; labelled responses preserved",0,"Routing/experiment metadata; joined to response where required",FALSE,FALSE,FALSE,"Routing/experiment metadata; joined to response where required","Code retained; full wording/short label requires review",17545,"Original labelled categories or source type",NA,NA
"Q193","Q193","Q193","Q193: How strongly do you agree with the following statement? The LGBTQ communit","ICPSR variable label; may be truncated",163,"Survey item or survey routing field",FALSE,"Original questionnaire route / module retained; system NA not interpreted as a substantive answer","System NA: routing, nonresponse or unavailable; labelled responses preserved",1028,"Eligible",TRUE,TRUE,TRUE,"Eligible subject to training-only screening","Code retained; full wording/short label requires review",8776,"Original labelled categories or source type",NA,NA
"Q194","Q194","Q194","Q194: How strongly do you agree with the following statement? The LGBTQ communit","ICPSR variable label; may be truncated",163,"Survey item or survey routing field",FALSE,"Original questionnaire route / module retained; system NA not interpreted as a substantive answer","System NA: routing, nonresponse or unavailable; labelled responses preserved",1054,"Eligible",TRUE,TRUE,TRUE,"Eligible subject to training-only screening","Code retained; full wording/short label requires review",8769,"Original labelled categories or source type",NA,NA
"LONGSHORTSPLIT","LONGSHORTSPLIT","LONGSHORTSPLIT","longshortsplit: holds split for long/short","ICPSR variable label; may be truncated",164,"Administration / derived field",FALSE,"Original questionnaire route / module retained; system NA not interpreted as a substantive answer","System NA: routing, nonresponse or unavailable; labelled responses preserved",0,"Routing/experiment metadata; joined to response where required",FALSE,FALSE,FALSE,"Routing/experiment metadata; joined to response where required","Code retained; full wording/short label requires review",17545,"Original labelled categories or source type",NA,NA
"Q195A1R1","Q195A1","Q195A1R1","Q195A1r1: Donald Trump, Jr., Republican - One way of voting uses a ranked vote,","ICPSR variable label; may be truncated",164,"Survey item or survey routing field",FALSE,"Original questionnaire route / module retained; system NA not interpreted as a substantive answer","System NA: routing, nonresponse or unavailable; labelled responses preserved",1713,"Eligible",TRUE,FALSE,FALSE,"Candidate/election-proximate; Model 1 only","Code retained; full wording/short label requires review",3137,"Original labelled categories or source type",195,37
"Q195A1R2","Q195A1","Q195A1R2","Q195A1r2: Nikki Haley, former Republican governor of South Carolina and ambassad","ICPSR variable label; may be truncated",164,"Survey item or survey routing field",FALSE,"Original questionnaire route / module retained; system NA not interpreted as a substantive answer","System NA: routing, nonresponse or unavailable; labelled responses preserved",1078,"Eligible",TRUE,FALSE,FALSE,"Candidate/election-proximate; Model 1 only","Code retained; full wording/short label requires review",8311,"Original labelled categories or source type",195,37
"Q195A1R3","Q195A1","Q195A1R3","Q195A1r3: Andrew Cuomo, Democratic governor of New York - One way of voting uses","ICPSR variable label; may be truncated",165,"Survey item or survey routing field",FALSE,"Original questionnaire route / module retained; system NA not interpreted as a substantive answer","System NA: routing, nonresponse or unavailable; labelled responses preserved",1140,"Eligible",TRUE,FALSE,FALSE,"Candidate/election-proximate; Model 1 only","Code retained; full wording/short label requires review",7831,"Original labelled categories or source type",195,37
"Q195A1R4","Q195A1","Q195A1R4","Q195A1r4: Kamala Harris, former Democratic California Senator and Vice-President","ICPSR variable label; may be truncated",165,"Survey item or survey routing field",FALSE,"Original questionnaire route / module retained; system NA not interpreted as a substantive answer","System NA: routing, nonresponse or unavailable; labelled responses preserved",1268,"Eligible",TRUE,FALSE,FALSE,"Candidate/election-proximate; Model 1 only","Code retained; full wording/short label requires review",7238,"Original labelled categories or source type",195,37
"Q195A2R1","Q195A2","Q195A2R1","Q195A2r1: Donald Trump, Jr., Republican - One way of voting uses a ranked vote,","ICPSR variable label; may be truncated",166,"Survey item or survey routing field",FALSE,"Original questionnaire route / module retained; system NA not interpreted as a substantive answer","System NA: routing, nonresponse or unavailable; labelled responses preserved",1758,"Eligible",TRUE,FALSE,FALSE,"Candidate/election-proximate; Model 1 only","Code retained; full wording/short label requires review",2524,"Original labelled categories or source type",195,37
"Q195A2R2","Q195A2","Q195A2R2","Q195A2r2: Nikki Haley, former Republican governor of South Carolina and ambassad","ICPSR variable label; may be truncated",166,"Survey item or survey routing field",FALSE,"Original questionnaire route / module retained; system NA not interpreted as a substantive answer","System NA: routing, nonresponse or unavailable; labelled responses preserved",1627,"Eligible",TRUE,FALSE,FALSE,"Candidate/election-proximate; Model 1 only","Code retained; full wording/short label requires review",3885,"Original labelled categories or source type",195,37
"Q195A2R3","Q195A2","Q195A2R3","Q195A2r3: Marco Rubio, Republican Senator from Florida - One way of voting uses","ICPSR variable label; may be truncated",166,"Survey item or survey routing field",FALSE,"Original questionnaire route / module retained; system NA not interpreted as a substantive answer","System NA: routing, nonresponse or unavailable; labelled responses preserved",1713,"Eligible",TRUE,FALSE,FALSE,"Candidate/election-proximate; Model 1 only","Code retained; full wording/short label requires review",2937,"Original labelled categories or source type",195,37
"Q195A2R4","Q195A2","Q195A2R4","Q195A2r4: Mike Pence, Republican Vice President - One way of voting uses a ranke","ICPSR variable label; may be truncated",167,"Survey item or survey routing field",FALSE,"Original questionnaire route / module retained; system NA not interpreted as a substantive answer","System NA: routing, nonresponse or unavailable; labelled responses preserved",1717,"Eligible",TRUE,FALSE,FALSE,"Candidate/election-proximate; Model 1 only","Code retained; full wording/short label requires review",3068,"Original labelled categories or source type",195,37
"Q195A2R5","Q195A2","Q195A2R5","Q195A2r5: Ron DeSantis, Republican governor of Florida - One way of voting uses","ICPSR variable label; may be truncated",167,"Survey item or survey routing field",FALSE,"Original questionnaire route / module retained; system NA not interpreted as a substantive answer","System NA: routing, nonresponse or unavailable; labelled responses preserved",1762,"Eligible",TRUE,FALSE,FALSE,"Candidate/election-proximate; Model 1 only","Code retained; full wording/short label requires review",2633,"Original labelled categories or source type",195,37
"Q195A2R6","Q195A2","Q195A2R6","Q195A2r6: Kamala Harris, former Democratic California Senator and Vice-President","ICPSR variable label; may be truncated",168,"Survey item or survey routing field",FALSE,"Original questionnaire route / module retained; system NA not interpreted as a substantive answer","System NA: routing, nonresponse or unavailable; labelled responses preserved",1391,"Eligible",TRUE,FALSE,FALSE,"Candidate/election-proximate; Model 1 only","Code retained; full wording/short label requires review",6105,"Original labelled categories or source type",195,37
"Q195A2R7","Q195A2","Q195A2R7","Q195A2r7: Pete Buttigieg, former Democratic mayor of South Bend, Indiana - One w","ICPSR variable label; may be truncated",168,"Survey item or survey routing field",FALSE,"Original questionnaire route / module retained; system NA not interpreted as a substantive answer","System NA: routing, nonresponse or unavailable; labelled responses preserved",1481,"Eligible",TRUE,FALSE,FALSE,"Candidate/election-proximate; Model 1 only","Code retained; full wording/short label requires review",4936,"Original labelled categories or source type",195,37
"Q195A2R8","Q195A2","Q195A2R8","Q195A2r8: Alexandria Ocasio-Cortez, Democratic representative from New York - On","ICPSR variable label; may be truncated",169,"Survey item or survey routing field",FALSE,"Original questionnaire route / module retained; system NA not interpreted as a substantive answer","System NA: routing, nonresponse or unavailable; labelled responses preserved",1532,"Eligible",TRUE,FALSE,FALSE,"Candidate/election-proximate; Model 1 only","Code retained; full wording/short label requires review",4867,"Original labelled categories or source type",195,37
"Q195A2R9","Q195A2","Q195A2R9","Q195A2r9: Andrew Cuomo, Democratic governor of New York - One way of voting uses","ICPSR variable label; may be truncated",169,"Survey item or survey routing field",FALSE,"Original questionnaire route / module retained; system NA not interpreted as a substantive answer","System NA: routing, nonresponse or unavailable; labelled responses preserved",1478,"Eligible",TRUE,FALSE,FALSE,"Candidate/election-proximate; Model 1 only","Code retained; full wording/short label requires review",5033,"Original labelled categories or source type",195,37
"Q195A2R10","Q195A2","Q195A2R10","Q195A2r10: Stacey Abrams, former Democratic leader in the Georgia House of Repre","ICPSR variable label; may be truncated",170,"Survey item or survey routing field",FALSE,"Original questionnaire route / module retained; system NA not interpreted as a substantive answer","System NA: routing, nonresponse or unavailable; labelled responses preserved",1472,"Eligible",TRUE,FALSE,FALSE,"Candidate/election-proximate; Model 1 only","Code retained; full wording/short label requires review",5348,"Original labelled categories or source type",195,37
"Q195B1R1","Q195B1","Q195B1R1","Q195B1r1: Donald Trump, Jr., Republican - One way of voting uses a ranked vote,","ICPSR variable label; may be truncated",170,"Survey item or survey routing field",FALSE,"Original questionnaire route / module retained; system NA not interpreted as a substantive answer","System NA: routing, nonresponse or unavailable; labelled responses preserved",1759,"Eligible",TRUE,FALSE,FALSE,"Candidate/election-proximate; Model 1 only","Code retained; full wording/short label requires review",3095,"Original labelled categories or source type",195,37
"Q195B1R2","Q195B1","Q195B1R2","Q195B1r2: Nikki Haley, former Republican governor of South Carolina and ambassad","ICPSR variable label; may be truncated",170,"Survey item or survey routing field",FALSE,"Original questionnaire route / module retained; system NA not interpreted as a substantive answer","System NA: routing, nonresponse or unavailable; labelled responses preserved",1082,"Eligible",TRUE,FALSE,FALSE,"Candidate/election-proximate; Model 1 only","Code retained; full wording/short label requires review",8140,"Original labelled categories or source type",195,37
"Q195B1R3","Q195B1","Q195B1R3","Q195B1r3: Andrew Cuomo, Democratic governor of New York - One way of voting uses","ICPSR variable label; may be truncated",171,"Survey item or survey routing field",FALSE,"Original questionnaire route / module retained; system NA not interpreted as a substantive answer","System NA: routing, nonresponse or unavailable; labelled responses preserved",1125,"Eligible",TRUE,FALSE,FALSE,"Candidate/election-proximate; Model 1 only","Code retained; full wording/short label requires review",7659,"Original labelled categories or source type",195,37
"Q195B1R4","Q195B1","Q195B1R4","Q195B1r4: Kamala Harris, former Democratic California Senator and Vice-President","ICPSR variable label; may be truncated",171,"Survey item or survey routing field",FALSE,"Original questionnaire route / module retained; system NA not interpreted as a substantive answer","System NA: routing, nonresponse or unavailable; labelled responses preserved",1245,"Eligible",TRUE,FALSE,FALSE,"Candidate/election-proximate; Model 1 only","Code retained; full wording/short label requires review",7224,"Original labelled categories or source type",195,37
"Q195B2R1","Q195B2","Q195B2R1","Q195B2r1: Donald Trump, Jr., Republican - One way of voting uses a ranked vote,","ICPSR variable label; may be truncated",172,"Survey item or survey routing field",FALSE,"Original questionnaire route / module retained; system NA not interpreted as a substantive answer","System NA: routing, nonresponse or unavailable; labelled responses preserved",1804,"Eligible",TRUE,FALSE,FALSE,"Candidate/election-proximate; Model 1 only","Code retained; full wording/short label requires review",2578,"Original labelled categories or source type",195,37
"Q195B2R2","Q195B2","Q195B2R2","Q195B2r2: Nikki Haley, former Republican governor of South Carolina and ambassad","ICPSR variable label; may be truncated",172,"Survey item or survey routing field",FALSE,"Original questionnaire route / module retained; system NA not interpreted as a substantive answer","System NA: routing, nonresponse or unavailable; labelled responses preserved",1619,"Eligible",TRUE,FALSE,FALSE,"Candidate/election-proximate; Model 1 only","Code retained; full wording/short label requires review",4112,"Original labelled categories or source type",195,37
"Q195B2R3","Q195B2","Q195B2R3","Q195B2r3: Marco Rubio, Republican Senator from Florida - One way of voting uses","ICPSR variable label; may be truncated",173,"Survey item or survey routing field",FALSE,"Original questionnaire route / module retained; system NA not interpreted as a substantive answer","System NA: routing, nonresponse or unavailable; labelled responses preserved",1738,"Eligible",TRUE,FALSE,FALSE,"Candidate/election-proximate; Model 1 only","Code retained; full wording/short label requires review",3009,"Original labelled categories or source type",195,37
"Q195B2R4","Q195B2","Q195B2R4","Q195B2r4: Mike Pence, Republican Vice President - One way of voting uses a ranke","ICPSR variable label; may be truncated",173,"Survey item or survey routing field",FALSE,"Original questionnaire route / module retained; system NA not interpreted as a substantive answer","System NA: routing, nonresponse or unavailable; labelled responses preserved",1739,"Eligible",TRUE,FALSE,FALSE,"Candidate/election-proximate; Model 1 only","Code retained; full wording/short label requires review",3260,"Original labelled categories or source type",195,37
"Q195B2R5","Q195B2","Q195B2R5","Q195B2r5: Ron DeSantis, Republican governor of Florida - One way of voting uses","ICPSR variable label; may be truncated",173,"Survey item or survey routing field",FALSE,"Original questionnaire route / module retained; system NA not interpreted as a substantive answer","System NA: routing, nonresponse or unavailable; labelled responses preserved",1759,"Eligible",TRUE,FALSE,FALSE,"Candidate/election-proximate; Model 1 only","Code retained; full wording/short label requires review",2806,"Original labelled categories or source type",195,37
"Q195B2R6","Q195B2","Q195B2R6","Q195B2r6: Kamala Harris, former Democratic California Senator and Vice-President","ICPSR variable label; may be truncated",174,"Survey item or survey routing field",FALSE,"Original questionnaire route / module retained; system NA not interpreted as a substantive answer","System NA: routing, nonresponse or unavailable; labelled responses preserved",1331,"Eligible",TRUE,FALSE,FALSE,"Candidate/election-proximate; Model 1 only","Code retained; full wording/short label requires review",6198,"Original labelled categories or source type",195,37
"Q195B2R7","Q195B2","Q195B2R7","Q195B2r7: Pete Buttigieg, former Democratic mayor of South Bend, Indiana - One w","ICPSR variable label; may be truncated",174,"Survey item or survey routing field",FALSE,"Original questionnaire route / module retained; system NA not interpreted as a substantive answer","System NA: routing, nonresponse or unavailable; labelled responses preserved",1408,"Eligible",TRUE,FALSE,FALSE,"Candidate/election-proximate; Model 1 only","Code retained; full wording/short label requires review",5327,"Original labelled categories or source type",195,37
"Q195B2R8","Q195B2","Q195B2R8","Q195B2r8: Alexandria Ocasio-Cortez, Democratic representative from New York - On","ICPSR variable label; may be truncated",175,"Survey item or survey routing field",FALSE,"Original questionnaire route / module retained; system NA not interpreted as a substantive answer","System NA: routing, nonresponse or unavailable; labelled responses preserved",1435,"Eligible",TRUE,FALSE,FALSE,"Candidate/election-proximate; Model 1 only","Code retained; full wording/short label requires review",5193,"Original labelled categories or source type",195,37
"Q195B2R9","Q195B2","Q195B2R9","Q195B2r9: Andrew Cuomo, Democratic governor of New York - One way of voting uses","ICPSR variable label; may be truncated",175,"Survey item or survey routing field",FALSE,"Original questionnaire route / module retained; system NA not interpreted as a substantive answer","System NA: routing, nonresponse or unavailable; labelled responses preserved",1402,"Eligible",TRUE,FALSE,FALSE,"Candidate/election-proximate; Model 1 only","Code retained; full wording/short label requires review",5444,"Original labelled categories or source type",195,37
"Q195B2R10","Q195B2","Q195B2R10","Q195B2r10: Stacey Abrams, former Democratic leader in the Georgia House of Repre","ICPSR variable label; may be truncated",176,"Survey item or survey routing field",FALSE,"Original questionnaire route / module retained; system NA not interpreted as a substantive answer","System NA: routing, nonresponse or unavailable; labelled responses preserved",1390,"Eligible",TRUE,FALSE,FALSE,"Candidate/election-proximate; Model 1 only","Code retained; full wording/short label requires review",5603,"Original labelled categories or source type",195,37
"Q196","Q196","Q196","Q196: On a scale of 0 to 10, how satisfied are you with this way of voting?","ICPSR variable label; may be truncated",176,"Survey item or survey routing field",FALSE,"Original questionnaire route / module retained; system NA not interpreted as a substantive answer","System NA: routing, nonresponse or unavailable; labelled responses preserved",0,"Eligible",TRUE,FALSE,FALSE,"Candidate/election-proximate; Model 1 only","Code retained; full wording/short label requires review",17545,"Original labelled categories or source type",NA,NA
"Q197A1","Q197A1","Single-choice vignette (short, 4 candidates)","Q197A1: One way of voting involves a single vote, in which you vote for one cand","ICPSR variable label; may be truncated",177,"Survey item or survey routing field",FALSE,"Original questionnaire route / module retained; system NA not interpreted as a substantive answer","System NA: routing, nonresponse or unavailable; labelled responses preserved",1039,"Eligible",TRUE,FALSE,FALSE,"Candidate/election-proximate; Model 1 only","Verified short label; original source construct retained",8839,"Original labelled categories or source type",197,39
"Q197A2","Q197A2","Single-choice vignette (short, 10 candidates)","Q197A2: One way of voting involves a single vote, in which you vote for one cand","ICPSR variable label; may be truncated",177,"Survey item or survey routing field",FALSE,"Original questionnaire route / module retained; system NA not interpreted as a substantive answer","System NA: routing, nonresponse or unavailable; labelled responses preserved",1039,"Eligible",TRUE,FALSE,FALSE,"Candidate/election-proximate; Model 1 only","Verified short label; original source construct retained",8839,"Original labelled categories or source type",197,39
"Q197B1","Q197B1","Single-choice vignette (long, 4 candidates)","Q197B1: One way of voting involves a single vote, in which you vote for one cand","ICPSR variable label; may be truncated",178,"Survey item or survey routing field",FALSE,"Original questionnaire route / module retained; system NA not interpreted as a substantive answer","System NA: routing, nonresponse or unavailable; labelled responses preserved",1043,"Eligible",TRUE,FALSE,FALSE,"Candidate/election-proximate; Model 1 only","Verified short label; original source construct retained",8706,"Original labelled categories or source type",197,39
"Q197B2","Q197B2","Single-choice vignette (long, 10 candidates)","Q197B2: One way of voting involves a single vote, in which you vote for one cand","ICPSR variable label; may be truncated",178,"Survey item or survey routing field",FALSE,"Original questionnaire route / module retained; system NA not interpreted as a substantive answer","System NA: routing, nonresponse or unavailable; labelled responses preserved",1043,"Eligible",TRUE,FALSE,FALSE,"Candidate/election-proximate; Model 1 only","Verified short label; original source construct retained",8706,"Original labelled categories or source type",197,39
"Q198","Q198","Q198","Q198: On a scale of 0 to 10, how satisfied are you with this way of voting?","ICPSR variable label; may be truncated",179,"Survey item or survey routing field",FALSE,"Original questionnaire route / module retained; system NA not interpreted as a substantive answer","System NA: routing, nonresponse or unavailable; labelled responses preserved",0,"Eligible",TRUE,FALSE,FALSE,"Candidate/election-proximate; Model 1 only","Code retained; full wording/short label requires review",17545,"Original labelled categories or source type",NA,NA
"Q199SPLIT","Q199SPLIT","Q199SPLIT","q199split: holds split q199-q201","ICPSR variable label; may be truncated",179,"Survey item or survey routing field",FALSE,"Original questionnaire route / module retained; system NA not interpreted as a substantive answer","System NA: routing, nonresponse or unavailable; labelled responses preserved",0,"Routing/experiment metadata; joined to response where required",FALSE,FALSE,FALSE,"Routing/experiment metadata; joined to response where required","Code retained; full wording/short label requires review",17545,"Original labelled categories or source type",NA,NA
"Q199","Q199","Q199","Q199: Now that you have used both of them, which way of voting do you prefer?","ICPSR variable label; may be truncated",180,"Survey item or survey routing field",FALSE,"Original questionnaire route / module retained; system NA not interpreted as a substantive answer","System NA: routing, nonresponse or unavailable; labelled responses preserved",1403,"Eligible",TRUE,FALSE,FALSE,"Candidate/election-proximate; Model 1 only","Code retained; full wording/short label requires review",5909,"Original labelled categories or source type",NA,NA
"Q200","Q200","Q200","Q200: Studies show that the ranked vote helps elect more women and people of col","ICPSR variable label; may be truncated",180,"Survey item or survey routing field",FALSE,"Original questionnaire route / module retained; system NA not interpreted as a substantive answer","System NA: routing, nonresponse or unavailable; labelled responses preserved",1406,"Eligible",TRUE,FALSE,FALSE,"Candidate/election-proximate; Model 1 only","Code retained; full wording/short label requires review",5813,"Original labelled categories or source type",NA,NA
"Q201","Q201","Q201","Q201: Studies show that the ranked vote is confusing for some people. Now that y","ICPSR variable label; may be truncated",180,"Survey item or survey routing field",FALSE,"Original questionnaire route / module retained; system NA not interpreted as a substantive answer","System NA: routing, nonresponse or unavailable; labelled responses preserved",1355,"Eligible",TRUE,FALSE,FALSE,"Candidate/election-proximate; Model 1 only","Code retained; full wording/short label requires review",5823,"Original labelled categories or source type",NA,NA
"Q202R1","Q202","Q202R1","Q202r1: Run for political office - Given your answer to the previous question, w","ICPSR variable label; may be truncated",181,"Survey item or survey routing field",FALSE,"Original questionnaire route / module retained; system NA not interpreted as a substantive answer","System NA: routing, nonresponse or unavailable; labelled responses preserved",0,"Eligible",TRUE,TRUE,TRUE,"Eligible subject to training-only screening","Code retained; full wording/short label requires review",17545,"Original labelled categories or source type",NA,NA
"Q202R2","Q202","Q202R2","Q202r2: Encourage someone you know to run for office - Given your answer to the","ICPSR variable label; may be truncated",181,"Survey item or survey routing field",FALSE,"Original questionnaire route / module retained; system NA not interpreted as a substantive answer","System NA: routing, nonresponse or unavailable; labelled responses preserved",0,"Eligible",TRUE,TRUE,TRUE,"Eligible subject to training-only screening","Code retained; full wording/short label requires review",17545,"Original labelled categories or source type",NA,NA
"Q202R3","Q202","Q202R3","Q202r3: Volunteer for a candidate or political party - Given your answer to the","ICPSR variable label; may be truncated",181,"Survey item or survey routing field",FALSE,"Original questionnaire route / module retained; system NA not interpreted as a substantive answer","System NA: routing, nonresponse or unavailable; labelled responses preserved",0,"Eligible",TRUE,TRUE,TRUE,"Eligible subject to training-only screening","Code retained; full wording/short label requires review",17545,"Original labelled categories or source type",NA,NA
"Q203","Q203","Q203","Q203: Would you approve or disapprove of a member of Congress who proposes a new","ICPSR variable label; may be truncated",182,"Survey item or survey routing field",FALSE,"Original questionnaire route / module retained; system NA not interpreted as a substantive answer","System NA: routing, nonresponse or unavailable; labelled responses preserved",0,"Eligible",TRUE,TRUE,TRUE,"Eligible subject to training-only screening","Code retained; full wording/short label requires review",17545,"Original labelled categories or source type",NA,NA
"Q204","Q204","Q204","Q204: Would you approve or disapprove of a member of Congress who violates congr","ICPSR variable label; may be truncated",182,"Survey item or survey routing field",FALSE,"Original questionnaire route / module retained; system NA not interpreted as a substantive answer","System NA: routing, nonresponse or unavailable; labelled responses preserved",0,"Eligible",TRUE,TRUE,TRUE,"Eligible subject to training-only screening","Code retained; full wording/short label requires review",17545,"Original labelled categories or source type",NA,NA
"Q205","Q205","Q205","Q205: Would you approve or disapprove of a member of Congress who gets arrested","ICPSR variable label; may be truncated",182,"Survey item or survey routing field",FALSE,"Original questionnaire route / module retained; system NA not interpreted as a substantive answer","System NA: routing, nonresponse or unavailable; labelled responses preserved",0,"Eligible",TRUE,TRUE,TRUE,"Eligible subject to training-only screening","Code retained; full wording/short label requires review",17545,"Original labelled categories or source type",NA,NA
"Q206","Q206","Q206","Q206: To what extent do you feel that your member of Congress understands the po","ICPSR variable label; may be truncated",183,"Survey item or survey routing field",FALSE,"Original questionnaire route / module retained; system NA not interpreted as a substantive answer","System NA: routing, nonresponse or unavailable; labelled responses preserved",0,"Eligible",TRUE,TRUE,TRUE,"Eligible subject to training-only screening","Code retained; full wording/short label requires review",17545,"Continuous quantity / allocation",NA,NA
"Q207","Q207","Q207","Q207: To what extent do you feel that your member of Congress serves the politic","ICPSR variable label; may be truncated",184,"Survey item or survey routing field",FALSE,"Original questionnaire route / module retained; system NA not interpreted as a substantive answer","System NA: routing, nonresponse or unavailable; labelled responses preserved",0,"Eligible",TRUE,TRUE,TRUE,"Eligible subject to training-only screening","Code retained; full wording/short label requires review",17545,"Continuous quantity / allocation",NA,NA
"Q208R1","Q208R1","Q208R1","Q208r1: Racial and ethnic minorities can get ahead in the United States if they","ICPSR variable label; may be truncated",186,"Survey item or survey routing field",FALSE,"Original questionnaire route / module retained; system NA not interpreted as a substantive answer","System NA: routing, nonresponse or unavailable; labelled responses preserved",0,"Eligible",TRUE,TRUE,TRUE,"Eligible subject to training-only screening","Code retained; full wording/short label requires review",17545,"Original labelled categories or source type",NA,NA
"Q208R2","Q208R2","Q208R2","Q208r2: Most people who want to get ahead can make it if they are willing to wor","ICPSR variable label; may be truncated",186,"Survey item or survey routing field",FALSE,"Original questionnaire route / module retained; system NA not interpreted as a substantive answer","System NA: routing, nonresponse or unavailable; labelled responses preserved",0,"Eligible",TRUE,TRUE,TRUE,"Eligible subject to training-only screening","Code retained; full wording/short label requires review",17545,"Original labelled categories or source type",NA,NA
"Q208R3","Q208R3","Q208R3","Q208r3: It is possible to start out poor in this country, work hard, and become","ICPSR variable label; may be truncated",187,"Survey item or survey routing field",FALSE,"Original questionnaire route / module retained; system NA not interpreted as a substantive answer","System NA: routing, nonresponse or unavailable; labelled responses preserved",0,"Eligible",TRUE,TRUE,TRUE,"Eligible subject to training-only screening","Code retained; full wording/short label requires review",17545,"Original labelled categories or source type",NA,NA
"Q208R4","Q208R4","Q208R4","Q208r4: Government should provide income support to those who try to provide for","ICPSR variable label; may be truncated",187,"Survey item or survey routing field",FALSE,"Original questionnaire route / module retained; system NA not interpreted as a substantive answer","System NA: routing, nonresponse or unavailable; labelled responses preserved",0,"Eligible",TRUE,TRUE,TRUE,"Eligible subject to training-only screening","Code retained; full wording/short label requires review",17545,"Original labelled categories or source type",NA,NA
"Q208R5","Q208R5","Government reducing income differences","Q208r5: It is the responsibility of the government to reduce the differences in","ICPSR variable label; may be truncated",188,"Survey item or survey routing field",FALSE,"Original questionnaire route / module retained; system NA not interpreted as a substantive answer","System NA: routing, nonresponse or unavailable; labelled responses preserved",0,"Eligible",TRUE,TRUE,TRUE,"Eligible subject to training-only screening","Verified short label; original source construct retained",17545,"Original labelled categories or source type",212,43
"Q213R1","Q213R1","Q213R1","Q213r1: Irish, Italians, Jewish and many other minorities overcame prejudice and","ICPSR variable label; may be truncated",188,"Survey item or survey routing field",FALSE,"Original questionnaire route / module retained; system NA not interpreted as a substantive answer","System NA: routing, nonresponse or unavailable; labelled responses preserved",0,"Eligible",TRUE,TRUE,TRUE,"Eligible subject to training-only screening","Code retained; full wording/short label requires review",17545,"Original labelled categories or source type",NA,NA
"Q213R2","Q213R2","Q213R2","Q213r2: Generations of slavery and discrimination have created conditions that m","ICPSR variable label; may be truncated",188,"Survey item or survey routing field",FALSE,"Original questionnaire route / module retained; system NA not interpreted as a substantive answer","System NA: routing, nonresponse or unavailable; labelled responses preserved",0,"Eligible",TRUE,TRUE,TRUE,"Eligible subject to training-only screening","Code retained; full wording/short label requires review",17545,"Original labelled categories or source type",NA,NA
"Q213R3","Q213R3","Q213R3","Q213r3: Over the past few years, Blacks have gotten less than they deserve. - Do","ICPSR variable label; may be truncated",189,"Survey item or survey routing field",FALSE,"Original questionnaire route / module retained; system NA not interpreted as a substantive answer","System NA: routing, nonresponse or unavailable; labelled responses preserved",0,"Eligible",TRUE,TRUE,TRUE,"Eligible subject to training-only screening","Code retained; full wording/short label requires review",17545,"Original labelled categories or source type",NA,NA
"Q213R4","Q213R4","Q213R4","Q213r4: It's really a matter of some people not trying hard enough; if Blacks wo","ICPSR variable label; may be truncated",189,"Survey item or survey routing field",FALSE,"Original questionnaire route / module retained; system NA not interpreted as a substantive answer","System NA: routing, nonresponse or unavailable; labelled responses preserved",0,"Eligible",TRUE,TRUE,TRUE,"Eligible subject to training-only screening","Code retained; full wording/short label requires review",17545,"Original labelled categories or source type",NA,NA
"Q217R1","Q217R1","White racial advantages","Q217r1: White people in the U.S. have certain advantages because of their race.","ICPSR variable label; may be truncated",189,"Survey item or survey routing field",FALSE,"Original questionnaire route / module retained; system NA not interpreted as a substantive answer","System NA: routing, nonresponse or unavailable; labelled responses preserved",0,"Eligible",TRUE,TRUE,TRUE,"Eligible subject to training-only screening","Verified short label; original source construct retained",17545,"Original labelled categories or source type",217,44
"Q217R2","Q217R2","Q217R2","Q217r2: Racial problems in the U.S. are rare, isolated situations. - Please indi","ICPSR variable label; may be truncated",190,"Survey item or survey routing field",FALSE,"Original questionnaire route / module retained; system NA not interpreted as a substantive answer","System NA: routing, nonresponse or unavailable; labelled responses preserved",0,"Eligible",TRUE,TRUE,TRUE,"Eligible subject to training-only screening","Code retained; full wording/short label requires review",17545,"Original labelled categories or source type",NA,NA
"Q217R3","Q217R3","Q217R3","Q217r3: I am angry that racism exists. - Please indicate if you agree or disagre","ICPSR variable label; may be truncated",190,"Survey item or survey routing field",FALSE,"Original questionnaire route / module retained; system NA not interpreted as a substantive answer","System NA: routing, nonresponse or unavailable; labelled responses preserved",0,"Eligible",TRUE,TRUE,TRUE,"Eligible subject to training-only screening","Code retained; full wording/short label requires review",17545,"Original labelled categories or source type",NA,NA
"Q217R4","Q217R4","Q217R4","Q217r4: I am sometimes fearful of people of other races. - Please indicate if yo","ICPSR variable label; may be truncated",191,"Survey item or survey routing field",FALSE,"Original questionnaire route / module retained; system NA not interpreted as a substantive answer","System NA: routing, nonresponse or unavailable; labelled responses preserved",0,"Eligible",TRUE,TRUE,TRUE,"Eligible subject to training-only screening","Code retained; full wording/short label requires review",17545,"Original labelled categories or source type",NA,NA
"Q221R1","Q221R1","Q221R1","Q221r1: Generally speaking, [pipe: S2_Race_Prime]s are resilient to the hard tim","ICPSR variable label; may be truncated",191,"Survey item or survey routing field",FALSE,"Condition joined: S2_RACE_PRIME","System NA: routing, nonresponse or unavailable; labelled responses preserved",0,"Eligible",TRUE,TRUE,TRUE,"Eligible subject to training-only screening","Code retained; full wording/short label requires review",17545,"Original labelled categories or source type",NA,NA
"Q221R2","Q221R2","Q221R2","Q221r2: Unlike other minorities, [pipe: S2_Race_Prime]s give up too easily when","ICPSR variable label; may be truncated",191,"Survey item or survey routing field",FALSE,"Condition joined: S2_RACE_PRIME","System NA: routing, nonresponse or unavailable; labelled responses preserved",0,"Eligible",TRUE,TRUE,TRUE,"Eligible subject to training-only screening","Code retained; full wording/short label requires review",17545,"Original labelled categories or source type",NA,NA
"Q221R3","Q221R3","Q221R3","Q221r3: [pipe: S2_Race_Prime] people can always create something for themselves","ICPSR variable label; may be truncated",192,"Survey item or survey routing field",FALSE,"Condition joined: S2_RACE_PRIME","System NA: routing, nonresponse or unavailable; labelled responses preserved",0,"Eligible",TRUE,TRUE,TRUE,"Eligible subject to training-only screening","Code retained; full wording/short label requires review",17545,"Original labelled categories or source type",NA,NA
"Q221R4","Q221R4","Q221R4","Q221r4: Even when [pipe: S2_Race_Prime]s get knocked down, they get up and try a","ICPSR variable label; may be truncated",192,"Survey item or survey routing field",FALSE,"Condition joined: S2_RACE_PRIME","System NA: routing, nonresponse or unavailable; labelled responses preserved",0,"Eligible",TRUE,TRUE,TRUE,"Eligible subject to training-only screening","Code retained; full wording/short label requires review",17545,"Original labelled categories or source type",NA,NA
"Q225R1","Q225R1","Q225R1","Q225r1: Atheists - Here is a list of groups in society.","ICPSR variable label; may be truncated",193,"Survey item or survey routing field",FALSE,"Original questionnaire route / module retained; system NA not interpreted as a substantive answer","System NA: routing, nonresponse or unavailable; labelled responses preserved",0,"Eligible",TRUE,TRUE,TRUE,"Eligible subject to training-only screening","Code retained; full wording/short label requires review",17545,"Original labelled categories or source type",NA,NA
"Q225R2","Q225R2","Q225R2","Q225r2: Muslims - Here is a list of groups in society.","ICPSR variable label; may be truncated",193,"Survey item or survey routing field",FALSE,"Original questionnaire route / module retained; system NA not interpreted as a substantive answer","System NA: routing, nonresponse or unavailable; labelled responses preserved",0,"Eligible",TRUE,TRUE,TRUE,"Eligible subject to training-only screening","Code retained; full wording/short label requires review",17545,"Original labelled categories or source type",NA,NA
"Q225R3","Q225R3","Q225R3","Q225r3: Jews - Here is a list of groups in society.","ICPSR variable label; may be truncated",193,"Survey item or survey routing field",FALSE,"Original questionnaire route / module retained; system NA not interpreted as a substantive answer","System NA: routing, nonresponse or unavailable; labelled responses preserved",0,"Eligible",TRUE,TRUE,TRUE,"Eligible subject to training-only screening","Code retained; full wording/short label requires review",17545,"Original labelled categories or source type",NA,NA
"Q225R4","Q225R4","Q225R4","Q225r4: Conservative Christians - Here is a list of groups in society.","ICPSR variable label; may be truncated",194,"Survey item or survey routing field",FALSE,"Original questionnaire route / module retained; system NA not interpreted as a substantive answer","System NA: routing, nonresponse or unavailable; labelled responses preserved",0,"Eligible",TRUE,TRUE,TRUE,"Eligible subject to training-only screening","Code retained; full wording/short label requires review",17545,"Original labelled categories or source type",NA,NA
"Q225R5","Q225R5","Q225R5","Q225r5: Black people - Here is a list of groups in society.","ICPSR variable label; may be truncated",194,"Survey item or survey routing field",FALSE,"Original questionnaire route / module retained; system NA not interpreted as a substantive answer","System NA: routing, nonresponse or unavailable; labelled responses preserved",0,"Eligible",TRUE,TRUE,TRUE,"Eligible subject to training-only screening","Code retained; full wording/short label requires review",17545,"Original labelled categories or source type",NA,NA
"Q225R6","Q225R6","Q225R6","Q225r6: White people - Here is a list of groups in society.","ICPSR variable label; may be truncated",195,"Survey item or survey routing field",FALSE,"Original questionnaire route / module retained; system NA not interpreted as a substantive answer","System NA: routing, nonresponse or unavailable; labelled responses preserved",0,"Eligible",TRUE,TRUE,TRUE,"Eligible subject to training-only screening","Code retained; full wording/short label requires review",17545,"Original labelled categories or source type",NA,NA
"Q225R7","Q225R7","Q225R7","Q225r7: Hispanic people - Here is a list of groups in society.","ICPSR variable label; may be truncated",195,"Survey item or survey routing field",FALSE,"Original questionnaire route / module retained; system NA not interpreted as a substantive answer","System NA: routing, nonresponse or unavailable; labelled responses preserved",0,"Eligible",TRUE,TRUE,TRUE,"Eligible subject to training-only screening","Code retained; full wording/short label requires review",17545,"Original labelled categories or source type",NA,NA
"Q225R8","Q225R8","Q225R8","Q225r8: Asian people - Here is a list of groups in society.","ICPSR variable label; may be truncated",196,"Survey item or survey routing field",FALSE,"Original questionnaire route / module retained; system NA not interpreted as a substantive answer","System NA: routing, nonresponse or unavailable; labelled responses preserved",0,"Eligible",TRUE,TRUE,TRUE,"Eligible subject to training-only screening","Code retained; full wording/short label requires review",17545,"Original labelled categories or source type",NA,NA
"Q225R9","Q225R9","Q225R9","Q225r9: Native Americans - Here is a list of groups in society.","ICPSR variable label; may be truncated",196,"Survey item or survey routing field",FALSE,"Original questionnaire route / module retained; system NA not interpreted as a substantive answer","System NA: routing, nonresponse or unavailable; labelled responses preserved",0,"Eligible",TRUE,TRUE,TRUE,"Eligible subject to training-only screening","Code retained; full wording/short label requires review",17545,"Original labelled categories or source type",NA,NA
"Q225R10","Q225R10","Democrats: support/threat to own vision","Q225r10: Democrats - Here is a list of groups in society.","ICPSR variable label; may be truncated",197,"Survey item or survey routing field",FALSE,"Original questionnaire route / module retained; system NA not interpreted as a substantive answer","System NA: routing, nonresponse or unavailable; labelled responses preserved",0,"Eligible",TRUE,TRUE,FALSE,"Direct partisan or party-selected identity; withheld in Model 3","Verified short label; original source construct retained",17545,"Original labelled categories or source type",234,45
"Q225R11","Q225R11","Republicans: support/threat to own vision","Q225r11: Republicans - Here is a list of groups in society.","ICPSR variable label; may be truncated",197,"Survey item or survey routing field",FALSE,"Original questionnaire route / module retained; system NA not interpreted as a substantive answer","System NA: routing, nonresponse or unavailable; labelled responses preserved",0,"Eligible",TRUE,TRUE,FALSE,"Direct partisan or party-selected identity; withheld in Model 3","Verified short label; original source construct retained",17545,"Original labelled categories or source type",235,45
"Q225R12","Q225R12","Q225R12","Q225r12: LGBTQ people - Here is a list of groups in society.","ICPSR variable label; may be truncated",197,"Survey item or survey routing field",FALSE,"Original questionnaire route / module retained; system NA not interpreted as a substantive answer","System NA: routing, nonresponse or unavailable; labelled responses preserved",0,"Eligible",TRUE,TRUE,TRUE,"Eligible subject to training-only screening","Code retained; full wording/short label requires review",17545,"Original labelled categories or source type",NA,NA
"Q225R13","Q225R13","Q225R13","Q225r13: Immigrants - Here is a list of groups in society.","ICPSR variable label; may be truncated",198,"Survey item or survey routing field",FALSE,"Original questionnaire route / module retained; system NA not interpreted as a substantive answer","System NA: routing, nonresponse or unavailable; labelled responses preserved",0,"Eligible",TRUE,TRUE,TRUE,"Eligible subject to training-only screening","Code retained; full wording/short label requires review",17545,"Original labelled categories or source type",NA,NA
"Q225R14","Q225R14","Q225R14","Q225r14: White nationalists - Here is a list of groups in society.","ICPSR variable label; may be truncated",198,"Survey item or survey routing field",FALSE,"Original questionnaire route / module retained; system NA not interpreted as a substantive answer","System NA: routing, nonresponse or unavailable; labelled responses preserved",0,"Eligible",TRUE,TRUE,TRUE,"Eligible subject to training-only screening","Code retained; full wording/short label requires review",17545,"Original labelled categories or source type",NA,NA
"Q239R1","Q239R1","Q239R1","Q239r1: Most Muslims integrate successfully into American culture. - With respec","ICPSR variable label; may be truncated",199,"Survey item or survey routing field",FALSE,"Original questionnaire route / module retained; system NA not interpreted as a substantive answer","System NA: routing, nonresponse or unavailable; labelled responses preserved",0,"Eligible",TRUE,TRUE,TRUE,"Eligible subject to training-only screening","Code retained; full wording/short label requires review",17545,"Original labelled categories or source type",NA,NA
"Q239R2","Q239R2","Q239R2","Q239r2: Most Muslim Americans reject jihad and violence. - With respect to Musli","ICPSR variable label; may be truncated",199,"Survey item or survey routing field",FALSE,"Original questionnaire route / module retained; system NA not interpreted as a substantive answer","System NA: routing, nonresponse or unavailable; labelled responses preserved",0,"Eligible",TRUE,TRUE,TRUE,"Eligible subject to training-only screening","Code retained; full wording/short label requires review",17545,"Original labelled categories or source type",NA,NA
"Q239R3","Q239R3","Q239R3","Q239r3: Most Muslim Americans are not terrorists. - With respect to Muslim Ameri","ICPSR variable label; may be truncated",199,"Survey item or survey routing field",FALSE,"Original questionnaire route / module retained; system NA not interpreted as a substantive answer","System NA: routing, nonresponse or unavailable; labelled responses preserved",0,"Eligible",TRUE,TRUE,TRUE,"Eligible subject to training-only screening","Code retained; full wording/short label requires review",17545,"Original labelled categories or source type",NA,NA
"Q239R4","Q239R4","Q239R4","Q239r4: Muslim Americans do a good job of speaking out against Islamic terrorism","ICPSR variable label; may be truncated",200,"Survey item or survey routing field",FALSE,"Original questionnaire route / module retained; system NA not interpreted as a substantive answer","System NA: routing, nonresponse or unavailable; labelled responses preserved",0,"Eligible",TRUE,TRUE,TRUE,"Eligible subject to training-only screening","Code retained; full wording/short label requires review",17545,"Original labelled categories or source type",NA,NA
"Q243R1","Q243R1","Q243R1","Q243r1: It is harder for America","ICPSR variable label; may be truncated",200,"Survey item or survey routing field",FALSE,"Original questionnaire route / module retained; system NA not interpreted as a substantive answer","System NA: routing, nonresponse or unavailable; labelled responses preserved",0,"Eligible",TRUE,TRUE,TRUE,"Eligible subject to training-only screening","Code retained; full wording/short label requires review",17545,"Original labelled categories or source type",NA,NA
"Q243R2","Q243R2","Q243R2","Q243r2: America","ICPSR variable label; may be truncated",201,"Survey item or survey routing field",FALSE,"Original questionnaire route / module retained; system NA not interpreted as a substantive answer","System NA: routing, nonresponse or unavailable; labelled responses preserved",0,"Eligible",TRUE,TRUE,TRUE,"Eligible subject to training-only screening","Code retained; full wording/short label requires review",17545,"Original labelled categories or source type",NA,NA
"Q243R3","Q243R3","Q243R3","Q243r3: America","ICPSR variable label; may be truncated",201,"Survey item or survey routing field",FALSE,"Original questionnaire route / module retained; system NA not interpreted as a substantive answer","System NA: routing, nonresponse or unavailable; labelled responses preserved",0,"Eligible",TRUE,TRUE,TRUE,"Eligible subject to training-only screening","Code retained; full wording/short label requires review",17545,"Original labelled categories or source type",NA,NA
"Q243R4","Q243R4","Q243R4","Q243r4: If America's youth stopped complaining about their problems, they would","ICPSR variable label; may be truncated",201,"Survey item or survey routing field",FALSE,"Original questionnaire route / module retained; system NA not interpreted as a substantive answer","System NA: routing, nonresponse or unavailable; labelled responses preserved",0,"Eligible",TRUE,TRUE,TRUE,"Eligible subject to training-only screening","Code retained; full wording/short label requires review",17545,"Original labelled categories or source type",NA,NA
"Q247","Q247","Q247","Q247: What share of your friends, co-workers, and family members are [pipe: S2_R","ICPSR variable label; may be truncated",202,"Survey item or survey routing field",FALSE,"Original questionnaire route / module retained; system NA not interpreted as a substantive answer","System NA: routing, nonresponse or unavailable; labelled responses preserved",0,"Eligible",TRUE,TRUE,TRUE,"Eligible subject to training-only screening","Code retained; full wording/short label requires review",17545,"Original labelled categories or source type",NA,NA
"Q248","Q248","Q248","Q248: How much effort should the government put into alleviating poverty among [","ICPSR variable label; may be truncated",202,"Survey item or survey routing field",FALSE,"Original questionnaire route / module retained; system NA not interpreted as a substantive answer","System NA: routing, nonresponse or unavailable; labelled responses preserved",0,"Eligible",TRUE,TRUE,TRUE,"Eligible subject to training-only screening","Code retained; full wording/short label requires review",17545,"Original labelled categories or source type",NA,NA
"Q249","Q249","Q249","Q249: How much effort should the government put into eliminating discrimination","ICPSR variable label; may be truncated",203,"Survey item or survey routing field",FALSE,"Original questionnaire route / module retained; system NA not interpreted as a substantive answer","System NA: routing, nonresponse or unavailable; labelled responses preserved",0,"Eligible",TRUE,TRUE,TRUE,"Eligible subject to training-only screening","Code retained; full wording/short label requires review",17545,"Original labelled categories or source type",NA,NA
"Q250R1","Q250R1","Q250R1","Q250r1: Confederate History Month - The [pipe: S4] state government should offic","ICPSR variable label; may be truncated",203,"Survey item or survey routing field",FALSE,"Original questionnaire route / module retained; system NA not interpreted as a substantive answer","System NA: routing, nonresponse or unavailable; labelled responses preserved",1294,"Eligible",TRUE,TRUE,TRUE,"Eligible subject to training-only screening","Code retained; full wording/short label requires review",5447,"Original labelled categories or source type",NA,NA
"Q250R2","Q250R2","Q250R2","Q250r2: Hispanic Heritage Month - The [pipe: S4] state government should officia","ICPSR variable label; may be truncated",203,"Survey item or survey routing field",FALSE,"Original questionnaire route / module retained; system NA not interpreted as a substantive answer","System NA: routing, nonresponse or unavailable; labelled responses preserved",0,"Eligible",TRUE,TRUE,TRUE,"Eligible subject to training-only screening","Code retained; full wording/short label requires review",4975,"Original labelled categories or source type",NA,NA
"Q250R3","Q250R3","Q250R3","Q250r3: Black History Month - The [pipe: S4] state government should officially","ICPSR variable label; may be truncated",204,"Survey item or survey routing field",FALSE,"Original questionnaire route / module retained; system NA not interpreted as a substantive answer","System NA: routing, nonresponse or unavailable; labelled responses preserved",1845,"Eligible",TRUE,TRUE,TRUE,"Eligible subject to training-only screening","Code retained; full wording/short label requires review",5479,"Original labelled categories or source type",NA,NA
"Q250R4","Q250R4","Q250R4","Q250r4: Asian American and Pacific Islander Heritage Month - The [pipe: S4] stat","ICPSR variable label; may be truncated",204,"Survey item or survey routing field",FALSE,"Original questionnaire route / module retained; system NA not interpreted as a substantive answer","System NA: routing, nonresponse or unavailable; labelled responses preserved",2082,"Eligible",TRUE,TRUE,TRUE,"Eligible subject to training-only screening","Code retained; full wording/short label requires review",3955,"Original labelled categories or source type",NA,NA
"Q250R5","Q250R5","Q250R5","Q250r5: Native American Heritage Month - The [pipe: S4] state government should","ICPSR variable label; may be truncated",205,"Survey item or survey routing field",FALSE,"Original questionnaire route / module retained; system NA not interpreted as a substantive answer","System NA: routing, nonresponse or unavailable; labelled responses preserved",1771,"Eligible",TRUE,TRUE,TRUE,"Eligible subject to training-only screening","Code retained; full wording/short label requires review",2829,"Original labelled categories or source type",NA,NA
"Q250R6","Q250R6","Q250R6","Q250r6: Native Hawaiian Heritage Month - The [pipe: S4] state government should","ICPSR variable label; may be truncated",205,"Survey item or survey routing field",FALSE,"Original questionnaire route / module retained; system NA not interpreted as a substantive answer","System NA: routing, nonresponse or unavailable; labelled responses preserved",2082,"Eligible",TRUE,TRUE,TRUE,"Eligible subject to training-only screening","Code retained; full wording/short label requires review",117,"Original labelled categories or source type",NA,NA
"Q250R7","Q250R7","Q250R7","Q250r7: Islamic Heritage Month - The [pipe: S4] state government should official","ICPSR variable label; may be truncated",205,"Survey item or survey routing field",FALSE,"Original questionnaire route / module retained; system NA not interpreted as a substantive answer","System NA: routing, nonresponse or unavailable; labelled responses preserved",2074,"Eligible",TRUE,TRUE,TRUE,"Eligible subject to training-only screening","Code retained; full wording/short label requires review",741,"Original labelled categories or source type",NA,NA
"Q250R8","Q250R8","Q250R8","Q250r8: Caribbean-American Heritage Month - The [pipe: S4] state government shou","ICPSR variable label; may be truncated",206,"Survey item or survey routing field",FALSE,"Original questionnaire route / module retained; system NA not interpreted as a substantive answer","System NA: routing, nonresponse or unavailable; labelled responses preserved",1855,"Eligible",TRUE,TRUE,TRUE,"Eligible subject to training-only screening","Code retained; full wording/short label requires review",1323,"Original labelled categories or source type",NA,NA
"Q251","Q251","Q251","Q251: Black people in America are a diverse group. They include Black Americans","ICPSR variable label; may be truncated",206,"Survey item or survey routing field",FALSE,"Original questionnaire route / module retained; system NA not interpreted as a substantive answer","System NA: routing, nonresponse or unavailable; labelled responses preserved",1845,"Eligible",TRUE,TRUE,TRUE,"Eligible subject to training-only screening","Code retained; full wording/short label requires review",5479,"Original labelled categories or source type",NA,NA
"Q252","Q252","Q252","Q252: Still thinking about the experiences of different Black populations in the","ICPSR variable label; may be truncated",207,"Survey item or survey routing field",FALSE,"Original questionnaire route / module retained; system NA not interpreted as a substantive answer","System NA: routing, nonresponse or unavailable; labelled responses preserved",1845,"Eligible",TRUE,TRUE,TRUE,"Eligible subject to training-only screening","Code retained; full wording/short label requires review",5479,"Original labelled categories or source type",NA,NA
"Q253","Q253","Q253","Q253: On average, Black American descendants of enslaved people have lower incom","ICPSR variable label; may be truncated",207,"Survey item or survey routing field",FALSE,"Original questionnaire route / module retained; system NA not interpreted as a substantive answer","System NA: routing, nonresponse or unavailable; labelled responses preserved",1845,"Eligible",TRUE,TRUE,TRUE,"Eligible subject to training-only screening","Code retained; full wording/short label requires review",5479,"Original labelled categories or source type",NA,NA
"Q254","Q254","Q254","Q254: Some immigrants who arrive to the US prefer to give their children common","ICPSR variable label; may be truncated",208,"Survey item or survey routing field",FALSE,"Original questionnaire route / module retained; system NA not interpreted as a substantive answer","System NA: routing, nonresponse or unavailable; labelled responses preserved",1607,"Eligible",TRUE,TRUE,TRUE,"Eligible subject to training-only screening","Code retained; full wording/short label requires review",4248,"Original labelled categories or source type",NA,NA
"Q255","Q255","Q255","Q255: If an average White American saw a picture of you in which you were not we","ICPSR variable label; may be truncated",208,"Survey item or survey routing field",FALSE,"Original questionnaire route / module retained; system NA not interpreted as a substantive answer","System NA: routing, nonresponse or unavailable; labelled responses preserved",1845,"Eligible",TRUE,TRUE,TRUE,"Eligible subject to training-only screening","Code retained; full wording/short label requires review",5479,"Original labelled categories or source type",NA,NA
"Q256","Q256","Q256","Q256: How would you define racism in this country?","ICPSR variable label; may be truncated",208,"Survey item or survey routing field",FALSE,"Original questionnaire route / module retained; system NA not interpreted as a substantive answer","System NA: routing, nonresponse or unavailable; labelled responses preserved",0,"Eligible",TRUE,TRUE,TRUE,"Eligible subject to training-only screening","Code retained; full wording/short label requires review",17545,"Original labelled categories or source type",NA,NA
"Q257SPLIT","Q257SPLIT","Q257SPLIT","q257split: holds split for q257","ICPSR variable label; may be truncated",209,"Survey item or survey routing field",FALSE,"Original questionnaire route / module retained; system NA not interpreted as a substantive answer","System NA: routing, nonresponse or unavailable; labelled responses preserved",0,"Routing/experiment metadata; joined to response where required",FALSE,FALSE,FALSE,"Routing/experiment metadata; joined to response where required","Code retained; full wording/short label requires review",17545,"Original labelled categories or source type",NA,NA
"Q257AR1","Q257AR1","Q257AR1","Q257Ar1: They are more likely to carry illnesses than Americans. - For the follo","ICPSR variable label; may be truncated",209,"Survey item or survey routing field",FALSE,"Condition joined: Q257SPLIT","System NA: routing, nonresponse or unavailable; labelled responses preserved",1396,"Eligible",TRUE,TRUE,TRUE,"Eligible subject to training-only screening","Code retained; full wording/short label requires review",5767,"Original labelled categories or source type",NA,NA
"Q257AR2","Q257AR2","Q257AR2","Q257Ar2: They are more likely to live in conditions that help spread disease tha","ICPSR variable label; may be truncated",209,"Survey item or survey routing field",FALSE,"Condition joined: Q257SPLIT","System NA: routing, nonresponse or unavailable; labelled responses preserved",1396,"Eligible",TRUE,TRUE,TRUE,"Eligible subject to training-only screening","Code retained; full wording/short label requires review",5767,"Original labelled categories or source type",NA,NA
"Q257AR3","Q257AR3","Q257AR3","Q257Ar3: To protect your health, it is important to avoid Mexican immigrants. -","ICPSR variable label; may be truncated",210,"Survey item or survey routing field",FALSE,"Condition joined: Q257SPLIT","System NA: routing, nonresponse or unavailable; labelled responses preserved",1396,"Eligible",TRUE,TRUE,TRUE,"Eligible subject to training-only screening","Code retained; full wording/short label requires review",5767,"Original labelled categories or source type",NA,NA
"Q257AR4","Q257AR4","Q257AR4","Q257Ar4: If I were on public transportation, I would not sit next to someone who","ICPSR variable label; may be truncated",210,"Survey item or survey routing field",FALSE,"Condition joined: Q257SPLIT","System NA: routing, nonresponse or unavailable; labelled responses preserved",1396,"Eligible",TRUE,TRUE,TRUE,"Eligible subject to training-only screening","Code retained; full wording/short label requires review",5767,"Original labelled categories or source type",NA,NA
"Q257BR1","Q257BR1","Q257BR1","Q257Br1: They are more likely to carry illnesses than Americans. - For the follo","ICPSR variable label; may be truncated",211,"Survey item or survey routing field",FALSE,"Condition joined: Q257SPLIT","System NA: routing, nonresponse or unavailable; labelled responses preserved",1369,"Eligible",TRUE,TRUE,TRUE,"Eligible subject to training-only screening","Code retained; full wording/short label requires review",5900,"Original labelled categories or source type",NA,NA
"Q257BR2","Q257BR2","Q257BR2","Q257Br2: They are more likely to live in conditions that help spread disease tha","ICPSR variable label; may be truncated",211,"Survey item or survey routing field",FALSE,"Condition joined: Q257SPLIT","System NA: routing, nonresponse or unavailable; labelled responses preserved",1369,"Eligible",TRUE,TRUE,TRUE,"Eligible subject to training-only screening","Code retained; full wording/short label requires review",5900,"Original labelled categories or source type",NA,NA
"Q257BR3","Q257BR3","Q257BR3","Q257Br3: To protect your health, it is important to avoid Chinese immigrants. -","ICPSR variable label; may be truncated",211,"Survey item or survey routing field",FALSE,"Condition joined: Q257SPLIT","System NA: routing, nonresponse or unavailable; labelled responses preserved",1369,"Eligible",TRUE,TRUE,TRUE,"Eligible subject to training-only screening","Code retained; full wording/short label requires review",5900,"Original labelled categories or source type",NA,NA
"Q257BR4","Q257BR4","Q257BR4","Q257Br4: If I were on public transportation, I would not sit next to someone who","ICPSR variable label; may be truncated",212,"Survey item or survey routing field",FALSE,"Condition joined: Q257SPLIT","System NA: routing, nonresponse or unavailable; labelled responses preserved",1369,"Eligible",TRUE,TRUE,TRUE,"Eligible subject to training-only screening","Code retained; full wording/short label requires review",5900,"Original labelled categories or source type",NA,NA
"Q257CR1","Q257CR1","Q257CR1","Q257Cr1: They are more likely to carry illnesses than Americans. - For the follo","ICPSR variable label; may be truncated",212,"Survey item or survey routing field",FALSE,"Condition joined: Q257SPLIT","System NA: routing, nonresponse or unavailable; labelled responses preserved",1399,"Eligible",TRUE,TRUE,TRUE,"Eligible subject to training-only screening","Code retained; full wording/short label requires review",5878,"Original labelled categories or source type",NA,NA
"Q257CR2","Q257CR2","Q257CR2","Q257Cr2: They are more likely to live in conditions that help spread disease tha","ICPSR variable label; may be truncated",213,"Survey item or survey routing field",FALSE,"Condition joined: Q257SPLIT","System NA: routing, nonresponse or unavailable; labelled responses preserved",1399,"Eligible",TRUE,TRUE,TRUE,"Eligible subject to training-only screening","Code retained; full wording/short label requires review",5878,"Original labelled categories or source type",NA,NA
"Q257CR3","Q257CR3","Q257CR3","Q257Cr3: To protect your health, it is important to avoid immigrants. - For the","ICPSR variable label; may be truncated",213,"Survey item or survey routing field",FALSE,"Condition joined: Q257SPLIT","System NA: routing, nonresponse or unavailable; labelled responses preserved",1399,"Eligible",TRUE,TRUE,TRUE,"Eligible subject to training-only screening","Code retained; full wording/short label requires review",5878,"Original labelled categories or source type",NA,NA
"Q257CR4","Q257CR4","Q257CR4","Q257Cr4: If I were on public transportation, I would not sit next to someone who","ICPSR variable label; may be truncated",214,"Survey item or survey routing field",FALSE,"Condition joined: Q257SPLIT","System NA: routing, nonresponse or unavailable; labelled responses preserved",1399,"Eligible",TRUE,TRUE,TRUE,"Eligible subject to training-only screening","Code retained; full wording/short label requires review",5878,"Original labelled categories or source type",NA,NA
"Q258SPLIT","Q258SPLIT","Q258SPLIT","q258split: holds split for q258","ICPSR variable label; may be truncated",214,"Survey item or survey routing field",FALSE,"Original questionnaire route / module retained; system NA not interpreted as a substantive answer","System NA: routing, nonresponse or unavailable; labelled responses preserved",1845,"Routing/experiment metadata; joined to response where required",FALSE,FALSE,FALSE,"Routing/experiment metadata; joined to response where required","Code retained; full wording/short label requires review",5479,"Original labelled categories or source type",NA,NA
"Q258","Q258","Q258","Q258: As you may know, the number of [pipe: q258split] representatives in Congre","ICPSR variable label; may be truncated",214,"Survey item or survey routing field",FALSE,"Black-targeted module with randomized congressional group; Condition joined: Q258SPLIT","System NA: routing, nonresponse or unavailable; labelled responses preserved",1845,"Eligible",TRUE,TRUE,TRUE,"Eligible subject to training-only screening","Code retained; full wording/short label requires review",5479,"Original labelled categories or source type",NA,NA
"Q259","Q259","Q259","Q259: What do you consider to be the most important moral issues facing the nati","ICPSR variable label; may be truncated",215,"Survey item or survey routing field",FALSE,"Original questionnaire route / module retained; system NA not interpreted as a substantive answer","Disclosure masked",0,"ICPSR disclosure-masked field",FALSE,FALSE,FALSE,"ICPSR disclosure-masked field","Code retained; full wording/short label requires review",17545,"Original labelled categories or source type",NA,NA
"Q260","Q260","Q260","Q260: When you speak or think of Christ, do you imagine Christ as being...","ICPSR variable label; may be truncated",215,"Survey item or survey routing field",FALSE,"Original questionnaire route / module retained; system NA not interpreted as a substantive answer","System NA: routing, nonresponse or unavailable; labelled responses preserved",1845,"Eligible",TRUE,TRUE,TRUE,"Eligible subject to training-only screening","Code retained; full wording/short label requires review",5479,"Original labelled categories or source type",NA,NA
"Q261","Q261","Q261","Q261: As you know, human beings display a wide variety of physical characteristi","ICPSR variable label; may be truncated",216,"Survey item or survey routing field",FALSE,"Original questionnaire route / module retained; system NA not interpreted as a substantive answer","System NA: routing, nonresponse or unavailable; labelled responses preserved",0,"Eligible",TRUE,TRUE,TRUE,"Eligible subject to training-only screening","Code retained; full wording/short label requires review",17545,"Original labelled categories or source type",NA,NA
"Q262","Q262","Q262","Q262: Does your tribe have a blood quantum requirement for tribal citizenship?","ICPSR variable label; may be truncated",216,"Survey item or survey routing field",FALSE,"Original questionnaire route / module retained; system NA not interpreted as a substantive answer","System NA: routing, nonresponse or unavailable; labelled responses preserved",1771,"Eligible",TRUE,TRUE,TRUE,"Eligible subject to training-only screening","Code retained; full wording/short label requires review",2829,"Original labelled categories or source type",NA,NA
"Q262R7OE","Q262R7OE","Q262R7OE","Q262r7oe: Does your tribe have a blood quantum requirement for tribal citizenshi","ICPSR variable label; may be truncated",217,"Survey item or survey routing field",FALSE,"Original questionnaire route / module retained; system NA not interpreted as a substantive answer","System NA: routing, nonresponse or unavailable; labelled responses preserved",0,"Uncoded/free-text field; no text model",FALSE,FALSE,FALSE,"Uncoded/free-text field; no text model","Code retained; full wording/short label requires review",17545,"Original labelled categories or source type",NA,NA
"Q263","Q263","Q263","Q263: What would you prefer your Tribe use to determine tribal citizenship?","ICPSR variable label; may be truncated",217,"Survey item or survey routing field",FALSE,"Original questionnaire route / module retained; system NA not interpreted as a substantive answer","System NA: routing, nonresponse or unavailable; labelled responses preserved",1771,"Eligible",TRUE,TRUE,TRUE,"Eligible subject to training-only screening","Code retained; full wording/short label requires review",2829,"Original labelled categories or source type",NA,NA
"Q263R6OE","Q263R6OE","Q263R6OE","Q263r6oe: What would you prefer your Tribe use to determine tribal citizenship?","ICPSR variable label; may be truncated",217,"Survey item or survey routing field",FALSE,"Original questionnaire route / module retained; system NA not interpreted as a substantive answer","System NA: routing, nonresponse or unavailable; labelled responses preserved",0,"Uncoded/free-text field; no text model",FALSE,FALSE,FALSE,"Uncoded/free-text field; no text model","Code retained; full wording/short label requires review",17545,"Original labelled categories or source type",NA,NA
"Q264","Q264","Q264","Q264: How often do you see Native Americans outside of your own family?","ICPSR variable label; may be truncated",217,"Survey item or survey routing field",FALSE,"Original questionnaire route / module retained; system NA not interpreted as a substantive answer","System NA: routing, nonresponse or unavailable; labelled responses preserved",1771,"Eligible",TRUE,TRUE,TRUE,"Eligible subject to training-only screening","Code retained; full wording/short label requires review",2829,"Original labelled categories or source type",NA,NA
"Q265","Q265","Q265","Q265: How often do you attend cultural events, such as powwows, community meals,","ICPSR variable label; may be truncated",218,"Survey item or survey routing field",FALSE,"Original questionnaire route / module retained; system NA not interpreted as a substantive answer","System NA: routing, nonresponse or unavailable; labelled responses preserved",1771,"Eligible",TRUE,TRUE,TRUE,"Eligible subject to training-only screening","Code retained; full wording/short label requires review",2829,"Original labelled categories or source type",NA,NA
"Q266","Q266","Q266","Q266: How often do you vote in tribal elections?","ICPSR variable label; may be truncated",218,"Survey item or survey routing field",FALSE,"Original questionnaire route / module retained; system NA not interpreted as a substantive answer","System NA: routing, nonresponse or unavailable; labelled responses preserved",1771,"Eligible",TRUE,TRUE,TRUE,"Eligible subject to training-only screening","Code retained; full wording/short label requires review",2829,"Original labelled categories or source type",NA,NA
"Q267","Q267","Q267","Q267: Compared to most other Black people, how would you describe your skin tone","ICPSR variable label; may be truncated",219,"Survey item or survey routing field",FALSE,"Original questionnaire route / module retained; system NA not interpreted as a substantive answer","System NA: routing, nonresponse or unavailable; labelled responses preserved",1845,"Eligible",TRUE,TRUE,TRUE,"Eligible subject to training-only screening","Code retained; full wording/short label requires review",5479,"Original labelled categories or source type",NA,NA
"Q268","Q268","Q268","Q268: Compared to most other [pipe: S2_Race_Prime] people, how would you describ","ICPSR variable label; may be truncated",219,"Survey item or survey routing field",FALSE,"Condition joined: S2_RACE_PRIME","System NA: routing, nonresponse or unavailable; labelled responses preserved",0,"Eligible",TRUE,TRUE,TRUE,"Eligible subject to training-only screening","Code retained; full wording/short label requires review",17522,"Original labelled categories or source type",NA,NA
"Q269","Q269","Q269","Q269: How important is your skin tone to your identity?","ICPSR variable label; may be truncated",220,"Survey item or survey routing field",FALSE,"Original questionnaire route / module retained; system NA not interpreted as a substantive answer","System NA: routing, nonresponse or unavailable; labelled responses preserved",1845,"Eligible",TRUE,TRUE,TRUE,"Eligible subject to training-only screening","Code retained; full wording/short label requires review",5479,"Original labelled categories or source type",NA,NA
"Q270","Q270","Q270","Q270: If someone said something bad about [pipe: q270verb] skinned people, how l","ICPSR variable label; may be truncated",220,"Survey item or survey routing field",FALSE,"Original questionnaire route / module retained; system NA not interpreted as a substantive answer","System NA: routing, nonresponse or unavailable; labelled responses preserved",1845,"Eligible",TRUE,TRUE,TRUE,"Eligible subject to training-only screening","Code retained; full wording/short label requires review",5479,"Original labelled categories or source type",NA,NA
"Q271","Q271","Q271","Q271: How important is being [pipe: S2_Race_Prime] to your identity?","ICPSR variable label; may be truncated",221,"Survey item or survey routing field",FALSE,"Condition joined: S2_RACE_PRIME","System NA: routing, nonresponse or unavailable; labelled responses preserved",0,"Eligible",TRUE,TRUE,TRUE,"Eligible subject to training-only screening","Code retained; full wording/short label requires review",17545,"Original labelled categories or source type",NA,NA
"TABLE1_HID","TABLE1_HID","TABLE1_HID","table1_hid: New Single Select Question","ICPSR variable label; may be truncated",221,"Administration / derived field",FALSE,"Original questionnaire route / module retained; system NA not interpreted as a substantive answer","System NA: routing, nonresponse or unavailable; labelled responses preserved",0,"Routing/experiment metadata; joined to response where required",FALSE,FALSE,FALSE,"Routing/experiment metadata; joined to response where required","Code retained; full wording/short label requires review",17545,"Original labelled categories or source type",NA,NA
"TABLE2_HID","TABLE2_HID","TABLE2_HID","table2_hid: New Single Select Question","ICPSR variable label; may be truncated",221,"Administration / derived field",FALSE,"Original questionnaire route / module retained; system NA not interpreted as a substantive answer","System NA: routing, nonresponse or unavailable; labelled responses preserved",0,"Routing/experiment metadata; joined to response where required",FALSE,FALSE,FALSE,"Routing/experiment metadata; joined to response where required","Code retained; full wording/short label requires review",17545,"Original labelled categories or source type",NA,NA
"AGE1_HID","AGE1_HID","AGE1_HID","age1_hid: New Single Select Question","ICPSR variable label; may be truncated",222,"Administration / derived field",FALSE,"Original questionnaire route / module retained; system NA not interpreted as a substantive answer","System NA: routing, nonresponse or unavailable; labelled responses preserved",0,"Routing/experiment metadata; joined to response where required",FALSE,FALSE,FALSE,"Routing/experiment metadata; joined to response where required","Code retained; full wording/short label requires review",17545,"Original labelled categories or source type",NA,NA
"AGE2_HID","AGE2_HID","AGE2_HID","age2_hid: New Single Select Question","ICPSR variable label; may be truncated",222,"Administration / derived field",FALSE,"Original questionnaire route / module retained; system NA not interpreted as a substantive answer","System NA: routing, nonresponse or unavailable; labelled responses preserved",0,"Routing/experiment metadata; joined to response where required",FALSE,FALSE,FALSE,"Routing/experiment metadata; joined to response where required","Code retained; full wording/short label requires review",17545,"Original labelled categories or source type",NA,NA
"PROF1_HID","PROF1_HID","PROF1_HID","prof1_hid: New Single Select Question","ICPSR variable label; may be truncated",222,"Administration / derived field",FALSE,"Original questionnaire route / module retained; system NA not interpreted as a substantive answer","System NA: routing, nonresponse or unavailable; labelled responses preserved",0,"Routing/experiment metadata; joined to response where required",FALSE,FALSE,FALSE,"Routing/experiment metadata; joined to response where required","Code retained; full wording/short label requires review",17545,"Original labelled categories or source type",NA,NA
"PROF2_HID","PROF2_HID","PROF2_HID","prof2_hid: New Single Select Question","ICPSR variable label; may be truncated",223,"Administration / derived field",FALSE,"Original questionnaire route / module retained; system NA not interpreted as a substantive answer","System NA: routing, nonresponse or unavailable; labelled responses preserved",0,"Routing/experiment metadata; joined to response where required",FALSE,FALSE,FALSE,"Routing/experiment metadata; joined to response where required","Code retained; full wording/short label requires review",17545,"Original labelled categories or source type",NA,NA
"POLEXP1_HID","POLEXP1_HID","POLEXP1_HID","polexp1_hid: New Single Select Question","ICPSR variable label; may be truncated",223,"Administration / derived field",FALSE,"Original questionnaire route / module retained; system NA not interpreted as a substantive answer","System NA: routing, nonresponse or unavailable; labelled responses preserved",0,"Routing/experiment metadata; joined to response where required",FALSE,FALSE,FALSE,"Routing/experiment metadata; joined to response where required","Code retained; full wording/short label requires review",17545,"Original labelled categories or source type",NA,NA
"POLEXP2_HID","POLEXP2_HID","POLEXP2_HID","polexp2_hid: New Single Select Question","ICPSR variable label; may be truncated",223,"Administration / derived field",FALSE,"Original questionnaire route / module retained; system NA not interpreted as a substantive answer","System NA: routing, nonresponse or unavailable; labelled responses preserved",0,"Routing/experiment metadata; joined to response where required",FALSE,FALSE,FALSE,"Routing/experiment metadata; joined to response where required","Code retained; full wording/short label requires review",17545,"Original labelled categories or source type",NA,NA
"RAND_POS1","RAND_POS1","RAND_POS1","rand_pos1: New Single Select Question","ICPSR variable label; may be truncated",223,"Administration / derived field",FALSE,"Original questionnaire route / module retained; system NA not interpreted as a substantive answer","System NA: routing, nonresponse or unavailable; labelled responses preserved",0,"Routing/experiment metadata; joined to response where required",FALSE,FALSE,FALSE,"Routing/experiment metadata; joined to response where required","Code retained; full wording/short label requires review",17545,"Original labelled categories or source type",NA,NA
"RAND_POS2","RAND_POS2","RAND_POS2","rand_pos2: New Single Select Question","ICPSR variable label; may be truncated",224,"Administration / derived field",FALSE,"Original questionnaire route / module retained; system NA not interpreted as a substantive answer","System NA: routing, nonresponse or unavailable; labelled responses preserved",0,"Routing/experiment metadata; joined to response where required",FALSE,FALSE,FALSE,"Routing/experiment metadata; joined to response where required","Code retained; full wording/short label requires review",17545,"Original labelled categories or source type",NA,NA
"RAND_SCORE1","RAND_SCORE1","RAND_SCORE1","rand_score1: New Single Select Question","ICPSR variable label; may be truncated",224,"Administration / derived field",FALSE,"Original questionnaire route / module retained; system NA not interpreted as a substantive answer","System NA: routing, nonresponse or unavailable; labelled responses preserved",0,"Routing/experiment metadata; joined to response where required",FALSE,FALSE,FALSE,"Routing/experiment metadata; joined to response where required","Code retained; full wording/short label requires review",17545,"Original labelled categories or source type",NA,NA
"RAND_SCORE2","RAND_SCORE2","RAND_SCORE2","rand_score2: New Single Select Question","ICPSR variable label; may be truncated",224,"Administration / derived field",FALSE,"Original questionnaire route / module retained; system NA not interpreted as a substantive answer","System NA: routing, nonresponse or unavailable; labelled responses preserved",0,"Routing/experiment metadata; joined to response where required",FALSE,FALSE,FALSE,"Routing/experiment metadata; joined to response where required","Code retained; full wording/short label requires review",17545,"Original labelled categories or source type",NA,NA
"Q272","Q272","Q272","Q272: Organizations often release report cards on politicians","ICPSR variable label; may be truncated",225,"Survey item or survey routing field",FALSE,"Condition joined: RAND_POS1; RAND_POS2; RAND_SCORE1; RAND_SCORE2","System NA: routing, nonresponse or unavailable; labelled responses preserved",0,"Eligible",TRUE,FALSE,FALSE,"Candidate/election-proximate; Model 1 only","Code retained; full wording/short label requires review",17545,"Original labelled categories or source type",NA,NA
"Q273R1","Q273R1","Q273R1","Q273r1: I am satisfied with the quality of the public schools in my district. -","ICPSR variable label; may be truncated",225,"Survey item or survey routing field",FALSE,"Original questionnaire route / module retained; system NA not interpreted as a substantive answer","System NA: routing, nonresponse or unavailable; labelled responses preserved",0,"Eligible",TRUE,TRUE,TRUE,"Eligible subject to training-only screening","Code retained; full wording/short label requires review",9394,"Original labelled categories or source type",NA,NA
"Q273R2","Q273R2","Q273R2","Q273r2: I am willing to attend a school board meeting, if I have a concern about","ICPSR variable label; may be truncated",225,"Survey item or survey routing field",FALSE,"Original questionnaire route / module retained; system NA not interpreted as a substantive answer","System NA: routing, nonresponse or unavailable; labelled responses preserved",0,"Eligible",TRUE,TRUE,TRUE,"Eligible subject to training-only screening","Code retained; full wording/short label requires review",9394,"Original labelled categories or source type",NA,NA
"Q273R3","Q273R3","Q273R3","Q273r3: Attending school board meetings is a useful way to receive information o","ICPSR variable label; may be truncated",226,"Survey item or survey routing field",FALSE,"Original questionnaire route / module retained; system NA not interpreted as a substantive answer","System NA: routing, nonresponse or unavailable; labelled responses preserved",0,"Eligible",TRUE,TRUE,TRUE,"Eligible subject to training-only screening","Code retained; full wording/short label requires review",9394,"Original labelled categories or source type",NA,NA
"Q273R4","Q273R4","Q273R4","Q273r4: When someone like me speaks up at a school board meeting, it can influen","ICPSR variable label; may be truncated",226,"Survey item or survey routing field",FALSE,"Original questionnaire route / module retained; system NA not interpreted as a substantive answer","System NA: routing, nonresponse or unavailable; labelled responses preserved",0,"Eligible",TRUE,TRUE,TRUE,"Eligible subject to training-only screening","Code retained; full wording/short label requires review",9394,"Original labelled categories or source type",NA,NA
"Q273R5","Q273R5","Q273R5","Q273r5: I trust my school board to have open conversations with people of differ","ICPSR variable label; may be truncated",227,"Survey item or survey routing field",FALSE,"Original questionnaire route / module retained; system NA not interpreted as a substantive answer","System NA: routing, nonresponse or unavailable; labelled responses preserved",0,"Eligible",TRUE,TRUE,TRUE,"Eligible subject to training-only screening","Code retained; full wording/short label requires review",9394,"Original labelled categories or source type",NA,NA
"S10HOLD","S10HOLD","S10HOLD","S10hold: Hispanics and Latinos have their roots in many different countries in L","ICPSR variable label; may be truncated",227,"Survey item or survey routing field",FALSE,"Original questionnaire route / module retained; system NA not interpreted as a substantive answer","System NA: routing, nonresponse or unavailable; labelled responses preserved",0,"Outcome, selection, administration, weights or duplicate",FALSE,FALSE,FALSE,"Outcome, selection, administration, weights or duplicate","Code retained; full wording/short label requires review",4975,"Original labelled categories or source type",NA,NA
"Q278","Q278","Q278","Q278: Do you think that what happens to people in [pipe: S10hold] will have some","ICPSR variable label; may be truncated",228,"Survey item or survey routing field",FALSE,"Original questionnaire route / module retained; system NA not interpreted as a substantive answer","System NA: routing, nonresponse or unavailable; labelled responses preserved",0,"Eligible",TRUE,TRUE,TRUE,"Eligible subject to training-only screening","Code retained; full wording/short label requires review",4975,"Original labelled categories or source type",NA,NA
"Q279","Q279","Q279","Q279: Would you consider relocating to [pipe: S10hold] to live permanently?","ICPSR variable label; may be truncated",229,"Survey item or survey routing field",FALSE,"Original questionnaire route / module retained; system NA not interpreted as a substantive answer","System NA: routing, nonresponse or unavailable; labelled responses preserved",0,"Eligible",TRUE,TRUE,TRUE,"Eligible subject to training-only screening","Code retained; full wording/short label requires review",4975,"Original labelled categories or source type",NA,NA
"Q280","Q280","Q280","Q280: Do you think the social and political challenges faced by people in [pipe:","ICPSR variable label; may be truncated",229,"Survey item or survey routing field",FALSE,"Original questionnaire route / module retained; system NA not interpreted as a substantive answer","System NA: routing, nonresponse or unavailable; labelled responses preserved",0,"Eligible",TRUE,TRUE,TRUE,"Eligible subject to training-only screening","Code retained; full wording/short label requires review",4975,"Original labelled categories or source type",NA,NA
"Q281R1","Q281","Q281R1","Q281r1: When seeking medical care for you or your family - In the past four year","ICPSR variable label; may be truncated",229,"Survey item or survey routing field",FALSE,"Original questionnaire route / module retained; system NA not interpreted as a substantive answer","System NA: routing, nonresponse or unavailable; labelled responses preserved",0,"Eligible",TRUE,TRUE,TRUE,"Eligible subject to training-only screening","Code retained; full wording/short label requires review",17545,"Original labelled categories or source type",NA,NA
"Q281R2","Q281","Q281R2","Q281r2: In dealings with police - In the past four years, have you experienced d","ICPSR variable label; may be truncated",230,"Survey item or survey routing field",FALSE,"Original questionnaire route / module retained; system NA not interpreted as a substantive answer","System NA: routing, nonresponse or unavailable; labelled responses preserved",0,"Eligible",TRUE,TRUE,TRUE,"Eligible subject to training-only screening","Code retained; full wording/short label requires review",17545,"Original labelled categories or source type",NA,NA
"Q281R3","Q281","Q281R3","Q281r3: In dealings with immigration officers - In the past four years, have you","ICPSR variable label; may be truncated",230,"Survey item or survey routing field",FALSE,"Original questionnaire route / module retained; system NA not interpreted as a substantive answer","System NA: routing, nonresponse or unavailable; labelled responses preserved",0,"Eligible",TRUE,TRUE,TRUE,"Eligible subject to training-only screening","Code retained; full wording/short label requires review",17545,"Original labelled categories or source type",NA,NA
"Q281R4","Q281","Q281R4","Q281r4: At your place of work - In the past four years, have you experienced dis","ICPSR variable label; may be truncated",230,"Survey item or survey routing field",FALSE,"Original questionnaire route / module retained; system NA not interpreted as a substantive answer","System NA: routing, nonresponse or unavailable; labelled responses preserved",0,"Eligible",TRUE,TRUE,TRUE,"Eligible subject to training-only screening","Code retained; full wording/short label requires review",17545,"Original labelled categories or source type",NA,NA
"Q281R5","Q281","Q281R5","Q281r5: In a restaurant, theater, or other place of entertainment - In the past","ICPSR variable label; may be truncated",231,"Survey item or survey routing field",FALSE,"Original questionnaire route / module retained; system NA not interpreted as a substantive answer","System NA: routing, nonresponse or unavailable; labelled responses preserved",0,"Eligible",TRUE,TRUE,TRUE,"Eligible subject to training-only screening","Code retained; full wording/short label requires review",17545,"Original labelled categories or source type",NA,NA
"Q281R6","Q281","Q281R6","Q281r6: In a store - In the past four years, have you experienced discrimination","ICPSR variable label; may be truncated",231,"Survey item or survey routing field",FALSE,"Original questionnaire route / module retained; system NA not interpreted as a substantive answer","System NA: routing, nonresponse or unavailable; labelled responses preserved",0,"Eligible",TRUE,TRUE,TRUE,"Eligible subject to training-only screening","Code retained; full wording/short label requires review",17545,"Original labelled categories or source type",NA,NA
"Q281R7","Q281","Q281R7","Q281r7: From other people - In the past four years, have you experienced discrim","ICPSR variable label; may be truncated",231,"Survey item or survey routing field",FALSE,"Original questionnaire route / module retained; system NA not interpreted as a substantive answer","System NA: routing, nonresponse or unavailable; labelled responses preserved",0,"Eligible",TRUE,TRUE,TRUE,"Eligible subject to training-only screening","Code retained; full wording/short label requires review",17545,"Original labelled categories or source type",NA,NA
"Q281R8","Q281","Q281R8","Q281r8: Other - In the past four years, have you experienced discrimination or e","ICPSR variable label; may be truncated",232,"Survey item or survey routing field",FALSE,"Original questionnaire route / module retained; system NA not interpreted as a substantive answer","System NA: routing, nonresponse or unavailable; labelled responses preserved",0,"Eligible",TRUE,TRUE,TRUE,"Eligible subject to training-only screening","Code retained; full wording/short label requires review",17545,"Original labelled categories or source type",NA,NA
"Q281R9","Q281","Q281R9","Q281r9: No, none of these - In the past four years, have you experienced discrim","ICPSR variable label; may be truncated",232,"Survey item or survey routing field",FALSE,"Original questionnaire route / module retained; system NA not interpreted as a substantive answer","System NA: routing, nonresponse or unavailable; labelled responses preserved",0,"Eligible",TRUE,TRUE,TRUE,"Eligible subject to training-only screening","Code retained; full wording/short label requires review",17545,"Original labelled categories or source type",NA,NA
"Q282SPLIT","Q282SPLIT","Q282SPLIT","q282split: holds split for 282/283","ICPSR variable label; may be truncated",232,"Survey item or survey routing field",FALSE,"Original questionnaire route / module retained; system NA not interpreted as a substantive answer","System NA: routing, nonresponse or unavailable; labelled responses preserved",0,"Routing/experiment metadata; joined to response where required",FALSE,FALSE,FALSE,"Routing/experiment metadata; joined to response where required","Code retained; full wording/short label requires review",17545,"Original labelled categories or source type",NA,NA
"Q282","Q282","Q282","Q282: Different people feel differently about voting. For some Americans voting","ICPSR variable label; may be truncated",233,"Survey item or survey routing field",FALSE,"Original questionnaire route / module retained; system NA not interpreted as a substantive answer","System NA: routing, nonresponse or unavailable; labelled responses preserved",1067,"Eligible",TRUE,TRUE,TRUE,"Eligible subject to training-only screening","Code retained; full wording/short label requires review",4728,"Original labelled categories or source type",NA,NA
"Q283","Q283","Q283","Q283: Different people feel differently about voting. For some [pipe: S2_Race_Pr","ICPSR variable label; may be truncated",233,"Survey item or survey routing field",FALSE,"Original questionnaire route / module retained; system NA not interpreted as a substantive answer","System NA: routing, nonresponse or unavailable; labelled responses preserved",1015,"Eligible",TRUE,TRUE,TRUE,"Eligible subject to training-only screening","Code retained; full wording/short label requires review",4666,"Original labelled categories or source type",NA,NA
"Q284","Q284","Q284","Q284: How strongly do you feel that voting in an election is a duty?","ICPSR variable label; may be truncated",233,"Survey item or survey routing field",FALSE,"Original questionnaire route / module retained; system NA not interpreted as a substantive answer","System NA: routing, nonresponse or unavailable; labelled responses preserved",1934,"Eligible",TRUE,TRUE,TRUE,"Eligible subject to training-only screening","Code retained; full wording/short label requires review",2737,"Original labelled categories or source type",NA,NA
"Q285SPLIT","Q285SPLIT","Q285SPLIT","q285split: holds split for q285/286","ICPSR variable label; may be truncated",234,"Survey item or survey routing field",FALSE,"Original questionnaire route / module retained; system NA not interpreted as a substantive answer","System NA: routing, nonresponse or unavailable; labelled responses preserved",0,"Routing/experiment metadata; joined to response where required",FALSE,FALSE,FALSE,"Routing/experiment metadata; joined to response where required","Code retained; full wording/short label requires review",17545,"Original labelled categories or source type",NA,NA
"Q285","Q285","Q285","Q285: Here is a list of four things that some people have done and some people h","ICPSR variable label; may be truncated",234,"Survey item or survey routing field",FALSE,"Original questionnaire route / module retained; system NA not interpreted as a substantive answer","System NA: routing, nonresponse or unavailable; labelled responses preserved",1040,"Eligible",TRUE,TRUE,TRUE,"Eligible subject to training-only screening","Code retained; full wording/short label requires review",4621,"Original labelled categories or source type",NA,NA
"Q286","Q286","Q286","Q286: Here is a list of five things that some people have done and some people h","ICPSR variable label; may be truncated",234,"Survey item or survey routing field",FALSE,"Original questionnaire route / module retained; system NA not interpreted as a substantive answer","System NA: routing, nonresponse or unavailable; labelled responses preserved",1042,"Eligible",TRUE,TRUE,TRUE,"Eligible subject to training-only screening","Code retained; full wording/short label requires review",4773,"Original labelled categories or source type",NA,NA
"Q287SPLIT","Q287SPLIT","Q287SPLIT","q287split: holds split for q287/295/301 batteries","ICPSR variable label; may be truncated",235,"Survey item or survey routing field",FALSE,"Original questionnaire route / module retained; system NA not interpreted as a substantive answer","System NA: routing, nonresponse or unavailable; labelled responses preserved",0,"Routing/experiment metadata; joined to response where required",FALSE,FALSE,FALSE,"Routing/experiment metadata; joined to response where required","Code retained; full wording/short label requires review",17545,"Original labelled categories or source type",NA,NA
"Q287R1","Q287R1","Q287R1","Q287r1: [pipe: S2_Race_Prime] - Here are some group categories you checked earli","ICPSR variable label; may be truncated",235,"Survey item or survey routing field",FALSE,"Random identity exercise split A; Condition joined: S2_RACE_PRIME","System NA: routing, nonresponse or unavailable; labelled responses preserved",1352,"Eligible",TRUE,TRUE,TRUE,"Eligible subject to training-only screening","Code retained; full wording/short label requires review",6047,"Original labelled categories or source type",NA,NA
"Q287R2","Q287R2","Q287R2","Q287r2: [pipe: ancestryverb] - Here are some group categories you checked earlie","ICPSR variable label; may be truncated",236,"Survey item or survey routing field",FALSE,"Random identity exercise split A; Original questionnaire route / module retained; system NA not interpreted as a substantive answer","System NA: routing, nonresponse or unavailable; labelled responses preserved",1352,"Eligible",TRUE,TRUE,TRUE,"Eligible subject to training-only screening","Code retained; full wording/short label requires review",4577,"Original labelled categories or source type",NA,NA
"Q287R3","Q287R3","Q287R3","Q287r3: [pipe: genderverb] - Here are some group categories you checked earlier","ICPSR variable label; may be truncated",236,"Survey item or survey routing field",FALSE,"Random identity exercise split A; Original questionnaire route / module retained; system NA not interpreted as a substantive answer","System NA: routing, nonresponse or unavailable; labelled responses preserved",1352,"Eligible",TRUE,TRUE,TRUE,"Eligible subject to training-only screening","Code retained; full wording/short label requires review",6047,"Original labelled categories or source type",NA,NA
"Q287R4","Q287R4","Q287R4","Q287r4: [pipe: religionverb] - Here are some group categories you checked earlie","ICPSR variable label; may be truncated",236,"Survey item or survey routing field",FALSE,"Random identity exercise split A; Original questionnaire route / module retained; system NA not interpreted as a substantive answer","System NA: routing, nonresponse or unavailable; labelled responses preserved",1352,"Eligible",TRUE,TRUE,TRUE,"Eligible subject to training-only screening","Code retained; full wording/short label requires review",6043,"Original labelled categories or source type",NA,NA
"Q287R5","Q287R5","Q287R5","Q287r5: Your socioeconomic class - Here are some group categories you checked ea","ICPSR variable label; may be truncated",237,"Survey item or survey routing field",FALSE,"Random identity exercise split A; Original questionnaire route / module retained; system NA not interpreted as a substantive answer","System NA: routing, nonresponse or unavailable; labelled responses preserved",1352,"Eligible",TRUE,TRUE,TRUE,"Eligible subject to training-only screening","Code retained; full wording/short label requires review",6047,"Original labelled categories or source type",NA,NA
"Q287R6","Q287R6","Q287R6","Q287r6: [pipe: partyverb] - Here are some group categories you checked earlier i","ICPSR variable label; may be truncated",237,"Survey item or survey routing field",FALSE,"Random identity exercise split A; Condition joined: Q21; Q23","System NA: routing, nonresponse or unavailable; labelled responses preserved",1352,"Eligible",TRUE,TRUE,FALSE,"Direct partisan or party-selected identity; withheld in Model 3","Code retained; full wording/short label requires review",6047,"Original labelled categories or source type",NA,NA
"Q287R7","Q287R7","Q287R7","Q287r7: Other (SPECIFY) - Here are some group categories you checked earlier in","ICPSR variable label; may be truncated",238,"Survey item or survey routing field",FALSE,"Random identity exercise split A; Original questionnaire route / module retained; system NA not interpreted as a substantive answer","System NA: routing, nonresponse or unavailable; labelled responses preserved",1352,"Eligible",TRUE,TRUE,TRUE,"Eligible subject to training-only screening","Code retained; full wording/short label requires review",6047,"Original labelled categories or source type",NA,NA
"Q287R7OE","Q287R7OE","Q287R7OE","Q287r7oe: Here are some group categories you checked earlier in this survey. If","ICPSR variable label; may be truncated",238,"Survey item or survey routing field",FALSE,"Original questionnaire route / module retained; system NA not interpreted as a substantive answer","System NA: routing, nonresponse or unavailable; labelled responses preserved",0,"Uncoded/free-text field; no text model",FALSE,FALSE,FALSE,"Uncoded/free-text field; no text model","Code retained; full wording/short label requires review",17545,"Original labelled categories or source type",NA,NA
"Q294","Q294","Q294","Q294: Which of these groups is most important to your sense of personal identity","ICPSR variable label; may be truncated",238,"Survey item or survey routing field",FALSE,"Random identity exercise split A; identity target includes party; Original questionnaire route / module retained; system NA not interpreted as a substantive answer","System NA: routing, nonresponse or unavailable; labelled responses preserved",1352,"Eligible",TRUE,TRUE,FALSE,"Direct partisan or party-selected identity; withheld in Model 3","Code retained; full wording/short label requires review",6047,"Original labelled categories or source type",NA,NA
"Q294R7OE","Q294R7OE","Q294R7OE","Q294r7oe: Which of these groups is most important to your sense of personal iden","ICPSR variable label; may be truncated",239,"Survey item or survey routing field",FALSE,"Original questionnaire route / module retained; system NA not interpreted as a substantive answer","System NA: routing, nonresponse or unavailable; labelled responses preserved",0,"Uncoded/free-text field; no text model",FALSE,FALSE,FALSE,"Uncoded/free-text field; no text model","Code retained; full wording/short label requires review",17545,"Original labelled categories or source type",NA,NA
"Q295R1","Q295","Q295R1","Q295r1: [pipe: S2_Race_Prime] - We often describe people using one or only a few","ICPSR variable label; may be truncated",239,"Survey item or survey routing field",FALSE,"Random identity exercise split B; Condition joined: S2_RACE_PRIME","System NA: routing, nonresponse or unavailable; labelled responses preserved",1364,"Eligible",TRUE,TRUE,TRUE,"Eligible subject to training-only screening","Code retained; full wording/short label requires review",5893,"Continuous quantity / allocation",NA,NA
"Q295R2","Q295","Q295R2","Q295r2: [pipe: ancestryverb] - We often describe people using one or only a few","ICPSR variable label; may be truncated",241,"Survey item or survey routing field",FALSE,"Random identity exercise split B; Original questionnaire route / module retained; system NA not interpreted as a substantive answer","System NA: routing, nonresponse or unavailable; labelled responses preserved",1364,"Eligible",TRUE,TRUE,TRUE,"Eligible subject to training-only screening","Code retained; full wording/short label requires review",4507,"Continuous quantity / allocation",NA,NA
"Q295R3","Q295","Q295R3","Q295r3: [pipe: genderverb] - We often describe people using one or only a few pa","ICPSR variable label; may be truncated",243,"Survey item or survey routing field",FALSE,"Random identity exercise split B; Original questionnaire route / module retained; system NA not interpreted as a substantive answer","System NA: routing, nonresponse or unavailable; labelled responses preserved",1364,"Eligible",TRUE,TRUE,TRUE,"Eligible subject to training-only screening","Code retained; full wording/short label requires review",5893,"Continuous quantity / allocation",NA,NA
"Q295R4","Q295","Q295R4","Q295r4: [pipe: religionverb] - We often describe people using one or only a few","ICPSR variable label; may be truncated",244,"Survey item or survey routing field",FALSE,"Random identity exercise split B; Original questionnaire route / module retained; system NA not interpreted as a substantive answer","System NA: routing, nonresponse or unavailable; labelled responses preserved",1365,"Eligible",TRUE,TRUE,TRUE,"Eligible subject to training-only screening","Code retained; full wording/short label requires review",5890,"Continuous quantity / allocation",NA,NA
"Q295R5","Q295","Q295R5","Q295r5: Your socioeconomic class - We often describe people using one or only a","ICPSR variable label; may be truncated",246,"Survey item or survey routing field",FALSE,"Random identity exercise split B; Original questionnaire route / module retained; system NA not interpreted as a substantive answer","System NA: routing, nonresponse or unavailable; labelled responses preserved",1364,"Eligible",TRUE,TRUE,TRUE,"Eligible subject to training-only screening","Code retained; full wording/short label requires review",5893,"Continuous quantity / allocation",NA,NA
"Q295R6","Q295","Q295R6","Q295r6: Other (SPECIFY) - We often describe people using one or only a few parts","ICPSR variable label; may be truncated",248,"Survey item or survey routing field",FALSE,"Random identity exercise split B; Original questionnaire route / module retained; system NA not interpreted as a substantive answer","System NA: routing, nonresponse or unavailable; labelled responses preserved",1747,"Eligible",TRUE,TRUE,TRUE,"Eligible subject to training-only screening","Code retained; full wording/short label requires review",2839,"Continuous quantity / allocation",NA,NA
"Q295R6OE","Q295R6OE","Q295R6OE","Q295r6oe: We often describe people using one or only a few parts of their identi","ICPSR variable label; may be truncated",249,"Survey item or survey routing field",FALSE,"Original questionnaire route / module retained; system NA not interpreted as a substantive answer","System NA: routing, nonresponse or unavailable; labelled responses preserved",0,"Uncoded/free-text field; no text model",FALSE,FALSE,FALSE,"Uncoded/free-text field; no text model","Code retained; full wording/short label requires review",17545,"Original labelled categories or source type",NA,NA
"C2PID","C2PID","C2PID","C2PID: Category with highest point value from B 295-300","ICPSR variable label; may be truncated",250,"Administration / derived field",FALSE,"Original questionnaire route / module retained; system NA not interpreted as a substantive answer","System NA: routing, nonresponse or unavailable; labelled responses preserved",1364,"Outcome, selection, administration, weights or duplicate",FALSE,FALSE,FALSE,"Outcome, selection, administration, weights or duplicate","Code retained; full wording/short label requires review",5893,"Original labelled categories or source type",NA,NA
"C2PP","C2PP","C2PP","C2PP: Highest point value from B 295-300","ICPSR variable label; may be truncated",250,"Administration / derived field",FALSE,"Original questionnaire route / module retained; system NA not interpreted as a substantive answer","System NA: routing, nonresponse or unavailable; labelled responses preserved",1364,"Outcome, selection, administration, weights or duplicate",FALSE,FALSE,FALSE,"Outcome, selection, administration, weights or duplicate","Code retained; full wording/short label requires review",5893,"Original labelled categories or source type",NA,NA
"Q301R1","Q301","Q301R1","Q301r1: [pipe: S2_Race_Prime] - We often describe people using one or only a few","ICPSR variable label; may be truncated",252,"Survey item or survey routing field",FALSE,"Random identity exercise split C; 100-point total includes party; Party can be selected as identity; complete Q301 allocation withheld in Model 3 because total 100 reveals omitted party allocation","System NA: routing, nonresponse or unavailable; labelled responses preserved",1448,"Eligible",TRUE,TRUE,FALSE,"Direct partisan or party-selected identity; withheld in Model 3","Code retained; full wording/short label requires review",5605,"Continuous quantity / allocation",NA,NA
"Q301R2","Q301","Q301R2","Q301r2: [pipe: ancestryverb] - We often describe people using one or only a few","ICPSR variable label; may be truncated",254,"Survey item or survey routing field",FALSE,"Random identity exercise split C; 100-point total includes party; Party can be selected as identity; complete Q301 allocation withheld in Model 3 because total 100 reveals omitted party allocation","System NA: routing, nonresponse or unavailable; labelled responses preserved",1448,"Eligible",TRUE,TRUE,FALSE,"Direct partisan or party-selected identity; withheld in Model 3","Code retained; full wording/short label requires review",4195,"Continuous quantity / allocation",NA,NA
"Q301R3","Q301","Q301R3","Q301r3: [pipe: genderverb] - We often describe people using one or only a few pa","ICPSR variable label; may be truncated",255,"Survey item or survey routing field",FALSE,"Random identity exercise split C; 100-point total includes party; Party can be selected as identity; complete Q301 allocation withheld in Model 3 because total 100 reveals omitted party allocation","System NA: routing, nonresponse or unavailable; labelled responses preserved",1448,"Eligible",TRUE,TRUE,FALSE,"Direct partisan or party-selected identity; withheld in Model 3","Code retained; full wording/short label requires review",5605,"Continuous quantity / allocation",NA,NA
"Q301R4","Q301","Q301R4","Q301r4: [pipe: religionverb] - We often describe people using one or only a few","ICPSR variable label; may be truncated",257,"Survey item or survey routing field",FALSE,"Random identity exercise split C; 100-point total includes party; Party can be selected as identity; complete Q301 allocation withheld in Model 3 because total 100 reveals omitted party allocation","System NA: routing, nonresponse or unavailable; labelled responses preserved",1448,"Eligible",TRUE,TRUE,FALSE,"Direct partisan or party-selected identity; withheld in Model 3","Code retained; full wording/short label requires review",5599,"Continuous quantity / allocation",NA,NA
"Q301R5","Q301","Q301R5","Q301r5: Your socioeconomic class - We often describe people using one or only a","ICPSR variable label; may be truncated",259,"Survey item or survey routing field",FALSE,"Random identity exercise split C; 100-point total includes party; Party can be selected as identity; complete Q301 allocation withheld in Model 3 because total 100 reveals omitted party allocation","System NA: routing, nonresponse or unavailable; labelled responses preserved",1448,"Eligible",TRUE,TRUE,FALSE,"Direct partisan or party-selected identity; withheld in Model 3","Code retained; full wording/short label requires review",5605,"Continuous quantity / allocation",NA,NA
"Q301R6","Q301","Q301R6","Q301r6: [pipe: partyverb] - We often describe people using one or only a few par","ICPSR variable label; may be truncated",260,"Survey item or survey routing field",FALSE,"Random identity exercise split C; 100-point total includes party; Party can be selected as identity; complete Q301 allocation withheld in Model 3 because total 100 reveals omitted party allocation","System NA: routing, nonresponse or unavailable; labelled responses preserved",1448,"Eligible",TRUE,TRUE,FALSE,"Direct partisan or party-selected identity; withheld in Model 3","Code retained; full wording/short label requires review",5605,"Continuous quantity / allocation",NA,NA
"Q301R7","Q301","Q301R7","Q301r7: Other - We often describe people using one or only a few parts of their","ICPSR variable label; may be truncated",262,"Survey item or survey routing field",FALSE,"Random identity exercise split C; 100-point total includes party; Party can be selected as identity; complete Q301 allocation withheld in Model 3 because total 100 reveals omitted party allocation","System NA: routing, nonresponse or unavailable; labelled responses preserved",1448,"Eligible",TRUE,TRUE,FALSE,"Direct partisan or party-selected identity; withheld in Model 3","Code retained; full wording/short label requires review",5605,"Continuous quantity / allocation",NA,NA
"Q301R7OE","Q301R7OE","Q301R7OE","Q301r7oe: We often describe people using one or only a few parts of their identi","ICPSR variable label; may be truncated",264,"Survey item or survey routing field",FALSE,"Original questionnaire route / module retained; system NA not interpreted as a substantive answer","System NA: routing, nonresponse or unavailable; labelled responses preserved",0,"Uncoded/free-text field; no text model",FALSE,FALSE,FALSE,"Uncoded/free-text field; no text model","Code retained; full wording/short label requires review",17545,"Original labelled categories or source type",NA,NA
"C3PID","C3PID","C3PID","C3PID: Category with highest point value from C 301-307","ICPSR variable label; may be truncated",264,"Administration / derived field",FALSE,"Original questionnaire route / module retained; system NA not interpreted as a substantive answer","System NA: routing, nonresponse or unavailable; labelled responses preserved",1448,"Outcome, selection, administration, weights or duplicate",FALSE,FALSE,FALSE,"Outcome, selection, administration, weights or duplicate","Code retained; full wording/short label requires review",5605,"Original labelled categories or source type",NA,NA
"C3PP","C3PP","C3PP","C3PP: Highest point value from C 301-307","ICPSR variable label; may be truncated",265,"Administration / derived field",FALSE,"Original questionnaire route / module retained; system NA not interpreted as a substantive answer","System NA: routing, nonresponse or unavailable; labelled responses preserved",1448,"Outcome, selection, administration, weights or duplicate",FALSE,FALSE,FALSE,"Outcome, selection, administration, weights or duplicate","Code retained; full wording/short label requires review",5605,"Original labelled categories or source type",NA,NA
"Q308R1","Q308R1","Undocumented immigrants warmth","Q308r1: Undocumented immigrants - How would you rate your feelings toward each o","ICPSR variable label; may be truncated",266,"Survey item or survey routing field",FALSE,"Original questionnaire route / module retained; system NA not interpreted as a substantive answer","System NA: routing, nonresponse or unavailable; labelled responses preserved",0,"Eligible",TRUE,TRUE,TRUE,"Eligible subject to training-only screening","Verified short label; original source construct retained",17545,"Continuous quantity / allocation",308,59
"Q308R2","Q308R2","Gun owners warmth","Q308r2: Gun owners - How would you rate your feelings toward each of the followi","ICPSR variable label; may be truncated",268,"Survey item or survey routing field",FALSE,"Original questionnaire route / module retained; system NA not interpreted as a substantive answer","System NA: routing, nonresponse or unavailable; labelled responses preserved",0,"Eligible",TRUE,TRUE,TRUE,"Eligible subject to training-only screening","Verified short label; original source construct retained",17545,"Continuous quantity / allocation",309,59
"Q308R3","Q308R3","Veterans warmth","Q308r3: Veterans - How would you rate your feelings toward each of the following","ICPSR variable label; may be truncated",270,"Survey item or survey routing field",FALSE,"Original questionnaire route / module retained; system NA not interpreted as a substantive answer","System NA: routing, nonresponse or unavailable; labelled responses preserved",0,"Eligible",TRUE,TRUE,TRUE,"Eligible subject to training-only screening","Verified short label; original source construct retained",17545,"Continuous quantity / allocation",310,59
"Q308R4","Q308R4","Welfare recipients warmth","Q308r4: Welfare recipients - How would you rate your feelings toward each of the","ICPSR variable label; may be truncated",271,"Survey item or survey routing field",FALSE,"Original questionnaire route / module retained; system NA not interpreted as a substantive answer","System NA: routing, nonresponse or unavailable; labelled responses preserved",0,"Eligible",TRUE,TRUE,TRUE,"Eligible subject to training-only screening","Verified short label; original source construct retained",17545,"Continuous quantity / allocation",311,59
"Q308R5","Q308R5","Climate activists warmth","Q308r5: Climate change activists - How would you rate your feelings toward each","ICPSR variable label; may be truncated",273,"Survey item or survey routing field",FALSE,"Original questionnaire route / module retained; system NA not interpreted as a substantive answer","System NA: routing, nonresponse or unavailable; labelled responses preserved",0,"Eligible",TRUE,TRUE,TRUE,"Eligible subject to training-only screening","Verified short label; original source construct retained",17545,"Continuous quantity / allocation",312,59
"Q308R6","Q308R6","MeToo warmth","Q308r6: #MeToo Movement - How would you rate your feelings toward each of the fo","ICPSR variable label; may be truncated",275,"Survey item or survey routing field",FALSE,"Original questionnaire route / module retained; system NA not interpreted as a substantive answer","System NA: routing, nonresponse or unavailable; labelled responses preserved",0,"Eligible",TRUE,TRUE,TRUE,"Eligible subject to training-only screening","Verified short label; original source construct retained",17545,"Continuous quantity / allocation",313,59
"Q308R7","Q308R7","BLM warmth","Q308r7: #BlackLivesMatter - How would you rate your feelings toward each of the","ICPSR variable label; may be truncated",276,"Survey item or survey routing field",FALSE,"Original questionnaire route / module retained; system NA not interpreted as a substantive answer","System NA: routing, nonresponse or unavailable; labelled responses preserved",0,"Eligible",TRUE,TRUE,TRUE,"Eligible subject to training-only screening","Verified short label; original source construct retained",17545,"Continuous quantity / allocation",314,59
"Q315_TEXT","Q315_TEXT","Q315_TEXT","Q315_text: New Single Select Question","ICPSR variable label; may be truncated",278,"Survey item or survey routing field",FALSE,"Original questionnaire route / module retained; system NA not interpreted as a substantive answer","System NA: routing, nonresponse or unavailable; labelled responses preserved",0,"Routing/experiment metadata; joined to response where required",FALSE,FALSE,FALSE,"Routing/experiment metadata; joined to response where required","Code retained; full wording/short label requires review",17545,"Original labelled categories or source type",NA,NA
"Q315","Q315","Q315","Q315: How much do you think being","ICPSR variable label; may be truncated",278,"Survey item or survey routing field",FALSE,"Party can be selected as identity; complete Q301 allocation withheld in Model 3 because total 100 reveals omitted party allocation","System NA: routing, nonresponse or unavailable; labelled responses preserved",0,"Eligible",TRUE,TRUE,FALSE,"Direct partisan or party-selected identity; withheld in Model 3","Documented questionnaire/data discrepancy: unresolved",17545,"Original labelled categories or source type",NA,NA
"Q316R1","Q316R1","Q316R1","Q316r1: Their racial background is the same as yours - When you vote in an elect","ICPSR variable label; may be truncated",279,"Survey item or survey routing field",FALSE,"Original questionnaire route / module retained; system NA not interpreted as a substantive answer","System NA: routing, nonresponse or unavailable; labelled responses preserved",0,"Eligible",TRUE,TRUE,TRUE,"Eligible subject to training-only screening","Code retained; full wording/short label requires review",17545,"Original labelled categories or source type",NA,NA
"Q316R2","Q316R2","Q316R2","Q316r2: Their gender is the same as yours - When you vote in an election, how im","ICPSR variable label; may be truncated",279,"Survey item or survey routing field",FALSE,"Original questionnaire route / module retained; system NA not interpreted as a substantive answer","System NA: routing, nonresponse or unavailable; labelled responses preserved",0,"Eligible",TRUE,TRUE,TRUE,"Eligible subject to training-only screening","Code retained; full wording/short label requires review",17545,"Original labelled categories or source type",NA,NA
"Q316R3","Q316R3","Q316R3","Q316r3: They talk about what they will do if they are elected - When you vote in","ICPSR variable label; may be truncated",279,"Survey item or survey routing field",FALSE,"Original questionnaire route / module retained; system NA not interpreted as a substantive answer","System NA: routing, nonresponse or unavailable; labelled responses preserved",0,"Eligible",TRUE,TRUE,TRUE,"Eligible subject to training-only screening","Code retained; full wording/short label requires review",17545,"Original labelled categories or source type",NA,NA
"Q316R4","Q316R4","Q316R4","Q316r4: They share the same values as you do - When you vote in an election, how","ICPSR variable label; may be truncated",280,"Survey item or survey routing field",FALSE,"Original questionnaire route / module retained; system NA not interpreted as a substantive answer","System NA: routing, nonresponse or unavailable; labelled responses preserved",0,"Eligible",TRUE,TRUE,TRUE,"Eligible subject to training-only screening","Code retained; full wording/short label requires review",17545,"Original labelled categories or source type",NA,NA
"Q316R5","Q316R5","Q316R5","Q316r5: They believe the same issues are as important as you - When you vote in","ICPSR variable label; may be truncated",280,"Survey item or survey routing field",FALSE,"Original questionnaire route / module retained; system NA not interpreted as a substantive answer","System NA: routing, nonresponse or unavailable; labelled responses preserved",0,"Eligible",TRUE,TRUE,TRUE,"Eligible subject to training-only screening","Code retained; full wording/short label requires review",17545,"Original labelled categories or source type",NA,NA
"Q316R6","Q316R6","Q316R6","Q316r6: They take the same stances on most of the same political issues - When y","ICPSR variable label; may be truncated",281,"Survey item or survey routing field",FALSE,"Original questionnaire route / module retained; system NA not interpreted as a substantive answer","System NA: routing, nonresponse or unavailable; labelled responses preserved",0,"Eligible",TRUE,TRUE,TRUE,"Eligible subject to training-only screening","Code retained; full wording/short label requires review",17545,"Original labelled categories or source type",NA,NA
"Q316R7","Q316R7","Q316R7","Q316r7: They are in the same party as you - When you vote in an election, how im","ICPSR variable label; may be truncated",281,"Survey item or survey routing field",FALSE,"Original questionnaire route / module retained; system NA not interpreted as a substantive answer","System NA: routing, nonresponse or unavailable; labelled responses preserved",0,"Eligible",TRUE,TRUE,FALSE,"Direct partisan or party-selected identity; withheld in Model 3","Code retained; full wording/short label requires review",17545,"Original labelled categories or source type",NA,NA
"Q323BLWSPLIT","Q323BLWSPLIT","Q323BLWSPLIT","q323BLWsplit: holds split selection for BLW","ICPSR variable label; may be truncated",281,"Survey item or survey routing field",FALSE,"Original questionnaire route / module retained; system NA not interpreted as a substantive answer","System NA: routing, nonresponse or unavailable; labelled responses preserved",0,"Routing/experiment metadata; joined to response where required",FALSE,FALSE,FALSE,"Routing/experiment metadata; joined to response where required","Code retained; full wording/short label requires review",12409,"Original labelled categories or source type",NA,NA
"BLWNAMESPLIT","BLWNAMESPLIT","BLWNAMESPLIT","BLWnamesplit: holds name for BLW","ICPSR variable label; may be truncated",282,"Administration / derived field",FALSE,"Original questionnaire route / module retained; system NA not interpreted as a substantive answer","System NA: routing, nonresponse or unavailable; labelled responses preserved",0,"Routing/experiment metadata; joined to response where required",FALSE,FALSE,FALSE,"Routing/experiment metadata; joined to response where required","Code retained; full wording/short label requires review",12409,"Original labelled categories or source type",NA,NA
"BLWETHSPLIT","BLWETHSPLIT","BLWETHSPLIT","BLWethsplit: holds eth for BLW","ICPSR variable label; may be truncated",283,"Administration / derived field",FALSE,"Original questionnaire route / module retained; system NA not interpreted as a substantive answer","System NA: routing, nonresponse or unavailable; labelled responses preserved",0,"Routing/experiment metadata; joined to response where required",FALSE,FALSE,FALSE,"Routing/experiment metadata; joined to response where required","Code retained; full wording/short label requires review",12409,"Original labelled categories or source type",NA,NA
"BLWGENDERSPLIT","BLWGENDERSPLIT","BLWGENDERSPLIT","BLWgendersplit: holds gender for BLW","ICPSR variable label; may be truncated",283,"Administration / derived field",FALSE,"Original questionnaire route / module retained; system NA not interpreted as a substantive answer","System NA: routing, nonresponse or unavailable; labelled responses preserved",0,"Routing/experiment metadata; joined to response where required",FALSE,FALSE,FALSE,"Routing/experiment metadata; joined to response where required","Code retained; full wording/short label requires review",12409,"Original labelled categories or source type",NA,NA
"BLWSTATEMENTSPLIT","BLWSTATEMENTSPLIT","BLWSTATEMENTSPLIT","BLWstatementsplit: holds statement for BLW","ICPSR variable label; may be truncated",284,"Administration / derived field",FALSE,"Original questionnaire route / module retained; system NA not interpreted as a substantive answer","System NA: routing, nonresponse or unavailable; labelled responses preserved",0,"Routing/experiment metadata; joined to response where required",FALSE,FALSE,FALSE,"Routing/experiment metadata; joined to response where required","Code retained; full wording/short label requires review",12409,"Original labelled categories or source type",NA,NA
"Q323APISPLIT","Q323APISPLIT","Q323APISPLIT","q323APIsplit: holds split selection for API","ICPSR variable label; may be truncated",285,"Survey item or survey routing field",FALSE,"Original questionnaire route / module retained; system NA not interpreted as a substantive answer","System NA: routing, nonresponse or unavailable; labelled responses preserved",2082,"Routing/experiment metadata; joined to response where required",FALSE,FALSE,FALSE,"Routing/experiment metadata; joined to response where required","Code retained; full wording/short label requires review",4091,"Original labelled categories or source type",NA,NA
"APINAMESPLIT","APINAMESPLIT","APINAMESPLIT","APInamesplit: holds name for API","ICPSR variable label; may be truncated",285,"Administration / derived field",FALSE,"Original questionnaire route / module retained; system NA not interpreted as a substantive answer","System NA: routing, nonresponse or unavailable; labelled responses preserved",2082,"Routing/experiment metadata; joined to response where required",FALSE,FALSE,FALSE,"Routing/experiment metadata; joined to response where required","Code retained; full wording/short label requires review",4091,"Original labelled categories or source type",NA,NA
"APIETHSPLIT","APIETHSPLIT","APIETHSPLIT","APIethsplit: holds eth for API","ICPSR variable label; may be truncated",286,"Administration / derived field",FALSE,"Original questionnaire route / module retained; system NA not interpreted as a substantive answer","System NA: routing, nonresponse or unavailable; labelled responses preserved",2082,"Routing/experiment metadata; joined to response where required",FALSE,FALSE,FALSE,"Routing/experiment metadata; joined to response where required","Code retained; full wording/short label requires review",4091,"Original labelled categories or source type",NA,NA
"APIGENDERSPLIT","APIGENDERSPLIT","APIGENDERSPLIT","APIgendersplit: holds gender for API","ICPSR variable label; may be truncated",287,"Administration / derived field",FALSE,"Original questionnaire route / module retained; system NA not interpreted as a substantive answer","System NA: routing, nonresponse or unavailable; labelled responses preserved",2082,"Routing/experiment metadata; joined to response where required",FALSE,FALSE,FALSE,"Routing/experiment metadata; joined to response where required","Code retained; full wording/short label requires review",4091,"Original labelled categories or source type",NA,NA
"APISTATEMENTSPLIT","APISTATEMENTSPLIT","APISTATEMENTSPLIT","APIstatementsplit: holds statement for API","ICPSR variable label; may be truncated",287,"Administration / derived field",FALSE,"Original questionnaire route / module retained; system NA not interpreted as a substantive answer","System NA: routing, nonresponse or unavailable; labelled responses preserved",2082,"Routing/experiment metadata; joined to response where required",FALSE,FALSE,FALSE,"Routing/experiment metadata; joined to response where required","Code retained; full wording/short label requires review",4091,"Original labelled categories or source type",NA,NA
"Q323NINHSPLIT","Q323NINHSPLIT","Q323NINHSPLIT","q323NINHsplit: holds split selection for NINH","ICPSR variable label; may be truncated",288,"Survey item or survey routing field",FALSE,"Original questionnaire route / module retained; system NA not interpreted as a substantive answer","System NA: routing, nonresponse or unavailable; labelled responses preserved",2082,"Routing/experiment metadata; joined to response where required",FALSE,FALSE,FALSE,"Routing/experiment metadata; joined to response where required","Code retained; full wording/short label requires review",819,"Original labelled categories or source type",NA,NA
"NINHNAMESPLIT","NINHNAMESPLIT","NINHNAMESPLIT","NINHnamesplit: holds name for NINH","ICPSR variable label; may be truncated",288,"Administration / derived field",FALSE,"Original questionnaire route / module retained; system NA not interpreted as a substantive answer","System NA: routing, nonresponse or unavailable; labelled responses preserved",2082,"Routing/experiment metadata; joined to response where required",FALSE,FALSE,FALSE,"Routing/experiment metadata; joined to response where required","Code retained; full wording/short label requires review",819,"Original labelled categories or source type",NA,NA
"NINHETHSPLIT","NINHETHSPLIT","NINHETHSPLIT","NINHethsplit: holds eth for NINH","ICPSR variable label; may be truncated",289,"Administration / derived field",FALSE,"Original questionnaire route / module retained; system NA not interpreted as a substantive answer","System NA: routing, nonresponse or unavailable; labelled responses preserved",2082,"Routing/experiment metadata; joined to response where required",FALSE,FALSE,FALSE,"Routing/experiment metadata; joined to response where required","Code retained; full wording/short label requires review",819,"Original labelled categories or source type",NA,NA
"NINHGENDERSPLIT","NINHGENDERSPLIT","NINHGENDERSPLIT","NINHgendersplit: holds gender for NINH","ICPSR variable label; may be truncated",290,"Administration / derived field",FALSE,"Original questionnaire route / module retained; system NA not interpreted as a substantive answer","System NA: routing, nonresponse or unavailable; labelled responses preserved",2082,"Routing/experiment metadata; joined to response where required",FALSE,FALSE,FALSE,"Routing/experiment metadata; joined to response where required","Code retained; full wording/short label requires review",819,"Original labelled categories or source type",NA,NA
"NINHSTATEMENTSPLIT","NINHSTATEMENTSPLIT","NINHSTATEMENTSPLIT","NINHstatementsplit: holds statement for NINH","ICPSR variable label; may be truncated",290,"Administration / derived field",FALSE,"Original questionnaire route / module retained; system NA not interpreted as a substantive answer","System NA: routing, nonresponse or unavailable; labelled responses preserved",2082,"Routing/experiment metadata; joined to response where required",FALSE,FALSE,FALSE,"Routing/experiment metadata; joined to response where required","Code retained; full wording/short label requires review",819,"Original labelled categories or source type",NA,NA
"Q323_BLW","Q323_BLW","Q323_BLW","Q323_BLW: [pipe: BLWnamesplit] is a [pipe: BLWethsplit] [pipe: BLWgendersplit] c","ICPSR variable label; may be truncated",291,"Survey item or survey routing field",FALSE,"Condition joined: Q323BLWSPLIT","System NA: routing, nonresponse or unavailable; labelled responses preserved",0,"Eligible",TRUE,FALSE,FALSE,"Candidate/election-proximate; Model 1 only","Code retained; full wording/short label requires review",12409,"Original labelled categories or source type",NA,NA
"Q323_API","Q323_API","Q323_API","Q323_API: [pipe: APInamesplit] is a [pipe: APIethsplit] [pipe: APIgendersplit] c","ICPSR variable label; may be truncated",291,"Survey item or survey routing field",FALSE,"Condition joined: Q323BLWSPLIT","System NA: routing, nonresponse or unavailable; labelled responses preserved",2082,"Eligible",TRUE,FALSE,FALSE,"Candidate/election-proximate; Model 1 only","Code retained; full wording/short label requires review",4091,"Original labelled categories or source type",NA,NA
"Q323_NINH","Q323_NINH","Q323_NINH","Q323_NINH: [pipe: NINHnamesplit] is a [pipe: NINHethsplit] [pipe: NINHgenderspli","ICPSR variable label; may be truncated",292,"Survey item or survey routing field",FALSE,"Condition joined: Q323BLWSPLIT","System NA: routing, nonresponse or unavailable; labelled responses preserved",2082,"Eligible",TRUE,FALSE,FALSE,"Candidate/election-proximate; Model 1 only","Code retained; full wording/short label requires review",819,"Original labelled categories or source type",NA,NA
"Q324","Q324","Q324","Q324: How well do you think the candidate could represent your interests?","ICPSR variable label; may be truncated",292,"Survey item or survey routing field",FALSE,"Condition joined: Q323BLWSPLIT","System NA: routing, nonresponse or unavailable; labelled responses preserved",0,"Eligible",TRUE,FALSE,FALSE,"Candidate/election-proximate; Model 1 only","Code retained; full wording/short label requires review",17545,"Original labelled categories or source type",NA,NA
"Q325_BLW","Q325_BLW","Q325_BLW","Q325_BLW: How much do you think you could trust [pipe: BLWnamesplit]?","ICPSR variable label; may be truncated",293,"Survey item or survey routing field",FALSE,"Condition joined: Q323BLWSPLIT","System NA: routing, nonresponse or unavailable; labelled responses preserved",0,"Eligible",TRUE,FALSE,FALSE,"Candidate/election-proximate; Model 1 only","Code retained; full wording/short label requires review",12409,"Original labelled categories or source type",NA,NA
"Q325_API","Q325_API","Q325_API","Q325_API: How much do you think you could trust [pipe: APInamesplit]?","ICPSR variable label; may be truncated",293,"Survey item or survey routing field",FALSE,"Condition joined: Q323BLWSPLIT","System NA: routing, nonresponse or unavailable; labelled responses preserved",2082,"Eligible",TRUE,FALSE,FALSE,"Candidate/election-proximate; Model 1 only","Code retained; full wording/short label requires review",4091,"Original labelled categories or source type",NA,NA
"Q325_NINH","Q325_NINH","Q325_NINH","Q325_NINH: How much do you think you could trust [pipe: NINHnamesplit]?","ICPSR variable label; may be truncated",293,"Survey item or survey routing field",FALSE,"Condition joined: Q323BLWSPLIT","System NA: routing, nonresponse or unavailable; labelled responses preserved",2082,"Eligible",TRUE,FALSE,FALSE,"Candidate/election-proximate; Model 1 only","Code retained; full wording/short label requires review",819,"Original labelled categories or source type",NA,NA
"Q326R1","Q326R1","Q326R1","Q326r1: Achieve [pipe: BLWstatementsplit] - Which of the following to you think","ICPSR variable label; may be truncated",294,"Survey item or survey routing field",FALSE,"Condition joined: Q323BLWSPLIT","System NA: routing, nonresponse or unavailable; labelled responses preserved",0,"Eligible",TRUE,FALSE,FALSE,"Candidate/election-proximate; Model 1 only","Code retained; full wording/short label requires review",12409,"Original labelled categories or source type",NA,NA
"Q326R2","Q326R2","Q326R2","Q326r2: Achieve [pipe: APIstatementsplit] - Which of the following to you think","ICPSR variable label; may be truncated",294,"Survey item or survey routing field",FALSE,"Condition joined: Q323BLWSPLIT","System NA: routing, nonresponse or unavailable; labelled responses preserved",2082,"Eligible",TRUE,FALSE,FALSE,"Candidate/election-proximate; Model 1 only","Code retained; full wording/short label requires review",4091,"Original labelled categories or source type",NA,NA
"Q326R3","Q326R3","Q326R3","Q326r3: Achieve [pipe: NIHNstatementsplit] - Which of the following to you think","ICPSR variable label; may be truncated",295,"Survey item or survey routing field",FALSE,"Condition joined: Q323BLWSPLIT","System NA: routing, nonresponse or unavailable; labelled responses preserved",2082,"Eligible",TRUE,FALSE,FALSE,"Candidate/election-proximate; Model 1 only","Code retained; full wording/short label requires review",819,"Original labelled categories or source type",NA,NA
"Q326R4","Q326R4","Q326R4","Q326r4: Represent [pipe: S2_Race_Prime] people like me - Which of the following","ICPSR variable label; may be truncated",295,"Survey item or survey routing field",FALSE,"Condition joined: Q323BLWSPLIT; S2_RACE_PRIME","System NA: routing, nonresponse or unavailable; labelled responses preserved",0,"Eligible",TRUE,FALSE,FALSE,"Candidate/election-proximate; Model 1 only","Code retained; full wording/short label requires review",17545,"Original labelled categories or source type",NA,NA
"Q326R5","Q326R5","Q326R5","Q326r5: Represent all [pipe: BLWethsplit] people - Which of the following to you","ICPSR variable label; may be truncated",296,"Survey item or survey routing field",FALSE,"Condition joined: Q323BLWSPLIT","System NA: routing, nonresponse or unavailable; labelled responses preserved",0,"Eligible",TRUE,FALSE,FALSE,"Candidate/election-proximate; Model 1 only","Code retained; full wording/short label requires review",12409,"Original labelled categories or source type",NA,NA
"Q326R6","Q326R6","Q326R6","Q326r6: Represent all [pipe: APIethsplit] people - Which of the following to you","ICPSR variable label; may be truncated",296,"Survey item or survey routing field",FALSE,"Condition joined: Q323BLWSPLIT","System NA: routing, nonresponse or unavailable; labelled responses preserved",2082,"Eligible",TRUE,FALSE,FALSE,"Candidate/election-proximate; Model 1 only","Code retained; full wording/short label requires review",4091,"Original labelled categories or source type",NA,NA
"Q326R7","Q326R7","Q326R7","Q326r7: Represent all [pipe: NIHNethsplit] people - Which of the following to yo","ICPSR variable label; may be truncated",296,"Survey item or survey routing field",FALSE,"Condition joined: Q323BLWSPLIT","System NA: routing, nonresponse or unavailable; labelled responses preserved",2082,"Eligible",TRUE,FALSE,FALSE,"Candidate/election-proximate; Model 1 only","Code retained; full wording/short label requires review",819,"Original labelled categories or source type",NA,NA
"Q329R1","Q329","Q329R1","Q329r1: Whites - Choosing only three groups from the list below, please indicate","ICPSR variable label; may be truncated",297,"Survey item or survey routing field",FALSE,"Original questionnaire route / module retained; system NA not interpreted as a substantive answer","System NA: routing, nonresponse or unavailable; labelled responses preserved",1903,"Eligible",TRUE,TRUE,TRUE,"Eligible subject to training-only screening","Code retained; full wording/short label requires review",1873,"Original labelled categories or source type",NA,NA
"Q329R2","Q329","Q329R2","Q329r2: Blacks - Choosing only three groups from the list below, please indicate","ICPSR variable label; may be truncated",297,"Survey item or survey routing field",FALSE,"Original questionnaire route / module retained; system NA not interpreted as a substantive answer","System NA: routing, nonresponse or unavailable; labelled responses preserved",1550,"Eligible",TRUE,TRUE,TRUE,"Eligible subject to training-only screening","Code retained; full wording/short label requires review",6318,"Original labelled categories or source type",NA,NA
"Q329R3","Q329","Q329R3","Q329r3: Hispanics - Choosing only three groups from the list below, please indic","ICPSR variable label; may be truncated",298,"Survey item or survey routing field",FALSE,"Original questionnaire route / module retained; system NA not interpreted as a substantive answer","System NA: routing, nonresponse or unavailable; labelled responses preserved",1190,"Eligible",TRUE,TRUE,TRUE,"Eligible subject to training-only screening","Code retained; full wording/short label requires review",3803,"Original labelled categories or source type",NA,NA
"Q329R4","Q329","Q329R4","Q329r4: Men - Choosing only three groups from the list below, please indicate ho","ICPSR variable label; may be truncated",298,"Survey item or survey routing field",FALSE,"Original questionnaire route / module retained; system NA not interpreted as a substantive answer","System NA: routing, nonresponse or unavailable; labelled responses preserved",1822,"Eligible",TRUE,TRUE,TRUE,"Eligible subject to training-only screening","Code retained; full wording/short label requires review",2554,"Original labelled categories or source type",NA,NA
"Q329R5","Q329","Q329R5","Q329r5: Blue Collar Workers - Choosing only three groups from the list below, pl","ICPSR variable label; may be truncated",298,"Survey item or survey routing field",FALSE,"Original questionnaire route / module retained; system NA not interpreted as a substantive answer","System NA: routing, nonresponse or unavailable; labelled responses preserved",1051,"Eligible",TRUE,TRUE,TRUE,"Eligible subject to training-only screening","Code retained; full wording/short label requires review",8360,"Original labelled categories or source type",NA,NA
"Q329R6","Q329","Q329R6","Q329r6: Asians - Choosing only three groups from the list below, please indicate","ICPSR variable label; may be truncated",299,"Survey item or survey routing field",FALSE,"Original questionnaire route / module retained; system NA not interpreted as a substantive answer","System NA: routing, nonresponse or unavailable; labelled responses preserved",1938,"Eligible",TRUE,TRUE,TRUE,"Eligible subject to training-only screening","Code retained; full wording/short label requires review",2720,"Original labelled categories or source type",NA,NA
"Q329R7","Q329","Q329R7","Q329r7: Homeowners - Choosing only three groups from the list below, please indi","ICPSR variable label; may be truncated",299,"Survey item or survey routing field",FALSE,"Original questionnaire route / module retained; system NA not interpreted as a substantive answer","System NA: routing, nonresponse or unavailable; labelled responses preserved",1318,"Eligible",TRUE,TRUE,TRUE,"Eligible subject to training-only screening","Code retained; full wording/short label requires review",5814,"Original labelled categories or source type",NA,NA
"Q329R8","Q329","Q329R8","Q329r8: Women - Choosing only three groups from the list below, please indicate","ICPSR variable label; may be truncated",299,"Survey item or survey routing field",FALSE,"Original questionnaire route / module retained; system NA not interpreted as a substantive answer","System NA: routing, nonresponse or unavailable; labelled responses preserved",1200,"Eligible",TRUE,TRUE,TRUE,"Eligible subject to training-only screening","Code retained; full wording/short label requires review",7278,"Original labelled categories or source type",NA,NA
"Q329R9","Q329","Q329R9","Q329r9: Young People - Choosing only three groups from the list below, please in","ICPSR variable label; may be truncated",300,"Survey item or survey routing field",FALSE,"Original questionnaire route / module retained; system NA not interpreted as a substantive answer","System NA: routing, nonresponse or unavailable; labelled responses preserved",1372,"Eligible",TRUE,TRUE,TRUE,"Eligible subject to training-only screening","Code retained; full wording/short label requires review",6737,"Original labelled categories or source type",NA,NA
"Q329R10","Q329","Q329R10","Q329r10: Business Owners - Choosing only three groups from the list below, pleas","ICPSR variable label; may be truncated",300,"Survey item or survey routing field",FALSE,"Original questionnaire route / module retained; system NA not interpreted as a substantive answer","System NA: routing, nonresponse or unavailable; labelled responses preserved",1230,"Eligible",TRUE,TRUE,TRUE,"Eligible subject to training-only screening","Code retained; full wording/short label requires review",7178,"Original labelled categories or source type",NA,NA
"Q330","Q330","Q330","Q330: What percent of the members of the U.S. House of Representatives do you th","ICPSR variable label; may be truncated",301,"Survey item or survey routing field",FALSE,"Original questionnaire route / module retained; system NA not interpreted as a substantive answer","System NA: routing, nonresponse or unavailable; labelled responses preserved",0,"Eligible",TRUE,TRUE,TRUE,"Eligible subject to training-only screening","Code retained; full wording/short label requires review",17545,"Continuous quantity / allocation",NA,NA
"Q331","Q331","Q331","Q331: What percent of the members of the U.S. House of Representatives do you th","ICPSR variable label; may be truncated",302,"Survey item or survey routing field",FALSE,"Original questionnaire route / module retained; system NA not interpreted as a substantive answer","System NA: routing, nonresponse or unavailable; labelled responses preserved",0,"Eligible",TRUE,TRUE,TRUE,"Eligible subject to training-only screening","Code retained; full wording/short label requires review",17545,"Continuous quantity / allocation",NA,NA
"Q332","Q332","Q332","Q332: What percent of the members of the U.S. House of Representatives do you th","ICPSR variable label; may be truncated",304,"Survey item or survey routing field",FALSE,"Original questionnaire route / module retained; system NA not interpreted as a substantive answer","System NA: routing, nonresponse or unavailable; labelled responses preserved",0,"Eligible",TRUE,TRUE,TRUE,"Eligible subject to training-only screening","Code retained; full wording/short label requires review",17545,"Continuous quantity / allocation",NA,NA
"Q333","Q333","Q333","Q333: Congressional districts are redrawn every ten years by each state. But how","ICPSR variable label; may be truncated",306,"Survey item or survey routing field",FALSE,"Original questionnaire route / module retained; system NA not interpreted as a substantive answer","System NA: routing, nonresponse or unavailable; labelled responses preserved",0,"Eligible",TRUE,TRUE,TRUE,"Eligible subject to training-only screening","Code retained; full wording/short label requires review",9394,"Original labelled categories or source type",NA,NA
"Q334","Q334","Q334","Q334: Would your position change if having some districts where Blacks and Hispa","ICPSR variable label; may be truncated",306,"Survey item or survey routing field",FALSE,"Asked Q333=majorities in some districts; Original questionnaire route / module retained; system NA not interpreted as a substantive answer","System NA: routing, nonresponse or unavailable; labelled responses preserved",1596,"Eligible",TRUE,TRUE,FALSE,"Direct partisan or party-selected identity; withheld in Model 3","Code retained; full wording/short label requires review",2318,"Original labelled categories or source type",NA,NA
"Q335","Q335","Q335","Q335: Would your position change if having Blacks and Hispanics spread evenly ac","ICPSR variable label; may be truncated",306,"Survey item or survey routing field",FALSE,"Asked Q333=spread evenly; Original questionnaire route / module retained; system NA not interpreted as a substantive answer","System NA: routing, nonresponse or unavailable; labelled responses preserved",1001,"Eligible",TRUE,TRUE,TRUE,"Eligible subject to training-only screening","Code retained; full wording/short label requires review",4721,"Original labelled categories or source type",NA,NA
"Q336R1C1","Q336","Q336R1C1","Q336r1c1: Radical social change that dismantles institutions such as marriage an","ICPSR variable label; may be truncated",307,"Survey item or survey routing field",FALSE,"Original questionnaire route / module retained; system NA not interpreted as a substantive answer","System NA: routing, nonresponse or unavailable; labelled responses preserved",2056,"Eligible",TRUE,TRUE,TRUE,"Eligible subject to training-only screening","Code retained; full wording/short label requires review",525,"Continuous quantity / allocation",NA,NA
"Q336R2C1","Q336","Q336R2C1","Q336r2c1: Civil rights protections, such as employment and housing policies that","ICPSR variable label; may be truncated",307,"Survey item or survey routing field",FALSE,"Original questionnaire route / module retained; system NA not interpreted as a substantive answer","System NA: routing, nonresponse or unavailable; labelled responses preserved",2056,"Eligible",TRUE,TRUE,TRUE,"Eligible subject to training-only screening","Code retained; full wording/short label requires review",525,"Continuous quantity / allocation",NA,NA
"Q336R3C1","Q336","Q336R3C1","Q336r3c1: Civil liberties protections, such as the right to privacy from governm","ICPSR variable label; may be truncated",308,"Survey item or survey routing field",FALSE,"Original questionnaire route / module retained; system NA not interpreted as a substantive answer","System NA: routing, nonresponse or unavailable; labelled responses preserved",2056,"Eligible",TRUE,TRUE,TRUE,"Eligible subject to training-only screening","Code retained; full wording/short label requires review",525,"Continuous quantity / allocation",NA,NA
"Q339","Q339","Q339","Q339: If you had to choose one approach to improving the status and well-being o","ICPSR variable label; may be truncated",309,"Survey item or survey routing field",FALSE,"Original questionnaire route / module retained; system NA not interpreted as a substantive answer","System NA: routing, nonresponse or unavailable; labelled responses preserved",0,"Eligible",TRUE,TRUE,TRUE,"Eligible subject to training-only screening","Code retained; full wording/short label requires review",17545,"Original labelled categories or source type",NA,NA
"Q340_RACE_1","Q340_RACE_1","Q340_RACE_1","Q340_Race_1: Holds Race for Candidate 1","ICPSR variable label; may be truncated",309,"Survey item or survey routing field",FALSE,"Original questionnaire route / module retained; system NA not interpreted as a substantive answer","System NA: routing, nonresponse or unavailable; labelled responses preserved",0,"Routing/experiment metadata; joined to response where required",FALSE,FALSE,FALSE,"Routing/experiment metadata; joined to response where required","Code retained; full wording/short label requires review",17545,"Original labelled categories or source type",NA,NA
"Q340_RACE_2","Q340_RACE_2","Q340_RACE_2","Q340_Race_2: Holds Race for Candidate 2","ICPSR variable label; may be truncated",309,"Survey item or survey routing field",FALSE,"Original questionnaire route / module retained; system NA not interpreted as a substantive answer","System NA: routing, nonresponse or unavailable; labelled responses preserved",0,"Routing/experiment metadata; joined to response where required",FALSE,FALSE,FALSE,"Routing/experiment metadata; joined to response where required","Code retained; full wording/short label requires review",17545,"Original labelled categories or source type",NA,NA
"Q340_GENDER_1","Q340_GENDER_1","Q340_GENDER_1","Q340_Gender_1: Holds Gender for Candidate 1","ICPSR variable label; may be truncated",310,"Survey item or survey routing field",FALSE,"Original questionnaire route / module retained; system NA not interpreted as a substantive answer","System NA: routing, nonresponse or unavailable; labelled responses preserved",0,"Routing/experiment metadata; joined to response where required",FALSE,FALSE,FALSE,"Routing/experiment metadata; joined to response where required","Code retained; full wording/short label requires review",17545,"Original labelled categories or source type",NA,NA
"Q340_GENDER_2","Q340_GENDER_2","Q340_GENDER_2","Q340_Gender_2: Holds Gender for Candidate 2","ICPSR variable label; may be truncated",310,"Survey item or survey routing field",FALSE,"Original questionnaire route / module retained; system NA not interpreted as a substantive answer","System NA: routing, nonresponse or unavailable; labelled responses preserved",0,"Routing/experiment metadata; joined to response where required",FALSE,FALSE,FALSE,"Routing/experiment metadata; joined to response where required","Code retained; full wording/short label requires review",17545,"Original labelled categories or source type",NA,NA
"Q340_EXP_1","Q340_EXP_1","Q340_EXP_1","Q340_Exp_1: Holds Prior Experience for Candidate 1","ICPSR variable label; may be truncated",310,"Survey item or survey routing field",FALSE,"Original questionnaire route / module retained; system NA not interpreted as a substantive answer","System NA: routing, nonresponse or unavailable; labelled responses preserved",0,"Routing/experiment metadata; joined to response where required",FALSE,FALSE,FALSE,"Routing/experiment metadata; joined to response where required","Code retained; full wording/short label requires review",17545,"Original labelled categories or source type",NA,NA
"Q340_EXP_2","Q340_EXP_2","Q340_EXP_2","Q340_Exp_2: Holds Prior Experience for Candidate 2","ICPSR variable label; may be truncated",311,"Survey item or survey routing field",FALSE,"Original questionnaire route / module retained; system NA not interpreted as a substantive answer","System NA: routing, nonresponse or unavailable; labelled responses preserved",0,"Routing/experiment metadata; joined to response where required",FALSE,FALSE,FALSE,"Routing/experiment metadata; joined to response where required","Code retained; full wording/short label requires review",17545,"Original labelled categories or source type",NA,NA
"Q340_VOUCHER_1","Q340_VOUCHER_1","Q340_VOUCHER_1","Q340_Voucher_1: Holds House Voucher for Candidate 1","ICPSR variable label; may be truncated",311,"Survey item or survey routing field",FALSE,"Original questionnaire route / module retained; system NA not interpreted as a substantive answer","System NA: routing, nonresponse or unavailable; labelled responses preserved",0,"Routing/experiment metadata; joined to response where required",FALSE,FALSE,FALSE,"Routing/experiment metadata; joined to response where required","Code retained; full wording/short label requires review",17545,"Original labelled categories or source type",NA,NA
"Q340_VOUCHER_2","Q340_VOUCHER_2","Q340_VOUCHER_2","Q340_Voucher_2: Holds House Voucher for Candidate 2","ICPSR variable label; may be truncated",312,"Survey item or survey routing field",FALSE,"Original questionnaire route / module retained; system NA not interpreted as a substantive answer","System NA: routing, nonresponse or unavailable; labelled responses preserved",0,"Routing/experiment metadata; joined to response where required",FALSE,FALSE,FALSE,"Routing/experiment metadata; joined to response where required","Code retained; full wording/short label requires review",17545,"Original labelled categories or source type",NA,NA
"Q340_EVICT_1","Q340_EVICT_1","Q340_EVICT_1","Q340_Evict_1: Holds Evictions for Candidate 1","ICPSR variable label; may be truncated",312,"Survey item or survey routing field",FALSE,"Original questionnaire route / module retained; system NA not interpreted as a substantive answer","System NA: routing, nonresponse or unavailable; labelled responses preserved",0,"Routing/experiment metadata; joined to response where required",FALSE,FALSE,FALSE,"Routing/experiment metadata; joined to response where required","Code retained; full wording/short label requires review",17545,"Original labelled categories or source type",NA,NA
"Q340_EVICT_2","Q340_EVICT_2","Q340_EVICT_2","Q340_Evict_2: Holds Evictions for Candidate 2","ICPSR variable label; may be truncated",312,"Survey item or survey routing field",FALSE,"Original questionnaire route / module retained; system NA not interpreted as a substantive answer","System NA: routing, nonresponse or unavailable; labelled responses preserved",0,"Routing/experiment metadata; joined to response where required",FALSE,FALSE,FALSE,"Routing/experiment metadata; joined to response where required","Code retained; full wording/short label requires review",17545,"Original labelled categories or source type",NA,NA
"Q340_BUILD_1","Q340_BUILD_1","Q340_BUILD_1","Q340_Build_1: Holds Building Affordable Housing for Candidate 1","ICPSR variable label; may be truncated",313,"Survey item or survey routing field",FALSE,"Original questionnaire route / module retained; system NA not interpreted as a substantive answer","System NA: routing, nonresponse or unavailable; labelled responses preserved",0,"Routing/experiment metadata; joined to response where required",FALSE,FALSE,FALSE,"Routing/experiment metadata; joined to response where required","Code retained; full wording/short label requires review",17545,"Original labelled categories or source type",NA,NA
"Q340_BUILD_2","Q340_BUILD_2","Q340_BUILD_2","Q340_Build_2: Holds Building Affordable Housing for Candidate 2","ICPSR variable label; may be truncated",313,"Survey item or survey routing field",FALSE,"Original questionnaire route / module retained; system NA not interpreted as a substantive answer","System NA: routing, nonresponse or unavailable; labelled responses preserved",0,"Routing/experiment metadata; joined to response where required",FALSE,FALSE,FALSE,"Routing/experiment metadata; joined to response where required","Code retained; full wording/short label requires review",17545,"Original labelled categories or source type",NA,NA
"Q340_GUN_1","Q340_GUN_1","Q340_GUN_1","Q340_Gun_1: Holds Gun Control for Candidate 1","ICPSR variable label; may be truncated",314,"Survey item or survey routing field",FALSE,"Original questionnaire route / module retained; system NA not interpreted as a substantive answer","System NA: routing, nonresponse or unavailable; labelled responses preserved",0,"Routing/experiment metadata; joined to response where required",FALSE,FALSE,FALSE,"Routing/experiment metadata; joined to response where required","Code retained; full wording/short label requires review",17545,"Original labelled categories or source type",NA,NA
"Q340_GUN_2","Q340_GUN_2","Q340_GUN_2","Q340_Gun_2: Holds Gun Control for Candidate 2","ICPSR variable label; may be truncated",314,"Survey item or survey routing field",FALSE,"Original questionnaire route / module retained; system NA not interpreted as a substantive answer","System NA: routing, nonresponse or unavailable; labelled responses preserved",0,"Routing/experiment metadata; joined to response where required",FALSE,FALSE,FALSE,"Routing/experiment metadata; joined to response where required","Code retained; full wording/short label requires review",17545,"Original labelled categories or source type",NA,NA
"Q340AR1","Q340AR1","Q340AR1","q340ar1: * [pipe: Q340_Race_1] -","ICPSR variable label; may be truncated",314,"Survey item or survey routing field",FALSE,"Original questionnaire route / module retained; system NA not interpreted as a substantive answer","System NA: routing, nonresponse or unavailable; labelled responses preserved",0,"Routing/experiment metadata; joined to response where required",FALSE,FALSE,FALSE,"Routing/experiment metadata; joined to response where required","Code retained; full wording/short label requires review",17545,"Original labelled categories or source type",NA,NA
"Q340AR2","Q340AR2","Q340AR2","q340ar2: * [pipe: Q340_Gender_1] -","ICPSR variable label; may be truncated",315,"Survey item or survey routing field",FALSE,"Original questionnaire route / module retained; system NA not interpreted as a substantive answer","System NA: routing, nonresponse or unavailable; labelled responses preserved",0,"Routing/experiment metadata; joined to response where required",FALSE,FALSE,FALSE,"Routing/experiment metadata; joined to response where required","Code retained; full wording/short label requires review",17545,"Original labelled categories or source type",NA,NA
"Q340AR3","Q340AR3","Q340AR3","q340ar3: * [pipe: Q340_Exp_1] -","ICPSR variable label; may be truncated",315,"Survey item or survey routing field",FALSE,"Original questionnaire route / module retained; system NA not interpreted as a substantive answer","System NA: routing, nonresponse or unavailable; labelled responses preserved",0,"Routing/experiment metadata; joined to response where required",FALSE,FALSE,FALSE,"Routing/experiment metadata; joined to response where required","Code retained; full wording/short label requires review",17545,"Original labelled categories or source type",NA,NA
"Q340AR4","Q340AR4","Q340AR4","q340ar4: * [pipe: Q340_Voucher_1] -","ICPSR variable label; may be truncated",315,"Survey item or survey routing field",FALSE,"Original questionnaire route / module retained; system NA not interpreted as a substantive answer","System NA: routing, nonresponse or unavailable; labelled responses preserved",0,"Routing/experiment metadata; joined to response where required",FALSE,FALSE,FALSE,"Routing/experiment metadata; joined to response where required","Code retained; full wording/short label requires review",17545,"Original labelled categories or source type",NA,NA
"Q340AR5","Q340AR5","Q340AR5","q340ar5: * [pipe: Q340_Evict_1] -","ICPSR variable label; may be truncated",316,"Survey item or survey routing field",FALSE,"Original questionnaire route / module retained; system NA not interpreted as a substantive answer","System NA: routing, nonresponse or unavailable; labelled responses preserved",0,"Routing/experiment metadata; joined to response where required",FALSE,FALSE,FALSE,"Routing/experiment metadata; joined to response where required","Code retained; full wording/short label requires review",17545,"Original labelled categories or source type",NA,NA
"Q340AR6","Q340AR6","Q340AR6","q340ar6: * [pipe: Q340_Build_1] -","ICPSR variable label; may be truncated",316,"Survey item or survey routing field",FALSE,"Original questionnaire route / module retained; system NA not interpreted as a substantive answer","System NA: routing, nonresponse or unavailable; labelled responses preserved",0,"Routing/experiment metadata; joined to response where required",FALSE,FALSE,FALSE,"Routing/experiment metadata; joined to response where required","Code retained; full wording/short label requires review",17545,"Original labelled categories or source type",NA,NA
"Q340AR7","Q340AR7","Q340AR7","q340ar7: * [pipe: Q340_Gun_1] -","ICPSR variable label; may be truncated",316,"Survey item or survey routing field",FALSE,"Original questionnaire route / module retained; system NA not interpreted as a substantive answer","System NA: routing, nonresponse or unavailable; labelled responses preserved",0,"Routing/experiment metadata; joined to response where required",FALSE,FALSE,FALSE,"Routing/experiment metadata; joined to response where required","Code retained; full wording/short label requires review",17545,"Original labelled categories or source type",NA,NA
"Q340BR1","Q340BR1","Q340BR1","q340br1: * [pipe: Q340_Race_2] - Candidate B hidden place holder for piping","ICPSR variable label; may be truncated",316,"Survey item or survey routing field",FALSE,"Original questionnaire route / module retained; system NA not interpreted as a substantive answer","System NA: routing, nonresponse or unavailable; labelled responses preserved",0,"Routing/experiment metadata; joined to response where required",FALSE,FALSE,FALSE,"Routing/experiment metadata; joined to response where required","Code retained; full wording/short label requires review",17545,"Original labelled categories or source type",NA,NA
"Q340BR2","Q340BR2","Q340BR2","q340br2: * [pipe: Q340_Gender_2] - Candidate B hidden place holder for piping","ICPSR variable label; may be truncated",317,"Survey item or survey routing field",FALSE,"Original questionnaire route / module retained; system NA not interpreted as a substantive answer","System NA: routing, nonresponse or unavailable; labelled responses preserved",0,"Routing/experiment metadata; joined to response where required",FALSE,FALSE,FALSE,"Routing/experiment metadata; joined to response where required","Code retained; full wording/short label requires review",17545,"Original labelled categories or source type",NA,NA
"Q340BR3","Q340BR3","Q340BR3","q340br3: * [pipe: Q340_Exp_2] - Candidate B hidden place holder for piping","ICPSR variable label; may be truncated",317,"Survey item or survey routing field",FALSE,"Original questionnaire route / module retained; system NA not interpreted as a substantive answer","System NA: routing, nonresponse or unavailable; labelled responses preserved",0,"Routing/experiment metadata; joined to response where required",FALSE,FALSE,FALSE,"Routing/experiment metadata; joined to response where required","Code retained; full wording/short label requires review",17545,"Original labelled categories or source type",NA,NA
"Q340BR4","Q340BR4","Q340BR4","q340br4: * [pipe: Q340_Voucher_2] - Candidate B hidden place holder for piping","ICPSR variable label; may be truncated",317,"Survey item or survey routing field",FALSE,"Original questionnaire route / module retained; system NA not interpreted as a substantive answer","System NA: routing, nonresponse or unavailable; labelled responses preserved",0,"Routing/experiment metadata; joined to response where required",FALSE,FALSE,FALSE,"Routing/experiment metadata; joined to response where required","Code retained; full wording/short label requires review",17545,"Original labelled categories or source type",NA,NA
"Q340BR5","Q340BR5","Q340BR5","q340br5: * [pipe: Q340_Evict_2] - Candidate B hidden place holder for piping","ICPSR variable label; may be truncated",318,"Survey item or survey routing field",FALSE,"Original questionnaire route / module retained; system NA not interpreted as a substantive answer","System NA: routing, nonresponse or unavailable; labelled responses preserved",0,"Routing/experiment metadata; joined to response where required",FALSE,FALSE,FALSE,"Routing/experiment metadata; joined to response where required","Code retained; full wording/short label requires review",17545,"Original labelled categories or source type",NA,NA
"Q340BR6","Q340BR6","Q340BR6","q340br6: * [pipe: Q340_Build_2] - Candidate B hidden place holder for piping","ICPSR variable label; may be truncated",318,"Survey item or survey routing field",FALSE,"Original questionnaire route / module retained; system NA not interpreted as a substantive answer","System NA: routing, nonresponse or unavailable; labelled responses preserved",0,"Routing/experiment metadata; joined to response where required",FALSE,FALSE,FALSE,"Routing/experiment metadata; joined to response where required","Code retained; full wording/short label requires review",17545,"Original labelled categories or source type",NA,NA
"Q340BR7","Q340BR7","Q340BR7","q340br7: * [pipe: Q340_Gun_2] - Candidate B hidden place holder for piping","ICPSR variable label; may be truncated",318,"Survey item or survey routing field",FALSE,"Original questionnaire route / module retained; system NA not interpreted as a substantive answer","System NA: routing, nonresponse or unavailable; labelled responses preserved",0,"Routing/experiment metadata; joined to response where required",FALSE,FALSE,FALSE,"Routing/experiment metadata; joined to response where required","Code retained; full wording/short label requires review",17545,"Original labelled categories or source type",NA,NA
"Q340AAR1","Q340AAR1","Q340AAR1","q340aar1: Holds order for Candidate A","ICPSR variable label; may be truncated",319,"Survey item or survey routing field",FALSE,"Original questionnaire route / module retained; system NA not interpreted as a substantive answer","System NA: routing, nonresponse or unavailable; labelled responses preserved",0,"Uncoded/free-text field; no text model",FALSE,FALSE,FALSE,"Uncoded/free-text field; no text model","Code retained; full wording/short label requires review",17545,"Original labelled categories or source type",NA,NA
"Q340BBR1","Q340BBR1","Q340BBR1","q340bbr1: Holds order for Candidate B","ICPSR variable label; may be truncated",319,"Survey item or survey routing field",FALSE,"Original questionnaire route / module retained; system NA not interpreted as a substantive answer","System NA: routing, nonresponse or unavailable; labelled responses preserved",0,"Uncoded/free-text field; no text model",FALSE,FALSE,FALSE,"Uncoded/free-text field; no text model","Code retained; full wording/short label requires review",17545,"Original labelled categories or source type",NA,NA
"Q340","Q340","Q340","Q340: Which candidate would you vote for?","ICPSR variable label; may be truncated",319,"Survey item or survey routing field",FALSE,"Condition joined: Q340_RACE_1; Q340_RACE_2; Q340_GENDER_1; Q340_GENDER_2; Q340_EXP_1; Q340_EXP_2; Q340_VOUCHER_1; Q340_VOUCHER_2; Q340_EVICT_1; Q340_EVICT_2; Q340_BUILD_1; Q340_BUILD_2; Q340_GUN_1; Q340_GUN_2","System NA: routing, nonresponse or unavailable; labelled responses preserved",0,"Eligible",TRUE,FALSE,FALSE,"Candidate/election-proximate; Model 1 only","Code retained; full wording/short label requires review",17545,"Original labelled categories or source type",NA,NA
"Q341R1","Q341R1","Q341R1","Q341r1: Candidate 1:","ICPSR variable label; may be truncated",319,"Survey item or survey routing field",FALSE,"Condition joined: Q340_RACE_1; Q340_GENDER_1; Q340_EXP_1; Q340_VOUCHER_1; Q340_EVICT_1; Q340_BUILD_1; Q340_GUN_1","System NA: routing, nonresponse or unavailable; labelled responses preserved",0,"Eligible",TRUE,FALSE,FALSE,"Candidate/election-proximate; Model 1 only","Code retained; full wording/short label requires review",17545,"Original labelled categories or source type",NA,NA
"Q341R2","Q341R2","Q341R2","Q341r2: Candidate 2: - If you have up to 1 hour, how much time are you willing t","ICPSR variable label; may be truncated",321,"Survey item or survey routing field",FALSE,"Condition joined: Q340_RACE_2; Q340_GENDER_2; Q340_EXP_2; Q340_VOUCHER_2; Q340_EVICT_2; Q340_BUILD_2; Q340_GUN_2","System NA: routing, nonresponse or unavailable; labelled responses preserved",0,"Eligible",TRUE,FALSE,FALSE,"Candidate/election-proximate; Model 1 only","Code retained; full wording/short label requires review",17545,"Original labelled categories or source type",NA,NA
"Q343R1","Q343R1","Q343R1","Q343r1: Building more duplexes, townhomes, and low-rise apartments - Do you supp","ICPSR variable label; may be truncated",322,"Survey item or survey routing field",FALSE,"Original questionnaire route / module retained; system NA not interpreted as a substantive answer","System NA: routing, nonresponse or unavailable; labelled responses preserved",0,"Eligible",TRUE,TRUE,TRUE,"Eligible subject to training-only screening","Code retained; full wording/short label requires review",17545,"Original labelled categories or source type",NA,NA
"Q343R2","Q343R2","Q343R2","Q343r2: Banning discrimination against section 8 voucher use - Do you support th","ICPSR variable label; may be truncated",323,"Survey item or survey routing field",FALSE,"Original questionnaire route / module retained; system NA not interpreted as a substantive answer","System NA: routing, nonresponse or unavailable; labelled responses preserved",0,"Eligible",TRUE,TRUE,TRUE,"Eligible subject to training-only screening","Code retained; full wording/short label requires review",17545,"Original labelled categories or source type",NA,NA
"Q343R3","Q343R3","Q343R3","Q343r3: Limiting evictions - Do you support the following policies?","ICPSR variable label; may be truncated",323,"Survey item or survey routing field",FALSE,"Original questionnaire route / module retained; system NA not interpreted as a substantive answer","System NA: routing, nonresponse or unavailable; labelled responses preserved",0,"Eligible",TRUE,TRUE,TRUE,"Eligible subject to training-only screening","Code retained; full wording/short label requires review",17545,"Original labelled categories or source type",NA,NA
"Q343R4","Q343R4","Q343R4","Q343r4: Rent control - Do you support the following policies?","ICPSR variable label; may be truncated",323,"Survey item or survey routing field",FALSE,"Original questionnaire route / module retained; system NA not interpreted as a substantive answer","System NA: routing, nonresponse or unavailable; labelled responses preserved",0,"Eligible",TRUE,TRUE,TRUE,"Eligible subject to training-only screening","Code retained; full wording/short label requires review",17545,"Original labelled categories or source type",NA,NA
"Q347SPLIT","Q347SPLIT","Q347SPLIT","q347split: holds split for q347","ICPSR variable label; may be truncated",324,"Survey item or survey routing field",FALSE,"Original questionnaire route / module retained; system NA not interpreted as a substantive answer","System NA: routing, nonresponse or unavailable; labelled responses preserved",0,"Routing/experiment metadata; joined to response where required",FALSE,FALSE,FALSE,"Routing/experiment metadata; joined to response where required","Code retained; full wording/short label requires review",17545,"Original labelled categories or source type",NA,NA
"Q347","Q347","Q347","Q347: Thinking about the representation and diversity of your local [pipe: q347s","ICPSR variable label; may be truncated",324,"Survey item or survey routing field",FALSE,"Condition joined: Q347SPLIT","System NA: routing, nonresponse or unavailable; labelled responses preserved",0,"Eligible",TRUE,TRUE,TRUE,"Eligible subject to training-only screening","Code retained; full wording/short label requires review",17545,"Original labelled categories or source type",NA,NA
"Q348","Q348","Q348","Q348: How much influence do you think [pipe: S2_Race_Prime] people have over you","ICPSR variable label; may be truncated",325,"Survey item or survey routing field",FALSE,"Condition joined: Q347SPLIT; S2_RACE_PRIME","System NA: routing, nonresponse or unavailable; labelled responses preserved",0,"Eligible",TRUE,TRUE,TRUE,"Eligible subject to training-only screening","Code retained; full wording/short label requires review",17545,"Original labelled categories or source type",NA,NA
"Q349","Q349","Q349","Q349: How much do you think your local [pipe: q347split] care about the prioriti","ICPSR variable label; may be truncated",325,"Survey item or survey routing field",FALSE,"Condition joined: Q347SPLIT","System NA: routing, nonresponse or unavailable; labelled responses preserved",0,"Eligible",TRUE,TRUE,TRUE,"Eligible subject to training-only screening","Code retained; full wording/short label requires review",17545,"Original labelled categories or source type",NA,NA
"Q350","Q350","Q350","Q350: How much real improvement do you think there has been in the economic posi","ICPSR variable label; may be truncated",325,"Survey item or survey routing field",FALSE,"Original questionnaire route / module retained; system NA not interpreted as a substantive answer","System NA: routing, nonresponse or unavailable; labelled responses preserved",0,"Eligible",TRUE,TRUE,TRUE,"Eligible subject to training-only screening","Code retained; full wording/short label requires review",17545,"Original labelled categories or source type",NA,NA
"Q351","Q351","Q351","Q351: Now what about in your neighborhood. How much real improvement do you thin","ICPSR variable label; may be truncated",326,"Survey item or survey routing field",FALSE,"Original questionnaire route / module retained; system NA not interpreted as a substantive answer","System NA: routing, nonresponse or unavailable; labelled responses preserved",0,"Eligible",TRUE,TRUE,TRUE,"Eligible subject to training-only screening","Code retained; full wording/short label requires review",17545,"Original labelled categories or source type",NA,NA
"Q352","Q352","Q352","Q352: When it comes to undocumented Mexican immigrants who are already living an","ICPSR variable label; may be truncated",326,"Survey item or survey routing field",FALSE,"Original questionnaire route / module retained; system NA not interpreted as a substantive answer","System NA: routing, nonresponse or unavailable; labelled responses preserved",0,"Eligible",TRUE,TRUE,TRUE,"Eligible subject to training-only screening","Code retained; full wording/short label requires review",17545,"Original labelled categories or source type",NA,NA
"Q353","Q353","Q353","Q353: Thinking about your overall giving, what would you say was the total dolla","ICPSR variable label; may be truncated",326,"Survey item or survey routing field",FALSE,"Original questionnaire route / module retained; system NA not interpreted as a substantive answer","System NA: routing, nonresponse or unavailable; labelled responses preserved",2074,"Eligible",TRUE,TRUE,TRUE,"Eligible subject to training-only screening","Code retained; full wording/short label requires review",765,"Original labelled categories or source type",NA,NA
"Q354","Q354","Q354","Q354: Thinking about your overall giving, what would you say was the total dolla","ICPSR variable label; may be truncated",327,"Survey item or survey routing field",FALSE,"Original questionnaire route / module retained; system NA not interpreted as a substantive answer","System NA: routing, nonresponse or unavailable; labelled responses preserved",2074,"Eligible",TRUE,TRUE,TRUE,"Eligible subject to training-only screening","Code retained; full wording/short label requires review",765,"Original labelled categories or source type",NA,NA
"Q355R1","Q355","Q355R1","Q355r1: Relief organizations for overseas relief efforts - Which of the followin","ICPSR variable label; may be truncated",327,"Survey item or survey routing field",FALSE,"Muslim-targeted module; Original questionnaire route / module retained; system NA not interpreted as a substantive answer","System NA: routing, nonresponse or unavailable; labelled responses preserved",2074,"Eligible",TRUE,TRUE,TRUE,"Eligible subject to training-only screening","Code retained; full wording/short label requires review",765,"Original labelled categories or source type",NA,NA
"Q355R2","Q355","Q355R2","Q355r2: Relief organizations for domestic poverty alleviation - Which of the fol","ICPSR variable label; may be truncated",328,"Survey item or survey routing field",FALSE,"Muslim-targeted module; Original questionnaire route / module retained; system NA not interpreted as a substantive answer","System NA: routing, nonresponse or unavailable; labelled responses preserved",2074,"Eligible",TRUE,TRUE,TRUE,"Eligible subject to training-only screening","Code retained; full wording/short label requires review",765,"Original labelled categories or source type",NA,NA
"Q355R3","Q355","Q355R3","Q355r3: Civil rights organizations dedicated to protecting the rights of people","ICPSR variable label; may be truncated",328,"Survey item or survey routing field",FALSE,"Muslim-targeted module; Original questionnaire route / module retained; system NA not interpreted as a substantive answer","System NA: routing, nonresponse or unavailable; labelled responses preserved",2074,"Eligible",TRUE,TRUE,TRUE,"Eligible subject to training-only screening","Code retained; full wording/short label requires review",765,"Original labelled categories or source type",NA,NA
"Q355R4","Q355","Q355R4","Q355r4: Educational purpose - Which of the following have you contributed to?","ICPSR variable label; may be truncated",328,"Survey item or survey routing field",FALSE,"Muslim-targeted module; Original questionnaire route / module retained; system NA not interpreted as a substantive answer","System NA: routing, nonresponse or unavailable; labelled responses preserved",2074,"Eligible",TRUE,TRUE,TRUE,"Eligible subject to training-only screening","Code retained; full wording/short label requires review",765,"Original labelled categories or source type",NA,NA
"Q355R5","Q355","Q355R5","Q355r5: Youth and family services - Which of the following have you contributed","ICPSR variable label; may be truncated",329,"Survey item or survey routing field",FALSE,"Muslim-targeted module; Original questionnaire route / module retained; system NA not interpreted as a substantive answer","System NA: routing, nonresponse or unavailable; labelled responses preserved",2074,"Eligible",TRUE,TRUE,TRUE,"Eligible subject to training-only screening","Code retained; full wording/short label requires review",765,"Original labelled categories or source type",NA,NA
"Q355R6","Q355","Q355R6","Q355r6: Arts and culture - Which of the following have you contributed to?","ICPSR variable label; may be truncated",329,"Survey item or survey routing field",FALSE,"Muslim-targeted module; Original questionnaire route / module retained; system NA not interpreted as a substantive answer","System NA: routing, nonresponse or unavailable; labelled responses preserved",2074,"Eligible",TRUE,TRUE,TRUE,"Eligible subject to training-only screening","Code retained; full wording/short label requires review",765,"Original labelled categories or source type",NA,NA
"Q355R7","Q355","Q355R7","Q355r7: Health care or medical research - Which of the following have you contri","ICPSR variable label; may be truncated",329,"Survey item or survey routing field",FALSE,"Muslim-targeted module; Original questionnaire route / module retained; system NA not interpreted as a substantive answer","System NA: routing, nonresponse or unavailable; labelled responses preserved",2074,"Eligible",TRUE,TRUE,TRUE,"Eligible subject to training-only screening","Code retained; full wording/short label requires review",765,"Original labelled categories or source type",NA,NA
"Q355R8","Q355","Q355R8","Q355r8: Preserving the environment - Which of the following have you contributed","ICPSR variable label; may be truncated",330,"Survey item or survey routing field",FALSE,"Muslim-targeted module; Original questionnaire route / module retained; system NA not interpreted as a substantive answer","System NA: routing, nonresponse or unavailable; labelled responses preserved",2074,"Eligible",TRUE,TRUE,TRUE,"Eligible subject to training-only screening","Code retained; full wording/short label requires review",765,"Original labelled categories or source type",NA,NA
"Q355R9","Q355","Q355R9","Q355r9: None of these - Which of the following have you contributed to?","ICPSR variable label; may be truncated",330,"Survey item or survey routing field",FALSE,"Muslim-targeted module; Original questionnaire route / module retained; system NA not interpreted as a substantive answer","System NA: routing, nonresponse or unavailable; labelled responses preserved",2074,"Eligible",TRUE,TRUE,TRUE,"Eligible subject to training-only screening","Code retained; full wording/short label requires review",765,"Original labelled categories or source type",NA,NA
"Q356","Q356","Q356","Q356: Over the past year, did you participate in a Black Lives Matter protest or","ICPSR variable label; may be truncated",330,"Survey item or survey routing field",FALSE,"Original questionnaire route / module retained; system NA not interpreted as a substantive answer","System NA: routing, nonresponse or unavailable; labelled responses preserved",0,"Eligible",TRUE,TRUE,TRUE,"Eligible subject to training-only screening","Code retained; full wording/short label requires review",17545,"Original labelled categories or source type",NA,NA
"Q357","Q357","Q357","Q357: About how many days did you go to a Black Lives Matter protest?","ICPSR variable label; may be truncated",331,"Survey item or survey routing field",FALSE,"Original questionnaire route / module retained; system NA not interpreted as a substantive answer","System NA: routing, nonresponse or unavailable; labelled responses preserved",1851,"Eligible",TRUE,TRUE,TRUE,"Eligible subject to training-only screening","Code retained; full wording/short label requires review",2500,"Original labelled categories or source type",NA,NA
"Q358","Q358","BLM movement support","Q358: Based on everything you have heard or seen, how much do you support or opp","ICPSR variable label; may be truncated",331,"Survey item or survey routing field",FALSE,"Original questionnaire route / module retained; system NA not interpreted as a substantive answer","System NA: routing, nonresponse or unavailable; labelled responses preserved",0,"Eligible",TRUE,TRUE,TRUE,"Eligible subject to training-only screening","Verified short label; original source construct retained",17545,"Original labelled categories or source type",358,69
"Q359R1","Q359R1","Q359R1","Q359r1: [pipe: S2_Race_Prime]s have a responsibility to support the Black Lives","ICPSR variable label; may be truncated",332,"Survey item or survey routing field",FALSE,"Condition joined: S2_RACE_PRIME","System NA: routing, nonresponse or unavailable; labelled responses preserved",0,"Eligible",TRUE,TRUE,TRUE,"Eligible subject to training-only screening","Code retained; full wording/short label requires review",17545,"Original labelled categories or source type",NA,NA
"Q359R2","Q359R2","Own group benefits from BLM","Q359r2: [pipe: S2_Race_Prime]s will benefit from the success of the Black Lives","ICPSR variable label; may be truncated",332,"Survey item or survey routing field",FALSE,"Condition joined: S2_RACE_PRIME","System NA: routing, nonresponse or unavailable; labelled responses preserved",0,"Eligible",TRUE,TRUE,TRUE,"Eligible subject to training-only screening","Verified short label; original source construct retained",17545,"Original labelled categories or source type",360,69
"Q359R3","Q359R3","Q359R3","Q359r3: When Americans speak up and protest injustice in the U.S., it always mak","ICPSR variable label; may be truncated",332,"Survey item or survey routing field",FALSE,"Original questionnaire route / module retained; system NA not interpreted as a substantive answer","System NA: routing, nonresponse or unavailable; labelled responses preserved",0,"Eligible",TRUE,TRUE,TRUE,"Eligible subject to training-only screening","Code retained; full wording/short label requires review",17545,"Original labelled categories or source type",NA,NA
"Q359R4","Q359R4","Q359R4","Q359r4: When Black Americans speak up and protest injustice in the U.S., it alwa","ICPSR variable label; may be truncated",333,"Survey item or survey routing field",FALSE,"Original questionnaire route / module retained; system NA not interpreted as a substantive answer","System NA: routing, nonresponse or unavailable; labelled responses preserved",0,"Eligible",TRUE,TRUE,TRUE,"Eligible subject to training-only screening","Code retained; full wording/short label requires review",17545,"Original labelled categories or source type",NA,NA
"Q363","Q363","Q363","Q363: Thinking about government services, political power and representation, wo","ICPSR variable label; may be truncated",333,"Survey item or survey routing field",FALSE,"Original questionnaire route / module retained; system NA not interpreted as a substantive answer","System NA: routing, nonresponse or unavailable; labelled responses preserved",0,"Eligible",TRUE,TRUE,TRUE,"Eligible subject to training-only screening","Code retained; full wording/short label requires review",8810,"Original labelled categories or source type",NA,NA
"Q364SPLIT","Q364SPLIT","Q364SPLIT","q364split: holds split for q364","ICPSR variable label; may be truncated",333,"Survey item or survey routing field",FALSE,"Original questionnaire route / module retained; system NA not interpreted as a substantive answer","System NA: routing, nonresponse or unavailable; labelled responses preserved",0,"Routing/experiment metadata; joined to response where required",FALSE,FALSE,FALSE,"Routing/experiment metadata; joined to response where required","Code retained; full wording/short label requires review",8810,"Original labelled categories or source type",NA,NA
"Q364","Q364","Q364","Q364: If there were protests in your area, how comfortable or uncomfortable woul","ICPSR variable label; may be truncated",334,"Survey item or survey routing field",FALSE,"Original questionnaire route / module retained; system NA not interpreted as a substantive answer","System NA: routing, nonresponse or unavailable; labelled responses preserved",1011,"Eligible",TRUE,TRUE,TRUE,"Eligible subject to training-only screening","Code retained; full wording/short label requires review",4417,"Original labelled categories or source type",NA,NA
"Q365","Q365","Q365","Q365: If there were Black Lives Matter protests in your area, how comfortable or","ICPSR variable label; may be truncated",334,"Survey item or survey routing field",FALSE,"Original questionnaire route / module retained; system NA not interpreted as a substantive answer","System NA: routing, nonresponse or unavailable; labelled responses preserved",1071,"Eligible",TRUE,TRUE,TRUE,"Eligible subject to training-only screening","Code retained; full wording/short label requires review",4393,"Original labelled categories or source type",NA,NA
"Q366R1","Q366","Q366R1","Q366r1: No, I did not engage online on this issue at all - Thinking about the is","ICPSR variable label; may be truncated",335,"Survey item or survey routing field",FALSE,"Original questionnaire route / module retained; system NA not interpreted as a substantive answer","System NA: routing, nonresponse or unavailable; labelled responses preserved",0,"Eligible",TRUE,TRUE,TRUE,"Eligible subject to training-only screening","Code retained; full wording/short label requires review",17545,"Original labelled categories or source type",NA,NA
"Q366R2","Q366","Q366R2","Q366r2: Yes, I engaged in support of BLM - Thinking about the issue of police vi","ICPSR variable label; may be truncated",335,"Survey item or survey routing field",FALSE,"Original questionnaire route / module retained; system NA not interpreted as a substantive answer","System NA: routing, nonresponse or unavailable; labelled responses preserved",0,"Eligible",TRUE,TRUE,TRUE,"Eligible subject to training-only screening","Code retained; full wording/short label requires review",17545,"Original labelled categories or source type",NA,NA
"Q366R3","Q366","Q366R3","Q366r3: Yes, I engaged in support of police - Thinking about the issue of police","ICPSR variable label; may be truncated",335,"Survey item or survey routing field",FALSE,"Original questionnaire route / module retained; system NA not interpreted as a substantive answer","System NA: routing, nonresponse or unavailable; labelled responses preserved",0,"Eligible",TRUE,TRUE,TRUE,"Eligible subject to training-only screening","Code retained; full wording/short label requires review",17545,"Original labelled categories or source type",NA,NA
"Q366R4","Q366","Q366R4","Q366r4: Yes, I engaged in general on the issue - Thinking about the issue of pol","ICPSR variable label; may be truncated",336,"Survey item or survey routing field",FALSE,"Original questionnaire route / module retained; system NA not interpreted as a substantive answer","System NA: routing, nonresponse or unavailable; labelled responses preserved",0,"Eligible",TRUE,TRUE,TRUE,"Eligible subject to training-only screening","Code retained; full wording/short label requires review",17545,"Original labelled categories or source type",NA,NA
"Q367","Q367","Q367","Q367: In response to the killing of George Floyd in Minnesota, millions of peopl","ICPSR variable label; may be truncated",336,"Survey item or survey routing field",FALSE,"Original questionnaire route / module retained; system NA not interpreted as a substantive answer","System NA: routing, nonresponse or unavailable; labelled responses preserved",0,"Eligible",TRUE,TRUE,TRUE,"Eligible subject to training-only screening","Code retained; full wording/short label requires review",17545,"Original labelled categories or source type",NA,NA
"Q368","Q368","Race and racism in K–12 history","Q368: During the summer of 2020, Black Lives Matter and protesters around the wo","ICPSR variable label; may be truncated",336,"Survey item or survey routing field",FALSE,"Original questionnaire route / module retained; system NA not interpreted as a substantive answer","System NA: routing, nonresponse or unavailable; labelled responses preserved",0,"Eligible",TRUE,TRUE,TRUE,"Eligible subject to training-only screening","Verified short label; original source construct retained",17545,"Original labelled categories or source type",368,71
"Q369","Q369","Q369","Q369: Which statement do you agree the most:","ICPSR variable label; may be truncated",337,"Survey item or survey routing field",FALSE,"Original questionnaire route / module retained; system NA not interpreted as a substantive answer","System NA: routing, nonresponse or unavailable; labelled responses preserved",1378,"Eligible",TRUE,TRUE,TRUE,"Eligible subject to training-only screening","Code retained; full wording/short label requires review",6165,"Original labelled categories or source type",NA,NA
"Q370","Q370","Q370","Q370: Which statement do you agree the most:","ICPSR variable label; may be truncated",337,"Survey item or survey routing field",FALSE,"Original questionnaire route / module retained; system NA not interpreted as a substantive answer","System NA: routing, nonresponse or unavailable; labelled responses preserved",1378,"Eligible",TRUE,TRUE,TRUE,"Eligible subject to training-only screening","Code retained; full wording/short label requires review",6165,"Original labelled categories or source type",NA,NA
"Q371","Q371","Q371","Q371: During the COVID-19 pandemic, the Center for Disease Control (CDC) suggest","ICPSR variable label; may be truncated",337,"Survey item or survey routing field",FALSE,"Original questionnaire route / module retained; system NA not interpreted as a substantive answer","System NA: routing, nonresponse or unavailable; labelled responses preserved",0,"Eligible",TRUE,TRUE,TRUE,"Eligible subject to training-only screening","Code retained; full wording/short label requires review",17545,"Original labelled categories or source type",NA,NA
"Q372","Q372","Q372","Q372: As far as you know, when you are inside a public place, like a store, offi","ICPSR variable label; may be truncated",338,"Survey item or survey routing field",FALSE,"Original questionnaire route / module retained; system NA not interpreted as a substantive answer","System NA: routing, nonresponse or unavailable; labelled responses preserved",0,"Eligible",TRUE,TRUE,TRUE,"Eligible subject to training-only screening","Code retained; full wording/short label requires review",17545,"Original labelled categories or source type",NA,NA
"Q373","Q373","Q373","Q373: How would you describe the role of Mosque in spreading awareness about COV","ICPSR variable label; may be truncated",338,"Survey item or survey routing field",FALSE,"Original questionnaire route / module retained; system NA not interpreted as a substantive answer","System NA: routing, nonresponse or unavailable; labelled responses preserved",2074,"Eligible",TRUE,TRUE,TRUE,"Eligible subject to training-only screening","Code retained; full wording/short label requires review",765,"Original labelled categories or source type",NA,NA
"Q374","Q374","Q374","Q374: What percentage of your total charitable contributions did you make this R","ICPSR variable label; may be truncated",338,"Survey item or survey routing field",FALSE,"Original questionnaire route / module retained; system NA not interpreted as a substantive answer","System NA: routing, nonresponse or unavailable; labelled responses preserved",2074,"Eligible",TRUE,TRUE,TRUE,"Eligible subject to training-only screening","Code retained; full wording/short label requires review",765,"Original labelled categories or source type",NA,NA
"Q375","Q375","Q375","Q375: Do you think your charitable contributions in this Ramadan when compared t","ICPSR variable label; may be truncated",339,"Survey item or survey routing field",FALSE,"Original questionnaire route / module retained; system NA not interpreted as a substantive answer","System NA: routing, nonresponse or unavailable; labelled responses preserved",2074,"Eligible",TRUE,TRUE,TRUE,"Eligible subject to training-only screening","Code retained; full wording/short label requires review",765,"Original labelled categories or source type",NA,NA
"Q376","Q376","Q376","Q376: When you are out in public, how often do you wear religious garb or a head","ICPSR variable label; may be truncated",339,"Survey item or survey routing field",FALSE,"Original questionnaire route / module retained; system NA not interpreted as a substantive answer","System NA: routing, nonresponse or unavailable; labelled responses preserved",2074,"Eligible",TRUE,TRUE,TRUE,"Eligible subject to training-only screening","Code retained; full wording/short label requires review",765,"Original labelled categories or source type",NA,NA
"Q377","Q377","Q377","Q377: We are interested in your reactions to some things that happen in everyday","ICPSR variable label; may be truncated",340,"Survey item or survey routing field",FALSE,"Original questionnaire route / module retained; system NA not interpreted as a substantive answer","System NA: routing, nonresponse or unavailable; labelled responses preserved",1294,"Eligible",TRUE,TRUE,TRUE,"Eligible subject to training-only screening","Code retained; full wording/short label requires review",5447,"Original labelled categories or source type",NA,NA
"Q378","Q378","Q378","Q378: Tim is a White man who owns a hair salon. His business is growing rapidly","ICPSR variable label; may be truncated",340,"Survey item or survey routing field",FALSE,"Original questionnaire route / module retained; system NA not interpreted as a substantive answer","System NA: routing, nonresponse or unavailable; labelled responses preserved",1294,"Eligible",TRUE,TRUE,TRUE,"Eligible subject to training-only screening","Code retained; full wording/short label requires review",5447,"Original labelled categories or source type",NA,NA
"Q379","Q379","Q379","Q379: Milford is a mid-sized city in the Northeast. The main bus depot for the c","ICPSR variable label; may be truncated",341,"Survey item or survey routing field",FALSE,"Original questionnaire route / module retained; system NA not interpreted as a substantive answer","System NA: routing, nonresponse or unavailable; labelled responses preserved",1294,"Eligible",TRUE,TRUE,TRUE,"Eligible subject to training-only screening","Code retained; full wording/short label requires review",5447,"Original labelled categories or source type",NA,NA
"Q380","Q380","Q380","Q380: Michael is a young Black man who lives in a midwestern city. One day Micha","ICPSR variable label; may be truncated",341,"Survey item or survey routing field",FALSE,"Original questionnaire route / module retained; system NA not interpreted as a substantive answer","System NA: routing, nonresponse or unavailable; labelled responses preserved",1294,"Eligible",TRUE,TRUE,TRUE,"Eligible subject to training-only screening","Code retained; full wording/short label requires review",5447,"Original labelled categories or source type",NA,NA
"Q381_Q383R1","Q381_Q383R1","Q381_Q383R1","Q381_Q383r1: Where would you rate Whites in general on this scale? - Now we have","ICPSR variable label; may be truncated",341,"Survey item or survey routing field",FALSE,"Original questionnaire route / module retained; system NA not interpreted as a substantive answer","System NA: routing, nonresponse or unavailable; labelled responses preserved",0,"Eligible",TRUE,TRUE,TRUE,"Eligible subject to training-only screening","Code retained; full wording/short label requires review",17545,"Original labelled categories or source type",NA,NA
"Q381_Q383R2","Q381_Q383R2","Q381_Q383R2","Q381_Q383r2: Where would you rate Blacks in general on this scale? - Now we have","ICPSR variable label; may be truncated",342,"Survey item or survey routing field",FALSE,"Original questionnaire route / module retained; system NA not interpreted as a substantive answer","System NA: routing, nonresponse or unavailable; labelled responses preserved",0,"Eligible",TRUE,TRUE,TRUE,"Eligible subject to training-only screening","Code retained; full wording/short label requires review",17545,"Original labelled categories or source type",NA,NA
"Q381_Q383R3","Q381_Q383R3","Q381_Q383R3","Q381_Q383r3: Where would you rate Latinos in general on this scale? - Now we hav","ICPSR variable label; may be truncated",342,"Survey item or survey routing field",FALSE,"Original questionnaire route / module retained; system NA not interpreted as a substantive answer","System NA: routing, nonresponse or unavailable; labelled responses preserved",0,"Eligible",TRUE,TRUE,TRUE,"Eligible subject to training-only screening","Code retained; full wording/short label requires review",17545,"Original labelled categories or source type",NA,NA
"Q384R1","Q384R1","Q384R1","Q384r1: Some people say the Black Lives Matter protests in the Summer of 2020 we","ICPSR variable label; may be truncated",343,"Survey item or survey routing field",FALSE,"Original questionnaire route / module retained; system NA not interpreted as a substantive answer","System NA: routing, nonresponse or unavailable; labelled responses preserved",0,"Eligible",TRUE,TRUE,TRUE,"Eligible subject to training-only screening","Code retained; full wording/short label requires review",17545,"Original labelled categories or source type",NA,NA
"Q385","Q385","Defunding police: too far/not far enough","Q385: As you may have heard, in the wake of the murder of George Floyd and prote","ICPSR variable label; may be truncated",343,"Survey item or survey routing field",FALSE,"Original questionnaire route / module retained; system NA not interpreted as a substantive answer","System NA: routing, nonresponse or unavailable; labelled responses preserved",0,"Eligible",TRUE,TRUE,TRUE,"Eligible subject to training-only screening","Verified short label; original source construct retained",17545,"Original labelled categories or source type",385,75
"Q386_Q390R1","Q386_Q390R1","Q386_Q390R1","Q386_Q390r1: Asian Americans are often overly competitive for their success. - D","ICPSR variable label; may be truncated",344,"Survey item or survey routing field",FALSE,"Original questionnaire route / module retained; system NA not interpreted as a substantive answer","System NA: routing, nonresponse or unavailable; labelled responses preserved",1294,"Eligible",TRUE,TRUE,TRUE,"Eligible subject to training-only screening","Code retained; full wording/short label requires review",5447,"Original labelled categories or source type",NA,NA
"Q386_Q390R2","Q386_Q390R2","Q386_Q390R2","Q386_Q390r2: Asian Americans make the job market too competitive - Do you agree","ICPSR variable label; may be truncated",344,"Survey item or survey routing field",FALSE,"Original questionnaire route / module retained; system NA not interpreted as a substantive answer","System NA: routing, nonresponse or unavailable; labelled responses preserved",1294,"Eligible",TRUE,TRUE,TRUE,"Eligible subject to training-only screening","Code retained; full wording/short label requires review",5447,"Original labelled categories or source type",NA,NA
"Q386_Q390R3","Q386_Q390R3","Q386_Q390R3","Q386_Q390r3: When it comes to education, Asian Americans strive to achieve too m","ICPSR variable label; may be truncated",345,"Survey item or survey routing field",FALSE,"Original questionnaire route / module retained; system NA not interpreted as a substantive answer","System NA: routing, nonresponse or unavailable; labelled responses preserved",1294,"Eligible",TRUE,TRUE,TRUE,"Eligible subject to training-only screening","Code retained; full wording/short label requires review",5447,"Original labelled categories or source type",NA,NA
"Q386_Q390R4","Q386_Q390R4","Q386_Q390R4","Q386_Q390r4: Asian Americans need to embrace American values more - Do you agree","ICPSR variable label; may be truncated",345,"Survey item or survey routing field",FALSE,"Original questionnaire route / module retained; system NA not interpreted as a substantive answer","System NA: routing, nonresponse or unavailable; labelled responses preserved",1294,"Eligible",TRUE,TRUE,TRUE,"Eligible subject to training-only screening","Code retained; full wording/short label requires review",5447,"Original labelled categories or source type",NA,NA
"Q386_Q390R5","Q386_Q390R5","Q386_Q390R5","Q386_Q390r5: It is annoying when Asian Americans speak in their own languages in","ICPSR variable label; may be truncated",346,"Survey item or survey routing field",FALSE,"Original questionnaire route / module retained; system NA not interpreted as a substantive answer","System NA: routing, nonresponse or unavailable; labelled responses preserved",1294,"Eligible",TRUE,TRUE,TRUE,"Eligible subject to training-only screening","Code retained; full wording/short label requires review",5447,"Original labelled categories or source type",NA,NA
"Q391_Q393R1","Q391_Q393R1","Q391_Q393R1","Q391_Q393r1: Job - Would you say that your political views are in line with most","ICPSR variable label; may be truncated",346,"Survey item or survey routing field",FALSE,"Original questionnaire route / module retained; system NA not interpreted as a substantive answer","System NA: routing, nonresponse or unavailable; labelled responses preserved",1845,"Eligible",TRUE,TRUE,TRUE,"Eligible subject to training-only screening","Code retained; full wording/short label requires review",5479,"Original labelled categories or source type",NA,NA
"Q391_Q393R2","Q391_Q393R2","Q391_Q393R2","Q391_Q393r2: Church or place of worship - Would you say that your political view","ICPSR variable label; may be truncated",346,"Survey item or survey routing field",FALSE,"Original questionnaire route / module retained; system NA not interpreted as a substantive answer","System NA: routing, nonresponse or unavailable; labelled responses preserved",1845,"Eligible",TRUE,TRUE,TRUE,"Eligible subject to training-only screening","Code retained; full wording/short label requires review",5479,"Original labelled categories or source type",NA,NA
"Q391_Q393R3","Q391_Q393R3","Q391_Q393R3","Q391_Q393r3: Volunteer Organization - Would you say that your political views ar","ICPSR variable label; may be truncated",347,"Survey item or survey routing field",FALSE,"Original questionnaire route / module retained; system NA not interpreted as a substantive answer","System NA: routing, nonresponse or unavailable; labelled responses preserved",1845,"Eligible",TRUE,TRUE,TRUE,"Eligible subject to training-only screening","Code retained; full wording/short label requires review",5479,"Original labelled categories or source type",NA,NA
"Q394","Q394","Q394","Q394: Do you have a plan for disasters or emergencies for your household?","ICPSR variable label; may be truncated",347,"Survey item or survey routing field",FALSE,"Original questionnaire route / module retained; system NA not interpreted as a substantive answer","System NA: routing, nonresponse or unavailable; labelled responses preserved",1845,"Eligible",TRUE,TRUE,TRUE,"Eligible subject to training-only screening","Code retained; full wording/short label requires review",5479,"Original labelled categories or source type",NA,NA
"Q395","Q395","Q395","Q395: How much can [pipe: S2_Race_Prime]s like you influence the outcome of elec","ICPSR variable label; may be truncated",348,"Survey item or survey routing field",FALSE,"Condition joined: S2_RACE_PRIME","System NA: routing, nonresponse or unavailable; labelled responses preserved",0,"Eligible",TRUE,TRUE,TRUE,"Eligible subject to training-only screening","Code retained; full wording/short label requires review",17545,"Original labelled categories or source type",NA,NA
"Q396_Q398R1","Q396_Q398R1","Q396_Q398R1","Q396_Q398r1: Medical science, like in-vitro fertilization (where the egg and spe","ICPSR variable label; may be truncated",348,"Survey item or survey routing field",FALSE,"Original questionnaire route / module retained; system NA not interpreted as a substantive answer","System NA: routing, nonresponse or unavailable; labelled responses preserved",0,"Eligible",TRUE,TRUE,TRUE,"Eligible subject to training-only screening","Code retained; full wording/short label requires review",13039,"Original labelled categories or source type",NA,NA
"Q396_Q398R2","Q396_Q398R2","Q396_Q398R2","Q396_Q398r2: People should always follow the advice given to them by medical pra","ICPSR variable label; may be truncated",349,"Survey item or survey routing field",FALSE,"Original questionnaire route / module retained; system NA not interpreted as a substantive answer","System NA: routing, nonresponse or unavailable; labelled responses preserved",0,"Eligible",TRUE,TRUE,TRUE,"Eligible subject to training-only screening","Code retained; full wording/short label requires review",13039,"Original labelled categories or source type",NA,NA
"Q396_Q398R3","Q396_Q398R3","Q396_Q398R3","Q396_Q398r3: Patients have sometimes been deceived or misled by medical practiti","ICPSR variable label; may be truncated",349,"Survey item or survey routing field",FALSE,"Original questionnaire route / module retained; system NA not interpreted as a substantive answer","System NA: routing, nonresponse or unavailable; labelled responses preserved",0,"Eligible",TRUE,TRUE,TRUE,"Eligible subject to training-only screening","Code retained; full wording/short label requires review",13039,"Original labelled categories or source type",NA,NA
"Q399","Q399","Q399","Q399: Do you think that in-vitro fertilization (IVF) is morally acceptable?","ICPSR variable label; may be truncated",349,"Survey item or survey routing field",FALSE,"Original questionnaire route / module retained; system NA not interpreted as a substantive answer","System NA: routing, nonresponse or unavailable; labelled responses preserved",0,"Eligible",TRUE,TRUE,TRUE,"Eligible subject to training-only screening","Code retained; full wording/short label requires review",13039,"Original labelled categories or source type",NA,NA
"Q400","Q400","Q400","Q400: Today, in the US, one in ten women has trouble getting or staying pregnant","ICPSR variable label; may be truncated",350,"Survey item or survey routing field",FALSE,"Original questionnaire route / module retained; system NA not interpreted as a substantive answer","System NA: routing, nonresponse or unavailable; labelled responses preserved",0,"Eligible",TRUE,TRUE,TRUE,"Eligible subject to training-only screening","Code retained; full wording/short label requires review",13039,"Original labelled categories or source type",NA,NA
"Q401_Q404R1","Q401_Q404R1","Q401_Q404R1","Q401_Q404r1: Black and White women experience sexism in different ways - Do you","ICPSR variable label; may be truncated",350,"Survey item or survey routing field",FALSE,"Original questionnaire route / module retained; system NA not interpreted as a substantive answer","System NA: routing, nonresponse or unavailable; labelled responses preserved",1011,"Eligible",TRUE,TRUE,TRUE,"Eligible subject to training-only screening","Code retained; full wording/short label requires review",11089,"Original labelled categories or source type",NA,NA
"Q401_Q404R2","Q401_Q404R2","Q401_Q404R2","Q401_Q404r2: In order to achieve the changes we seek, we must fight racism as we","ICPSR variable label; may be truncated",351,"Survey item or survey routing field",FALSE,"Original questionnaire route / module retained; system NA not interpreted as a substantive answer","System NA: routing, nonresponse or unavailable; labelled responses preserved",1011,"Eligible",TRUE,TRUE,TRUE,"Eligible subject to training-only screening","Code retained; full wording/short label requires review",11089,"Original labelled categories or source type",NA,NA
"Q401_Q404R3","Q401_Q404R3","Q401_Q404R3","Q401_Q404r3: It concerns me that racism within the lesbian and gay community mak","ICPSR variable label; may be truncated",351,"Survey item or survey routing field",FALSE,"Original questionnaire route / module retained; system NA not interpreted as a substantive answer","System NA: routing, nonresponse or unavailable; labelled responses preserved",1011,"Eligible",TRUE,TRUE,TRUE,"Eligible subject to training-only screening","Code retained; full wording/short label requires review",11089,"Original labelled categories or source type",NA,NA
"Q401_Q404R4","Q401_Q404R4","Q401_Q404R4","Q401_Q404r4: It concerns me that sexism among Black men makes it difficult for B","ICPSR variable label; may be truncated",352,"Survey item or survey routing field",FALSE,"Original questionnaire route / module retained; system NA not interpreted as a substantive answer","System NA: routing, nonresponse or unavailable; labelled responses preserved",1011,"Eligible",TRUE,TRUE,TRUE,"Eligible subject to training-only screening","Code retained; full wording/short label requires review",11089,"Original labelled categories or source type",NA,NA
"Q405","Q405","Q405","Q405: Some people feel that the government in Washington should make every effor","ICPSR variable label; may be truncated",352,"Survey item or survey routing field",FALSE,"Original questionnaire route / module retained; system NA not interpreted as a substantive answer","System NA: routing, nonresponse or unavailable; labelled responses preserved",1845,"Eligible",TRUE,TRUE,TRUE,"Eligible subject to training-only screening","Code retained; full wording/short label requires review",5479,"Original labelled categories or source type",NA,NA
"Q406","Q406","Q406","Q406: Since early 2020, the U.S. has been dealing with disruptions and health an","ICPSR variable label; may be truncated",352,"Survey item or survey routing field",FALSE,"Original questionnaire route / module retained; system NA not interpreted as a substantive answer","System NA: routing, nonresponse or unavailable; labelled responses preserved",0,"Eligible",TRUE,TRUE,TRUE,"Eligible subject to training-only screening","Code retained; full wording/short label requires review",17545,"Original labelled categories or source type",NA,NA
"Q407R1","Q407","Q407R1","Q407r1: Personal or family health","ICPSR variable label; may be truncated",353,"Survey item or survey routing field",FALSE,"Skipped Q406=3, unchanged political activity; Original questionnaire route / module retained; system NA not interpreted as a substantive answer","System NA: routing, nonresponse or unavailable; labelled responses preserved",1154,"Eligible",TRUE,TRUE,TRUE,"Eligible subject to training-only screening","Code retained; full wording/short label requires review",7806,"Original labelled categories or source type",NA,NA
"Q407R2","Q407","Q407R2","Q407r2: Personal or family finances","ICPSR variable label; may be truncated",353,"Survey item or survey routing field",FALSE,"Skipped Q406=3, unchanged political activity; Original questionnaire route / module retained; system NA not interpreted as a substantive answer","System NA: routing, nonresponse or unavailable; labelled responses preserved",1154,"Eligible",TRUE,TRUE,TRUE,"Eligible subject to training-only screening","Code retained; full wording/short label requires review",7806,"Original labelled categories or source type",NA,NA
"Q407R3","Q407","Q407R3","Q407r3: Social changes like distancing and closures","ICPSR variable label; may be truncated",354,"Survey item or survey routing field",FALSE,"Skipped Q406=3, unchanged political activity; Original questionnaire route / module retained; system NA not interpreted as a substantive answer","System NA: routing, nonresponse or unavailable; labelled responses preserved",1154,"Eligible",TRUE,TRUE,TRUE,"Eligible subject to training-only screening","Code retained; full wording/short label requires review",7806,"Original labelled categories or source type",NA,NA
"Q407R4","Q407","Q407R4","Q407r4: New policies and issues","ICPSR variable label; may be truncated",354,"Survey item or survey routing field",FALSE,"Skipped Q406=3, unchanged political activity; Original questionnaire route / module retained; system NA not interpreted as a substantive answer","System NA: routing, nonresponse or unavailable; labelled responses preserved",1154,"Eligible",TRUE,TRUE,TRUE,"Eligible subject to training-only screening","Code retained; full wording/short label requires review",7806,"Original labelled categories or source type",NA,NA
"Q407R5","Q407","Q407R5","Q407r5: Other (Specify) - And what was it that made you","ICPSR variable label; may be truncated",354,"Survey item or survey routing field",FALSE,"Skipped Q406=3, unchanged political activity; Original questionnaire route / module retained; system NA not interpreted as a substantive answer","System NA: routing, nonresponse or unavailable; labelled responses preserved",1154,"Eligible",TRUE,TRUE,TRUE,"Eligible subject to training-only screening","Code retained; full wording/short label requires review",7806,"Original labelled categories or source type",NA,NA
"Q407R5OE","Q407R5OE","Q407R5OE","Q407r5oe: And what was it that made you","ICPSR variable label; may be truncated",355,"Survey item or survey routing field",FALSE,"Original questionnaire route / module retained; system NA not interpreted as a substantive answer","System NA: routing, nonresponse or unavailable; labelled responses preserved",0,"Uncoded/free-text field; no text model",FALSE,FALSE,FALSE,"Uncoded/free-text field; no text model","Code retained; full wording/short label requires review",17545,"Original labelled categories or source type",NA,NA
"Q408","Q408","Q408","Q408: How often when you are inside a public place, like a store, office, or bus","ICPSR variable label; may be truncated",355,"Survey item or survey routing field",FALSE,"Original questionnaire route / module retained; system NA not interpreted as a substantive answer","System NA: routing, nonresponse or unavailable; labelled responses preserved",0,"Eligible",TRUE,TRUE,TRUE,"Eligible subject to training-only screening","Code retained; full wording/short label requires review",17545,"Original labelled categories or source type",NA,NA
"Q409","Q409","Q409","Q409: In general would you rate your physical health as excellent, very good, go","ICPSR variable label; may be truncated",355,"Survey item or survey routing field",FALSE,"Original questionnaire route / module retained; system NA not interpreted as a substantive answer","System NA: routing, nonresponse or unavailable; labelled responses preserved",0,"Eligible",TRUE,TRUE,TRUE,"Eligible subject to training-only screening","Code retained; full wording/short label requires review",17545,"Original labelled categories or source type",NA,NA
"Q410","Q410","Q410","Q410: In general would you rate your mental health as excellent, very good, good","ICPSR variable label; may be truncated",356,"Survey item or survey routing field",FALSE,"Original questionnaire route / module retained; system NA not interpreted as a substantive answer","System NA: routing, nonresponse or unavailable; labelled responses preserved",0,"Eligible",TRUE,TRUE,TRUE,"Eligible subject to training-only screening","Code retained; full wording/short label requires review",17545,"Original labelled categories or source type",NA,NA
"Q411_Q416R1","Q411_Q416R1","Q411_Q416R1","Q411_Q416r1: Little interest or pleasure in doing things - Over the last 2 weeks","ICPSR variable label; may be truncated",356,"Survey item or survey routing field",FALSE,"Original questionnaire route / module retained; system NA not interpreted as a substantive answer","System NA: routing, nonresponse or unavailable; labelled responses preserved",0,"Eligible",TRUE,TRUE,TRUE,"Eligible subject to training-only screening","Code retained; full wording/short label requires review",17545,"Original labelled categories or source type",NA,NA
"Q411_Q416R2","Q411_Q416R2","Q411_Q416R2","Q411_Q416r2: Feeling down, depressed, or hopeless - Over the last 2 weeks, how o","ICPSR variable label; may be truncated",356,"Survey item or survey routing field",FALSE,"Original questionnaire route / module retained; system NA not interpreted as a substantive answer","System NA: routing, nonresponse or unavailable; labelled responses preserved",0,"Eligible",TRUE,TRUE,TRUE,"Eligible subject to training-only screening","Code retained; full wording/short label requires review",17545,"Original labelled categories or source type",NA,NA
"Q411_Q416R3","Q411_Q416R3","Q411_Q416R3","Q411_Q416r3: Feeling nervous, anxious, or on edge - Over the last 2 weeks, how o","ICPSR variable label; may be truncated",357,"Survey item or survey routing field",FALSE,"Original questionnaire route / module retained; system NA not interpreted as a substantive answer","System NA: routing, nonresponse or unavailable; labelled responses preserved",0,"Eligible",TRUE,TRUE,TRUE,"Eligible subject to training-only screening","Code retained; full wording/short label requires review",17545,"Original labelled categories or source type",NA,NA
"Q411_Q416R4","Q411_Q416R4","Q411_Q416R4","Q411_Q416r4: Feeling afraid as if something awful might happen - Over the last 2","ICPSR variable label; may be truncated",357,"Survey item or survey routing field",FALSE,"Original questionnaire route / module retained; system NA not interpreted as a substantive answer","System NA: routing, nonresponse or unavailable; labelled responses preserved",0,"Eligible",TRUE,TRUE,TRUE,"Eligible subject to training-only screening","Code retained; full wording/short label requires review",17545,"Original labelled categories or source type",NA,NA
"Q411_Q416R5","Q411_Q416R5","Q411_Q416R5","Q411_Q416r5: My mind can","ICPSR variable label; may be truncated",358,"Survey item or survey routing field",FALSE,"Original questionnaire route / module retained; system NA not interpreted as a substantive answer","System NA: routing, nonresponse or unavailable; labelled responses preserved",0,"Eligible",TRUE,TRUE,TRUE,"Eligible subject to training-only screening","Code retained; full wording/short label requires review",17545,"Original labelled categories or source type",NA,NA
"Q411_Q416R6","Q411_Q416R6","Q411_Q416R6","Q411_Q416r6: Uncertainty makes me uneasy, anxious or stressed - Over the last 2","ICPSR variable label; may be truncated",358,"Survey item or survey routing field",FALSE,"Original questionnaire route / module retained; system NA not interpreted as a substantive answer","System NA: routing, nonresponse or unavailable; labelled responses preserved",0,"Eligible",TRUE,TRUE,TRUE,"Eligible subject to training-only screening","Code retained; full wording/short label requires review",17545,"Original labelled categories or source type",NA,NA
"SPLITQ417_Q424","SPLITQ417_Q424","SPLITQ417_Q424","splitQ417_Q424: Holds split var","ICPSR variable label; may be truncated",358,"Administration / derived field",FALSE,"Original questionnaire route / module retained; system NA not interpreted as a substantive answer","System NA: routing, nonresponse or unavailable; labelled responses preserved",0,"Routing/experiment metadata; joined to response where required",FALSE,FALSE,FALSE,"Routing/experiment metadata; joined to response where required","Code retained; full wording/short label requires review",17545,"Original labelled categories or source type",NA,NA
"Q417_Q424R1","Q417_Q424R1","Q417_Q424R1","Q417_Q424r1: Reparations to Black Americans to address inequities created by gen","ICPSR variable label; may be truncated",359,"Survey item or survey routing field",FALSE,"Original questionnaire route / module retained; system NA not interpreted as a substantive answer","System NA: routing, nonresponse or unavailable; labelled responses preserved",1697,"Eligible",TRUE,TRUE,TRUE,"Eligible subject to training-only screening","Code retained; full wording/short label requires review",2688,"Original labelled categories or source type",NA,NA
"Q417_Q424R2","Q417_Q424R2","Q417_Q424R2","Q417_Q424r2: Reparations to Black Americans to address America","ICPSR variable label; may be truncated",359,"Survey item or survey routing field",FALSE,"Original questionnaire route / module retained; system NA not interpreted as a substantive answer","System NA: routing, nonresponse or unavailable; labelled responses preserved",1679,"Eligible",TRUE,TRUE,TRUE,"Eligible subject to training-only screening","Code retained; full wording/short label requires review",2759,"Original labelled categories or source type",NA,NA
"Q417_Q424R3","Q417_Q424R3","Q417_Q424R3","Q417_Q424r3: Shifting some funds from local police departments to local social s","ICPSR variable label; may be truncated",360,"Survey item or survey routing field",FALSE,"Original questionnaire route / module retained; system NA not interpreted as a substantive answer","System NA: routing, nonresponse or unavailable; labelled responses preserved",1697,"Eligible",TRUE,TRUE,TRUE,"Eligible subject to training-only screening","Code retained; full wording/short label requires review",2688,"Original labelled categories or source type",NA,NA
"Q417_Q424R4","Q417_Q424R4","Q417_Q424R4","Q417_Q424r4: Defunding local police departments. - To what degree would you supp","ICPSR variable label; may be truncated",360,"Survey item or survey routing field",FALSE,"Original questionnaire route / module retained; system NA not interpreted as a substantive answer","System NA: routing, nonresponse or unavailable; labelled responses preserved",1679,"Eligible",TRUE,TRUE,TRUE,"Eligible subject to training-only screening","Code retained; full wording/short label requires review",2759,"Original labelled categories or source type",NA,NA
"Q417_Q424R5","Q417_Q424R5","Q417_Q424R5","Q417_Q424r5: Developing a federal standard in education, ensuring that kindergar","ICPSR variable label; may be truncated",360,"Survey item or survey routing field",FALSE,"Original questionnaire route / module retained; system NA not interpreted as a substantive answer","System NA: routing, nonresponse or unavailable; labelled responses preserved",1697,"Eligible",TRUE,TRUE,TRUE,"Eligible subject to training-only screening","Code retained; full wording/short label requires review",2688,"Original labelled categories or source type",NA,NA
"Q417_Q424R6","Q417_Q424R6","Q417_Q424R6","Q417_Q424r6: Developing a federal standard in education, ensuring that kindergar","ICPSR variable label; may be truncated",361,"Survey item or survey routing field",FALSE,"Original questionnaire route / module retained; system NA not interpreted as a substantive answer","System NA: routing, nonresponse or unavailable; labelled responses preserved",1679,"Eligible",TRUE,TRUE,TRUE,"Eligible subject to training-only screening","Code retained; full wording/short label requires review",2759,"Original labelled categories or source type",NA,NA
"Q417_Q424R7","Q417_Q424R7","Q417_Q424R7","Q417_Q424r7: Ensuring affirmative action in jobs and universities so that Blacks","ICPSR variable label; may be truncated",361,"Survey item or survey routing field",FALSE,"Original questionnaire route / module retained; system NA not interpreted as a substantive answer","System NA: routing, nonresponse or unavailable; labelled responses preserved",1697,"Eligible",TRUE,TRUE,TRUE,"Eligible subject to training-only screening","Code retained; full wording/short label requires review",2688,"Original labelled categories or source type",NA,NA
"Q417_Q424R8","Q417_Q424R8","Q417_Q424R8","Q417_Q424r8: Ensuring affirmative action in jobs and universities so that everyo","ICPSR variable label; may be truncated",362,"Survey item or survey routing field",FALSE,"Original questionnaire route / module retained; system NA not interpreted as a substantive answer","System NA: routing, nonresponse or unavailable; labelled responses preserved",1679,"Eligible",TRUE,TRUE,TRUE,"Eligible subject to training-only screening","Code retained; full wording/short label requires review",2759,"Original labelled categories or source type",NA,NA
"Q425","Q425","Q425","Q425: How important is religion in your life","ICPSR variable label; may be truncated",362,"Survey item or survey routing field",FALSE,"Original questionnaire route / module retained; system NA not interpreted as a substantive answer","System NA: routing, nonresponse or unavailable; labelled responses preserved",0,"Eligible",TRUE,TRUE,TRUE,"Eligible subject to training-only screening","Code retained; full wording/short label requires review",17545,"Original labelled categories or source type",NA,NA
"Q426R1","Q426R1","Q426R1","Q426r1: NAME: - Earlier you mentioned that you participate in worship services o","ICPSR variable label; may be truncated",363,"Survey item or survey routing field",FALSE,"Original questionnaire route / module retained; system NA not interpreted as a substantive answer","Disclosure masked",0,"ICPSR disclosure-masked field",FALSE,FALSE,FALSE,"ICPSR disclosure-masked field","Code retained; full wording/short label requires review",17545,"Original labelled categories or source type",NA,NA
"Q426R2","Q426R2","Q426R2","Q426r2: CITY: - Earlier you mentioned that you participate in worship services o","ICPSR variable label; may be truncated",363,"Survey item or survey routing field",FALSE,"Original questionnaire route / module retained; system NA not interpreted as a substantive answer","Disclosure masked",0,"ICPSR disclosure-masked field",FALSE,FALSE,FALSE,"ICPSR disclosure-masked field","Code retained; full wording/short label requires review",17545,"Original labelled categories or source type",NA,NA
"NOANSWERQ426_R3","NOANSWERQ426_R3","NOANSWERQ426_R3","noanswerQ426_r3: Earlier you mentioned that you participate in worship services","ICPSR variable label; may be truncated",363,"Administration / derived field",FALSE,"Original questionnaire route / module retained; system NA not interpreted as a substantive answer","System NA: routing, nonresponse or unavailable; labelled responses preserved",683,"Routing/experiment metadata; joined to response where required",FALSE,FALSE,FALSE,"Routing/experiment metadata; joined to response where required","Code retained; full wording/short label requires review",11420,"Original labelled categories or source type",NA,NA
"Q427R1","Q427R1","Q427R1","Q427r1: NAME: - Earlier you mentioned that you do not participate in worship ser","ICPSR variable label; may be truncated",364,"Survey item or survey routing field",FALSE,"Original questionnaire route / module retained; system NA not interpreted as a substantive answer","Disclosure masked",0,"ICPSR disclosure-masked field",FALSE,FALSE,FALSE,"ICPSR disclosure-masked field","Code retained; full wording/short label requires review",17545,"Original labelled categories or source type",NA,NA
"Q427R2","Q427R2","Q427R2","Q427r2: CITY: - Earlier you mentioned that you do not participate in worship ser","ICPSR variable label; may be truncated",364,"Survey item or survey routing field",FALSE,"Original questionnaire route / module retained; system NA not interpreted as a substantive answer","Disclosure masked",0,"ICPSR disclosure-masked field",FALSE,FALSE,FALSE,"ICPSR disclosure-masked field","Code retained; full wording/short label requires review",17545,"Original labelled categories or source type",NA,NA
"NOANSWERQ427_R3","NOANSWERQ427_R3","NOANSWERQ427_R3","noanswerQ427_r3: Earlier you mentioned that you do not participate in worship se","ICPSR variable label; may be truncated",364,"Administration / derived field",FALSE,"Original questionnaire route / module retained; system NA not interpreted as a substantive answer","System NA: routing, nonresponse or unavailable; labelled responses preserved",1399,"Routing/experiment metadata; joined to response where required",FALSE,FALSE,FALSE,"Routing/experiment metadata; joined to response where required","Code retained; full wording/short label requires review",6125,"Original labelled categories or source type",NA,NA
"Q428R1","Q428","Q428R1","Q428r1: Percent White - Please indicate the approximate racial/ethnic compositio","ICPSR variable label; may be truncated",365,"Survey item or survey routing field",FALSE,"Original questionnaire route / module retained; system NA not interpreted as a substantive answer","System NA: routing, nonresponse or unavailable; labelled responses preserved",683,"Eligible",TRUE,TRUE,TRUE,"Eligible subject to training-only screening","Code retained; full wording/short label requires review",11420,"Continuous quantity / allocation",NA,NA
"Q428R2","Q428","Q428R2","Q428r2: Percent Black - Please indicate the approximate racial/ethnic compositio","ICPSR variable label; may be truncated",366,"Survey item or survey routing field",FALSE,"Original questionnaire route / module retained; system NA not interpreted as a substantive answer","System NA: routing, nonresponse or unavailable; labelled responses preserved",683,"Eligible",TRUE,TRUE,TRUE,"Eligible subject to training-only screening","Code retained; full wording/short label requires review",11420,"Continuous quantity / allocation",NA,NA
"Q428R3","Q428","Q428R3","Q428r3: Percent Hispanic - Please indicate the approximate racial/ethnic composi","ICPSR variable label; may be truncated",368,"Survey item or survey routing field",FALSE,"Original questionnaire route / module retained; system NA not interpreted as a substantive answer","System NA: routing, nonresponse or unavailable; labelled responses preserved",683,"Eligible",TRUE,TRUE,TRUE,"Eligible subject to training-only screening","Code retained; full wording/short label requires review",11420,"Continuous quantity / allocation",NA,NA
"Q428R4","Q428","Q428R4","Q428r4: Percent Asian - Please indicate the approximate racial/ethnic compositio","ICPSR variable label; may be truncated",370,"Survey item or survey routing field",FALSE,"Original questionnaire route / module retained; system NA not interpreted as a substantive answer","System NA: routing, nonresponse or unavailable; labelled responses preserved",683,"Eligible",TRUE,TRUE,TRUE,"Eligible subject to training-only screening","Code retained; full wording/short label requires review",11420,"Continuous quantity / allocation",NA,NA
"Q428R6","Q428","Q428R6","Q428r6: Percent American Indian/Native Indian - Please indicate the approximate","ICPSR variable label; may be truncated",371,"Survey item or survey routing field",FALSE,"Original questionnaire route / module retained; system NA not interpreted as a substantive answer","System NA: routing, nonresponse or unavailable; labelled responses preserved",683,"Eligible",TRUE,TRUE,TRUE,"Eligible subject to training-only screening","Code retained; full wording/short label requires review",11420,"Continuous quantity / allocation",NA,NA
"Q428R5","Q428","Q428R5","Q428r5: Percent Other - Please indicate the approximate racial/ethnic compositio","ICPSR variable label; may be truncated",373,"Survey item or survey routing field",FALSE,"Original questionnaire route / module retained; system NA not interpreted as a substantive answer","System NA: routing, nonresponse or unavailable; labelled responses preserved",683,"Eligible",TRUE,TRUE,TRUE,"Eligible subject to training-only screening","Code retained; full wording/short label requires review",11420,"Continuous quantity / allocation",NA,NA
"Q429_Q440R1","Q429_Q440R1","Q429_Q440R1","Q429_Q440r1: Antisemitism no longer matters in the US - Please indicate your lev","ICPSR variable label; may be truncated",375,"Survey item or survey routing field",FALSE,"Original questionnaire route / module retained; system NA not interpreted as a substantive answer","System NA: routing, nonresponse or unavailable; labelled responses preserved",0,"Eligible",TRUE,TRUE,TRUE,"Eligible subject to training-only screening","Code retained; full wording/short label requires review",17545,"Original labelled categories or source type",NA,NA
"Q429_Q440R2","Q429_Q440R2","Q429_Q440R2","Q429_Q440r2: Discrimination against Muslims will soon be a thing of the past - P","ICPSR variable label; may be truncated",375,"Survey item or survey routing field",FALSE,"Original questionnaire route / module retained; system NA not interpreted as a substantive answer","System NA: routing, nonresponse or unavailable; labelled responses preserved",0,"Eligible",TRUE,TRUE,TRUE,"Eligible subject to training-only screening","Code retained; full wording/short label requires review",17545,"Original labelled categories or source type",NA,NA
"Q429_Q440R3","Q429_Q440R3","Q429_Q440R3","Q429_Q440r3: Our social structure system privileges Christians - Please indicate","ICPSR variable label; may be truncated",376,"Survey item or survey routing field",FALSE,"Original questionnaire route / module retained; system NA not interpreted as a substantive answer","System NA: routing, nonresponse or unavailable; labelled responses preserved",0,"Eligible",TRUE,TRUE,TRUE,"Eligible subject to training-only screening","Code retained; full wording/short label requires review",17545,"Original labelled categories or source type",NA,NA
"Q429_Q440R4","Q429_Q440R4","Q429_Q440R4","Q429_Q440r4: Jews have more power and influence than other groups in this countr","ICPSR variable label; may be truncated",376,"Survey item or survey routing field",FALSE,"Original questionnaire route / module retained; system NA not interpreted as a substantive answer","System NA: routing, nonresponse or unavailable; labelled responses preserved",0,"Eligible",TRUE,TRUE,TRUE,"Eligible subject to training-only screening","Code retained; full wording/short label requires review",17545,"Original labelled categories or source type",NA,NA
"Q429_Q440R5","Q429_Q440R5","Q429_Q440R5","Q429_Q440r5: America must protect and preserve its White European heritage - Ple","ICPSR variable label; may be truncated",376,"Survey item or survey routing field",FALSE,"Original questionnaire route / module retained; system NA not interpreted as a substantive answer","System NA: routing, nonresponse or unavailable; labelled responses preserved",0,"Eligible",TRUE,TRUE,TRUE,"Eligible subject to training-only screening","Code retained; full wording/short label requires review",17545,"Original labelled categories or source type",NA,NA
"Q429_Q440R6","Q429_Q440R6","Q429_Q440R6","Q429_Q440r6: America must protect and preserve its multiracial heritage - Please","ICPSR variable label; may be truncated",377,"Survey item or survey routing field",FALSE,"Original questionnaire route / module retained; system NA not interpreted as a substantive answer","System NA: routing, nonresponse or unavailable; labelled responses preserved",0,"Eligible",TRUE,TRUE,TRUE,"Eligible subject to training-only screening","Code retained; full wording/short label requires review",17545,"Original labelled categories or source type",NA,NA
"Q429_Q440R7","Q429_Q440R7","Q429_Q440R7","Q429_Q440r7: The federal government should advocate the values of racial minorit","ICPSR variable label; may be truncated",377,"Survey item or survey routing field",FALSE,"Original questionnaire route / module retained; system NA not interpreted as a substantive answer","System NA: routing, nonresponse or unavailable; labelled responses preserved",0,"Eligible",TRUE,TRUE,TRUE,"Eligible subject to training-only screening","Code retained; full wording/short label requires review",17545,"Original labelled categories or source type",NA,NA
"Q429_Q440R8","Q429_Q440R8","Q429_Q440R8","Q429_Q440r8: The federal government should advocate the values of Whites - Pleas","ICPSR variable label; may be truncated",378,"Survey item or survey routing field",FALSE,"Original questionnaire route / module retained; system NA not interpreted as a substantive answer","System NA: routing, nonresponse or unavailable; labelled responses preserved",0,"Eligible",TRUE,TRUE,TRUE,"Eligible subject to training-only screening","Code retained; full wording/short label requires review",17545,"Original labelled categories or source type",NA,NA
"Q429_Q440R9","Q429_Q440R9","Q429_Q440R9","Q429_Q440r9: The federal government should advocate Christian values - Please in","ICPSR variable label; may be truncated",378,"Survey item or survey routing field",FALSE,"Original questionnaire route / module retained; system NA not interpreted as a substantive answer","System NA: routing, nonresponse or unavailable; labelled responses preserved",0,"Eligible",TRUE,TRUE,TRUE,"Eligible subject to training-only screening","Code retained; full wording/short label requires review",17545,"Original labelled categories or source type",NA,NA
"Q429_Q440R10","Q429_Q440R10","Q429_Q440R10","Q429_Q440r10: The federal government should advocate the values of religious min","ICPSR variable label; may be truncated",378,"Survey item or survey routing field",FALSE,"Original questionnaire route / module retained; system NA not interpreted as a substantive answer","System NA: routing, nonresponse or unavailable; labelled responses preserved",0,"Eligible",TRUE,TRUE,TRUE,"Eligible subject to training-only screening","Code retained; full wording/short label requires review",17545,"Original labelled categories or source type",NA,NA
"Q429_Q440R11","Q429_Q440R11","Q429_Q440R11","Q429_Q440r11: America must protect and preserve its Christian heritage - Please","ICPSR variable label; may be truncated",379,"Survey item or survey routing field",FALSE,"Original questionnaire route / module retained; system NA not interpreted as a substantive answer","System NA: routing, nonresponse or unavailable; labelled responses preserved",0,"Eligible",TRUE,TRUE,TRUE,"Eligible subject to training-only screening","Code retained; full wording/short label requires review",17545,"Original labelled categories or source type",NA,NA
"Q429_Q440R12","Q429_Q440R12","Q429_Q440R12","Q429_Q440r12: America must protect and preserve its multi-religious heritage - P","ICPSR variable label; may be truncated",379,"Survey item or survey routing field",FALSE,"Original questionnaire route / module retained; system NA not interpreted as a substantive answer","System NA: routing, nonresponse or unavailable; labelled responses preserved",0,"Eligible",TRUE,TRUE,TRUE,"Eligible subject to training-only screening","Code retained; full wording/short label requires review",17545,"Original labelled categories or source type",NA,NA
"Q441_Q452R1","Q441_Q452R1","Q441_Q452R1","Q441_Q452r1: Been stopped and questioned by the police while in a car. - People","ICPSR variable label; may be truncated",379,"Survey item or survey routing field",FALSE,"Original questionnaire route / module retained; system NA not interpreted as a substantive answer","System NA: routing, nonresponse or unavailable; labelled responses preserved",0,"Eligible",TRUE,TRUE,TRUE,"Eligible subject to training-only screening","Code retained; full wording/short label requires review",17545,"Original labelled categories or source type",NA,NA
"Q441_Q452R2","Q441_Q452R2","Q441_Q452R2","Q441_Q452r2: Been stopped and questioned by the police while you were on foot. -","ICPSR variable label; may be truncated",380,"Survey item or survey routing field",FALSE,"Original questionnaire route / module retained; system NA not interpreted as a substantive answer","System NA: routing, nonresponse or unavailable; labelled responses preserved",0,"Eligible",TRUE,TRUE,TRUE,"Eligible subject to training-only screening","Code retained; full wording/short label requires review",17545,"Original labelled categories or source type",NA,NA
"Q441_Q452R3","Q441_Q452R3","Q441_Q452R3","Q441_Q452r3: Been charged a fine or fee for a non-criminal infraction, such as d","ICPSR variable label; may be truncated",380,"Survey item or survey routing field",FALSE,"Original questionnaire route / module retained; system NA not interpreted as a substantive answer","System NA: routing, nonresponse or unavailable; labelled responses preserved",0,"Eligible",TRUE,TRUE,TRUE,"Eligible subject to training-only screening","Code retained; full wording/short label requires review",17545,"Original labelled categories or source type",NA,NA
"Q441_Q452R4","Q441_Q452R4","Q441_Q452R4","Q441_Q452r4: Been arrested, booked, or charged with a crime. - People come into","ICPSR variable label; may be truncated",381,"Survey item or survey routing field",FALSE,"Original questionnaire route / module retained; system NA not interpreted as a substantive answer","System NA: routing, nonresponse or unavailable; labelled responses preserved",0,"Eligible",TRUE,TRUE,TRUE,"Eligible subject to training-only screening","Code retained; full wording/short label requires review",17545,"Original labelled categories or source type",NA,NA
"Q441_Q452R5","Q441_Q452R5","Q441_Q452R5","Q441_Q452r5: Been convicted of a crime, even if you weren't guilty. - People com","ICPSR variable label; may be truncated",381,"Survey item or survey routing field",FALSE,"Original questionnaire route / module retained; system NA not interpreted as a substantive answer","System NA: routing, nonresponse or unavailable; labelled responses preserved",0,"Eligible",TRUE,TRUE,TRUE,"Eligible subject to training-only screening","Code retained; full wording/short label requires review",17545,"Original labelled categories or source type",NA,NA
"Q441_Q452R6","Q441_Q452R6","Q441_Q452R6","Q441_Q452r6: Been charged a fine for a criminal conviction. - People come into c","ICPSR variable label; may be truncated",381,"Survey item or survey routing field",FALSE,"Original questionnaire route / module retained; system NA not interpreted as a substantive answer","System NA: routing, nonresponse or unavailable; labelled responses preserved",0,"Eligible",TRUE,TRUE,TRUE,"Eligible subject to training-only screening","Code retained; full wording/short label requires review",17545,"Original labelled categories or source type",NA,NA
"Q441_Q452R7","Q441_Q452R7","Q441_Q452R7","Q441_Q452r7: Been on probation or parole. - People come into contact with the cr","ICPSR variable label; may be truncated",382,"Survey item or survey routing field",FALSE,"Original questionnaire route / module retained; system NA not interpreted as a substantive answer","System NA: routing, nonresponse or unavailable; labelled responses preserved",0,"Eligible",TRUE,TRUE,TRUE,"Eligible subject to training-only screening","Code retained; full wording/short label requires review",17545,"Original labelled categories or source type",NA,NA
"Q441_Q452R8","Q441_Q452R8","Q441_Q452R8","Q441_Q452r8: Spent time in jail or prison, including juvenile detention. - Peopl","ICPSR variable label; may be truncated",382,"Survey item or survey routing field",FALSE,"Original questionnaire route / module retained; system NA not interpreted as a substantive answer","System NA: routing, nonresponse or unavailable; labelled responses preserved",0,"Eligible",TRUE,TRUE,TRUE,"Eligible subject to training-only screening","Code retained; full wording/short label requires review",17545,"Original labelled categories or source type",NA,NA
"Q441_Q452R9","Q441_Q452R9","Q441_Q452R9","Q441_Q452r9: Been the victim of a crime. - People come into contact with the cri","ICPSR variable label; may be truncated",382,"Survey item or survey routing field",FALSE,"Original questionnaire route / module retained; system NA not interpreted as a substantive answer","System NA: routing, nonresponse or unavailable; labelled responses preserved",0,"Eligible",TRUE,TRUE,TRUE,"Eligible subject to training-only screening","Code retained; full wording/short label requires review",17545,"Original labelled categories or source type",NA,NA
"Q441_Q452R10","Q441_Q452R10","Q441_Q452R10","Q441_Q452r10: Had a close friend or family member arrested, booked, or charged w","ICPSR variable label; may be truncated",383,"Survey item or survey routing field",FALSE,"Original questionnaire route / module retained; system NA not interpreted as a substantive answer","System NA: routing, nonresponse or unavailable; labelled responses preserved",0,"Eligible",TRUE,TRUE,TRUE,"Eligible subject to training-only screening","Code retained; full wording/short label requires review",17545,"Original labelled categories or source type",NA,NA
"Q441_Q452R11","Q441_Q452R11","Q441_Q452R11","Q441_Q452r11: Had a close friend or family member convicted of a crime, even if","ICPSR variable label; may be truncated",383,"Survey item or survey routing field",FALSE,"Original questionnaire route / module retained; system NA not interpreted as a substantive answer","System NA: routing, nonresponse or unavailable; labelled responses preserved",0,"Eligible",TRUE,TRUE,TRUE,"Eligible subject to training-only screening","Code retained; full wording/short label requires review",17545,"Original labelled categories or source type",NA,NA
"Q441_Q452R12","Q441_Q452R12","Q441_Q452R12","Q441_Q452r12: Had a close friend or family member who spent time in jail, prison","ICPSR variable label; may be truncated",383,"Survey item or survey routing field",FALSE,"Original questionnaire route / module retained; system NA not interpreted as a substantive answer","System NA: routing, nonresponse or unavailable; labelled responses preserved",0,"Eligible",TRUE,TRUE,TRUE,"Eligible subject to training-only screening","Code retained; full wording/short label requires review",17545,"Original labelled categories or source type",NA,NA
"Q453","Q453","Q453","Q453: How old were you when you first had involuntary contact with police, law e","ICPSR variable label; may be truncated",384,"Survey item or survey routing field",FALSE,"Original questionnaire route / module retained; system NA not interpreted as a substantive answer","System NA: routing, nonresponse or unavailable; labelled responses preserved",0,"Eligible",TRUE,TRUE,TRUE,"Eligible subject to training-only screening","Code retained; full wording/short label requires review",17545,"Original labelled categories or source type",NA,NA
"Q454","Q454","Q454","Q454: How many times have you had an involuntary encounter with law enforcement","ICPSR variable label; may be truncated",384,"Survey item or survey routing field",FALSE,"Original questionnaire route / module retained; system NA not interpreted as a substantive answer","System NA: routing, nonresponse or unavailable; labelled responses preserved",712,"Eligible",TRUE,TRUE,TRUE,"Eligible subject to training-only screening","Code retained; full wording/short label requires review",11564,"Original labelled categories or source type",NA,NA
"Q455","Q455","Q455","Q455: Would you say the experiences dealing with law enforcement were mostly pos","ICPSR variable label; may be truncated",384,"Survey item or survey routing field",FALSE,"Original questionnaire route / module retained; system NA not interpreted as a substantive answer","System NA: routing, nonresponse or unavailable; labelled responses preserved",712,"Eligible",TRUE,TRUE,TRUE,"Eligible subject to training-only screening","Code retained; full wording/short label requires review",11564,"Original labelled categories or source type",NA,NA
"Q456_Q461R1","Q456_Q461R1","Q456_Q461R1","Q456_Q461r1: Avoid walking or driving in wealthier neighborhoods - How often do","ICPSR variable label; may be truncated",385,"Survey item or survey routing field",FALSE,"Original questionnaire route / module retained; system NA not interpreted as a substantive answer","System NA: routing, nonresponse or unavailable; labelled responses preserved",0,"Eligible",TRUE,TRUE,TRUE,"Eligible subject to training-only screening","Code retained; full wording/short label requires review",17545,"Original labelled categories or source type",NA,NA
"Q456_Q461R2","Q456_Q461R2","Q456_Q461R2","Q456_Q461r2: Avoid walking or driving in lower-income neighborhoods - How often","ICPSR variable label; may be truncated",385,"Survey item or survey routing field",FALSE,"Original questionnaire route / module retained; system NA not interpreted as a substantive answer","System NA: routing, nonresponse or unavailable; labelled responses preserved",0,"Eligible",TRUE,TRUE,TRUE,"Eligible subject to training-only screening","Code retained; full wording/short label requires review",17545,"Original labelled categories or source type",NA,NA
"Q456_Q461R3","Q456_Q461R3","Q456_Q461R3","Q456_Q461r3: Avoid walking or driving in my own, or very similar neighborhoods -","ICPSR variable label; may be truncated",386,"Survey item or survey routing field",FALSE,"Original questionnaire route / module retained; system NA not interpreted as a substantive answer","System NA: routing, nonresponse or unavailable; labelled responses preserved",0,"Eligible",TRUE,TRUE,TRUE,"Eligible subject to training-only screening","Code retained; full wording/short label requires review",17545,"Original labelled categories or source type",NA,NA
"Q456_Q461R4","Q456_Q461R4","Q456_Q461R4","Q456_Q461r4: Avoid gathering in groups to avoid appearance of wrongdoing - How o","ICPSR variable label; may be truncated",386,"Survey item or survey routing field",FALSE,"Original questionnaire route / module retained; system NA not interpreted as a substantive answer","System NA: routing, nonresponse or unavailable; labelled responses preserved",0,"Eligible",TRUE,TRUE,TRUE,"Eligible subject to training-only screening","Code retained; full wording/short label requires review",17545,"Original labelled categories or source type",NA,NA
"Q456_Q461R5","Q456_Q461R5","Q456_Q461R5","Q456_Q461r5: Carry myself in a way that makes me look non-threatening - How ofte","ICPSR variable label; may be truncated",386,"Survey item or survey routing field",FALSE,"Original questionnaire route / module retained; system NA not interpreted as a substantive answer","System NA: routing, nonresponse or unavailable; labelled responses preserved",0,"Eligible",TRUE,TRUE,TRUE,"Eligible subject to training-only screening","Code retained; full wording/short label requires review",17545,"Original labelled categories or source type",NA,NA
"Q456_Q461R6","Q456_Q461R6","Q456_Q461R6","Q456_Q461r6: Turn to my neighbors and local groups to help solve problems rather","ICPSR variable label; may be truncated",387,"Survey item or survey routing field",FALSE,"Original questionnaire route / module retained; system NA not interpreted as a substantive answer","System NA: routing, nonresponse or unavailable; labelled responses preserved",0,"Eligible",TRUE,TRUE,TRUE,"Eligible subject to training-only screening","Code retained; full wording/short label requires review",17545,"Original labelled categories or source type",NA,NA
"Q462","Q462","Q462","Q462: If you had trouble with the police - like a traffic violation or being acc","ICPSR variable label; may be truncated",387,"Survey item or survey routing field",FALSE,"Original questionnaire route / module retained; system NA not interpreted as a substantive answer","System NA: routing, nonresponse or unavailable; labelled responses preserved",0,"Eligible",TRUE,TRUE,TRUE,"Eligible subject to training-only screening","Code retained; full wording/short label requires review",17545,"Original labelled categories or source type",NA,NA
"Q463","Q463","Q463","Q463: Have you ever used the camera on your mobile device to record police misco","ICPSR variable label; may be truncated",388,"Survey item or survey routing field",FALSE,"Original questionnaire route / module retained; system NA not interpreted as a substantive answer","System NA: routing, nonresponse or unavailable; labelled responses preserved",0,"Eligible",TRUE,TRUE,TRUE,"Eligible subject to training-only screening","Code retained; full wording/short label requires review",17545,"Original labelled categories or source type",NA,NA
"Q464","Q464","Q464","Q464: Have you done that within the past 12 months?","ICPSR variable label; may be truncated",388,"Survey item or survey routing field",FALSE,"Original questionnaire route / module retained; system NA not interpreted as a substantive answer","System NA: routing, nonresponse or unavailable; labelled responses preserved",1891,"Eligible",TRUE,TRUE,TRUE,"Eligible subject to training-only screening","Code retained; full wording/short label requires review",2148,"Original labelled categories or source type",NA,NA
"Q465R1","Q465","Q465R1","Q465r1: Myself - Were you recording an incident involving yourself or someone el","ICPSR variable label; may be truncated",388,"Survey item or survey routing field",FALSE,"Asked when recording police incident (Q463=2 or 3); Original questionnaire route / module retained; system NA not interpreted as a substantive answer","System NA: routing, nonresponse or unavailable; labelled responses preserved",1891,"Eligible",TRUE,TRUE,TRUE,"Eligible subject to training-only screening","Code retained; full wording/short label requires review",2148,"Original labelled categories or source type",NA,NA
"Q465R2","Q465","Q465R2","Q465r2: Someone else - Were you recording an incident involving yourself or some","ICPSR variable label; may be truncated",389,"Survey item or survey routing field",FALSE,"Asked when recording police incident (Q463=2 or 3); Original questionnaire route / module retained; system NA not interpreted as a substantive answer","System NA: routing, nonresponse or unavailable; labelled responses preserved",1891,"Eligible",TRUE,TRUE,TRUE,"Eligible subject to training-only screening","Code retained; full wording/short label requires review",2148,"Original labelled categories or source type",NA,NA
"Q466","Q466","Q466","Q466: Do you personally know anyone who has been shot by police or law enforceme","ICPSR variable label; may be truncated",389,"Survey item or survey routing field",FALSE,"Original questionnaire route / module retained; system NA not interpreted as a substantive answer","System NA: routing, nonresponse or unavailable; labelled responses preserved",0,"Eligible",TRUE,TRUE,TRUE,"Eligible subject to training-only screening","Code retained; full wording/short label requires review",17545,"Original labelled categories or source type",NA,NA
"Q467_Q469R1","Q467_Q469R1","Q467_Q469R1","Q467_Q469r1: Helped someone seek immigration-related information or services - N","ICPSR variable label; may be truncated",389,"Survey item or survey routing field",FALSE,"Original questionnaire route / module retained; system NA not interpreted as a substantive answer","System NA: routing, nonresponse or unavailable; labelled responses preserved",0,"Eligible",TRUE,TRUE,TRUE,"Eligible subject to training-only screening","Code retained; full wording/short label requires review",17545,"Original labelled categories or source type",NA,NA
"Q467_Q469R2","Q467_Q469R2","Q467_Q469R2","Q467_Q469r2: Refrained from reporting a minor crime to protect someone from poss","ICPSR variable label; may be truncated",390,"Survey item or survey routing field",FALSE,"Original questionnaire route / module retained; system NA not interpreted as a substantive answer","System NA: routing, nonresponse or unavailable; labelled responses preserved",0,"Eligible",TRUE,TRUE,TRUE,"Eligible subject to training-only screening","Code retained; full wording/short label requires review",17545,"Original labelled categories or source type",NA,NA
"Q467_Q469R3","Q467_Q469R3","Q467_Q469R3","Q467_Q469r3: Intervened or reported a crime/incident of harassment committed aga","ICPSR variable label; may be truncated",390,"Survey item or survey routing field",FALSE,"Original questionnaire route / module retained; system NA not interpreted as a substantive answer","System NA: routing, nonresponse or unavailable; labelled responses preserved",0,"Eligible",TRUE,TRUE,TRUE,"Eligible subject to training-only screening","Code retained; full wording/short label requires review",17545,"Original labelled categories or source type",NA,NA
"Q470","Q470","Q470","Q470: Have you or someone in your family, or a close personal friend ever used a","ICPSR variable label; may be truncated",390,"Survey item or survey routing field",FALSE,"Original questionnaire route / module retained; system NA not interpreted as a substantive answer","System NA: routing, nonresponse or unavailable; labelled responses preserved",0,"Eligible",TRUE,TRUE,TRUE,"Eligible subject to training-only screening","Code retained; full wording/short label requires review",17545,"Original labelled categories or source type",NA,NA
"Q471R1","Q471","Q471R1","Q471r1: Me - Who was it that used that program?","ICPSR variable label; may be truncated",391,"Survey item or survey routing field",FALSE,"Asked program use Q470=1; Original questionnaire route / module retained; system NA not interpreted as a substantive answer","Disclosure masked",2082,"ICPSR disclosure-masked field",FALSE,FALSE,FALSE,"ICPSR disclosure-masked field","Code retained; full wording/short label requires review",0,"Original labelled categories or source type",NA,NA
"Q471R2","Q471","Q471R2","Q471r2: My child - Who was it that used that program?","ICPSR variable label; may be truncated",391,"Survey item or survey routing field",FALSE,"Asked program use Q470=1; Original questionnaire route / module retained; system NA not interpreted as a substantive answer","Disclosure masked",2082,"ICPSR disclosure-masked field",FALSE,FALSE,FALSE,"ICPSR disclosure-masked field","Code retained; full wording/short label requires review",0,"Original labelled categories or source type",NA,NA
"Q471R3","Q471","Q471R3","Q471r3: My parent - Who was it that used that program?","ICPSR variable label; may be truncated",391,"Survey item or survey routing field",FALSE,"Asked program use Q470=1; Original questionnaire route / module retained; system NA not interpreted as a substantive answer","Disclosure masked",2082,"ICPSR disclosure-masked field",FALSE,FALSE,FALSE,"ICPSR disclosure-masked field","Code retained; full wording/short label requires review",0,"Original labelled categories or source type",NA,NA
"Q471R4","Q471","Q471R4","Q471r4: My spouse/partner - Who was it that used that program?","ICPSR variable label; may be truncated",391,"Survey item or survey routing field",FALSE,"Asked program use Q470=1; Original questionnaire route / module retained; system NA not interpreted as a substantive answer","Disclosure masked",2082,"ICPSR disclosure-masked field",FALSE,FALSE,FALSE,"ICPSR disclosure-masked field","Code retained; full wording/short label requires review",0,"Original labelled categories or source type",NA,NA
"Q471R5","Q471","Q471R5","Q471r5: My brother or sister - Who was it that used that program?","ICPSR variable label; may be truncated",392,"Survey item or survey routing field",FALSE,"Asked program use Q470=1; Original questionnaire route / module retained; system NA not interpreted as a substantive answer","Disclosure masked",2082,"ICPSR disclosure-masked field",FALSE,FALSE,FALSE,"ICPSR disclosure-masked field","Code retained; full wording/short label requires review",0,"Original labelled categories or source type",NA,NA
"Q471R6","Q471","Q471R6","Q471r6: My aunt or uncle - Who was it that used that program?","ICPSR variable label; may be truncated",392,"Survey item or survey routing field",FALSE,"Asked program use Q470=1; Original questionnaire route / module retained; system NA not interpreted as a substantive answer","System NA: routing, nonresponse or unavailable; labelled responses preserved",1828,"Eligible",TRUE,TRUE,TRUE,"Eligible subject to training-only screening","Code retained; full wording/short label requires review",1838,"Original labelled categories or source type",NA,NA
"Q471R7","Q471","Q471R7","Q471r7: My cousin or other relative - Who was it that used that program?","ICPSR variable label; may be truncated",392,"Survey item or survey routing field",FALSE,"Asked program use Q470=1; Original questionnaire route / module retained; system NA not interpreted as a substantive answer","System NA: routing, nonresponse or unavailable; labelled responses preserved",1828,"Eligible",TRUE,TRUE,TRUE,"Eligible subject to training-only screening","Code retained; full wording/short label requires review",1838,"Original labelled categories or source type",NA,NA
"Q471R8","Q471","Q471R8","Q471r8: My grandparent - Who was it that used that program?","ICPSR variable label; may be truncated",393,"Survey item or survey routing field",FALSE,"Asked program use Q470=1; Original questionnaire route / module retained; system NA not interpreted as a substantive answer","System NA: routing, nonresponse or unavailable; labelled responses preserved",1828,"Eligible",TRUE,TRUE,TRUE,"Eligible subject to training-only screening","Code retained; full wording/short label requires review",1838,"Original labelled categories or source type",NA,NA
"Q471R9","Q471","Q471R9","Q471r9: A close personal friend - Who was it that used that program?","ICPSR variable label; may be truncated",393,"Survey item or survey routing field",FALSE,"Asked program use Q470=1; Original questionnaire route / module retained; system NA not interpreted as a substantive answer","System NA: routing, nonresponse or unavailable; labelled responses preserved",1828,"Eligible",TRUE,TRUE,TRUE,"Eligible subject to training-only screening","Code retained; full wording/short label requires review",1838,"Original labelled categories or source type",NA,NA
"Q472_Q474R1","Q472_Q474R1","Q472_Q474R1","Q472_Q474r1: I have power to define myself in interactions with police - People","ICPSR variable label; may be truncated",394,"Survey item or survey routing field",FALSE,"Original questionnaire route / module retained; system NA not interpreted as a substantive answer","System NA: routing, nonresponse or unavailable; labelled responses preserved",0,"Eligible",TRUE,TRUE,TRUE,"Eligible subject to training-only screening","Code retained; full wording/short label requires review",17545,"Original labelled categories or source type",NA,NA
"Q472_Q474R2","Q472_Q474R2","Q472_Q474R2","Q472_Q474r2: Many officers see people like me as animals, thugs, and less than h","ICPSR variable label; may be truncated",394,"Survey item or survey routing field",FALSE,"Original questionnaire route / module retained; system NA not interpreted as a substantive answer","System NA: routing, nonresponse or unavailable; labelled responses preserved",0,"Eligible",TRUE,TRUE,TRUE,"Eligible subject to training-only screening","Code retained; full wording/short label requires review",17545,"Original labelled categories or source type",NA,NA
"Q472_Q474R3","Q472_Q474R3","Q472_Q474R3","Q472_Q474r3: The police are very present in my neighborhood but do not get to kn","ICPSR variable label; may be truncated",394,"Survey item or survey routing field",FALSE,"Original questionnaire route / module retained; system NA not interpreted as a substantive answer","System NA: routing, nonresponse or unavailable; labelled responses preserved",0,"Eligible",TRUE,TRUE,TRUE,"Eligible subject to training-only screening","Code retained; full wording/short label requires review",17545,"Original labelled categories or source type",NA,NA
"Q475R1","Q475","Q475R1","Q475r1: Establish community control over the police force - Please rank the foll","ICPSR variable label; may be truncated",395,"Survey item or survey routing field",FALSE,"Original questionnaire route / module retained; system NA not interpreted as a substantive answer","System NA: routing, nonresponse or unavailable; labelled responses preserved",80,"Eligible",TRUE,TRUE,TRUE,"Eligible subject to training-only screening","Code retained; full wording/short label requires review",16958,"Original labelled categories or source type",NA,NA
"Q475R2","Q475","Q475R2","Q475r2: Reduce policing budget and role in the community - Please rank the follo","ICPSR variable label; may be truncated",395,"Survey item or survey routing field",FALSE,"Original questionnaire route / module retained; system NA not interpreted as a substantive answer","System NA: routing, nonresponse or unavailable; labelled responses preserved",85,"Eligible",TRUE,TRUE,TRUE,"Eligible subject to training-only screening","Code retained; full wording/short label requires review",16914,"Original labelled categories or source type",NA,NA
"Q475R3","Q475","Q475R3","Q475r3: Invest more resources in education, jobs and health - Please rank the fo","ICPSR variable label; may be truncated",396,"Survey item or survey routing field",FALSE,"Original questionnaire route / module retained; system NA not interpreted as a substantive answer","System NA: routing, nonresponse or unavailable; labelled responses preserved",31,"Eligible",TRUE,TRUE,TRUE,"Eligible subject to training-only screening","Code retained; full wording/short label requires review",17303,"Original labelled categories or source type",NA,NA
"Q475R4","Q475","Q475R4","Q475r4: Require police to focus their attention on serious crimes and violence,","ICPSR variable label; may be truncated",396,"Survey item or survey routing field",FALSE,"Original questionnaire route / module retained; system NA not interpreted as a substantive answer","System NA: routing, nonresponse or unavailable; labelled responses preserved",26,"Eligible",TRUE,TRUE,TRUE,"Eligible subject to training-only screening","Code retained; full wording/short label requires review",17265,"Original labelled categories or source type",NA,NA
"Q475R5","Q475","Q475R5","Q475r5: Abolish the police and create a community-led safety initiative. - Pleas","ICPSR variable label; may be truncated",397,"Survey item or survey routing field",FALSE,"Original questionnaire route / module retained; system NA not interpreted as a substantive answer","System NA: routing, nonresponse or unavailable; labelled responses preserved",88,"Eligible",TRUE,TRUE,TRUE,"Eligible subject to training-only screening","Code retained; full wording/short label requires review",16777,"Original labelled categories or source type",NA,NA
"Q475R6","Q475","Q475R6","Q475r6: Increase the size of the police force - Please rank the following police","ICPSR variable label; may be truncated",397,"Survey item or survey routing field",FALSE,"Original questionnaire route / module retained; system NA not interpreted as a substantive answer","System NA: routing, nonresponse or unavailable; labelled responses preserved",52,"Eligible",TRUE,TRUE,TRUE,"Eligible subject to training-only screening","Code retained; full wording/short label requires review",17013,"Original labelled categories or source type",NA,NA
"Q475R7","Q475","Q475R7","Q475r7: Train police more to limit racial bias - Please rank the following polic","ICPSR variable label; may be truncated",398,"Survey item or survey routing field",FALSE,"Original questionnaire route / module retained; system NA not interpreted as a substantive answer","System NA: routing, nonresponse or unavailable; labelled responses preserved",39,"Eligible",TRUE,TRUE,TRUE,"Eligible subject to training-only screening","Code retained; full wording/short label requires review",17126,"Original labelled categories or source type",NA,NA
"Q476","Q476","Q476","Q476: Which of the following statements most aligns with your experience with po","ICPSR variable label; may be truncated",398,"Survey item or survey routing field",FALSE,"Original questionnaire route / module retained; system NA not interpreted as a substantive answer","System NA: routing, nonresponse or unavailable; labelled responses preserved",0,"Eligible",TRUE,TRUE,TRUE,"Eligible subject to training-only screening","Code retained; full wording/short label requires review",17545,"Original labelled categories or source type",NA,NA
"Q477","Q477","Q477","Q477: Which of the following characterizations most describe your experience wit","ICPSR variable label; may be truncated",399,"Survey item or survey routing field",FALSE,"Original questionnaire route / module retained; system NA not interpreted as a substantive answer","System NA: routing, nonresponse or unavailable; labelled responses preserved",0,"Eligible",TRUE,TRUE,TRUE,"Eligible subject to training-only screening","Code retained; full wording/short label requires review",17545,"Original labelled categories or source type",NA,NA
"Q478_Q483R1","Q478_Q483R1","Q478_Q483R1","Q478_Q483r1: The official rules say the police can","ICPSR variable label; may be truncated",399,"Survey item or survey routing field",FALSE,"Original questionnaire route / module retained; system NA not interpreted as a substantive answer","System NA: routing, nonresponse or unavailable; labelled responses preserved",0,"Eligible",TRUE,TRUE,TRUE,"Eligible subject to training-only screening","Code retained; full wording/short label requires review",17545,"Original labelled categories or source type",NA,NA
"Q478_Q483R2","Q478_Q483R2","Q478_Q483R2","Q478_Q483r2: There","ICPSR variable label; may be truncated",400,"Survey item or survey routing field",FALSE,"Original questionnaire route / module retained; system NA not interpreted as a substantive answer","System NA: routing, nonresponse or unavailable; labelled responses preserved",0,"Eligible",TRUE,TRUE,TRUE,"Eligible subject to training-only screening","Code retained; full wording/short label requires review",17545,"Original labelled categories or source type",NA,NA
"Q478_Q483R3","Q478_Q483R3","Q478_Q483R3","Q478_Q483r3: Democracy protects me from police mistreatment - How much do you ag","ICPSR variable label; may be truncated",400,"Survey item or survey routing field",FALSE,"Original questionnaire route / module retained; system NA not interpreted as a substantive answer","System NA: routing, nonresponse or unavailable; labelled responses preserved",0,"Eligible",TRUE,TRUE,TRUE,"Eligible subject to training-only screening","Code retained; full wording/short label requires review",17545,"Original labelled categories or source type",NA,NA
"Q478_Q483R4","Q478_Q483R4","Q478_Q483R4","Q478_Q483r4: I feel like a full and equal citizen in this country with all the r","ICPSR variable label; may be truncated",400,"Survey item or survey routing field",FALSE,"Original questionnaire route / module retained; system NA not interpreted as a substantive answer","System NA: routing, nonresponse or unavailable; labelled responses preserved",0,"Eligible",TRUE,TRUE,TRUE,"Eligible subject to training-only screening","Code retained; full wording/short label requires review",17545,"Original labelled categories or source type",NA,NA
"Q478_Q483R5","Q478_Q483R5","Q478_Q483R5","Q478_Q483r5: If there is a safety issue in my community I feel comfortable calli","ICPSR variable label; may be truncated",401,"Survey item or survey routing field",FALSE,"Original questionnaire route / module retained; system NA not interpreted as a substantive answer","System NA: routing, nonresponse or unavailable; labelled responses preserved",0,"Eligible",TRUE,TRUE,TRUE,"Eligible subject to training-only screening","Code retained; full wording/short label requires review",17545,"Original labelled categories or source type",NA,NA
"Q478_Q483R6","Q478_Q483R6","Q478_Q483R6","Q478_Q483r6: I do not trust the police to protect my community - How much do you","ICPSR variable label; may be truncated",401,"Survey item or survey routing field",FALSE,"Original questionnaire route / module retained; system NA not interpreted as a substantive answer","System NA: routing, nonresponse or unavailable; labelled responses preserved",0,"Eligible",TRUE,TRUE,TRUE,"Eligible subject to training-only screening","Code retained; full wording/short label requires review",17545,"Original labelled categories or source type",NA,NA
"Q484","Q484","Q484","Q484: In general, do the police treat Black women better than Black men, worse,","ICPSR variable label; may be truncated",402,"Survey item or survey routing field",FALSE,"Original questionnaire route / module retained; system NA not interpreted as a substantive answer","System NA: routing, nonresponse or unavailable; labelled responses preserved",0,"Eligible",TRUE,TRUE,TRUE,"Eligible subject to training-only screening","Code retained; full wording/short label requires review",17545,"Original labelled categories or source type",NA,NA
"Q485","Q485","Racial bias in police/immigration treatment","Q485: When it comes to the treatment of Black people by the police and the treat","ICPSR variable label; may be truncated",402,"Survey item or survey routing field",FALSE,"Original questionnaire route / module retained; system NA not interpreted as a substantive answer","System NA: routing, nonresponse or unavailable; labelled responses preserved",0,"Eligible",TRUE,TRUE,TRUE,"Eligible subject to training-only screening","Verified short label; original source construct retained",17545,"Original labelled categories or source type",485,86
"Q486","Q486","Q486","Q486: Previously you indicated that you may have been arrested, detained or conv","ICPSR variable label; may be truncated",403,"Survey item or survey routing field",FALSE,"Original questionnaire route / module retained; system NA not interpreted as a substantive answer","System NA: routing, nonresponse or unavailable; labelled responses preserved",1015,"Eligible",TRUE,TRUE,TRUE,"Eligible subject to training-only screening","Code retained; full wording/short label requires review",9392,"Original labelled categories or source type",NA,NA
"Q487_Q489R1","Q487_Q489R1","Q487_Q489R1","Q487_Q489r1: The judge - Take a minute to think about times you visited the cour","ICPSR variable label; may be truncated",403,"Survey item or survey routing field",FALSE,"Original questionnaire route / module retained; system NA not interpreted as a substantive answer","System NA: routing, nonresponse or unavailable; labelled responses preserved",1472,"Eligible",TRUE,TRUE,TRUE,"Eligible subject to training-only screening","Code retained; full wording/short label requires review",5605,"Original labelled categories or source type",NA,NA
"Q487_Q489R2","Q487_Q489R2","Q487_Q489R2","Q487_Q489r2: Your attorney/lawyer representing you - Take a minute to think abou","ICPSR variable label; may be truncated",403,"Survey item or survey routing field",FALSE,"Original questionnaire route / module retained; system NA not interpreted as a substantive answer","System NA: routing, nonresponse or unavailable; labelled responses preserved",1472,"Eligible",TRUE,TRUE,TRUE,"Eligible subject to training-only screening","Code retained; full wording/short label requires review",5605,"Original labelled categories or source type",NA,NA
"Q487_Q489R3","Q487_Q489R3","Q487_Q489R3","Q487_Q489r3: The prosecutor/opposing lawyer - Take a minute to think about times","ICPSR variable label; may be truncated",404,"Survey item or survey routing field",FALSE,"Original questionnaire route / module retained; system NA not interpreted as a substantive answer","System NA: routing, nonresponse or unavailable; labelled responses preserved",1472,"Eligible",TRUE,TRUE,TRUE,"Eligible subject to training-only screening","Code retained; full wording/short label requires review",5605,"Original labelled categories or source type",NA,NA
"Q490R1","Q490","Q490R1","Q490r1: Yes, I have been stopped or questioned - Do you know anyone who has been","ICPSR variable label; may be truncated",404,"Survey item or survey routing field",FALSE,"Original questionnaire route / module retained; system NA not interpreted as a substantive answer","System NA: routing, nonresponse or unavailable; labelled responses preserved",0,"Eligible",TRUE,TRUE,TRUE,"Eligible subject to training-only screening","Code retained; full wording/short label requires review",17545,"Original labelled categories or source type",NA,NA
"Q490R2","Q490","Q490R2","Q490r2: Yes, a close family member has been stopped or questioned","ICPSR variable label; may be truncated",405,"Survey item or survey routing field",FALSE,"Original questionnaire route / module retained; system NA not interpreted as a substantive answer","System NA: routing, nonresponse or unavailable; labelled responses preserved",0,"Eligible",TRUE,TRUE,TRUE,"Eligible subject to training-only screening","Code retained; full wording/short label requires review",17545,"Original labelled categories or source type",NA,NA
"Q490R3","Q490","Q490R3","Q490r3: Yes, a close family member has been detained or deported","ICPSR variable label; may be truncated",405,"Survey item or survey routing field",FALSE,"Original questionnaire route / module retained; system NA not interpreted as a substantive answer","System NA: routing, nonresponse or unavailable; labelled responses preserved",0,"Eligible",TRUE,TRUE,TRUE,"Eligible subject to training-only screening","Code retained; full wording/short label requires review",17545,"Original labelled categories or source type",NA,NA
"Q490R4","Q490","Q490R4","Q490r4: Yes, some other relative has been stopped or questioned","ICPSR variable label; may be truncated",405,"Survey item or survey routing field",FALSE,"Original questionnaire route / module retained; system NA not interpreted as a substantive answer","System NA: routing, nonresponse or unavailable; labelled responses preserved",0,"Eligible",TRUE,TRUE,TRUE,"Eligible subject to training-only screening","Code retained; full wording/short label requires review",17545,"Original labelled categories or source type",NA,NA
"Q490R5","Q490","Q490R5","Q490r5: Yes, some other relative has been detained or deported","ICPSR variable label; may be truncated",406,"Survey item or survey routing field",FALSE,"Original questionnaire route / module retained; system NA not interpreted as a substantive answer","System NA: routing, nonresponse or unavailable; labelled responses preserved",0,"Eligible",TRUE,TRUE,TRUE,"Eligible subject to training-only screening","Code retained; full wording/short label requires review",17545,"Original labelled categories or source type",NA,NA
"Q490R6","Q490","Q490R6","Q490r6: Yes, a friend or co-worker has been stopped or questioned","ICPSR variable label; may be truncated",406,"Survey item or survey routing field",FALSE,"Original questionnaire route / module retained; system NA not interpreted as a substantive answer","System NA: routing, nonresponse or unavailable; labelled responses preserved",0,"Eligible",TRUE,TRUE,TRUE,"Eligible subject to training-only screening","Code retained; full wording/short label requires review",17545,"Original labelled categories or source type",NA,NA
"Q490R7","Q490","Q490R7","Q490r7: Yes, a friend or co-worker has been detained or deported - Do you know a","ICPSR variable label; may be truncated",406,"Survey item or survey routing field",FALSE,"Original questionnaire route / module retained; system NA not interpreted as a substantive answer","System NA: routing, nonresponse or unavailable; labelled responses preserved",0,"Eligible",TRUE,TRUE,TRUE,"Eligible subject to training-only screening","Code retained; full wording/short label requires review",17545,"Original labelled categories or source type",NA,NA
"Q490R8","Q490","Q490R8","Q490r8: No, do not know anyone - Do you know anyone who has been stopped or ques","ICPSR variable label; may be truncated",407,"Survey item or survey routing field",FALSE,"Original questionnaire route / module retained; system NA not interpreted as a substantive answer","System NA: routing, nonresponse or unavailable; labelled responses preserved",0,"Eligible",TRUE,TRUE,TRUE,"Eligible subject to training-only screening","Code retained; full wording/short label requires review",17545,"Original labelled categories or source type",NA,NA
"Q491A","Q491A","Q491A","Q491A: Would you say their experience dealing with law enforcement for immigrati","ICPSR variable label; may be truncated",407,"Survey item or survey routing field",FALSE,"Original questionnaire route / module retained; system NA not interpreted as a substantive answer","System NA: routing, nonresponse or unavailable; labelled responses preserved",1612,"Eligible",TRUE,TRUE,TRUE,"Eligible subject to training-only screening","Code retained; full wording/short label requires review",3588,"Original labelled categories or source type",NA,NA
"Q491R1","Q491","Q491R1","Q491r1: No, I do not know anyone undocumented - Do you know anyone who is curren","ICPSR variable label; may be truncated",407,"Survey item or survey routing field",FALSE,"Original questionnaire route / module retained; system NA not interpreted as a substantive answer","System NA: routing, nonresponse or unavailable; labelled responses preserved",0,"Eligible",TRUE,TRUE,TRUE,"Eligible subject to training-only screening","Code retained; full wording/short label requires review",17545,"Original labelled categories or source type",NA,NA
"Q491R2","Q491","Q491R2","Q491r2: Yes, one of my parents - Do you know anyone who is currently an undocume","ICPSR variable label; may be truncated",408,"Survey item or survey routing field",FALSE,"Original questionnaire route / module retained; system NA not interpreted as a substantive answer","System NA: routing, nonresponse or unavailable; labelled responses preserved",0,"Eligible",TRUE,TRUE,TRUE,"Eligible subject to training-only screening","Code retained; full wording/short label requires review",17545,"Original labelled categories or source type",NA,NA
"Q491R3","Q491","Q491R3","Q491r3: Yes, one of my siblings - Do you know anyone who is currently an undocum","ICPSR variable label; may be truncated",408,"Survey item or survey routing field",FALSE,"Original questionnaire route / module retained; system NA not interpreted as a substantive answer","System NA: routing, nonresponse or unavailable; labelled responses preserved",0,"Eligible",TRUE,TRUE,TRUE,"Eligible subject to training-only screening","Code retained; full wording/short label requires review",17545,"Original labelled categories or source type",NA,NA
"Q491R4","Q491","Q491R4","Q491r4: Yes, one of my children - Do you know anyone who is currently an undocum","ICPSR variable label; may be truncated",408,"Survey item or survey routing field",FALSE,"Original questionnaire route / module retained; system NA not interpreted as a substantive answer","System NA: routing, nonresponse or unavailable; labelled responses preserved",0,"Eligible",TRUE,TRUE,TRUE,"Eligible subject to training-only screening","Code retained; full wording/short label requires review",17545,"Original labelled categories or source type",NA,NA
"Q491R5","Q491","Q491R5","Q491r5: Yes, another family member (aunt, grandparent, cousin) - Do you know any","ICPSR variable label; may be truncated",408,"Survey item or survey routing field",FALSE,"Original questionnaire route / module retained; system NA not interpreted as a substantive answer","System NA: routing, nonresponse or unavailable; labelled responses preserved",0,"Eligible",TRUE,TRUE,TRUE,"Eligible subject to training-only screening","Code retained; full wording/short label requires review",17545,"Original labelled categories or source type",NA,NA
"Q491R6","Q491","Q491R6","Q491r6: Yes, a close personal friend - Do you know anyone who is currently an un","ICPSR variable label; may be truncated",409,"Survey item or survey routing field",FALSE,"Original questionnaire route / module retained; system NA not interpreted as a substantive answer","System NA: routing, nonresponse or unavailable; labelled responses preserved",0,"Eligible",TRUE,TRUE,TRUE,"Eligible subject to training-only screening","Code retained; full wording/short label requires review",17545,"Original labelled categories or source type",NA,NA
"Q491R7","Q491","Q491R7","Q491r7: Yes, someone I work with - Do you know anyone who is currently an undocu","ICPSR variable label; may be truncated",409,"Survey item or survey routing field",FALSE,"Original questionnaire route / module retained; system NA not interpreted as a substantive answer","System NA: routing, nonresponse or unavailable; labelled responses preserved",0,"Eligible",TRUE,TRUE,TRUE,"Eligible subject to training-only screening","Code retained; full wording/short label requires review",17545,"Original labelled categories or source type",NA,NA
"Q492","Q492","Q492","Q492: How worried, if at all, are you that someone you know could be detained or","ICPSR variable label; may be truncated",409,"Survey item or survey routing field",FALSE,"Original questionnaire route / module retained; system NA not interpreted as a substantive answer","System NA: routing, nonresponse or unavailable; labelled responses preserved",0,"Eligible",TRUE,TRUE,TRUE,"Eligible subject to training-only screening","Code retained; full wording/short label requires review",17545,"Original labelled categories or source type",NA,NA
"Q493","Q493","Q493","Q493: How worried, if at all, are you that YOU could be detained or deported for","ICPSR variable label; may be truncated",410,"Survey item or survey routing field",FALSE,"Original questionnaire route / module retained; system NA not interpreted as a substantive answer","System NA: routing, nonresponse or unavailable; labelled responses preserved",0,"Eligible",TRUE,TRUE,TRUE,"Eligible subject to training-only screening","Code retained; full wording/short label requires review",10288,"Original labelled categories or source type",NA,NA
"Q494_Q503R1","Q494_Q503R1","Q494_Q503R1","Q494_Q503r1: Shares my race - Which of the following traits do you prefer in a c","ICPSR variable label; may be truncated",410,"Survey item or survey routing field",FALSE,"Original questionnaire route / module retained; system NA not interpreted as a substantive answer","System NA: routing, nonresponse or unavailable; labelled responses preserved",0,"Eligible",TRUE,TRUE,TRUE,"Eligible subject to training-only screening","Code retained; full wording/short label requires review",17545,"Original labelled categories or source type",NA,NA
"Q494_Q503R2","Q494_Q503R2","Q494_Q503R2","Q494_Q503r2: Shares my gender - Which of the following traits do you prefer in a","ICPSR variable label; may be truncated",411,"Survey item or survey routing field",FALSE,"Original questionnaire route / module retained; system NA not interpreted as a substantive answer","System NA: routing, nonresponse or unavailable; labelled responses preserved",0,"Eligible",TRUE,TRUE,TRUE,"Eligible subject to training-only screening","Code retained; full wording/short label requires review",17545,"Original labelled categories or source type",NA,NA
"Q494_Q503R3","Q494_Q503R3","Q494_Q503R3","Q494_Q503r3: Devoted to their religion - Which of the following traits do you pr","ICPSR variable label; may be truncated",411,"Survey item or survey routing field",FALSE,"Original questionnaire route / module retained; system NA not interpreted as a substantive answer","System NA: routing, nonresponse or unavailable; labelled responses preserved",0,"Eligible",TRUE,TRUE,TRUE,"Eligible subject to training-only screening","Code retained; full wording/short label requires review",17545,"Original labelled categories or source type",NA,NA
"Q494_Q503R4","Q494_Q503R4","Q494_Q503R4","Q494_Q503r4: Young - Which of the following traits do you prefer in a candidate","ICPSR variable label; may be truncated",411,"Survey item or survey routing field",FALSE,"Original questionnaire route / module retained; system NA not interpreted as a substantive answer","System NA: routing, nonresponse or unavailable; labelled responses preserved",0,"Eligible",TRUE,TRUE,TRUE,"Eligible subject to training-only screening","Code retained; full wording/short label requires review",17545,"Original labelled categories or source type",NA,NA
"Q494_Q503R5","Q494_Q503R5","Q494_Q503R5","Q494_Q503r5: Working-class background - Which of the following traits do you pre","ICPSR variable label; may be truncated",412,"Survey item or survey routing field",FALSE,"Original questionnaire route / module retained; system NA not interpreted as a substantive answer","System NA: routing, nonresponse or unavailable; labelled responses preserved",0,"Eligible",TRUE,TRUE,TRUE,"Eligible subject to training-only screening","Code retained; full wording/short label requires review",17545,"Original labelled categories or source type",NA,NA
"Q494_Q503R6","Q494_Q503R6","Q494_Q503R6","Q494_Q503r6: Wealthy/rich - Which of the following traits do you prefer in a can","ICPSR variable label; may be truncated",412,"Survey item or survey routing field",FALSE,"Original questionnaire route / module retained; system NA not interpreted as a substantive answer","System NA: routing, nonresponse or unavailable; labelled responses preserved",0,"Eligible",TRUE,TRUE,TRUE,"Eligible subject to training-only screening","Code retained; full wording/short label requires review",17545,"Original labelled categories or source type",NA,NA
"Q494_Q503R7","Q494_Q503R7","Q494_Q503R7","Q494_Q503r7: Has experience, been elected to office before - Which of the follow","ICPSR variable label; may be truncated",412,"Survey item or survey routing field",FALSE,"Original questionnaire route / module retained; system NA not interpreted as a substantive answer","System NA: routing, nonresponse or unavailable; labelled responses preserved",0,"Eligible",TRUE,TRUE,TRUE,"Eligible subject to training-only screening","Code retained; full wording/short label requires review",17545,"Original labelled categories or source type",NA,NA
"Q494_Q503R8","Q494_Q503R8","Q494_Q503R8","Q494_Q503r8: Is a newcomer to politics - Which of the following traits do you pr","ICPSR variable label; may be truncated",413,"Survey item or survey routing field",FALSE,"Original questionnaire route / module retained; system NA not interpreted as a substantive answer","System NA: routing, nonresponse or unavailable; labelled responses preserved",0,"Eligible",TRUE,TRUE,TRUE,"Eligible subject to training-only screening","Code retained; full wording/short label requires review",17545,"Original labelled categories or source type",NA,NA
"Q494_Q503R9","Q494_Q503R9","Q494_Q503R9","Q494_Q503r9: Endorsements from interest groups I support - Which of the followin","ICPSR variable label; may be truncated",413,"Survey item or survey routing field",FALSE,"Original questionnaire route / module retained; system NA not interpreted as a substantive answer","System NA: routing, nonresponse or unavailable; labelled responses preserved",0,"Eligible",TRUE,TRUE,TRUE,"Eligible subject to training-only screening","Code retained; full wording/short label requires review",17545,"Original labelled categories or source type",NA,NA
"Q494_Q503R10","Q494_Q503R10","Q494_Q503R10","Q494_Q503r10: Candidate training experience - Which of the following traits do y","ICPSR variable label; may be truncated",413,"Survey item or survey routing field",FALSE,"Original questionnaire route / module retained; system NA not interpreted as a substantive answer","System NA: routing, nonresponse or unavailable; labelled responses preserved",0,"Eligible",TRUE,TRUE,TRUE,"Eligible subject to training-only screening","Code retained; full wording/short label requires review",17545,"Original labelled categories or source type",NA,NA
"Q504R1","Q504R1","Q504R1","Q504r1: My employment - In the past year, which of the following has caused you","ICPSR variable label; may be truncated",414,"Survey item or survey routing field",FALSE,"Original questionnaire route / module retained; system NA not interpreted as a substantive answer","System NA: routing, nonresponse or unavailable; labelled responses preserved",0,"Eligible",TRUE,TRUE,TRUE,"Eligible subject to training-only screening","Code retained; full wording/short label requires review",17545,"Numeric source rating/rank retained categorically",NA,NA
"Q504R2","Q504R2","Q504R2","Q504r2: COVID-19 - In the past year, which of the following has caused you the m","ICPSR variable label; may be truncated",414,"Survey item or survey routing field",FALSE,"Original questionnaire route / module retained; system NA not interpreted as a substantive answer","System NA: routing, nonresponse or unavailable; labelled responses preserved",0,"Eligible",TRUE,TRUE,TRUE,"Eligible subject to training-only screening","Code retained; full wording/short label requires review",17545,"Numeric source rating/rank retained categorically",NA,NA
"Q504R3","Q504R3","Anxiety from climate change","Q504r3: Climate change - In the past year, which of the following has caused you","ICPSR variable label; may be truncated",415,"Survey item or survey routing field",FALSE,"Original questionnaire route / module retained; system NA not interpreted as a substantive answer","System NA: routing, nonresponse or unavailable; labelled responses preserved",0,"Eligible",TRUE,TRUE,TRUE,"Eligible subject to training-only screening","Verified short label; original source construct retained",17545,"Numeric source rating/rank retained categorically",504,89
"Q504R4","Q504R4","Q504R4","Q504r4: Police Brutality - In the past year, which of the following has caused y","ICPSR variable label; may be truncated",415,"Survey item or survey routing field",FALSE,"Original questionnaire route / module retained; system NA not interpreted as a substantive answer","System NA: routing, nonresponse or unavailable; labelled responses preserved",0,"Eligible",TRUE,TRUE,TRUE,"Eligible subject to training-only screening","Code retained; full wording/short label requires review",17545,"Numeric source rating/rank retained categorically",NA,NA
"Q504R5","Q504R5","Q504R5","Q504r5: Terrorism - In the past year, which of the following has caused you the","ICPSR variable label; may be truncated",416,"Survey item or survey routing field",FALSE,"Original questionnaire route / module retained; system NA not interpreted as a substantive answer","System NA: routing, nonresponse or unavailable; labelled responses preserved",0,"Eligible",TRUE,TRUE,TRUE,"Eligible subject to training-only screening","Code retained; full wording/short label requires review",17545,"Numeric source rating/rank retained categorically",NA,NA
"Q504R6","Q504R6","Anxiety from white supremacy","Q504r6: White supremacy - In the past year, which of the following has caused yo","ICPSR variable label; may be truncated",416,"Survey item or survey routing field",FALSE,"Original questionnaire route / module retained; system NA not interpreted as a substantive answer","System NA: routing, nonresponse or unavailable; labelled responses preserved",0,"Eligible",TRUE,TRUE,TRUE,"Eligible subject to training-only screening","Verified short label; original source construct retained",17545,"Numeric source rating/rank retained categorically",504,89
"Q504R7","Q504R7","Q504R7","Q504r7: Threats to my religious freedom - In the past year, which of the followi","ICPSR variable label; may be truncated",417,"Survey item or survey routing field",FALSE,"Original questionnaire route / module retained; system NA not interpreted as a substantive answer","System NA: routing, nonresponse or unavailable; labelled responses preserved",0,"Eligible",TRUE,TRUE,TRUE,"Eligible subject to training-only screening","Code retained; full wording/short label requires review",17545,"Numeric source rating/rank retained categorically",NA,NA
"Q504R8","Q504R8","Q504R8","Q504r8: US immigration policy - In the past year, which of the following has cau","ICPSR variable label; may be truncated",418,"Survey item or survey routing field",FALSE,"Original questionnaire route / module retained; system NA not interpreted as a substantive answer","System NA: routing, nonresponse or unavailable; labelled responses preserved",0,"Eligible",TRUE,TRUE,TRUE,"Eligible subject to training-only screening","Code retained; full wording/short label requires review",17545,"Numeric source rating/rank retained categorically",NA,NA
"Q504R11","Q504R11","Anxiety from Trump","Q504r11: Donald Trump - In the past year, which of the following has caused you","ICPSR variable label; may be truncated",418,"Survey item or survey routing field",FALSE,"Original questionnaire route / module retained; system NA not interpreted as a substantive answer","System NA: routing, nonresponse or unavailable; labelled responses preserved",0,"Eligible",TRUE,FALSE,FALSE,"Candidate/election-proximate; Model 1 only","Verified short label; original source construct retained",17545,"Numeric source rating/rank retained categorically",504,89
"Q504R12","Q504R12","Anxiety from Biden","Q504r12: Joe Biden - In the past year, which of the following has caused you the","ICPSR variable label; may be truncated",419,"Survey item or survey routing field",FALSE,"Original questionnaire route / module retained; system NA not interpreted as a substantive answer","System NA: routing, nonresponse or unavailable; labelled responses preserved",0,"Eligible",TRUE,FALSE,FALSE,"Candidate/election-proximate; Model 1 only","Verified short label; original source construct retained",17545,"Numeric source rating/rank retained categorically",504,89
"Q505_Q508R1","Q505_Q508R1","Q505_Q508R1","Q505_Q508r1: People acted as if they are suspicious of you. - Here are a few thi","ICPSR variable label; may be truncated",419,"Survey item or survey routing field",FALSE,"Original questionnaire route / module retained; system NA not interpreted as a substantive answer","System NA: routing, nonresponse or unavailable; labelled responses preserved",0,"Eligible",TRUE,TRUE,TRUE,"Eligible subject to training-only screening","Code retained; full wording/short label requires review",17545,"Original labelled categories or source type",NA,NA
"Q505_Q508R2","Q505_Q508R2","Q505_Q508R2","Q505_Q508r2: People called you offensive names or treated you with less respect.","ICPSR variable label; may be truncated",420,"Survey item or survey routing field",FALSE,"Original questionnaire route / module retained; system NA not interpreted as a substantive answer","System NA: routing, nonresponse or unavailable; labelled responses preserved",0,"Eligible",TRUE,TRUE,TRUE,"Eligible subject to training-only screening","Code retained; full wording/short label requires review",17545,"Original labelled categories or source type",NA,NA
"Q505_Q508R3","Q505_Q508R3","Q505_Q508R3","Q505_Q508r3: People expressed support for you. - Here are a few things that some","ICPSR variable label; may be truncated",420,"Survey item or survey routing field",FALSE,"Original questionnaire route / module retained; system NA not interpreted as a substantive answer","System NA: routing, nonresponse or unavailable; labelled responses preserved",0,"Eligible",TRUE,TRUE,TRUE,"Eligible subject to training-only screening","Code retained; full wording/short label requires review",17545,"Original labelled categories or source type",NA,NA
"Q505_Q508R4","Q505_Q508R4","Q505_Q508R4","Q505_Q508r4: You saw graffiti targeting","ICPSR variable label; may be truncated",421,"Survey item or survey routing field",FALSE,"Original questionnaire route / module retained; system NA not interpreted as a substantive answer","System NA: routing, nonresponse or unavailable; labelled responses preserved",0,"Eligible",TRUE,TRUE,TRUE,"Eligible subject to training-only screening","Code retained; full wording/short label requires review",17545,"Original labelled categories or source type",NA,NA
"Q509_Q511R1","Q509_Q511R1","Q509_Q511R1","Q509_Q511r1: You were singled out or treated unfairly by other government offici","ICPSR variable label; may be truncated",421,"Survey item or survey routing field",FALSE,"Original questionnaire route / module retained; system NA not interpreted as a substantive answer","System NA: routing, nonresponse or unavailable; labelled responses preserved",0,"Eligible",TRUE,TRUE,TRUE,"Eligible subject to training-only screening","Code retained; full wording/short label requires review",17545,"Original labelled categories or source type",NA,NA
"Q509_Q511R2","Q509_Q511R2","Q509_Q511R2","Q509_Q511r2: You heard or saw government officials or politicians make negative","ICPSR variable label; may be truncated",421,"Survey item or survey routing field",FALSE,"Original questionnaire route / module retained; system NA not interpreted as a substantive answer","System NA: routing, nonresponse or unavailable; labelled responses preserved",0,"Eligible",TRUE,TRUE,TRUE,"Eligible subject to training-only screening","Code retained; full wording/short label requires review",17545,"Original labelled categories or source type",NA,NA
"Q509_Q511R3","Q509_Q511R3","Q509_Q511R3","Q509_Q511r3: You were negatively affected by one of President Donald Trump's exe","ICPSR variable label; may be truncated",422,"Survey item or survey routing field",FALSE,"Original questionnaire route / module retained; system NA not interpreted as a substantive answer","System NA: routing, nonresponse or unavailable; labelled responses preserved",0,"Eligible",TRUE,FALSE,FALSE,"Candidate/election-proximate; Model 1 only","Code retained; full wording/short label requires review",17545,"Original labelled categories or source type",NA,NA
"Q512R1","Q512","Q512R1","Q512r1: Working in Congress on bills concerning national issues. - Here is a lis","ICPSR variable label; may be truncated",422,"Survey item or survey routing field",FALSE,"Original questionnaire route / module retained; system NA not interpreted as a substantive answer","System NA: routing, nonresponse or unavailable; labelled responses preserved",0,"Eligible",TRUE,TRUE,TRUE,"Eligible subject to training-only screening","Code retained; full wording/short label requires review",17545,"Original labelled categories or source type",NA,NA
"Q512R2","Q512","Q512R2","Q512r2: Helping people in the district who have personal problems with governmen","ICPSR variable label; may be truncated",422,"Survey item or survey routing field",FALSE,"Original questionnaire route / module retained; system NA not interpreted as a substantive answer","System NA: routing, nonresponse or unavailable; labelled responses preserved",0,"Eligible",TRUE,TRUE,TRUE,"Eligible subject to training-only screening","Code retained; full wording/short label requires review",17545,"Original labelled categories or source type",NA,NA
"Q512R3","Q512","Q512R3","Q512r3: Making sure the state/district gets its fair share of government money a","ICPSR variable label; may be truncated",423,"Survey item or survey routing field",FALSE,"Original questionnaire route / module retained; system NA not interpreted as a substantive answer","System NA: routing, nonresponse or unavailable; labelled responses preserved",0,"Eligible",TRUE,TRUE,TRUE,"Eligible subject to training-only screening","Code retained; full wording/short label requires review",17545,"Original labelled categories or source type",NA,NA
"Q513_Q516R1","Q513_Q516R1","Q513_Q516R1","Q513_Q516r1: In the best kind of government, about half of all elected officials","ICPSR variable label; may be truncated",423,"Survey item or survey routing field",FALSE,"Original questionnaire route / module retained; system NA not interpreted as a substantive answer","System NA: routing, nonresponse or unavailable; labelled responses preserved",0,"Eligible",TRUE,TRUE,TRUE,"Eligible subject to training-only screening","Code retained; full wording/short label requires review",17545,"Original labelled categories or source type",NA,NA
"Q513_Q516R2","Q513_Q516R2","Q513_Q516R2","Q513_Q516r2: Men make better political leaders than women do. - Please tell us w","ICPSR variable label; may be truncated",423,"Survey item or survey routing field",FALSE,"Original questionnaire route / module retained; system NA not interpreted as a substantive answer","System NA: routing, nonresponse or unavailable; labelled responses preserved",0,"Eligible",TRUE,TRUE,TRUE,"Eligible subject to training-only screening","Code retained; full wording/short label requires review",17545,"Original labelled categories or source type",NA,NA
"Q513_Q516R3","Q513_Q516R3","Q513_Q516R3","Q513_Q516r3: Discrimination against women is no longer a problem in the U.S. - P","ICPSR variable label; may be truncated",424,"Survey item or survey routing field",FALSE,"Original questionnaire route / module retained; system NA not interpreted as a substantive answer","System NA: routing, nonresponse or unavailable; labelled responses preserved",0,"Eligible",TRUE,TRUE,TRUE,"Eligible subject to training-only screening","Code retained; full wording/short label requires review",17545,"Original labelled categories or source type",NA,NA
"SPLITQ517_Q520","SPLITQ517_Q520","SPLITQ517_Q520","splitQ517_Q520: New Single Select Question","ICPSR variable label; may be truncated",424,"Administration / derived field",FALSE,"Original questionnaire route / module retained; system NA not interpreted as a substantive answer","System NA: routing, nonresponse or unavailable; labelled responses preserved",0,"Routing/experiment metadata; joined to response where required",FALSE,FALSE,FALSE,"Routing/experiment metadata; joined to response where required","Code retained; full wording/short label requires review",17545,"Original labelled categories or source type",NA,NA
"SPLITA","SPLITA","SPLITA","splitA: New Single Select Question","ICPSR variable label; may be truncated",424,"Administration / derived field",FALSE,"Original questionnaire route / module retained; system NA not interpreted as a substantive answer","System NA: routing, nonresponse or unavailable; labelled responses preserved",0,"Routing/experiment metadata; joined to response where required",FALSE,FALSE,FALSE,"Routing/experiment metadata; joined to response where required","Code retained; full wording/short label requires review",17545,"Original labelled categories or source type",NA,NA
"Q517","Q517","Q517","Q517: Consider how women are viewed by Americans in general. As viewed by most A","ICPSR variable label; may be truncated",425,"Survey item or survey routing field",FALSE,"Condition joined: SPLITA","System NA: routing, nonresponse or unavailable; labelled responses preserved",1077,"Eligible",TRUE,TRUE,TRUE,"Eligible subject to training-only screening","Code retained; full wording/short label requires review",8661,"Original labelled categories or source type",NA,NA
"Q518","Q518","Q518","Q518: Consider how women are viewed by","ICPSR variable label; may be truncated",425,"Survey item or survey routing field",FALSE,"Condition joined: SPLITA","System NA: routing, nonresponse or unavailable; labelled responses preserved",1005,"Eligible",TRUE,TRUE,TRUE,"Eligible subject to training-only screening","Code retained; full wording/short label requires review",8884,"Original labelled categories or source type",NA,NA
"Q519","Q519","Q519","Q519: Consider how women are viewed by Americans in general. As viewed by most A","ICPSR variable label; may be truncated",426,"Survey item or survey routing field",FALSE,"Condition joined: SPLITA","System NA: routing, nonresponse or unavailable; labelled responses preserved",1077,"Eligible",TRUE,TRUE,TRUE,"Eligible subject to training-only screening","Code retained; full wording/short label requires review",8661,"Original labelled categories or source type",NA,NA
"Q520","Q520","Q520","Q520: Consider how women are viewed by","ICPSR variable label; may be truncated",426,"Survey item or survey routing field",FALSE,"Condition joined: SPLITA","System NA: routing, nonresponse or unavailable; labelled responses preserved",1005,"Eligible",TRUE,TRUE,TRUE,"Eligible subject to training-only screening","Code retained; full wording/short label requires review",8884,"Original labelled categories or source type",NA,NA
"Q521_Q528R1","Q521_Q528R1","Q521_Q528R1","Q521_Q528r1: Many women interpret innocent remarks or acts as being sexist. - Do","ICPSR variable label; may be truncated",427,"Survey item or survey routing field",FALSE,"Original questionnaire route / module retained; system NA not interpreted as a substantive answer","System NA: routing, nonresponse or unavailable; labelled responses preserved",0,"Eligible",TRUE,TRUE,TRUE,"Eligible subject to training-only screening","Code retained; full wording/short label requires review",17545,"Original labelled categories or source type",NA,NA
"Q521_Q528R2","Q521_Q528R2","Q521_Q528R2","Q521_Q528r2: Most women fail to appreciate fully all that men do for them. - Do","ICPSR variable label; may be truncated",427,"Survey item or survey routing field",FALSE,"Original questionnaire route / module retained; system NA not interpreted as a substantive answer","System NA: routing, nonresponse or unavailable; labelled responses preserved",0,"Eligible",TRUE,TRUE,TRUE,"Eligible subject to training-only screening","Code retained; full wording/short label requires review",17545,"Original labelled categories or source type",NA,NA
"Q521_Q528R3","Q521_Q528R3","Q521_Q528R3","Q521_Q528r3: Women seek to gain power by getting control over men. - Do you agre","ICPSR variable label; may be truncated",427,"Survey item or survey routing field",FALSE,"Original questionnaire route / module retained; system NA not interpreted as a substantive answer","System NA: routing, nonresponse or unavailable; labelled responses preserved",0,"Eligible",TRUE,TRUE,TRUE,"Eligible subject to training-only screening","Code retained; full wording/short label requires review",17545,"Original labelled categories or source type",NA,NA
"Q521_Q528R4","Q521_Q528R4","Q521_Q528R4","Q521_Q528r4: Once a woman gets a man to commit to her, she tries to put him on a","ICPSR variable label; may be truncated",428,"Survey item or survey routing field",FALSE,"Original questionnaire route / module retained; system NA not interpreted as a substantive answer","System NA: routing, nonresponse or unavailable; labelled responses preserved",0,"Eligible",TRUE,TRUE,TRUE,"Eligible subject to training-only screening","Code retained; full wording/short label requires review",17545,"Original labelled categories or source type",NA,NA
"Q521_Q528R5","Q521_Q528R5","Q521_Q528R5","Q521_Q528r5: Women should be cherished and protected by men. - Do you agree stro","ICPSR variable label; may be truncated",428,"Survey item or survey routing field",FALSE,"Original questionnaire route / module retained; system NA not interpreted as a substantive answer","System NA: routing, nonresponse or unavailable; labelled responses preserved",0,"Eligible",TRUE,TRUE,TRUE,"Eligible subject to training-only screening","Code retained; full wording/short label requires review",17545,"Original labelled categories or source type",NA,NA
"Q521_Q528R6","Q521_Q528R6","Q521_Q528R6","Q521_Q528r6: Men are incomplete without women. - Do you agree strongly, agree so","ICPSR variable label; may be truncated",429,"Survey item or survey routing field",FALSE,"Original questionnaire route / module retained; system NA not interpreted as a substantive answer","System NA: routing, nonresponse or unavailable; labelled responses preserved",0,"Eligible",TRUE,TRUE,TRUE,"Eligible subject to training-only screening","Code retained; full wording/short label requires review",17545,"Original labelled categories or source type",NA,NA
"Q521_Q528R7","Q521_Q528R7","Q521_Q528R7","Q521_Q528r7: Women, compared to men, tend to have a superior moral sensibility.","ICPSR variable label; may be truncated",429,"Survey item or survey routing field",FALSE,"Original questionnaire route / module retained; system NA not interpreted as a substantive answer","System NA: routing, nonresponse or unavailable; labelled responses preserved",0,"Eligible",TRUE,TRUE,TRUE,"Eligible subject to training-only screening","Code retained; full wording/short label requires review",17545,"Original labelled categories or source type",NA,NA
"Q521_Q528R8","Q521_Q528R8","Q521_Q528R8","Q521_Q528r8: Men should be willing to sacrifice their own well being in order to","ICPSR variable label; may be truncated",429,"Survey item or survey routing field",FALSE,"Original questionnaire route / module retained; system NA not interpreted as a substantive answer","System NA: routing, nonresponse or unavailable; labelled responses preserved",0,"Eligible",TRUE,TRUE,TRUE,"Eligible subject to training-only screening","Code retained; full wording/short label requires review",17545,"Original labelled categories or source type",NA,NA
"Q529","Q529","Q529","Q529: Sometimes people find themselves the object of unwanted sexual advances or","ICPSR variable label; may be truncated",430,"Survey item or survey routing field",FALSE,"Original questionnaire route / module retained; system NA not interpreted as a substantive answer","System NA: routing, nonresponse or unavailable; labelled responses preserved",0,"Eligible",TRUE,TRUE,TRUE,"Eligible subject to training-only screening","Code retained; full wording/short label requires review",17545,"Original labelled categories or source type",NA,NA
"Q530","Q530","Q530","Q530: Have you ever reported unwanted sexual conversations or physical contact t","ICPSR variable label; may be truncated",430,"Survey item or survey routing field",FALSE,"Original questionnaire route / module retained; system NA not interpreted as a substantive answer","System NA: routing, nonresponse or unavailable; labelled responses preserved",1140,"Eligible",TRUE,TRUE,TRUE,"Eligible subject to training-only screening","Code retained; full wording/short label requires review",7682,"Original labelled categories or source type",NA,NA
"Q531","Q531","Q531","Q531: Was action taken when you reported the incident?","ICPSR variable label; may be truncated",430,"Survey item or survey routing field",FALSE,"Original questionnaire route / module retained; system NA not interpreted as a substantive answer","System NA: routing, nonresponse or unavailable; labelled responses preserved",1831,"Eligible",TRUE,TRUE,TRUE,"Eligible subject to training-only screening","Code retained; full wording/short label requires review",2155,"Original labelled categories or source type",NA,NA
"Q532","Q532","Q532","Q532: On the scale below, how would you rate your experience reporting unwanted","ICPSR variable label; may be truncated",431,"Survey item or survey routing field",FALSE,"Original questionnaire route / module retained; system NA not interpreted as a substantive answer","System NA: routing, nonresponse or unavailable; labelled responses preserved",1874,"Eligible",TRUE,TRUE,TRUE,"Eligible subject to training-only screening","Code retained; full wording/short label requires review",1644,"Original labelled categories or source type",NA,NA
"Q533","Q533","Q533","Q533: On the scale below, how would you rate your experience reporting unwanted","ICPSR variable label; may be truncated",431,"Survey item or survey routing field",FALSE,"Original questionnaire route / module retained; system NA not interpreted as a substantive answer","System NA: routing, nonresponse or unavailable; labelled responses preserved",1906,"Eligible",TRUE,TRUE,TRUE,"Eligible subject to training-only screening","Code retained; full wording/short label requires review",1500,"Original labelled categories or source type",NA,NA
"Q534R1","Q534","Q534R1","Q534r1: No, none of these - Over the past few years many people have posted thei","ICPSR variable label; may be truncated",432,"Survey item or survey routing field",FALSE,"Original questionnaire route / module retained; system NA not interpreted as a substantive answer","System NA: routing, nonresponse or unavailable; labelled responses preserved",0,"Eligible",TRUE,TRUE,TRUE,"Eligible subject to training-only screening","Code retained; full wording/short label requires review",17545,"Original labelled categories or source type",NA,NA
"Q534R2","Q534","Q534R2","Q534r2: I have shared my support for #MeToo online - Over the past few years man","ICPSR variable label; may be truncated",432,"Survey item or survey routing field",FALSE,"Original questionnaire route / module retained; system NA not interpreted as a substantive answer","System NA: routing, nonresponse or unavailable; labelled responses preserved",0,"Eligible",TRUE,TRUE,TRUE,"Eligible subject to training-only screening","Code retained; full wording/short label requires review",17545,"Original labelled categories or source type",NA,NA
"Q534R3","Q534","Q534R3","Q534r3: I have shared my opposition to #MeToo online - Over the past few years m","ICPSR variable label; may be truncated",432,"Survey item or survey routing field",FALSE,"Original questionnaire route / module retained; system NA not interpreted as a substantive answer","System NA: routing, nonresponse or unavailable; labelled responses preserved",0,"Eligible",TRUE,TRUE,TRUE,"Eligible subject to training-only screening","Code retained; full wording/short label requires review",17545,"Original labelled categories or source type",NA,NA
"Q534R4","Q534","Q534R4","Q534r4: I have discussed my support for MeToo in person - Over the past few year","ICPSR variable label; may be truncated",433,"Survey item or survey routing field",FALSE,"Original questionnaire route / module retained; system NA not interpreted as a substantive answer","System NA: routing, nonresponse or unavailable; labelled responses preserved",0,"Eligible",TRUE,TRUE,TRUE,"Eligible subject to training-only screening","Code retained; full wording/short label requires review",17545,"Original labelled categories or source type",NA,NA
"Q534R5","Q534","Q534R5","Q534r5: I have discussed my opposition to MeToo in person - Over the past few ye","ICPSR variable label; may be truncated",433,"Survey item or survey routing field",FALSE,"Original questionnaire route / module retained; system NA not interpreted as a substantive answer","System NA: routing, nonresponse or unavailable; labelled responses preserved",0,"Eligible",TRUE,TRUE,TRUE,"Eligible subject to training-only screening","Code retained; full wording/short label requires review",17545,"Original labelled categories or source type",NA,NA
"Q535_Q538R1","Q535_Q538R1","Q535_Q538R1","Q535_Q538r1: Authority where unwanted contact occurred (e.g. employer, school, r","ICPSR variable label; may be truncated",433,"Survey item or survey routing field",FALSE,"Original questionnaire route / module retained; system NA not interpreted as a substantive answer","System NA: routing, nonresponse or unavailable; labelled responses preserved",0,"Eligible",TRUE,TRUE,TRUE,"Eligible subject to training-only screening","Code retained; full wording/short label requires review",17545,"Original labelled categories or source type",NA,NA
"Q535_Q538R2","Q535_Q538R2","Q535_Q538R2","Q535_Q538r2: Police - In the future, if you were ever to find yourself the objec","ICPSR variable label; may be truncated",434,"Survey item or survey routing field",FALSE,"Original questionnaire route / module retained; system NA not interpreted as a substantive answer","System NA: routing, nonresponse or unavailable; labelled responses preserved",0,"Eligible",TRUE,TRUE,TRUE,"Eligible subject to training-only screening","Code retained; full wording/short label requires review",17545,"Original labelled categories or source type",NA,NA
"Q535_Q538R3","Q535_Q538R3","Q535_Q538R3","Q535_Q538r3: Family - In the future, if you were ever to find yourself the objec","ICPSR variable label; may be truncated",434,"Survey item or survey routing field",FALSE,"Original questionnaire route / module retained; system NA not interpreted as a substantive answer","System NA: routing, nonresponse or unavailable; labelled responses preserved",0,"Eligible",TRUE,TRUE,TRUE,"Eligible subject to training-only screening","Code retained; full wording/short label requires review",17545,"Original labelled categories or source type",NA,NA
"Q535_Q538R4","Q535_Q538R4","Q535_Q538R4","Q535_Q538r4: Friends - In the future, if you were ever to find yourself the obje","ICPSR variable label; may be truncated",434,"Survey item or survey routing field",FALSE,"Original questionnaire route / module retained; system NA not interpreted as a substantive answer","System NA: routing, nonresponse or unavailable; labelled responses preserved",0,"Eligible",TRUE,TRUE,TRUE,"Eligible subject to training-only screening","Code retained; full wording/short label requires review",17545,"Original labelled categories or source type",NA,NA
"Q539R1","Q539","Q539R1","Q539r1: Percent White - Please indicate the approximate racial/ethnic compositio","ICPSR variable label; may be truncated",435,"Survey item or survey routing field",FALSE,"Original questionnaire route / module retained; system NA not interpreted as a substantive answer","System NA: routing, nonresponse or unavailable; labelled responses preserved",0,"Eligible",TRUE,TRUE,TRUE,"Eligible subject to training-only screening","Code retained; full wording/short label requires review",17545,"Continuous quantity / allocation",NA,NA
"Q539R2","Q539","Q539R2","Q539r2: Percent Black - Please indicate the approximate racial/ethnic compositio","ICPSR variable label; may be truncated",436,"Survey item or survey routing field",FALSE,"Original questionnaire route / module retained; system NA not interpreted as a substantive answer","System NA: routing, nonresponse or unavailable; labelled responses preserved",0,"Eligible",TRUE,TRUE,TRUE,"Eligible subject to training-only screening","Code retained; full wording/short label requires review",17545,"Continuous quantity / allocation",NA,NA
"Q539R3","Q539","Q539R3","Q539r3: Percent Hispanic - Please indicate the approximate racial/ethnic composi","ICPSR variable label; may be truncated",438,"Survey item or survey routing field",FALSE,"Original questionnaire route / module retained; system NA not interpreted as a substantive answer","System NA: routing, nonresponse or unavailable; labelled responses preserved",0,"Eligible",TRUE,TRUE,TRUE,"Eligible subject to training-only screening","Code retained; full wording/short label requires review",17545,"Continuous quantity / allocation",NA,NA
"Q539R4","Q539","Q539R4","Q539r4: Percent Asian - Please indicate the approximate racial/ethnic compositio","ICPSR variable label; may be truncated",440,"Survey item or survey routing field",FALSE,"Original questionnaire route / module retained; system NA not interpreted as a substantive answer","System NA: routing, nonresponse or unavailable; labelled responses preserved",0,"Eligible",TRUE,TRUE,TRUE,"Eligible subject to training-only screening","Code retained; full wording/short label requires review",17545,"Continuous quantity / allocation",NA,NA
"Q539R6","Q539","Q539R6","Q539r6: Percent American Indian/Native American - Please indicate the approximat","ICPSR variable label; may be truncated",441,"Survey item or survey routing field",FALSE,"Original questionnaire route / module retained; system NA not interpreted as a substantive answer","System NA: routing, nonresponse or unavailable; labelled responses preserved",0,"Eligible",TRUE,TRUE,TRUE,"Eligible subject to training-only screening","Code retained; full wording/short label requires review",17545,"Continuous quantity / allocation",NA,NA
"Q539R5","Q539","Q539R5","Q539r5: Percent Other - Please indicate the approximate racial/ethnic compositio","ICPSR variable label; may be truncated",443,"Survey item or survey routing field",FALSE,"Original questionnaire route / module retained; system NA not interpreted as a substantive answer","System NA: routing, nonresponse or unavailable; labelled responses preserved",0,"Eligible",TRUE,TRUE,TRUE,"Eligible subject to training-only screening","Code retained; full wording/short label requires review",17545,"Continuous quantity / allocation",NA,NA
"Q540R1","Q540R1","Q540R1","Q540r1: Separate from the approximate racial/ethnic composition, about what perc","ICPSR variable label; may be truncated",445,"Survey item or survey routing field",FALSE,"Original questionnaire route / module retained; system NA not interpreted as a substantive answer","System NA: routing, nonresponse or unavailable; labelled responses preserved",0,"Eligible",TRUE,TRUE,TRUE,"Eligible subject to training-only screening","Code retained; full wording/short label requires review",17545,"Continuous quantity / allocation",NA,NA
"Q541","Q541","Q541","Q541: For each item, indicate which statement you agree with most even if neithe","ICPSR variable label; may be truncated",446,"Survey item or survey routing field",FALSE,"Original questionnaire route / module retained; system NA not interpreted as a substantive answer","System NA: routing, nonresponse or unavailable; labelled responses preserved",0,"Eligible",TRUE,TRUE,TRUE,"Eligible subject to training-only screening","Code retained; full wording/short label requires review",17545,"Original labelled categories or source type",NA,NA
"Q542","Q542","Q542","Q542: For each item, indicate which statement you agree with most even if neithe","ICPSR variable label; may be truncated",447,"Survey item or survey routing field",FALSE,"Original questionnaire route / module retained; system NA not interpreted as a substantive answer","System NA: routing, nonresponse or unavailable; labelled responses preserved",0,"Eligible",TRUE,TRUE,TRUE,"Eligible subject to training-only screening","Code retained; full wording/short label requires review",17545,"Original labelled categories or source type",NA,NA
"Q543","Q543","Border-security spending and wall","Q543: For each item, indicate which statement you agree with most even if neithe","ICPSR variable label; may be truncated",447,"Survey item or survey routing field",FALSE,"Original questionnaire route / module retained; system NA not interpreted as a substantive answer","System NA: routing, nonresponse or unavailable; labelled responses preserved",0,"Eligible",TRUE,TRUE,TRUE,"Eligible subject to training-only screening","Verified short label; original source construct retained",17545,"Original labelled categories or source type",543,94
"Q544","Q544","Q544","Q544: For each item, indicate which statement you agree with most even if neithe","ICPSR variable label; may be truncated",447,"Survey item or survey routing field",FALSE,"Original questionnaire route / module retained; system NA not interpreted as a substantive answer","System NA: routing, nonresponse or unavailable; labelled responses preserved",0,"Eligible",TRUE,TRUE,TRUE,"Eligible subject to training-only screening","Code retained; full wording/short label requires review",17545,"Original labelled categories or source type",NA,NA
"Q545R7","Q545R7","Q545R7","Q545r7: Indicate your perceptions of Latino immigrants on a seven-point scale, b","ICPSR variable label; may be truncated",448,"Survey item or survey routing field",FALSE,"Original questionnaire route / module retained; system NA not interpreted as a substantive answer","System NA: routing, nonresponse or unavailable; labelled responses preserved",0,"Eligible",TRUE,TRUE,TRUE,"Eligible subject to training-only screening","Code retained; full wording/short label requires review",17545,"Original labelled categories or source type",NA,NA
"Q546R7","Q546R7","Q546R7","Q546r7: Indicate your perceptions of Latino immigrants on a seven-point scale, b","ICPSR variable label; may be truncated",448,"Survey item or survey routing field",FALSE,"Original questionnaire route / module retained; system NA not interpreted as a substantive answer","System NA: routing, nonresponse or unavailable; labelled responses preserved",0,"Eligible",TRUE,TRUE,TRUE,"Eligible subject to training-only screening","Code retained; full wording/short label requires review",17545,"Original labelled categories or source type",NA,NA
"Q547R7","Q547R7","Q547R7","Q547r7: Indicate your perceptions of Latino immigrants on a seven-point scale, b","ICPSR variable label; may be truncated",449,"Survey item or survey routing field",FALSE,"Original questionnaire route / module retained; system NA not interpreted as a substantive answer","System NA: routing, nonresponse or unavailable; labelled responses preserved",0,"Eligible",TRUE,TRUE,TRUE,"Eligible subject to training-only screening","Code retained; full wording/short label requires review",17545,"Original labelled categories or source type",NA,NA
"Q548R7","Q548R7","Q548R7","Q548r7: Indicate your perceptions of Latino immigrants on a seven-point scale, b","ICPSR variable label; may be truncated",449,"Survey item or survey routing field",FALSE,"Original questionnaire route / module retained; system NA not interpreted as a substantive answer","System NA: routing, nonresponse or unavailable; labelled responses preserved",0,"Eligible",TRUE,TRUE,TRUE,"Eligible subject to training-only screening","Code retained; full wording/short label requires review",17545,"Original labelled categories or source type",NA,NA
"Q549R7","Q549R7","Q549R7","Q549r7: Indicate your perceptions of Latino immigrants on a seven-point scale, b","ICPSR variable label; may be truncated",450,"Survey item or survey routing field",FALSE,"Original questionnaire route / module retained; system NA not interpreted as a substantive answer","System NA: routing, nonresponse or unavailable; labelled responses preserved",0,"Eligible",TRUE,TRUE,TRUE,"Eligible subject to training-only screening","Code retained; full wording/short label requires review",17545,"Original labelled categories or source type",NA,NA
"Q550R1","Q550","Q550R1","Q550r1: Yes, my spouse, partner, boyfriend or girlfriend - Do you know anyone wh","ICPSR variable label; may be truncated",450,"Survey item or survey routing field",FALSE,"Original questionnaire route / module retained; system NA not interpreted as a substantive answer","System NA: routing, nonresponse or unavailable; labelled responses preserved",0,"Eligible",TRUE,TRUE,TRUE,"Eligible subject to training-only screening","Code retained; full wording/short label requires review",17545,"Original labelled categories or source type",NA,NA
"Q550R2","Q550","Q550R2","Q550r2: Yes, one of my parents or grandparents - Do you know anyone who is a Lat","ICPSR variable label; may be truncated",450,"Survey item or survey routing field",FALSE,"Original questionnaire route / module retained; system NA not interpreted as a substantive answer","System NA: routing, nonresponse or unavailable; labelled responses preserved",0,"Eligible",TRUE,TRUE,TRUE,"Eligible subject to training-only screening","Code retained; full wording/short label requires review",17545,"Original labelled categories or source type",NA,NA
"Q550R3","Q550","Q550R3","Q550r3: Yes, one of my children - Do you know anyone who is a Latino immigrant?","ICPSR variable label; may be truncated",451,"Survey item or survey routing field",FALSE,"Original questionnaire route / module retained; system NA not interpreted as a substantive answer","System NA: routing, nonresponse or unavailable; labelled responses preserved",0,"Eligible",TRUE,TRUE,TRUE,"Eligible subject to training-only screening","Code retained; full wording/short label requires review",17545,"Original labelled categories or source type",NA,NA
"Q550R4","Q550","Q550R4","Q550r4: Yes, one of my close friends - Do you know anyone who is a Latino immigr","ICPSR variable label; may be truncated",451,"Survey item or survey routing field",FALSE,"Original questionnaire route / module retained; system NA not interpreted as a substantive answer","System NA: routing, nonresponse or unavailable; labelled responses preserved",0,"Eligible",TRUE,TRUE,TRUE,"Eligible subject to training-only screening","Code retained; full wording/short label requires review",17545,"Original labelled categories or source type",NA,NA
"Q550R5","Q550","Q550R5","Q550r5: No, I do not know a Latino immigrant - Do you know anyone who is a Latin","ICPSR variable label; may be truncated",451,"Survey item or survey routing field",FALSE,"Original questionnaire route / module retained; system NA not interpreted as a substantive answer","System NA: routing, nonresponse or unavailable; labelled responses preserved",0,"Eligible",TRUE,TRUE,TRUE,"Eligible subject to training-only screening","Code retained; full wording/short label requires review",17545,"Original labelled categories or source type",NA,NA
"Q550R6","Q550","Q550R6","Q550r6: Not sure - Do you know anyone who is a Latino immigrant?","ICPSR variable label; may be truncated",451,"Survey item or survey routing field",FALSE,"Original questionnaire route / module retained; system NA not interpreted as a substantive answer","System NA: routing, nonresponse or unavailable; labelled responses preserved",0,"Eligible",TRUE,TRUE,TRUE,"Eligible subject to training-only screening","Code retained; full wording/short label requires review",17545,"Original labelled categories or source type",NA,NA
"Q551_Q559R1","Q551_Q559R1","Q551_Q559R1","Q551_Q559r1: What happens to Black people will have","ICPSR variable label; may be truncated",452,"Survey item or survey routing field",FALSE,"Original questionnaire route / module retained; system NA not interpreted as a substantive answer","System NA: routing, nonresponse or unavailable; labelled responses preserved",0,"Eligible",TRUE,TRUE,TRUE,"Eligible subject to training-only screening","Code retained; full wording/short label requires review",17545,"Original labelled categories or source type",NA,NA
"Q551_Q559R2","Q551_Q559R2","Q551_Q559R2","Q551_Q559r2: What happens to Hispanic people will have","ICPSR variable label; may be truncated",452,"Survey item or survey routing field",FALSE,"Original questionnaire route / module retained; system NA not interpreted as a substantive answer","System NA: routing, nonresponse or unavailable; labelled responses preserved",0,"Eligible",TRUE,TRUE,TRUE,"Eligible subject to training-only screening","Code retained; full wording/short label requires review",17545,"Original labelled categories or source type",NA,NA
"Q551_Q559R3","Q551_Q559R3","Q551_Q559R3","Q551_Q559r3: What happens to LGBTQ people will have","ICPSR variable label; may be truncated",453,"Survey item or survey routing field",FALSE,"Original questionnaire route / module retained; system NA not interpreted as a substantive answer","System NA: routing, nonresponse or unavailable; labelled responses preserved",0,"Eligible",TRUE,TRUE,TRUE,"Eligible subject to training-only screening","Code retained; full wording/short label requires review",17545,"Original labelled categories or source type",NA,NA
"Q551_Q559R4","Q551_Q559R4","Q551_Q559R4","Q551_Q559r4: What happens to White people will have","ICPSR variable label; may be truncated",453,"Survey item or survey routing field",FALSE,"Original questionnaire route / module retained; system NA not interpreted as a substantive answer","System NA: routing, nonresponse or unavailable; labelled responses preserved",0,"Eligible",TRUE,TRUE,TRUE,"Eligible subject to training-only screening","Code retained; full wording/short label requires review",17545,"Original labelled categories or source type",NA,NA
"Q551_Q559R5","Q551_Q559R5","Q551_Q559R5","Q551_Q559r5: What happens to Asian people will have","ICPSR variable label; may be truncated",453,"Survey item or survey routing field",FALSE,"Original questionnaire route / module retained; system NA not interpreted as a substantive answer","System NA: routing, nonresponse or unavailable; labelled responses preserved",0,"Eligible",TRUE,TRUE,TRUE,"Eligible subject to training-only screening","Code retained; full wording/short label requires review",17545,"Original labelled categories or source type",NA,NA
"Q551_Q559R6","Q551_Q559R6","Q551_Q559R6","Q551_Q559r6: What happens to Muslim people will have","ICPSR variable label; may be truncated",454,"Survey item or survey routing field",FALSE,"Original questionnaire route / module retained; system NA not interpreted as a substantive answer","System NA: routing, nonresponse or unavailable; labelled responses preserved",0,"Eligible",TRUE,TRUE,TRUE,"Eligible subject to training-only screening","Code retained; full wording/short label requires review",17545,"Original labelled categories or source type",NA,NA
"Q551_Q559R7","Q551_Q559R7","Q551_Q559R7","Q551_Q559r7: What happens to Native or indigenous people will have","ICPSR variable label; may be truncated",454,"Survey item or survey routing field",FALSE,"Original questionnaire route / module retained; system NA not interpreted as a substantive answer","System NA: routing, nonresponse or unavailable; labelled responses preserved",0,"Eligible",TRUE,TRUE,TRUE,"Eligible subject to training-only screening","Code retained; full wording/short label requires review",17545,"Original labelled categories or source type",NA,NA
"Q551_Q559R8","Q551_Q559R8","Q551_Q559R8","Q551_Q559r8: What happens to","ICPSR variable label; may be truncated",454,"Survey item or survey routing field",FALSE,"Original questionnaire route / module retained; system NA not interpreted as a substantive answer","System NA: routing, nonresponse or unavailable; labelled responses preserved",0,"Eligible",TRUE,TRUE,TRUE,"Eligible subject to training-only screening","Code retained; full wording/short label requires review",17545,"Original labelled categories or source type",NA,NA
"Q551_Q559R9","Q551_Q559R9","Q551_Q559R9","Q551_Q559r9: What happens to","ICPSR variable label; may be truncated",455,"Survey item or survey routing field",FALSE,"Original questionnaire route / module retained; system NA not interpreted as a substantive answer","System NA: routing, nonresponse or unavailable; labelled responses preserved",0,"Eligible",TRUE,TRUE,TRUE,"Eligible subject to training-only screening","Code retained; full wording/short label requires review",17545,"Original labelled categories or source type",NA,NA
"Q560R1","Q560R1","Q560R1","Q560r1: Racial identity - How important are the following identities to you pers","ICPSR variable label; may be truncated",455,"Survey item or survey routing field",FALSE,"Original questionnaire route / module retained; system NA not interpreted as a substantive answer","System NA: routing, nonresponse or unavailable; labelled responses preserved",0,"Eligible",TRUE,TRUE,TRUE,"Eligible subject to training-only screening","Code retained; full wording/short label requires review",17545,"Original labelled categories or source type",NA,NA
"Q560R2","Q560R2","Q560R2","Q560r2: Gender identity - How important are the following identities to you pers","ICPSR variable label; may be truncated",456,"Survey item or survey routing field",FALSE,"Original questionnaire route / module retained; system NA not interpreted as a substantive answer","System NA: routing, nonresponse or unavailable; labelled responses preserved",0,"Eligible",TRUE,TRUE,TRUE,"Eligible subject to training-only screening","Code retained; full wording/short label requires review",17545,"Original labelled categories or source type",NA,NA
"Q560R3","Q560R3","Q560R3","Q560r3: Religious identity - How important are the following identities to you p","ICPSR variable label; may be truncated",456,"Survey item or survey routing field",FALSE,"Original questionnaire route / module retained; system NA not interpreted as a substantive answer","System NA: routing, nonresponse or unavailable; labelled responses preserved",0,"Eligible",TRUE,TRUE,TRUE,"Eligible subject to training-only screening","Code retained; full wording/short label requires review",17545,"Original labelled categories or source type",NA,NA
"Q560R4","Q560R4","Q560R4","Q560r4: Party identity - How important are the following identities to you perso","ICPSR variable label; may be truncated",457,"Survey item or survey routing field",FALSE,"Original questionnaire route / module retained; system NA not interpreted as a substantive answer","System NA: routing, nonresponse or unavailable; labelled responses preserved",0,"Eligible",TRUE,TRUE,FALSE,"Direct partisan or party-selected identity; withheld in Model 3","Code retained; full wording/short label requires review",17545,"Original labelled categories or source type",NA,NA
"Q560R5","Q560R5","Q560R5","Q560r5: Cultural identity - How important are the following identities to you pe","ICPSR variable label; may be truncated",457,"Survey item or survey routing field",FALSE,"Original questionnaire route / module retained; system NA not interpreted as a substantive answer","System NA: routing, nonresponse or unavailable; labelled responses preserved",0,"Eligible",TRUE,TRUE,TRUE,"Eligible subject to training-only screening","Code retained; full wording/short label requires review",17545,"Original labelled categories or source type",NA,NA
"Q560R6","Q560R6","Q560R6","Q560r6: Class identity - How important are the following identities to you perso","ICPSR variable label; may be truncated",457,"Survey item or survey routing field",FALSE,"Original questionnaire route / module retained; system NA not interpreted as a substantive answer","System NA: routing, nonresponse or unavailable; labelled responses preserved",0,"Eligible",TRUE,TRUE,TRUE,"Eligible subject to training-only screening","Code retained; full wording/short label requires review",17545,"Original labelled categories or source type",NA,NA
"Q560R7","Q560R7","Q560R7","Q560r7: City/town/community identity - How important are the following identitie","ICPSR variable label; may be truncated",458,"Survey item or survey routing field",FALSE,"Original questionnaire route / module retained; system NA not interpreted as a substantive answer","System NA: routing, nonresponse or unavailable; labelled responses preserved",0,"Eligible",TRUE,TRUE,TRUE,"Eligible subject to training-only screening","Code retained; full wording/short label requires review",17545,"Original labelled categories or source type",NA,NA
"Q560R8","Q560R8","Q560R8","Q560r8: American identity - How important are the following identities to you pe","ICPSR variable label; may be truncated",458,"Survey item or survey routing field",FALSE,"Original questionnaire route / module retained; system NA not interpreted as a substantive answer","System NA: routing, nonresponse or unavailable; labelled responses preserved",0,"Eligible",TRUE,TRUE,TRUE,"Eligible subject to training-only screening","Code retained; full wording/short label requires review",17545,"Original labelled categories or source type",NA,NA
"Q561","Q561","Q561","Q561: Do you think of yourself as a woman of color?","ICPSR variable label; may be truncated",459,"Survey item or survey routing field",FALSE,"Original questionnaire route / module retained; system NA not interpreted as a substantive answer","System NA: routing, nonresponse or unavailable; labelled responses preserved",1302,"Eligible",TRUE,TRUE,TRUE,"Eligible subject to training-only screening","Code retained; full wording/short label requires review",6851,"Original labelled categories or source type",NA,NA
"Q562","Q562","Q562","Q562: Thinking about government services, political power and representation, wo","ICPSR variable label; may be truncated",459,"Survey item or survey routing field",FALSE,"Original questionnaire route / module retained; system NA not interpreted as a substantive answer","System NA: routing, nonresponse or unavailable; labelled responses preserved",0,"Eligible",TRUE,TRUE,TRUE,"Eligible subject to training-only screening","Code retained; full wording/short label requires review",13590,"Original labelled categories or source type",NA,NA
"Q563_Q572R1","Q563_Q572R1","Women: political representation","Q563_Q572r1: Women - Think about the size of the following groups in the U.S. po","ICPSR variable label; may be truncated",460,"Survey item or survey routing field",FALSE,"Original questionnaire route / module retained; system NA not interpreted as a substantive answer","System NA: routing, nonresponse or unavailable; labelled responses preserved",0,"Eligible",TRUE,TRUE,TRUE,"Eligible subject to training-only screening","Verified short label; original source construct retained",17545,"Original labelled categories or source type",563,96
"Q563_Q572R2","Q563_Q572R2","Men: political representation","Q563_Q572r2: Men - Think about the size of the following groups in the U.S. popu","ICPSR variable label; may be truncated",460,"Survey item or survey routing field",FALSE,"Original questionnaire route / module retained; system NA not interpreted as a substantive answer","System NA: routing, nonresponse or unavailable; labelled responses preserved",0,"Eligible",TRUE,TRUE,TRUE,"Eligible subject to training-only screening","Verified short label; original source construct retained",17545,"Original labelled categories or source type",564,96
"Q563_Q572R3","Q563_Q572R3","Immigrants: political representation","Q563_Q572r3: Immigrants - Think about the size of the following groups in the U.","ICPSR variable label; may be truncated",460,"Survey item or survey routing field",FALSE,"Original questionnaire route / module retained; system NA not interpreted as a substantive answer","System NA: routing, nonresponse or unavailable; labelled responses preserved",0,"Eligible",TRUE,TRUE,TRUE,"Eligible subject to training-only screening","Verified short label; original source construct retained",17545,"Original labelled categories or source type",565,96
"Q563_Q572R4","Q563_Q572R4","Native Americans: political representation","Q563_Q572r4: Native Americans - Think about the size of the following groups in","ICPSR variable label; may be truncated",461,"Survey item or survey routing field",FALSE,"Original questionnaire route / module retained; system NA not interpreted as a substantive answer","System NA: routing, nonresponse or unavailable; labelled responses preserved",0,"Eligible",TRUE,TRUE,TRUE,"Eligible subject to training-only screening","Verified short label; original source construct retained",17545,"Original labelled categories or source type",566,97
"Q563_Q572R5","Q563_Q572R5","Whites: political representation","Q563_Q572r5: Whites - Think about the size of the following groups in the U.S. p","ICPSR variable label; may be truncated",461,"Survey item or survey routing field",FALSE,"Original questionnaire route / module retained; system NA not interpreted as a substantive answer","System NA: routing, nonresponse or unavailable; labelled responses preserved",0,"Eligible",TRUE,TRUE,TRUE,"Eligible subject to training-only screening","Verified short label; original source construct retained",17545,"Original labelled categories or source type",567,97
"Q563_Q572R6","Q563_Q572R6","Blacks: political representation","Q563_Q572r6: Blacks - Think about the size of the following groups in the U.S. p","ICPSR variable label; may be truncated",462,"Survey item or survey routing field",FALSE,"Original questionnaire route / module retained; system NA not interpreted as a substantive answer","System NA: routing, nonresponse or unavailable; labelled responses preserved",0,"Eligible",TRUE,TRUE,TRUE,"Eligible subject to training-only screening","Verified short label; original source construct retained",17545,"Original labelled categories or source type",568,97
"Q563_Q572R7","Q563_Q572R7","Latinos: political representation","Q563_Q572r7: Latinos - Think about the size of the following groups in the U.S.","ICPSR variable label; may be truncated",462,"Survey item or survey routing field",FALSE,"Original questionnaire route / module retained; system NA not interpreted as a substantive answer","System NA: routing, nonresponse or unavailable; labelled responses preserved",0,"Eligible",TRUE,TRUE,TRUE,"Eligible subject to training-only screening","Verified short label; original source construct retained",17545,"Original labelled categories or source type",569,97
"Q563_Q572R8","Q563_Q572R8","Asians: political representation","Q563_Q572r8: Asians - Think about the size of the following groups in the U.S. p","ICPSR variable label; may be truncated",462,"Survey item or survey routing field",FALSE,"Original questionnaire route / module retained; system NA not interpreted as a substantive answer","System NA: routing, nonresponse or unavailable; labelled responses preserved",0,"Eligible",TRUE,TRUE,TRUE,"Eligible subject to training-only screening","Verified short label; original source construct retained",17545,"Original labelled categories or source type",570,97
"Q563_Q572R9","Q563_Q572R9","Muslims: political representation","Q563_Q572r9: Muslims - Think about the size of the following groups in the U.S.","ICPSR variable label; may be truncated",463,"Survey item or survey routing field",FALSE,"Original questionnaire route / module retained; system NA not interpreted as a substantive answer","System NA: routing, nonresponse or unavailable; labelled responses preserved",0,"Eligible",TRUE,TRUE,TRUE,"Eligible subject to training-only screening","Verified short label; original source construct retained",17545,"Original labelled categories or source type",571,97
"Q563_Q572R10","Q563_Q572R10","LGBTQ: political representation","Q563_Q572r10: LGBTQ - Think about the size of the following groups in the U.S. p","ICPSR variable label; may be truncated",463,"Survey item or survey routing field",FALSE,"Original questionnaire route / module retained; system NA not interpreted as a substantive answer","System NA: routing, nonresponse or unavailable; labelled responses preserved",0,"Eligible",TRUE,TRUE,TRUE,"Eligible subject to training-only screening","Verified short label; original source construct retained",17545,"Original labelled categories or source type",572,97
"Q573","Q573","Q573","Q573: If offered the opportunity, would you consider running for political offic","ICPSR variable label; may be truncated",463,"Survey item or survey routing field",FALSE,"Original questionnaire route / module retained; system NA not interpreted as a substantive answer","System NA: routing, nonresponse or unavailable; labelled responses preserved",0,"Eligible",TRUE,TRUE,TRUE,"Eligible subject to training-only screening","Code retained; full wording/short label requires review",17545,"Original labelled categories or source type",NA,NA
"Q574","Q574","Q574","Q574: Imagine you are new politician in the area where you live, would you feel","ICPSR variable label; may be truncated",464,"Survey item or survey routing field",FALSE,"Original questionnaire route / module retained; system NA not interpreted as a substantive answer","System NA: routing, nonresponse or unavailable; labelled responses preserved",0,"Eligible",TRUE,TRUE,TRUE,"Eligible subject to training-only screening","Code retained; full wording/short label requires review",17545,"Original labelled categories or source type",NA,NA
"Q575_Q581R1","Q575_Q581R1","Q575_Q581R1","Q575_Q581r1: Women of color congressional candidates - We'd like to get your fee","ICPSR variable label; may be truncated",464,"Survey item or survey routing field",FALSE,"Original questionnaire route / module retained; system NA not interpreted as a substantive answer","System NA: routing, nonresponse or unavailable; labelled responses preserved",0,"Eligible",TRUE,FALSE,FALSE,"Candidate/election-proximate; Model 1 only","Code retained; full wording/short label requires review",9394,"Continuous quantity / allocation",NA,NA
"Q575_Q581R2","Q575_Q581R2","Q575_Q581R2","Q575_Q581r2: Representative Alexandria Ocasio-Cortez (AOC) - We'd like to get yo","ICPSR variable label; may be truncated",466,"Survey item or survey routing field",FALSE,"Original questionnaire route / module retained; system NA not interpreted as a substantive answer","System NA: routing, nonresponse or unavailable; labelled responses preserved",0,"Eligible",TRUE,FALSE,FALSE,"Candidate/election-proximate; Model 1 only","Code retained; full wording/short label requires review",9394,"Continuous quantity / allocation",NA,NA
"Q575_Q581R3","Q575_Q581R3","Q575_Q581R3","Q575_Q581r3: Black men congressional candidates - We'd like to get your feelings","ICPSR variable label; may be truncated",467,"Survey item or survey routing field",FALSE,"Original questionnaire route / module retained; system NA not interpreted as a substantive answer","System NA: routing, nonresponse or unavailable; labelled responses preserved",0,"Eligible",TRUE,FALSE,FALSE,"Candidate/election-proximate; Model 1 only","Code retained; full wording/short label requires review",9394,"Continuous quantity / allocation",NA,NA
"Q575_Q581R4","Q575_Q581R4","Q575_Q581R4","Q575_Q581r4: Latina women congressional candidates - We'd like to get your feeli","ICPSR variable label; may be truncated",469,"Survey item or survey routing field",FALSE,"Original questionnaire route / module retained; system NA not interpreted as a substantive answer","System NA: routing, nonresponse or unavailable; labelled responses preserved",0,"Eligible",TRUE,FALSE,FALSE,"Candidate/election-proximate; Model 1 only","Code retained; full wording/short label requires review",9394,"Continuous quantity / allocation",NA,NA
"Q575_Q581R5","Q575_Q581R5","Q575_Q581R5","Q575_Q581r5: Black women congressional candidates - We'd like to get your feelin","ICPSR variable label; may be truncated",471,"Survey item or survey routing field",FALSE,"Original questionnaire route / module retained; system NA not interpreted as a substantive answer","System NA: routing, nonresponse or unavailable; labelled responses preserved",0,"Eligible",TRUE,FALSE,FALSE,"Candidate/election-proximate; Model 1 only","Code retained; full wording/short label requires review",9394,"Continuous quantity / allocation",NA,NA
"Q575_Q581R6","Q575_Q581R6","Q575_Q581R6","Q575_Q581r6: Latino men congressional candidates - We'd like to get your feeling","ICPSR variable label; may be truncated",473,"Survey item or survey routing field",FALSE,"Original questionnaire route / module retained; system NA not interpreted as a substantive answer","System NA: routing, nonresponse or unavailable; labelled responses preserved",0,"Eligible",TRUE,FALSE,FALSE,"Candidate/election-proximate; Model 1 only","Code retained; full wording/short label requires review",9394,"Continuous quantity / allocation",NA,NA
"Q575_Q581R7","Q575_Q581R7","Q575_Q581R7","Q575_Q581r7: Representative Ayanna Pressley - We'd like to get your feelings tow","ICPSR variable label; may be truncated",474,"Survey item or survey routing field",FALSE,"Original questionnaire route / module retained; system NA not interpreted as a substantive answer","System NA: routing, nonresponse or unavailable; labelled responses preserved",0,"Eligible",TRUE,FALSE,FALSE,"Candidate/election-proximate; Model 1 only","Code retained; full wording/short label requires review",9394,"Continuous quantity / allocation",NA,NA
"Q582","Q582","Q582","Q582: In deciding how to vote, is the candidate being a woman of color an import","ICPSR variable label; may be truncated",476,"Survey item or survey routing field",FALSE,"Original questionnaire route / module retained; system NA not interpreted as a substantive answer","System NA: routing, nonresponse or unavailable; labelled responses preserved",70,"Eligible",TRUE,TRUE,TRUE,"Eligible subject to training-only screening","Code retained; full wording/short label requires review",9094,"Original labelled categories or source type",NA,NA
"Q583","Q583","Q583","Q583: Do you think the quality of services provided by the government is general","ICPSR variable label; may be truncated",476,"Survey item or survey routing field",FALSE,"Original questionnaire route / module retained; system NA not interpreted as a substantive answer","System NA: routing, nonresponse or unavailable; labelled responses preserved",1845,"Eligible",TRUE,TRUE,TRUE,"Eligible subject to training-only screening","Code retained; full wording/short label requires review",5479,"Original labelled categories or source type",NA,NA
"Q584","Q584","Q584","Q584: Do you favor or oppose having a national health plan, sometimes called Med","ICPSR variable label; may be truncated",477,"Survey item or survey routing field",FALSE,"Original questionnaire route / module retained; system NA not interpreted as a substantive answer","System NA: routing, nonresponse or unavailable; labelled responses preserved",0,"Eligible",TRUE,TRUE,TRUE,"Eligible subject to training-only screening","Code retained; full wording/short label requires review",17545,"Original labelled categories or source type",NA,NA
"Q585_Q590R1","Q585_Q590R1","Q585_Q590R1","Q585_Q590r1: Put off or postpone getting health care you needed because of the c","ICPSR variable label; may be truncated",477,"Survey item or survey routing field",FALSE,"Original questionnaire route / module retained; system NA not interpreted as a substantive answer","System NA: routing, nonresponse or unavailable; labelled responses preserved",1845,"Eligible",TRUE,TRUE,TRUE,"Eligible subject to training-only screening","Code retained; full wording/short label requires review",5479,"Original labelled categories or source type",NA,NA
"Q585_Q590R2","Q585_Q590R2","Q585_Q590R2","Q585_Q590r2: Have problems paying or an inability to pay for any medical bills -","ICPSR variable label; may be truncated",478,"Survey item or survey routing field",FALSE,"Original questionnaire route / module retained; system NA not interpreted as a substantive answer","System NA: routing, nonresponse or unavailable; labelled responses preserved",1845,"Eligible",TRUE,TRUE,TRUE,"Eligible subject to training-only screening","Code retained; full wording/short label requires review",5479,"Original labelled categories or source type",NA,NA
"Q585_Q590R3","Q585_Q590R3","Q585_Q590R3","Q585_Q590r3: Get charged more than you expected for a bill you received from a d","ICPSR variable label; may be truncated",478,"Survey item or survey routing field",FALSE,"Original questionnaire route / module retained; system NA not interpreted as a substantive answer","System NA: routing, nonresponse or unavailable; labelled responses preserved",1845,"Eligible",TRUE,TRUE,TRUE,"Eligible subject to training-only screening","Code retained; full wording/short label requires review",5479,"Original labelled categories or source type",NA,NA
"Q585_Q590R4","Q585_Q590R4","Q585_Q590R4","Q585_Q590r4: Have an unexpected injury, serious illness, or other medical event","ICPSR variable label; may be truncated",478,"Survey item or survey routing field",FALSE,"Original questionnaire route / module retained; system NA not interpreted as a substantive answer","System NA: routing, nonresponse or unavailable; labelled responses preserved",1845,"Eligible",TRUE,TRUE,TRUE,"Eligible subject to training-only screening","Code retained; full wording/short label requires review",5479,"Original labelled categories or source type",NA,NA
"Q585_Q590R5","Q585_Q590R5","Q585_Q590R5","Q585_Q590r5: Feel you were mistreated by a healthcare provider because of your r","ICPSR variable label; may be truncated",479,"Survey item or survey routing field",FALSE,"Original questionnaire route / module retained; system NA not interpreted as a substantive answer","System NA: routing, nonresponse or unavailable; labelled responses preserved",1845,"Eligible",TRUE,TRUE,TRUE,"Eligible subject to training-only screening","Code retained; full wording/short label requires review",5479,"Original labelled categories or source type",NA,NA
"Q585_Q590R6","Q585_Q590R6","Q585_Q590R6","Q585_Q590r6: Put off or postpone getting health care due to concerns related to","ICPSR variable label; may be truncated",479,"Survey item or survey routing field",FALSE,"Original questionnaire route / module retained; system NA not interpreted as a substantive answer","System NA: routing, nonresponse or unavailable; labelled responses preserved",1845,"Eligible",TRUE,TRUE,TRUE,"Eligible subject to training-only screening","Code retained; full wording/short label requires review",5479,"Original labelled categories or source type",NA,NA
"Q591_Q596R1","Q591_Q596R1","Q591_Q596R1","Q591_Q596r1: Asian or Asian American people - How often did your parents and fam","ICPSR variable label; may be truncated",480,"Survey item or survey routing field",FALSE,"Original questionnaire route / module retained; system NA not interpreted as a substantive answer","System NA: routing, nonresponse or unavailable; labelled responses preserved",0,"Eligible",TRUE,TRUE,TRUE,"Eligible subject to training-only screening","Code retained; full wording/short label requires review",17545,"Original labelled categories or source type",NA,NA
"Q591_Q596R2","Q591_Q596R2","Q591_Q596R2","Q591_Q596r2: Black or African American people - How often did your parents and f","ICPSR variable label; may be truncated",480,"Survey item or survey routing field",FALSE,"Original questionnaire route / module retained; system NA not interpreted as a substantive answer","System NA: routing, nonresponse or unavailable; labelled responses preserved",0,"Eligible",TRUE,TRUE,TRUE,"Eligible subject to training-only screening","Code retained; full wording/short label requires review",17545,"Original labelled categories or source type",NA,NA
"Q591_Q596R3","Q591_Q596R3","Q591_Q596R3","Q591_Q596r3: Hispanic or Latino people - How often did your parents and family t","ICPSR variable label; may be truncated",480,"Survey item or survey routing field",FALSE,"Original questionnaire route / module retained; system NA not interpreted as a substantive answer","System NA: routing, nonresponse or unavailable; labelled responses preserved",0,"Eligible",TRUE,TRUE,TRUE,"Eligible subject to training-only screening","Code retained; full wording/short label requires review",17545,"Original labelled categories or source type",NA,NA
"Q591_Q596R4","Q591_Q596R4","Q591_Q596R4","Q591_Q596r4: Native American people - How often did your parents and family talk","ICPSR variable label; may be truncated",481,"Survey item or survey routing field",FALSE,"Original questionnaire route / module retained; system NA not interpreted as a substantive answer","System NA: routing, nonresponse or unavailable; labelled responses preserved",0,"Eligible",TRUE,TRUE,TRUE,"Eligible subject to training-only screening","Code retained; full wording/short label requires review",17545,"Original labelled categories or source type",NA,NA
"Q591_Q596R5","Q591_Q596R5","Q591_Q596R5","Q591_Q596r5: Middle Eastern people - How often did your parents and family talk","ICPSR variable label; may be truncated",481,"Survey item or survey routing field",FALSE,"Original questionnaire route / module retained; system NA not interpreted as a substantive answer","System NA: routing, nonresponse or unavailable; labelled responses preserved",0,"Eligible",TRUE,TRUE,TRUE,"Eligible subject to training-only screening","Code retained; full wording/short label requires review",17545,"Original labelled categories or source type",NA,NA
"Q591_Q596R6","Q591_Q596R6","Q591_Q596R6","Q591_Q596r6: White people - How often did your parents and family talk about the","ICPSR variable label; may be truncated",482,"Survey item or survey routing field",FALSE,"Original questionnaire route / module retained; system NA not interpreted as a substantive answer","System NA: routing, nonresponse or unavailable; labelled responses preserved",0,"Eligible",TRUE,TRUE,TRUE,"Eligible subject to training-only screening","Code retained; full wording/short label requires review",17545,"Original labelled categories or source type",NA,NA
"Q597_Q602R1","Q597_Q602R1","Q597_Q602R1","Q597_Q602r1: Asian or Asian American people - In school, how much did you learn","ICPSR variable label; may be truncated",482,"Survey item or survey routing field",FALSE,"Original questionnaire route / module retained; system NA not interpreted as a substantive answer","System NA: routing, nonresponse or unavailable; labelled responses preserved",0,"Eligible",TRUE,TRUE,TRUE,"Eligible subject to training-only screening","Code retained; full wording/short label requires review",17545,"Original labelled categories or source type",NA,NA
"Q597_Q602R2","Q597_Q602R2","Q597_Q602R2","Q597_Q602r2: Black or African American people - In school, how much did you lear","ICPSR variable label; may be truncated",482,"Survey item or survey routing field",FALSE,"Original questionnaire route / module retained; system NA not interpreted as a substantive answer","System NA: routing, nonresponse or unavailable; labelled responses preserved",0,"Eligible",TRUE,TRUE,TRUE,"Eligible subject to training-only screening","Code retained; full wording/short label requires review",17545,"Original labelled categories or source type",NA,NA
"Q597_Q602R3","Q597_Q602R3","Q597_Q602R3","Q597_Q602r3: Hispanic or Latino people - In school, how much did you learn about","ICPSR variable label; may be truncated",483,"Survey item or survey routing field",FALSE,"Original questionnaire route / module retained; system NA not interpreted as a substantive answer","System NA: routing, nonresponse or unavailable; labelled responses preserved",0,"Eligible",TRUE,TRUE,TRUE,"Eligible subject to training-only screening","Code retained; full wording/short label requires review",17545,"Original labelled categories or source type",NA,NA
"Q597_Q602R4","Q597_Q602R4","Q597_Q602R4","Q597_Q602r4: Native American people - In school, how much did you learn about th","ICPSR variable label; may be truncated",483,"Survey item or survey routing field",FALSE,"Original questionnaire route / module retained; system NA not interpreted as a substantive answer","System NA: routing, nonresponse or unavailable; labelled responses preserved",0,"Eligible",TRUE,TRUE,TRUE,"Eligible subject to training-only screening","Code retained; full wording/short label requires review",17545,"Original labelled categories or source type",NA,NA
"Q597_Q602R5","Q597_Q602R5","Q597_Q602R5","Q597_Q602r5: Middle Eastern people - In school, how much did you learn about the","ICPSR variable label; may be truncated",484,"Survey item or survey routing field",FALSE,"Original questionnaire route / module retained; system NA not interpreted as a substantive answer","System NA: routing, nonresponse or unavailable; labelled responses preserved",0,"Eligible",TRUE,TRUE,TRUE,"Eligible subject to training-only screening","Code retained; full wording/short label requires review",17545,"Original labelled categories or source type",NA,NA
"Q597_Q602R6","Q597_Q602R6","Q597_Q602R6","Q597_Q602r6: White people - In school, how much did you learn about the history","ICPSR variable label; may be truncated",484,"Survey item or survey routing field",FALSE,"Original questionnaire route / module retained; system NA not interpreted as a substantive answer","System NA: routing, nonresponse or unavailable; labelled responses preserved",0,"Eligible",TRUE,TRUE,TRUE,"Eligible subject to training-only screening","Code retained; full wording/short label requires review",17545,"Original labelled categories or source type",NA,NA
"Q603R1","Q603","Q603R1","Q603r1: Parents and Family - In general, where do you learn the most about other","ICPSR variable label; may be truncated",484,"Survey item or survey routing field",FALSE,"Original questionnaire route / module retained; system NA not interpreted as a substantive answer","System NA: routing, nonresponse or unavailable; labelled responses preserved",0,"Eligible",TRUE,TRUE,TRUE,"Eligible subject to training-only screening","Code retained; full wording/short label requires review",17545,"Numeric source rating/rank retained categorically",NA,NA
"Q603R2","Q603","Q603R2","Q603r2: Film or TV - In general, where do you learn the most about other racial","ICPSR variable label; may be truncated",485,"Survey item or survey routing field",FALSE,"Original questionnaire route / module retained; system NA not interpreted as a substantive answer","System NA: routing, nonresponse or unavailable; labelled responses preserved",0,"Eligible",TRUE,TRUE,TRUE,"Eligible subject to training-only screening","Documented questionnaire/data discrepancy: unresolved",17545,"Numeric source rating/rank retained categorically",NA,NA
"Q603R3","Q603","Q603R3","Q603r3: Friends - In general, where do you learn the most about other racial gro","ICPSR variable label; may be truncated",486,"Survey item or survey routing field",FALSE,"Original questionnaire route / module retained; system NA not interpreted as a substantive answer","System NA: routing, nonresponse or unavailable; labelled responses preserved",0,"Eligible",TRUE,TRUE,TRUE,"Eligible subject to training-only screening","Code retained; full wording/short label requires review",17545,"Numeric source rating/rank retained categorically",NA,NA
"Q603R4","Q603","Q603R4","Q603r4: News coverage - In general, where do you learn the most about other raci","ICPSR variable label; may be truncated",486,"Survey item or survey routing field",FALSE,"Original questionnaire route / module retained; system NA not interpreted as a substantive answer","System NA: routing, nonresponse or unavailable; labelled responses preserved",0,"Eligible",TRUE,TRUE,TRUE,"Eligible subject to training-only screening","Code retained; full wording/short label requires review",17545,"Numeric source rating/rank retained categorically",NA,NA
"Q603R5","Q603","Q603R5","Q603r5: Spouse or partner - In general, where do you learn the most about other","ICPSR variable label; may be truncated",487,"Survey item or survey routing field",FALSE,"Original questionnaire route / module retained; system NA not interpreted as a substantive answer","System NA: routing, nonresponse or unavailable; labelled responses preserved",0,"Eligible",TRUE,TRUE,TRUE,"Eligible subject to training-only screening","Code retained; full wording/short label requires review",17545,"Numeric source rating/rank retained categorically",NA,NA
"Q603R6","Q603","Q603R6","Q603r6: Work/ Place of employment - In general, where do you learn the most abou","ICPSR variable label; may be truncated",487,"Survey item or survey routing field",FALSE,"Original questionnaire route / module retained; system NA not interpreted as a substantive answer","System NA: routing, nonresponse or unavailable; labelled responses preserved",0,"Eligible",TRUE,TRUE,TRUE,"Eligible subject to training-only screening","Code retained; full wording/short label requires review",17545,"Numeric source rating/rank retained categorically",NA,NA
"Q603R7","Q603","Q603R7","Q603r7: Personal interactions with others - In general, where do you learn the m","ICPSR variable label; may be truncated",488,"Survey item or survey routing field",FALSE,"Original questionnaire route / module retained; system NA not interpreted as a substantive answer","System NA: routing, nonresponse or unavailable; labelled responses preserved",0,"Eligible",TRUE,TRUE,TRUE,"Eligible subject to training-only screening","Code retained; full wording/short label requires review",17545,"Numeric source rating/rank retained categorically",NA,NA
"Q603R8","Q603","Q603R8","Q603r8: Personal research - In general, where do you learn the most about other","ICPSR variable label; may be truncated",488,"Survey item or survey routing field",FALSE,"Original questionnaire route / module retained; system NA not interpreted as a substantive answer","System NA: routing, nonresponse or unavailable; labelled responses preserved",0,"Eligible",TRUE,TRUE,TRUE,"Eligible subject to training-only screening","Code retained; full wording/short label requires review",17545,"Numeric source rating/rank retained categorically",NA,NA
"Q603R9","Q603","Q603R9","Q603r9: K-12 school - In general, where do you learn the most about other racial","ICPSR variable label; may be truncated",489,"Survey item or survey routing field",FALSE,"Original questionnaire route / module retained; system NA not interpreted as a substantive answer","System NA: routing, nonresponse or unavailable; labelled responses preserved",0,"Eligible",TRUE,TRUE,TRUE,"Eligible subject to training-only screening","Code retained; full wording/short label requires review",17545,"Numeric source rating/rank retained categorically",NA,NA
"Q603R10","Q603","Q603R10","Q603r10: College - In general, where do you learn the most about other racial gr","ICPSR variable label; may be truncated",490,"Survey item or survey routing field",FALSE,"Original questionnaire route / module retained; system NA not interpreted as a substantive answer","System NA: routing, nonresponse or unavailable; labelled responses preserved",0,"Eligible",TRUE,TRUE,TRUE,"Eligible subject to training-only screening","Code retained; full wording/short label requires review",17545,"Numeric source rating/rank retained categorically",NA,NA
"Q604_Q605R1","Q604_Q605R1","Q604_Q605R1","Q604_Q605r1: Groups who have faced racial or ethnic oppression are obligated to","ICPSR variable label; may be truncated",490,"Survey item or survey routing field",FALSE,"Original questionnaire route / module retained; system NA not interpreted as a substantive answer","System NA: routing, nonresponse or unavailable; labelled responses preserved",0,"Eligible",TRUE,TRUE,TRUE,"Eligible subject to training-only screening","Code retained; full wording/short label requires review",17545,"Original labelled categories or source type",NA,NA
"Q604_Q605R2","Q604_Q605R2","Q604_Q605R2","Q604_Q605r2: Groups who have faced racial or ethnic oppression have a better und","ICPSR variable label; may be truncated",491,"Survey item or survey routing field",FALSE,"Original questionnaire route / module retained; system NA not interpreted as a substantive answer","System NA: routing, nonresponse or unavailable; labelled responses preserved",0,"Eligible",TRUE,TRUE,TRUE,"Eligible subject to training-only screening","Code retained; full wording/short label requires review",17545,"Original labelled categories or source type",NA,NA
"Q606R1","Q606","Dislike ranking: White supremacists","Q606r1: White supremacists (such as the KKK) - Which of the following groups do","ICPSR variable label; may be truncated",491,"Survey item or survey routing field",FALSE,"Original questionnaire route / module retained; system NA not interpreted as a substantive answer","System NA: routing, nonresponse or unavailable; labelled responses preserved",333,"Eligible",TRUE,TRUE,TRUE,"Eligible subject to training-only screening","Verified short label; original source construct retained",14521,"Original labelled categories or source type",NA,NA
"Q606R2","Q606","Q606R2","Q606r2: Anti-abortion activists - Which of the following groups do you most DISL","ICPSR variable label; may be truncated",491,"Survey item or survey routing field",FALSE,"Original questionnaire route / module retained; system NA not interpreted as a substantive answer","System NA: routing, nonresponse or unavailable; labelled responses preserved",1007,"Eligible",TRUE,TRUE,TRUE,"Eligible subject to training-only screening","Code retained; full wording/short label requires review",9100,"Original labelled categories or source type",NA,NA
"Q606R3","Q606","Dislike ranking: BLM activists","Q606r3: Black Lives Matter activists - Which of the following groups do you most","ICPSR variable label; may be truncated",492,"Survey item or survey routing field",FALSE,"Original questionnaire route / module retained; system NA not interpreted as a substantive answer","System NA: routing, nonresponse or unavailable; labelled responses preserved",1466,"Eligible",TRUE,TRUE,TRUE,"Eligible subject to training-only screening","Verified short label; original source construct retained",5184,"Original labelled categories or source type",NA,NA
"Q606R4","Q606","Q606R4","Q606r4: Militant anti-fascists (such as Antifa) - Which of the following groups","ICPSR variable label; may be truncated",492,"Survey item or survey routing field",FALSE,"Original questionnaire route / module retained; system NA not interpreted as a substantive answer","System NA: routing, nonresponse or unavailable; labelled responses preserved",723,"Eligible",TRUE,TRUE,TRUE,"Eligible subject to training-only screening","Code retained; full wording/short label requires review",11575,"Original labelled categories or source type",NA,NA
"Q606R5","Q606","Q606R5","Q606r5: Democratic Socialists - Which of the following groups do you most DISLIK","ICPSR variable label; may be truncated",492,"Survey item or survey routing field",FALSE,"Original questionnaire route / module retained; system NA not interpreted as a substantive answer","System NA: routing, nonresponse or unavailable; labelled responses preserved",1521,"Eligible",TRUE,TRUE,TRUE,"Eligible subject to training-only screening","Code retained; full wording/short label requires review",4799,"Original labelled categories or source type",NA,NA
"Q606R6","Q606","Q606R6","Q606r6: The Tea Party - Which of the following groups do you most DISLIKE?Rank t","ICPSR variable label; may be truncated",493,"Survey item or survey routing field",FALSE,"Original questionnaire route / module retained; system NA not interpreted as a substantive answer","System NA: routing, nonresponse or unavailable; labelled responses preserved",1196,"Eligible",TRUE,TRUE,TRUE,"Eligible subject to training-only screening","Code retained; full wording/short label requires review",7456,"Original labelled categories or source type",NA,NA
"Q607TEXT","Q607TEXT","Q607TEXT","Q607text: text","ICPSR variable label; may be truncated",493,"Survey item or survey routing field",FALSE,"Original questionnaire route / module retained; system NA not interpreted as a substantive answer","System NA: routing, nonresponse or unavailable; labelled responses preserved",0,"Routing/experiment metadata; joined to response where required",FALSE,FALSE,FALSE,"Routing/experiment metadata; joined to response where required","Code retained; full wording/short label requires review",17545,"Original labelled categories or source type",NA,NA
"Q607_Q610R1","Q607_Q610R1","Threat to family safety (least-liked group)","Q607_Q610r1: [pipe: Q607text] are a threat to my safety or that of my family - D","ICPSR variable label; may be truncated",494,"Survey item or survey routing field",FALSE,"Condition joined: Q607TEXT","System NA: routing, nonresponse or unavailable; labelled responses preserved",0,"Eligible",TRUE,TRUE,TRUE,"Eligible subject to training-only screening","Verified short label; original source construct retained",17545,"Original labelled categories or source type",607,100
"Q607_Q610R2","Q607_Q610R2","Threat to American way of life (least-liked group)","Q607_Q610r2: [pipe: Q607text] are a threat to Americans","ICPSR variable label; may be truncated",494,"Survey item or survey routing field",FALSE,"Condition joined: Q607TEXT","System NA: routing, nonresponse or unavailable; labelled responses preserved",0,"Eligible",TRUE,TRUE,TRUE,"Eligible subject to training-only screening","Verified short label; original source construct retained",17545,"Original labelled categories or source type",608,100
"Q607_Q610R3","Q607_Q610R3","Ban public rallies (least-liked group)","Q607_Q610r3: [pipe: Q607text] should be banned from holding public rallies - Do","ICPSR variable label; may be truncated",494,"Survey item or survey routing field",FALSE,"Condition joined: Q607TEXT","System NA: routing, nonresponse or unavailable; labelled responses preserved",0,"Eligible",TRUE,TRUE,TRUE,"Eligible subject to training-only screening","Verified short label; original source construct retained",17545,"Original labelled categories or source type",609,100
"Q607_Q610R4","Q607_Q610R4","Ban candidacy (least-liked group)","Q607_Q610r4: [pipe: Q607text] should be banned from running for public office -","ICPSR variable label; may be truncated",495,"Survey item or survey routing field",FALSE,"Condition joined: Q607TEXT","System NA: routing, nonresponse or unavailable; labelled responses preserved",0,"Eligible",TRUE,TRUE,TRUE,"Eligible subject to training-only screening","Verified short label; original source construct retained",17545,"Original labelled categories or source type",610,100
"Q611","Q611","Q611","Q611: If someone is from the Middle East or North Africa (for example, Lebanon,","ICPSR variable label; may be truncated",495,"Survey item or survey routing field",FALSE,"Original questionnaire route / module retained; system NA not interpreted as a substantive answer","System NA: routing, nonresponse or unavailable; labelled responses preserved",0,"Eligible",TRUE,TRUE,TRUE,"Eligible subject to training-only screening","Code retained; full wording/short label requires review",17545,"Original labelled categories or source type",NA,NA
"Q613","Q613","Q613","Q613: In the US we use a number of categories to describe ourselves racially. Do","ICPSR variable label; may be truncated",495,"Survey item or survey routing field",FALSE,"Original questionnaire route / module retained; system NA not interpreted as a substantive answer","System NA: routing, nonresponse or unavailable; labelled responses preserved",0,"Eligible",TRUE,TRUE,TRUE,"Eligible subject to training-only screening","Code retained; full wording/short label requires review",4975,"Original labelled categories or source type",612,101
"Q614","Q614","Trump immigration-policy approval","Q614: This year there has been a lot of discussion President Trump","ICPSR variable label; may be truncated",496,"Survey item or survey routing field",FALSE,"Original questionnaire route / module retained; system NA not interpreted as a substantive answer","System NA: routing, nonresponse or unavailable; labelled responses preserved",0,"Eligible",TRUE,FALSE,FALSE,"Candidate/election-proximate; Model 1 only","Verified short label; original source construct retained",4975,"Original labelled categories or source type",613,101
"Q615","Q615","Expression of Trump immigration view","Q615: Regardless of whether you support or oppose Trump","ICPSR variable label; may be truncated",496,"Survey item or survey routing field",FALSE,"Original questionnaire route / module retained; system NA not interpreted as a substantive answer","System NA: routing, nonresponse or unavailable; labelled responses preserved",0,"Eligible",TRUE,FALSE,FALSE,"Candidate/election-proximate; Model 1 only","Verified short label; original source construct retained",4975,"Original labelled categories or source type",614,101
"Q616_Q618R1","Q616_Q618R1","Q616_Q618R1","Q616_Q618r1: Black people - Thinking about issues like job opportunities, income","ICPSR variable label; may be truncated",497,"Survey item or survey routing field",FALSE,"Original questionnaire route / module retained; system NA not interpreted as a substantive answer","System NA: routing, nonresponse or unavailable; labelled responses preserved",0,"Eligible",TRUE,TRUE,TRUE,"Eligible subject to training-only screening","Code retained; full wording/short label requires review",4975,"Original labelled categories or source type",NA,NA
"Q616_Q618R2","Q616_Q618R2","Q616_Q618R2","Q616_Q618r2: Latino people - Thinking about issues like job opportunities, incom","ICPSR variable label; may be truncated",497,"Survey item or survey routing field",FALSE,"Original questionnaire route / module retained; system NA not interpreted as a substantive answer","System NA: routing, nonresponse or unavailable; labelled responses preserved",0,"Eligible",TRUE,TRUE,TRUE,"Eligible subject to training-only screening","Code retained; full wording/short label requires review",4975,"Original labelled categories or source type",NA,NA
"Q616_Q618R3","Q616_Q618R3","Q616_Q618R3","Q616_Q618r3: Immigrants - Thinking about issues like job opportunities, income a","ICPSR variable label; may be truncated",497,"Survey item or survey routing field",FALSE,"Original questionnaire route / module retained; system NA not interpreted as a substantive answer","System NA: routing, nonresponse or unavailable; labelled responses preserved",0,"Eligible",TRUE,TRUE,TRUE,"Eligible subject to training-only screening","Code retained; full wording/short label requires review",4975,"Original labelled categories or source type",NA,NA
"Q619_Q626R1","Q619_Q626R1","Discrimination against Whites","Q619_Q626r1: Whites - How much discrimination, if any, do you think exists again","ICPSR variable label; may be truncated",498,"Survey item or survey routing field",FALSE,"Original questionnaire route / module retained; system NA not interpreted as a substantive answer","System NA: routing, nonresponse or unavailable; labelled responses preserved",0,"Eligible",TRUE,TRUE,TRUE,"Eligible subject to training-only screening","Verified short label; original source construct retained",17545,"Original labelled categories or source type",618,102
"Q619_Q626R2","Q619_Q626R2","Discrimination against Blacks","Q619_Q626r2: Blacks - How much discrimination, if any, do you think exists again","ICPSR variable label; may be truncated",498,"Survey item or survey routing field",FALSE,"Original questionnaire route / module retained; system NA not interpreted as a substantive answer","System NA: routing, nonresponse or unavailable; labelled responses preserved",0,"Eligible",TRUE,TRUE,TRUE,"Eligible subject to training-only screening","Verified short label; original source construct retained",17545,"Original labelled categories or source type",619,102
"Q619_Q626R3","Q619_Q626R3","Discrimination against Asian Americans","Q619_Q626r3: Asian Americans - How much discrimination, if any, do you think exi","ICPSR variable label; may be truncated",499,"Survey item or survey routing field",FALSE,"Original questionnaire route / module retained; system NA not interpreted as a substantive answer","System NA: routing, nonresponse or unavailable; labelled responses preserved",0,"Eligible",TRUE,TRUE,TRUE,"Eligible subject to training-only screening","Verified short label; original source construct retained",17545,"Original labelled categories or source type",620,102
"Q619_Q626R4","Q619_Q626R4","Discrimination against Native Americans","Q619_Q626r4: Native Americans - How much discrimination, if any, do you think ex","ICPSR variable label; may be truncated",499,"Survey item or survey routing field",FALSE,"Original questionnaire route / module retained; system NA not interpreted as a substantive answer","System NA: routing, nonresponse or unavailable; labelled responses preserved",0,"Eligible",TRUE,TRUE,TRUE,"Eligible subject to training-only screening","Verified short label; original source construct retained",17545,"Original labelled categories or source type",621,102
"Q619_Q626R5","Q619_Q626R5","Discrimination against immigrants","Q619_Q626r5: Immigrants - How much discrimination, if any, do you think exists a","ICPSR variable label; may be truncated",499,"Survey item or survey routing field",FALSE,"Original questionnaire route / module retained; system NA not interpreted as a substantive answer","System NA: routing, nonresponse or unavailable; labelled responses preserved",0,"Eligible",TRUE,TRUE,TRUE,"Eligible subject to training-only screening","Verified short label; original source construct retained",17545,"Original labelled categories or source type",622,102
"Q619_Q626R6","Q619_Q626R6","Discrimination against Latinos","Q619_Q626r6: Latinos - How much discrimination, if any, do you think exists agai","ICPSR variable label; may be truncated",500,"Survey item or survey routing field",FALSE,"Original questionnaire route / module retained; system NA not interpreted as a substantive answer","System NA: routing, nonresponse or unavailable; labelled responses preserved",0,"Eligible",TRUE,TRUE,TRUE,"Eligible subject to training-only screening","Verified short label; original source construct retained",17545,"Original labelled categories or source type",623,102
"Q619_Q626R7","Q619_Q626R7","Discrimination against gays and lesbians","Q619_Q626r7: Gays and Lesbians - How much discrimination, if any, do you think e","ICPSR variable label; may be truncated",500,"Survey item or survey routing field",FALSE,"Original questionnaire route / module retained; system NA not interpreted as a substantive answer","System NA: routing, nonresponse or unavailable; labelled responses preserved",0,"Eligible",TRUE,TRUE,TRUE,"Eligible subject to training-only screening","Verified short label; original source construct retained",17545,"Original labelled categories or source type",624,102
"Q619_Q626R8","Q619_Q626R8","Discrimination against Muslims","Q619_Q626r8: Muslims - How much discrimination, if any, do you think exists agai","ICPSR variable label; may be truncated",501,"Survey item or survey routing field",FALSE,"Original questionnaire route / module retained; system NA not interpreted as a substantive answer","System NA: routing, nonresponse or unavailable; labelled responses preserved",0,"Eligible",TRUE,TRUE,TRUE,"Eligible subject to training-only screening","Verified short label; original source construct retained",17545,"Original labelled categories or source type",625,102
"Q627","Q627","Q627","Q627: Have you ever been treated unfairly or personally experienced discriminati","ICPSR variable label; may be truncated",501,"Survey item or survey routing field",FALSE,"Original questionnaire route / module retained; system NA not interpreted as a substantive answer","System NA: routing, nonresponse or unavailable; labelled responses preserved",0,"Eligible",TRUE,TRUE,TRUE,"Eligible subject to training-only screening","Code retained; full wording/short label requires review",17545,"Original labelled categories or source type",NA,NA
"Q628","Q628","Q628","Q628: Did you experience that discrimination here in the United States, or in yo","ICPSR variable label; may be truncated",501,"Survey item or survey routing field",FALSE,"Original questionnaire route / module retained; system NA not interpreted as a substantive answer","System NA: routing, nonresponse or unavailable; labelled responses preserved",1851,"Eligible",TRUE,TRUE,TRUE,"Eligible subject to training-only screening","Code retained; full wording/short label requires review",1836,"Original labelled categories or source type",NA,NA
"Q629R1","Q629","Q629R1","Q629r1: Racial background or ethnicity - In your opinion, were you unfairly trea","ICPSR variable label; may be truncated",502,"Survey item or survey routing field",FALSE,"Original questionnaire route / module retained; system NA not interpreted as a substantive answer","System NA: routing, nonresponse or unavailable; labelled responses preserved",1066,"Eligible",TRUE,TRUE,TRUE,"Eligible subject to training-only screening","Code retained; full wording/short label requires review",8365,"Original labelled categories or source type",NA,NA
"Q629R2","Q629","Q629R2","Q629r2: Skin color - In your opinion, were you unfairly treated because of your","ICPSR variable label; may be truncated",502,"Survey item or survey routing field",FALSE,"Original questionnaire route / module retained; system NA not interpreted as a substantive answer","System NA: routing, nonresponse or unavailable; labelled responses preserved",1066,"Eligible",TRUE,TRUE,TRUE,"Eligible subject to training-only screening","Code retained; full wording/short label requires review",8365,"Original labelled categories or source type",NA,NA
"Q629R3","Q629","Q629R3","Q629r3: Gender - In your opinion, were you unfairly treated because of your","ICPSR variable label; may be truncated",502,"Survey item or survey routing field",FALSE,"Original questionnaire route / module retained; system NA not interpreted as a substantive answer","System NA: routing, nonresponse or unavailable; labelled responses preserved",1066,"Eligible",TRUE,TRUE,TRUE,"Eligible subject to training-only screening","Code retained; full wording/short label requires review",8365,"Original labelled categories or source type",NA,NA
"Q629R4","Q629","Q629R4","Q629r4: Sexuality or sexual orientation - In your opinion, were you unfairly tre","ICPSR variable label; may be truncated",503,"Survey item or survey routing field",FALSE,"Original questionnaire route / module retained; system NA not interpreted as a substantive answer","System NA: routing, nonresponse or unavailable; labelled responses preserved",1066,"Eligible",TRUE,TRUE,TRUE,"Eligible subject to training-only screening","Code retained; full wording/short label requires review",8365,"Original labelled categories or source type",NA,NA
"Q629R5","Q629","Q629R5","Q629r5: Immigration status - In your opinion, were you unfairly treated because","ICPSR variable label; may be truncated",503,"Survey item or survey routing field",FALSE,"Original questionnaire route / module retained; system NA not interpreted as a substantive answer","System NA: routing, nonresponse or unavailable; labelled responses preserved",1066,"Eligible",TRUE,TRUE,TRUE,"Eligible subject to training-only screening","Code retained; full wording/short label requires review",8365,"Original labelled categories or source type",NA,NA
"Q629R6","Q629","Q629R6","Q629r6: Religion - In your opinion, were you unfairly treated because of your","ICPSR variable label; may be truncated",504,"Survey item or survey routing field",FALSE,"Original questionnaire route / module retained; system NA not interpreted as a substantive answer","System NA: routing, nonresponse or unavailable; labelled responses preserved",1066,"Eligible",TRUE,TRUE,TRUE,"Eligible subject to training-only screening","Code retained; full wording/short label requires review",8365,"Original labelled categories or source type",NA,NA
"Q629R7","Q629","Q629R7","Q629r7: Accent, regardless of whether or not you have an accent - In your opinio","ICPSR variable label; may be truncated",504,"Survey item or survey routing field",FALSE,"Original questionnaire route / module retained; system NA not interpreted as a substantive answer","System NA: routing, nonresponse or unavailable; labelled responses preserved",1066,"Eligible",TRUE,TRUE,TRUE,"Eligible subject to training-only screening","Code retained; full wording/short label requires review",8365,"Original labelled categories or source type",NA,NA
"Q630_Q632R1","Q630_Q632R1","Q630_Q632R1","Q630_Q632r1: People ever act as if you don","ICPSR variable label; may be truncated",504,"Survey item or survey routing field",FALSE,"Original questionnaire route / module retained; system NA not interpreted as a substantive answer","System NA: routing, nonresponse or unavailable; labelled responses preserved",0,"Eligible",TRUE,TRUE,TRUE,"Eligible subject to training-only screening","Code retained; full wording/short label requires review",17545,"Original labelled categories or source type",NA,NA
"Q630_Q632R2","Q630_Q632R2","Q630_Q632R2","Q630_Q632r2: People assume that you are good at math or science - In an average","ICPSR variable label; may be truncated",505,"Survey item or survey routing field",FALSE,"Original questionnaire route / module retained; system NA not interpreted as a substantive answer","System NA: routing, nonresponse or unavailable; labelled responses preserved",0,"Eligible",TRUE,TRUE,TRUE,"Eligible subject to training-only screening","Code retained; full wording/short label requires review",17545,"Original labelled categories or source type",NA,NA
"Q630_Q632R3","Q630_Q632R3","Q630_Q632R3","Q630_Q632r3: People assume that you are not American - In an average month, do a","ICPSR variable label; may be truncated",505,"Survey item or survey routing field",FALSE,"Original questionnaire route / module retained; system NA not interpreted as a substantive answer","System NA: routing, nonresponse or unavailable; labelled responses preserved",0,"Eligible",TRUE,TRUE,TRUE,"Eligible subject to training-only screening","Code retained; full wording/short label requires review",17545,"Original labelled categories or source type",NA,NA
"Q633","Q633","Q633","Q633: Overall, how much has discrimination interfered with you having a full and","ICPSR variable label; may be truncated",505,"Survey item or survey routing field",FALSE,"Original questionnaire route / module retained; system NA not interpreted as a substantive answer","System NA: routing, nonresponse or unavailable; labelled responses preserved",0,"Eligible",TRUE,TRUE,TRUE,"Eligible subject to training-only screening","Code retained; full wording/short label requires review",17545,"Original labelled categories or source type",NA,NA
"SPLITQ634_Q638","SPLITQ634_Q638","SPLITQ634_Q638","splitQ634_Q638: New Single Select Question","ICPSR variable label; may be truncated",506,"Administration / derived field",FALSE,"Original questionnaire route / module retained; system NA not interpreted as a substantive answer","System NA: routing, nonresponse or unavailable; labelled responses preserved",0,"Routing/experiment metadata; joined to response where required",FALSE,FALSE,FALSE,"Routing/experiment metadata; joined to response where required","Code retained; full wording/short label requires review",17545,"Original labelled categories or source type",NA,NA
"Q639","Q639","Q639","Q639: Do you currently own or rent your home, or live with someone who owns or r","ICPSR variable label; may be truncated",506,"Survey item or survey routing field",FALSE,"Original questionnaire route / module retained; system NA not interpreted as a substantive answer","System NA: routing, nonresponse or unavailable; labelled responses preserved",0,"Eligible",TRUE,TRUE,TRUE,"Eligible subject to training-only screening","Code retained; full wording/short label requires review",17545,"Original labelled categories or source type",NA,NA
"Q640_Q645R1","Q640_Q645R1","Q640_Q645R1","Q640_Q645r1: Problems with a landlord (for example, eviction or threat of evicti","ICPSR variable label; may be truncated",506,"Survey item or survey routing field",FALSE,"Original questionnaire route / module retained; system NA not interpreted as a substantive answer","System NA: routing, nonresponse or unavailable; labelled responses preserved",1839,"Eligible",TRUE,TRUE,TRUE,"Eligible subject to training-only screening","Code retained; full wording/short label requires review",2759,"Original labelled categories or source type",NA,NA
"Q640_Q645R2","Q640_Q645R2","Q640_Q645R2","Q640_Q645r2: Problems with a bank, lender, or debt collector (for example, decep","ICPSR variable label; may be truncated",507,"Survey item or survey routing field",FALSE,"Original questionnaire route / module retained; system NA not interpreted as a substantive answer","System NA: routing, nonresponse or unavailable; labelled responses preserved",1430,"Eligible",TRUE,TRUE,TRUE,"Eligible subject to training-only screening","Code retained; full wording/short label requires review",5740,"Original labelled categories or source type",NA,NA
"Q640_Q645R3","Q640_Q645R3","Q640_Q645R3","Q640_Q645r3: Other financial problems (for example, bankruptcy, identity theft,","ICPSR variable label; may be truncated",507,"Survey item or survey routing field",FALSE,"Original questionnaire route / module retained; system NA not interpreted as a substantive answer","System NA: routing, nonresponse or unavailable; labelled responses preserved",1430,"Eligible",TRUE,TRUE,TRUE,"Eligible subject to training-only screening","Code retained; full wording/short label requires review",5740,"Original labelled categories or source type",NA,NA
"Q640_Q645R4","Q640_Q645R4","Q640_Q645R4","Q640_Q645r4: Problems with medical care or health insurance (for example, billin","ICPSR variable label; may be truncated",507,"Survey item or survey routing field",FALSE,"Original questionnaire route / module retained; system NA not interpreted as a substantive answer","System NA: routing, nonresponse or unavailable; labelled responses preserved",1430,"Eligible",TRUE,TRUE,TRUE,"Eligible subject to training-only screening","Code retained; full wording/short label requires review",5740,"Original labelled categories or source type",NA,NA
"Q640_Q645R5","Q640_Q645R5","Q640_Q645R5","Q640_Q645r5: Problems obtaining or keeping government benefits (for example, une","ICPSR variable label; may be truncated",508,"Survey item or survey routing field",FALSE,"Original questionnaire route / module retained; system NA not interpreted as a substantive answer","System NA: routing, nonresponse or unavailable; labelled responses preserved",1430,"Eligible",TRUE,TRUE,TRUE,"Eligible subject to training-only screening","Code retained; full wording/short label requires review",5740,"Original labelled categories or source type",NA,NA
"Q640_Q645R6","Q640_Q645R6","Q640_Q645R6","Q640_Q645r6: Problems with an employer (for example, wage theft, unsafe working","ICPSR variable label; may be truncated",508,"Survey item or survey routing field",FALSE,"Original questionnaire route / module retained; system NA not interpreted as a substantive answer","System NA: routing, nonresponse or unavailable; labelled responses preserved",1430,"Eligible",TRUE,TRUE,TRUE,"Eligible subject to training-only screening","Code retained; full wording/short label requires review",5740,"Original labelled categories or source type",NA,NA
"Q646_Q651R1","Q646_Q651R1","Q646_Q651R1","Q646_Q651r1: Problems with a bank, lender, or debt collector (for example, decep","ICPSR variable label; may be truncated",509,"Survey item or survey routing field",FALSE,"Original questionnaire route / module retained; system NA not interpreted as a substantive answer","System NA: routing, nonresponse or unavailable; labelled responses preserved",1369,"Eligible",TRUE,TRUE,TRUE,"Eligible subject to training-only screening","Code retained; full wording/short label requires review",5918,"Original labelled categories or source type",NA,NA
"Q646_Q651R2","Q646_Q651R2","Q646_Q651R2","Q646_Q651r2: Other financial problems (for example, bankruptcy, identity theft,","ICPSR variable label; may be truncated",509,"Survey item or survey routing field",FALSE,"Original questionnaire route / module retained; system NA not interpreted as a substantive answer","System NA: routing, nonresponse or unavailable; labelled responses preserved",1369,"Eligible",TRUE,TRUE,TRUE,"Eligible subject to training-only screening","Code retained; full wording/short label requires review",5918,"Original labelled categories or source type",NA,NA
"Q646_Q651R3","Q646_Q651R3","Q646_Q651R3","Q646_Q651r3: Problems with medical care or health insurance (for example, billin","ICPSR variable label; may be truncated",509,"Survey item or survey routing field",FALSE,"Original questionnaire route / module retained; system NA not interpreted as a substantive answer","System NA: routing, nonresponse or unavailable; labelled responses preserved",1369,"Eligible",TRUE,TRUE,TRUE,"Eligible subject to training-only screening","Code retained; full wording/short label requires review",5918,"Original labelled categories or source type",NA,NA
"Q646_Q651R4","Q646_Q651R4","Q646_Q651R4","Q646_Q651r4: Problems obtaining or keeping government benefits (for example, une","ICPSR variable label; may be truncated",510,"Survey item or survey routing field",FALSE,"Original questionnaire route / module retained; system NA not interpreted as a substantive answer","System NA: routing, nonresponse or unavailable; labelled responses preserved",1369,"Eligible",TRUE,TRUE,TRUE,"Eligible subject to training-only screening","Code retained; full wording/short label requires review",5918,"Original labelled categories or source type",NA,NA
"Q646_Q651R5","Q646_Q651R5","Q646_Q651R5","Q646_Q651r5: Problems with an employer (for example, wage theft, unsafe working","ICPSR variable label; may be truncated",510,"Survey item or survey routing field",FALSE,"Original questionnaire route / module retained; system NA not interpreted as a substantive answer","System NA: routing, nonresponse or unavailable; labelled responses preserved",1369,"Eligible",TRUE,TRUE,TRUE,"Eligible subject to training-only screening","Code retained; full wording/short label requires review",5918,"Original labelled categories or source type",NA,NA
"Q646_Q651R6","Q646_Q651R6","Q646_Q651R6","Q646_Q651r6: Had difficulty getting security deposit back - In the past 2 years","ICPSR variable label; may be truncated",510,"Survey item or survey routing field",FALSE,"Original questionnaire route / module retained; system NA not interpreted as a substantive answer","System NA: routing, nonresponse or unavailable; labelled responses preserved",1860,"Eligible",TRUE,TRUE,TRUE,"Eligible subject to training-only screening","Code retained; full wording/short label requires review",2058,"Original labelled categories or source type",NA,NA
"Q646_Q651R7","Q646_Q651R7","Q646_Q651R7","Q646_Q651r7: Landlord or someone associated with landlord destroyed or removed p","ICPSR variable label; may be truncated",511,"Survey item or survey routing field",FALSE,"Original questionnaire route / module retained; system NA not interpreted as a substantive answer","System NA: routing, nonresponse or unavailable; labelled responses preserved",1860,"Eligible",TRUE,TRUE,TRUE,"Eligible subject to training-only screening","Code retained; full wording/short label requires review",2058,"Original labelled categories or source type",NA,NA
"Q646_Q651R8","Q646_Q651R8","Q646_Q651R8","Q646_Q651r8: Landlord denied a reasonable accommodation for disability or medica","ICPSR variable label; may be truncated",511,"Survey item or survey routing field",FALSE,"Original questionnaire route / module retained; system NA not interpreted as a substantive answer","System NA: routing, nonresponse or unavailable; labelled responses preserved",1860,"Eligible",TRUE,TRUE,TRUE,"Eligible subject to training-only screening","Code retained; full wording/short label requires review",2058,"Original labelled categories or source type",NA,NA
"Q646_Q651R9","Q646_Q651R9","Q646_Q651R9","Q646_Q651r9: Landlord failed to provide basic services, repairs, safe accommodat","ICPSR variable label; may be truncated",512,"Survey item or survey routing field",FALSE,"Original questionnaire route / module retained; system NA not interpreted as a substantive answer","System NA: routing, nonresponse or unavailable; labelled responses preserved",1860,"Eligible",TRUE,TRUE,TRUE,"Eligible subject to training-only screening","Code retained; full wording/short label requires review",2058,"Original labelled categories or source type",NA,NA
"Q646_Q651R10","Q646_Q651R10","Q646_Q651R10","Q646_Q651r10: Evicted or threatened with eviction - In the past 2 years did you","ICPSR variable label; may be truncated",512,"Survey item or survey routing field",FALSE,"Original questionnaire route / module retained; system NA not interpreted as a substantive answer","System NA: routing, nonresponse or unavailable; labelled responses preserved",1860,"Eligible",TRUE,TRUE,TRUE,"Eligible subject to training-only screening","Code retained; full wording/short label requires review",2058,"Original labelled categories or source type",NA,NA
"Q646_Q651R11","Q646_Q651R11","Q646_Q651R11","Q646_Q651r11: Threatened by landlord for exercising tenants","ICPSR variable label; may be truncated",512,"Survey item or survey routing field",FALSE,"Original questionnaire route / module retained; system NA not interpreted as a substantive answer","System NA: routing, nonresponse or unavailable; labelled responses preserved",1860,"Eligible",TRUE,TRUE,TRUE,"Eligible subject to training-only screening","Code retained; full wording/short label requires review",2058,"Original labelled categories or source type",NA,NA
"Q652_Q658R1","Q652_Q658R1","Q652_Q658R1","Q652_Q658r1: Problems with misleading, unfair, or deceptive lending practices -","ICPSR variable label; may be truncated",513,"Survey item or survey routing field",FALSE,"Original questionnaire route / module retained; system NA not interpreted as a substantive answer","System NA: routing, nonresponse or unavailable; labelled responses preserved",1365,"Eligible",TRUE,TRUE,TRUE,"Eligible subject to training-only screening","Code retained; full wording/short label requires review",5887,"Original labelled categories or source type",NA,NA
"Q652_Q658R2","Q652_Q658R2","Q652_Q658R2","Q652_Q658r2: Problems getting access to credit or loan - In the past 2 years did","ICPSR variable label; may be truncated",513,"Survey item or survey routing field",FALSE,"Original questionnaire route / module retained; system NA not interpreted as a substantive answer","System NA: routing, nonresponse or unavailable; labelled responses preserved",1365,"Eligible",TRUE,TRUE,TRUE,"Eligible subject to training-only screening","Code retained; full wording/short label requires review",5887,"Original labelled categories or source type",NA,NA
"Q652_Q658R3","Q652_Q658R3","Q652_Q658R3","Q652_Q658r3: Problems with identity theft - In the past 2 years did you or any m","ICPSR variable label; may be truncated",513,"Survey item or survey routing field",FALSE,"Original questionnaire route / module retained; system NA not interpreted as a substantive answer","System NA: routing, nonresponse or unavailable; labelled responses preserved",1365,"Eligible",TRUE,TRUE,TRUE,"Eligible subject to training-only screening","Code retained; full wording/short label requires review",5887,"Original labelled categories or source type",NA,NA
"Q652_Q658R4","Q652_Q658R4","Q652_Q658R4","Q652_Q658r4: Problems with terms of repayment or interest rates charged by lende","ICPSR variable label; may be truncated",514,"Survey item or survey routing field",FALSE,"Original questionnaire route / module retained; system NA not interpreted as a substantive answer","System NA: routing, nonresponse or unavailable; labelled responses preserved",1365,"Eligible",TRUE,TRUE,TRUE,"Eligible subject to training-only screening","Code retained; full wording/short label requires review",5887,"Original labelled categories or source type",NA,NA
"Q652_Q658R5","Q652_Q658R5","Q652_Q658R5","Q652_Q658r5: Problems with harassment by creditors or collection agencies, inclu","ICPSR variable label; may be truncated",514,"Survey item or survey routing field",FALSE,"Original questionnaire route / module retained; system NA not interpreted as a substantive answer","System NA: routing, nonresponse or unavailable; labelled responses preserved",1365,"Eligible",TRUE,TRUE,TRUE,"Eligible subject to training-only screening","Code retained; full wording/short label requires review",5887,"Original labelled categories or source type",NA,NA
"Q652_Q658R6","Q652_Q658R6","Q652_Q658R6","Q652_Q658r6: Had a home go into foreclosure - In the past 2 years did you or any","ICPSR variable label; may be truncated",515,"Survey item or survey routing field",FALSE,"Original questionnaire route / module retained; system NA not interpreted as a substantive answer","System NA: routing, nonresponse or unavailable; labelled responses preserved",1365,"Eligible",TRUE,TRUE,TRUE,"Eligible subject to training-only screening","Code retained; full wording/short label requires review",5887,"Original labelled categories or source type",NA,NA
"Q652_Q658R7","Q652_Q658R7","Q652_Q658R7","Q652_Q658r7: Filed or considered filing for bankruptcy - In the past 2 years did","ICPSR variable label; may be truncated",515,"Survey item or survey routing field",FALSE,"Original questionnaire route / module retained; system NA not interpreted as a substantive answer","System NA: routing, nonresponse or unavailable; labelled responses preserved",1365,"Eligible",TRUE,TRUE,TRUE,"Eligible subject to training-only screening","Code retained; full wording/short label requires review",5887,"Original labelled categories or source type",NA,NA
"Q659R1","Q659","Q659R1","Q659r1: Online resource - At any time while you were dealing with any of these p","ICPSR variable label; may be truncated",515,"Survey item or survey routing field",FALSE,"Asked any reported problem in split A/B/C legal-problem module; Original questionnaire route / module retained; system NA not interpreted as a substantive answer","System NA: routing, nonresponse or unavailable; labelled responses preserved",1446,"Eligible",TRUE,TRUE,TRUE,"Eligible subject to training-only screening","Code retained; full wording/short label requires review",6282,"Original labelled categories or source type",NA,NA
"Q659R2","Q659","Q659R2","Q659r2: Paid Private Attorney - At any time while you were dealing with any of t","ICPSR variable label; may be truncated",516,"Survey item or survey routing field",FALSE,"Asked any reported problem in split A/B/C legal-problem module; Original questionnaire route / module retained; system NA not interpreted as a substantive answer","System NA: routing, nonresponse or unavailable; labelled responses preserved",1446,"Eligible",TRUE,TRUE,TRUE,"Eligible subject to training-only screening","Code retained; full wording/short label requires review",6282,"Original labelled categories or source type",NA,NA
"Q659R3","Q659","Q659R3","Q659r3: Volunteer Attorney - At any time while you were dealing with any of thes","ICPSR variable label; may be truncated",516,"Survey item or survey routing field",FALSE,"Asked any reported problem in split A/B/C legal-problem module; Original questionnaire route / module retained; system NA not interpreted as a substantive answer","System NA: routing, nonresponse or unavailable; labelled responses preserved",1446,"Eligible",TRUE,TRUE,TRUE,"Eligible subject to training-only screening","Code retained; full wording/short label requires review",6282,"Original labelled categories or source type",NA,NA
"Q659R4","Q659","Q659R4","Q659r4: Legal Aid Organization or Attorney - At any time while you were dealing","ICPSR variable label; may be truncated",516,"Survey item or survey routing field",FALSE,"Asked any reported problem in split A/B/C legal-problem module; Original questionnaire route / module retained; system NA not interpreted as a substantive answer","System NA: routing, nonresponse or unavailable; labelled responses preserved",1446,"Eligible",TRUE,TRUE,TRUE,"Eligible subject to training-only screening","Code retained; full wording/short label requires review",6282,"Original labelled categories or source type",NA,NA
"Q659R5","Q659","Q659R5","Q659r5: Legal Hotline - At any time while you were dealing with any of these pro","ICPSR variable label; may be truncated",517,"Survey item or survey routing field",FALSE,"Asked any reported problem in split A/B/C legal-problem module; Original questionnaire route / module retained; system NA not interpreted as a substantive answer","System NA: routing, nonresponse or unavailable; labelled responses preserved",1446,"Eligible",TRUE,TRUE,TRUE,"Eligible subject to training-only screening","Code retained; full wording/short label requires review",6282,"Original labelled categories or source type",NA,NA
"Q659R6","Q659","Q659R6","Q659r6: Community, Nonprofit, or Social Service Organization - At any time while","ICPSR variable label; may be truncated",517,"Survey item or survey routing field",FALSE,"Asked any reported problem in split A/B/C legal-problem module; Original questionnaire route / module retained; system NA not interpreted as a substantive answer","System NA: routing, nonresponse or unavailable; labelled responses preserved",1446,"Eligible",TRUE,TRUE,TRUE,"Eligible subject to training-only screening","Code retained; full wording/short label requires review",6282,"Original labelled categories or source type",NA,NA
"Q659R7","Q659","Q659R7","Q659r7: Law School Clinic - At any time while you were dealing with any of these","ICPSR variable label; may be truncated",517,"Survey item or survey routing field",FALSE,"Asked any reported problem in split A/B/C legal-problem module; Original questionnaire route / module retained; system NA not interpreted as a substantive answer","System NA: routing, nonresponse or unavailable; labelled responses preserved",1446,"Eligible",TRUE,TRUE,TRUE,"Eligible subject to training-only screening","Code retained; full wording/short label requires review",6282,"Original labelled categories or source type",NA,NA
"Q659R8","Q659","Q659R8","Q659r8: Family or Friend - At any time while you were dealing with any of these","ICPSR variable label; may be truncated",518,"Survey item or survey routing field",FALSE,"Asked any reported problem in split A/B/C legal-problem module; Original questionnaire route / module retained; system NA not interpreted as a substantive answer","System NA: routing, nonresponse or unavailable; labelled responses preserved",1446,"Eligible",TRUE,TRUE,TRUE,"Eligible subject to training-only screening","Code retained; full wording/short label requires review",6282,"Original labelled categories or source type",NA,NA
"Q660","Q660","Q660","Q660: To what extent do you think people like you have the ability to use the co","ICPSR variable label; may be truncated",518,"Survey item or survey routing field",FALSE,"Original questionnaire route / module retained; system NA not interpreted as a substantive answer","System NA: routing, nonresponse or unavailable; labelled responses preserved",0,"Eligible",TRUE,TRUE,TRUE,"Eligible subject to training-only screening","Code retained; full wording/short label requires review",17545,"Original labelled categories or source type",NA,NA
"Q661","Q661","Q661","Q661: To what extent do you think people like you are treated fairly in the civi","ICPSR variable label; may be truncated",518,"Survey item or survey routing field",FALSE,"Original questionnaire route / module retained; system NA not interpreted as a substantive answer","System NA: routing, nonresponse or unavailable; labelled responses preserved",0,"Eligible",TRUE,TRUE,TRUE,"Eligible subject to training-only screening","Code retained; full wording/short label requires review",17545,"Original labelled categories or source type",NA,NA
"Q662R1","Q662","Q662R1","Q662r1: Credit card debt - Which of the following types of debt have you had in","ICPSR variable label; may be truncated",519,"Survey item or survey routing field",FALSE,"Original questionnaire route / module retained; system NA not interpreted as a substantive answer","System NA: routing, nonresponse or unavailable; labelled responses preserved",0,"Eligible",TRUE,TRUE,TRUE,"Eligible subject to training-only screening","Code retained; full wording/short label requires review",17545,"Original labelled categories or source type",NA,NA
"Q662R2","Q662","Q662R2","Q662r2: Mortgage loan debt - Which of the following types of debt have you had i","ICPSR variable label; may be truncated",519,"Survey item or survey routing field",FALSE,"Original questionnaire route / module retained; system NA not interpreted as a substantive answer","System NA: routing, nonresponse or unavailable; labelled responses preserved",0,"Eligible",TRUE,TRUE,TRUE,"Eligible subject to training-only screening","Code retained; full wording/short label requires review",17545,"Original labelled categories or source type",NA,NA
"Q662R3","Q662","Q662R3","Q662r3: Auto loan debt - Which of the following types of debt have you had in th","ICPSR variable label; may be truncated",519,"Survey item or survey routing field",FALSE,"Original questionnaire route / module retained; system NA not interpreted as a substantive answer","System NA: routing, nonresponse or unavailable; labelled responses preserved",0,"Eligible",TRUE,TRUE,TRUE,"Eligible subject to training-only screening","Code retained; full wording/short label requires review",17545,"Original labelled categories or source type",NA,NA
"Q662R4","Q662","Q662R4","Q662r4: Student loan debt - Which of the following types of debt have you had in","ICPSR variable label; may be truncated",520,"Survey item or survey routing field",FALSE,"Original questionnaire route / module retained; system NA not interpreted as a substantive answer","System NA: routing, nonresponse or unavailable; labelled responses preserved",0,"Eligible",TRUE,TRUE,TRUE,"Eligible subject to training-only screening","Code retained; full wording/short label requires review",17545,"Original labelled categories or source type",NA,NA
"Q662R5","Q662","Q662R5","Q662r5: Payday loan debt - Which of the following types of debt have you had in","ICPSR variable label; may be truncated",520,"Survey item or survey routing field",FALSE,"Original questionnaire route / module retained; system NA not interpreted as a substantive answer","System NA: routing, nonresponse or unavailable; labelled responses preserved",0,"Eligible",TRUE,TRUE,TRUE,"Eligible subject to training-only screening","Code retained; full wording/short label requires review",17545,"Original labelled categories or source type",NA,NA
"Q662R6","Q662","Q662R6","Q662r6: Other personal loan debt - Which of the following types of debt have you","ICPSR variable label; may be truncated",520,"Survey item or survey routing field",FALSE,"Original questionnaire route / module retained; system NA not interpreted as a substantive answer","System NA: routing, nonresponse or unavailable; labelled responses preserved",0,"Eligible",TRUE,TRUE,TRUE,"Eligible subject to training-only screening","Code retained; full wording/short label requires review",17545,"Original labelled categories or source type",NA,NA
"Q663_Q666R1","Q663_Q666R1","Q663_Q666R1","Q663_Q666r1: Credit card - How likely would you be to use each of the following","ICPSR variable label; may be truncated",521,"Survey item or survey routing field",FALSE,"Original questionnaire route / module retained; system NA not interpreted as a substantive answer","System NA: routing, nonresponse or unavailable; labelled responses preserved",0,"Eligible",TRUE,TRUE,TRUE,"Eligible subject to training-only screening","Code retained; full wording/short label requires review",17545,"Original labelled categories or source type",NA,NA
"Q663_Q666R2","Q663_Q666R2","Q663_Q666R2","Q663_Q666r2: Payday or other short-term loan - How likely would you be to use ea","ICPSR variable label; may be truncated",521,"Survey item or survey routing field",FALSE,"Original questionnaire route / module retained; system NA not interpreted as a substantive answer","System NA: routing, nonresponse or unavailable; labelled responses preserved",0,"Eligible",TRUE,TRUE,TRUE,"Eligible subject to training-only screening","Code retained; full wording/short label requires review",17545,"Original labelled categories or source type",NA,NA
"Q663_Q666R3","Q663_Q666R3","Q663_Q666R3","Q663_Q666r3: Public benefits (such as unemployment insurance, food stamps) - How","ICPSR variable label; may be truncated",522,"Survey item or survey routing field",FALSE,"Original questionnaire route / module retained; system NA not interpreted as a substantive answer","System NA: routing, nonresponse or unavailable; labelled responses preserved",0,"Eligible",TRUE,TRUE,TRUE,"Eligible subject to training-only screening","Code retained; full wording/short label requires review",17545,"Original labelled categories or source type",NA,NA
"Q663_Q666R4","Q663_Q666R4","Q663_Q666R4","Q663_Q666r4: Financial support from family or friends - How likely would you be","ICPSR variable label; may be truncated",522,"Survey item or survey routing field",FALSE,"Original questionnaire route / module retained; system NA not interpreted as a substantive answer","System NA: routing, nonresponse or unavailable; labelled responses preserved",0,"Eligible",TRUE,TRUE,TRUE,"Eligible subject to training-only screening","Code retained; full wording/short label requires review",17545,"Original labelled categories or source type",NA,NA
"Q667_Q671R1","Q667_Q671R1","Q667_Q671R1","Q667_Q671r1: Check-cashing store - In the past 12 months, have you used any of t","ICPSR variable label; may be truncated",522,"Survey item or survey routing field",FALSE,"Original questionnaire route / module retained; system NA not interpreted as a substantive answer","System NA: routing, nonresponse or unavailable; labelled responses preserved",0,"Eligible",TRUE,TRUE,TRUE,"Eligible subject to training-only screening","Code retained; full wording/short label requires review",17545,"Original labelled categories or source type",NA,NA
"Q667_Q671R2","Q667_Q671R2","Q667_Q671R2","Q667_Q671r2: Payday lending store or cash advance service - In the past 12 month","ICPSR variable label; may be truncated",523,"Survey item or survey routing field",FALSE,"Original questionnaire route / module retained; system NA not interpreted as a substantive answer","System NA: routing, nonresponse or unavailable; labelled responses preserved",0,"Eligible",TRUE,TRUE,TRUE,"Eligible subject to training-only screening","Code retained; full wording/short label requires review",17545,"Original labelled categories or source type",NA,NA
"Q667_Q671R3","Q667_Q671R3","Q667_Q671R3","Q667_Q671r3: Bank account - In the past 12 months, have you used any of the foll","ICPSR variable label; may be truncated",523,"Survey item or survey routing field",FALSE,"Original questionnaire route / module retained; system NA not interpreted as a substantive answer","System NA: routing, nonresponse or unavailable; labelled responses preserved",0,"Eligible",TRUE,TRUE,TRUE,"Eligible subject to training-only screening","Code retained; full wording/short label requires review",17545,"Original labelled categories or source type",NA,NA
"Q667_Q671R4","Q667_Q671R4","Q667_Q671R4","Q667_Q671r4: Pawnshop - In the past 12 months, have you used any of the followin","ICPSR variable label; may be truncated",523,"Survey item or survey routing field",FALSE,"Original questionnaire route / module retained; system NA not interpreted as a substantive answer","System NA: routing, nonresponse or unavailable; labelled responses preserved",0,"Eligible",TRUE,TRUE,TRUE,"Eligible subject to training-only screening","Code retained; full wording/short label requires review",17545,"Original labelled categories or source type",NA,NA
"Q667_Q671R5","Q667_Q671R5","Q667_Q671R5","Q667_Q671r5: Title loan - In the past 12 months, have you used any of the follow","ICPSR variable label; may be truncated",524,"Survey item or survey routing field",FALSE,"Original questionnaire route / module retained; system NA not interpreted as a substantive answer","System NA: routing, nonresponse or unavailable; labelled responses preserved",0,"Eligible",TRUE,TRUE,TRUE,"Eligible subject to training-only screening","Code retained; full wording/short label requires review",17545,"Original labelled categories or source type",NA,NA
"Q672","Q672","Q672","Q672: In the past 5 years, have you used a payday lending store or cash advance","ICPSR variable label; may be truncated",524,"Survey item or survey routing field",FALSE,"Original questionnaire route / module retained; system NA not interpreted as a substantive answer","System NA: routing, nonresponse or unavailable; labelled responses preserved",0,"Eligible",TRUE,TRUE,TRUE,"Eligible subject to training-only screening","Code retained; full wording/short label requires review",17545,"Original labelled categories or source type",NA,NA
"Q673","Q673","Q673","Q673: In the past 5 years, has someone in your family used a payday lending stor","ICPSR variable label; may be truncated",524,"Survey item or survey routing field",FALSE,"Original questionnaire route / module retained; system NA not interpreted as a substantive answer","System NA: routing, nonresponse or unavailable; labelled responses preserved",0,"Eligible",TRUE,TRUE,TRUE,"Eligible subject to training-only screening","Code retained; full wording/short label requires review",17545,"Original labelled categories or source type",NA,NA
"Q674R1","Q674R1","Q674R1","Q674r1: How much do you trust banks on a scale from 0 (no trust) to 10 (total tr","ICPSR variable label; may be truncated",525,"Survey item or survey routing field",FALSE,"Original questionnaire route / module retained; system NA not interpreted as a substantive answer","System NA: routing, nonresponse or unavailable; labelled responses preserved",0,"Eligible",TRUE,TRUE,TRUE,"Eligible subject to training-only screening","Code retained; full wording/short label requires review",17545,"Numeric source rating/rank retained categorically",NA,NA
"Q675","Q675","Q675","Q675: Do you have a bank account?","ICPSR variable label; may be truncated",525,"Survey item or survey routing field",FALSE,"Original questionnaire route / module retained; system NA not interpreted as a substantive answer","System NA: routing, nonresponse or unavailable; labelled responses preserved",0,"Eligible",TRUE,TRUE,TRUE,"Eligible subject to training-only screening","Code retained; full wording/short label requires review",17545,"Original labelled categories or source type",NA,NA
"Q676_Q678R1","Q676_Q678R1","Q676_Q678R1","Q676_Q678r1: The bank is owned by members of your tribe? - Suppose you are think","ICPSR variable label; may be truncated",526,"Survey item or survey routing field",FALSE,"Original questionnaire route / module retained; system NA not interpreted as a substantive answer","System NA: routing, nonresponse or unavailable; labelled responses preserved",1771,"Eligible",TRUE,TRUE,TRUE,"Eligible subject to training-only screening","Code retained; full wording/short label requires review",2829,"Original labelled categories or source type",NA,NA
"Q676_Q678R2","Q676_Q678R2","Q676_Q678R2","Q676_Q678r2: The bank is owned by Native Americans who are not members of your t","ICPSR variable label; may be truncated",526,"Survey item or survey routing field",FALSE,"Original questionnaire route / module retained; system NA not interpreted as a substantive answer","System NA: routing, nonresponse or unavailable; labelled responses preserved",1771,"Eligible",TRUE,TRUE,TRUE,"Eligible subject to training-only screening","Code retained; full wording/short label requires review",2829,"Original labelled categories or source type",NA,NA
"Q676_Q678R3","Q676_Q678R3","Q676_Q678R3","Q676_Q678r3: The bank is owned by an American (United States) company? - Suppose","ICPSR variable label; may be truncated",526,"Survey item or survey routing field",FALSE,"Original questionnaire route / module retained; system NA not interpreted as a substantive answer","System NA: routing, nonresponse or unavailable; labelled responses preserved",1771,"Eligible",TRUE,TRUE,TRUE,"Eligible subject to training-only screening","Code retained; full wording/short label requires review",2829,"Original labelled categories or source type",NA,NA
"Q679_Q682R1","Q679_Q682R1","Q679_Q682R1","Q679_Q682r1: My tribal government should NOT share financial data outside the tr","ICPSR variable label; may be truncated",527,"Survey item or survey routing field",FALSE,"Original questionnaire route / module retained; system NA not interpreted as a substantive answer","System NA: routing, nonresponse or unavailable; labelled responses preserved",1771,"Eligible",TRUE,TRUE,TRUE,"Eligible subject to training-only screening","Code retained; full wording/short label requires review",2829,"Original labelled categories or source type",NA,NA
"Q679_Q682R2","Q679_Q682R2","Q679_Q682R2","Q679_Q682r2: My tribal government should share financial data outside the tribe","ICPSR variable label; may be truncated",527,"Survey item or survey routing field",FALSE,"Original questionnaire route / module retained; system NA not interpreted as a substantive answer","System NA: routing, nonresponse or unavailable; labelled responses preserved",1771,"Eligible",TRUE,TRUE,TRUE,"Eligible subject to training-only screening","Code retained; full wording/short label requires review",2829,"Original labelled categories or source type",NA,NA
"Q679_Q682R3","Q679_Q682R3","Q679_Q682R3","Q679_Q682r3: My tribe should share data IF it means that my tribe","ICPSR variable label; may be truncated",528,"Survey item or survey routing field",FALSE,"Original questionnaire route / module retained; system NA not interpreted as a substantive answer","System NA: routing, nonresponse or unavailable; labelled responses preserved",1771,"Eligible",TRUE,TRUE,TRUE,"Eligible subject to training-only screening","Code retained; full wording/short label requires review",2829,"Original labelled categories or source type",NA,NA
"Q679_Q682R4","Q679_Q682R4","Q679_Q682R4","Q679_Q682r4: My tribe should share data IF it means that economic development in","ICPSR variable label; may be truncated",528,"Survey item or survey routing field",FALSE,"Original questionnaire route / module retained; system NA not interpreted as a substantive answer","System NA: routing, nonresponse or unavailable; labelled responses preserved",1771,"Eligible",TRUE,TRUE,TRUE,"Eligible subject to training-only screening","Code retained; full wording/short label requires review",2829,"Original labelled categories or source type",NA,NA
"Q683","Q683","Voting Rights Act necessity","Q683: As you may know, the Voting Rights Act was passed in the 1965s to prevent","ICPSR variable label; may be truncated",529,"Survey item or survey routing field",FALSE,"Original questionnaire route / module retained; system NA not interpreted as a substantive answer","System NA: routing, nonresponse or unavailable; labelled responses preserved",0,"Eligible",TRUE,TRUE,TRUE,"Eligible subject to training-only screening","Verified short label; original source construct retained",17545,"Original labelled categories or source type",683,108
"Q684","Q684","Q684","Q684: When thinking about the November 2020 election, which potential outcome do","ICPSR variable label; may be truncated",529,"Survey item or survey routing field",FALSE,"Original questionnaire route / module retained; system NA not interpreted as a substantive answer","System NA: routing, nonresponse or unavailable; labelled responses preserved",0,"Eligible",TRUE,FALSE,FALSE,"Candidate/election-proximate; Model 1 only","Code retained; full wording/short label requires review",17545,"Original labelled categories or source type",NA,NA
"Q685","Q685","Q685","Q685: When you think about national security, do you think of that more as keepi","ICPSR variable label; may be truncated",529,"Survey item or survey routing field",FALSE,"Original questionnaire route / module retained; system NA not interpreted as a substantive answer","System NA: routing, nonresponse or unavailable; labelled responses preserved",0,"Eligible",TRUE,TRUE,TRUE,"Eligible subject to training-only screening","Code retained; full wording/short label requires review",17545,"Original labelled categories or source type",NA,NA
"Q686","Q686","Q686","Q686: Have you been requested to report for, or serve for jury duty within the l","ICPSR variable label; may be truncated",530,"Survey item or survey routing field",FALSE,"Original questionnaire route / module retained; system NA not interpreted as a substantive answer","System NA: routing, nonresponse or unavailable; labelled responses preserved",0,"Eligible",TRUE,TRUE,TRUE,"Eligible subject to training-only screening","Code retained; full wording/short label requires review",17545,"Original labelled categories or source type",NA,NA
"Q687","Q687","Q687","Q687: In your most recent request to serve for jury duty, were you selected to s","ICPSR variable label; may be truncated",530,"Survey item or survey routing field",FALSE,"Original questionnaire route / module retained; system NA not interpreted as a substantive answer","System NA: routing, nonresponse or unavailable; labelled responses preserved",1468,"Eligible",TRUE,TRUE,TRUE,"Eligible subject to training-only screening","Code retained; full wording/short label requires review",4240,"Original labelled categories or source type",NA,NA
"Q688","Q688","Q688","Q688: If not, was that because...","ICPSR variable label; may be truncated",530,"Survey item or survey routing field",FALSE,"Original questionnaire route / module retained; system NA not interpreted as a substantive answer","System NA: routing, nonresponse or unavailable; labelled responses preserved",1494,"Eligible",TRUE,TRUE,TRUE,"Eligible subject to training-only screening","Code retained; full wording/short label requires review",5007,"Original labelled categories or source type",NA,NA
"Q689","Q689","Q689","Q689: Should federal spending on science and technology be increased, decreased,","ICPSR variable label; may be truncated",531,"Survey item or survey routing field",FALSE,"Original questionnaire route / module retained; system NA not interpreted as a substantive answer","System NA: routing, nonresponse or unavailable; labelled responses preserved",0,"Eligible",TRUE,TRUE,TRUE,"Eligible subject to training-only screening","Code retained; full wording/short label requires review",17545,"Original labelled categories or source type",NA,NA
"Q690","Q690","Q690","Q690: Thinking about the police department in your community, do you think that","ICPSR variable label; may be truncated",531,"Survey item or survey routing field",FALSE,"Original questionnaire route / module retained; system NA not interpreted as a substantive answer","System NA: routing, nonresponse or unavailable; labelled responses preserved",0,"Eligible",TRUE,TRUE,TRUE,"Eligible subject to training-only screening","Code retained; full wording/short label requires review",17545,"Original labelled categories or source type",NA,NA
"Q691","Q691","Q691","Q691: Compared to current levels of involvement, how involved do you think scien","ICPSR variable label; may be truncated",532,"Survey item or survey routing field",FALSE,"Original questionnaire route / module retained; system NA not interpreted as a substantive answer","System NA: routing, nonresponse or unavailable; labelled responses preserved",0,"Eligible",TRUE,TRUE,TRUE,"Eligible subject to training-only screening","Code retained; full wording/short label requires review",17545,"Original labelled categories or source type",NA,NA
"Q692","Q692","Q692","Q692: Think about events that have prevented 10 or more people from being able t","ICPSR variable label; may be truncated",532,"Survey item or survey routing field",FALSE,"Original questionnaire route / module retained; system NA not interpreted as a substantive answer","System NA: routing, nonresponse or unavailable; labelled responses preserved",0,"Eligible",TRUE,TRUE,TRUE,"Eligible subject to training-only screening","Code retained; full wording/short label requires review",17545,"Original labelled categories or source type",NA,NA
"SPLITQ693_Q700","SPLITQ693_Q700","SPLITQ693_Q700","splitQ693_Q700: New Single Select Question","ICPSR variable label; may be truncated",532,"Administration / derived field",FALSE,"Original questionnaire route / module retained; system NA not interpreted as a substantive answer","System NA: routing, nonresponse or unavailable; labelled responses preserved",0,"Routing/experiment metadata; joined to response where required",FALSE,FALSE,FALSE,"Routing/experiment metadata; joined to response where required","Code retained; full wording/short label requires review",17545,"Original labelled categories or source type",NA,NA
"Q693_Q700R1","Q693_Q700R1","Q693_Q700R1","Q693_Q700r1: Low-income people - How much of the time do you think you can trust","ICPSR variable label; may be truncated",533,"Survey item or survey routing field",FALSE,"Condition joined: SPLITQ693_Q700","System NA: routing, nonresponse or unavailable; labelled responses preserved",0,"Eligible",TRUE,TRUE,TRUE,"Eligible subject to training-only screening","Code retained; full wording/short label requires review",17545,"Original labelled categories or source type",NA,NA
"Q693_Q700R2","Q693_Q700R2","Q693_Q700R2","Q693_Q700r2: Middle- income people - How much of the time do you think you can t","ICPSR variable label; may be truncated",533,"Survey item or survey routing field",FALSE,"Condition joined: SPLITQ693_Q700","System NA: routing, nonresponse or unavailable; labelled responses preserved",0,"Eligible",TRUE,TRUE,TRUE,"Eligible subject to training-only screening","Code retained; full wording/short label requires review",17545,"Original labelled categories or source type",NA,NA
"Q693_Q700R3","Q693_Q700R3","Q693_Q700R3","Q693_Q700r3: High-income people - How much of the time do you think you can trus","ICPSR variable label; may be truncated",533,"Survey item or survey routing field",FALSE,"Condition joined: SPLITQ693_Q700","System NA: routing, nonresponse or unavailable; labelled responses preserved",0,"Eligible",TRUE,TRUE,TRUE,"Eligible subject to training-only screening","Code retained; full wording/short label requires review",17545,"Original labelled categories or source type",NA,NA
"Q693_Q700R4","Q693_Q700R4","Q693_Q700R4","Q693_Q700r4: Women - How much of the time do you think you can trust the [pipe:","ICPSR variable label; may be truncated",534,"Survey item or survey routing field",FALSE,"Condition joined: SPLITQ693_Q700","System NA: routing, nonresponse or unavailable; labelled responses preserved",0,"Eligible",TRUE,TRUE,TRUE,"Eligible subject to training-only screening","Code retained; full wording/short label requires review",17545,"Original labelled categories or source type",NA,NA
"Q693_Q700R5","Q693_Q700R5","Q693_Q700R5","Q693_Q700r5: Immigrants - How much of the time do you think you can trust the [p","ICPSR variable label; may be truncated",534,"Survey item or survey routing field",FALSE,"Condition joined: SPLITQ693_Q700","System NA: routing, nonresponse or unavailable; labelled responses preserved",0,"Eligible",TRUE,TRUE,TRUE,"Eligible subject to training-only screening","Code retained; full wording/short label requires review",17545,"Original labelled categories or source type",NA,NA
"Q693_Q700R6","Q693_Q700R6","Q693_Q700R6","Q693_Q700r6: Black people - How much of the time do you think you can trust the","ICPSR variable label; may be truncated",534,"Survey item or survey routing field",FALSE,"Condition joined: SPLITQ693_Q700","System NA: routing, nonresponse or unavailable; labelled responses preserved",0,"Eligible",TRUE,TRUE,TRUE,"Eligible subject to training-only screening","Code retained; full wording/short label requires review",17545,"Original labelled categories or source type",NA,NA
"Q693_Q700R7","Q693_Q700R7","Q693_Q700R7","Q693_Q700r7: White people - How much of the time do you think you can trust the","ICPSR variable label; may be truncated",535,"Survey item or survey routing field",FALSE,"Condition joined: SPLITQ693_Q700","System NA: routing, nonresponse or unavailable; labelled responses preserved",0,"Eligible",TRUE,TRUE,TRUE,"Eligible subject to training-only screening","Code retained; full wording/short label requires review",17545,"Original labelled categories or source type",NA,NA
"Q693_Q700R8","Q693_Q700R8","Q693_Q700R8","Q693_Q700r8: Hispanic people - How much of the time do you think you can trust t","ICPSR variable label; may be truncated",535,"Survey item or survey routing field",FALSE,"Condition joined: SPLITQ693_Q700","System NA: routing, nonresponse or unavailable; labelled responses preserved",0,"Eligible",TRUE,TRUE,TRUE,"Eligible subject to training-only screening","Code retained; full wording/short label requires review",17545,"Original labelled categories or source type",NA,NA
"Q701_Q705R1","Q701_Q705R1","Q701_Q705R1","Q701_Q705r1: Congressional Black Caucus - How much do you approve of the perform","ICPSR variable label; may be truncated",536,"Survey item or survey routing field",FALSE,"Original questionnaire route / module retained; system NA not interpreted as a substantive answer","System NA: routing, nonresponse or unavailable; labelled responses preserved",0,"Eligible",TRUE,TRUE,TRUE,"Eligible subject to training-only screening","Code retained; full wording/short label requires review",17545,"Original labelled categories or source type",NA,NA
"Q701_Q705R2","Q701_Q705R2","Q701_Q705R2","Q701_Q705r2: Congressional Hispanic Caucus - How much do you approve of the perf","ICPSR variable label; may be truncated",536,"Survey item or survey routing field",FALSE,"Original questionnaire route / module retained; system NA not interpreted as a substantive answer","System NA: routing, nonresponse or unavailable; labelled responses preserved",0,"Eligible",TRUE,TRUE,TRUE,"Eligible subject to training-only screening","Code retained; full wording/short label requires review",17545,"Original labelled categories or source type",NA,NA
"Q701_Q705R3","Q701_Q705R3","Q701_Q705R3","Q701_Q705r3: Congressional Asian Pacific American Caucus - How much do you appro","ICPSR variable label; may be truncated",536,"Survey item or survey routing field",FALSE,"Original questionnaire route / module retained; system NA not interpreted as a substantive answer","System NA: routing, nonresponse or unavailable; labelled responses preserved",0,"Eligible",TRUE,TRUE,TRUE,"Eligible subject to training-only screening","Code retained; full wording/short label requires review",17545,"Original labelled categories or source type",NA,NA
"Q701_Q705R4","Q701_Q705R4","Q701_Q705R4","Q701_Q705r4: House Freedom Caucus - How much do you approve of the performance o","ICPSR variable label; may be truncated",537,"Survey item or survey routing field",FALSE,"Original questionnaire route / module retained; system NA not interpreted as a substantive answer","System NA: routing, nonresponse or unavailable; labelled responses preserved",0,"Eligible",TRUE,TRUE,TRUE,"Eligible subject to training-only screening","Code retained; full wording/short label requires review",17545,"Original labelled categories or source type",NA,NA
"Q701_Q705R5","Q701_Q705R5","Q701_Q705R5","Q701_Q705r5: Congressional Caucus for Women","ICPSR variable label; may be truncated",537,"Survey item or survey routing field",FALSE,"Original questionnaire route / module retained; system NA not interpreted as a substantive answer","System NA: routing, nonresponse or unavailable; labelled responses preserved",0,"Eligible",TRUE,TRUE,TRUE,"Eligible subject to training-only screening","Code retained; full wording/short label requires review",17545,"Original labelled categories or source type",NA,NA
"Q706_Q708R1","Q706_Q708R1","Shift police funds to community","Q706_Q708r1: Cut funding for police departments and reinvest in community progra","ICPSR variable label; may be truncated",538,"Survey item or survey routing field",FALSE,"Original questionnaire route / module retained; system NA not interpreted as a substantive answer","System NA: routing, nonresponse or unavailable; labelled responses preserved",0,"Eligible",TRUE,TRUE,TRUE,"Eligible subject to training-only screening","Verified short label; original source construct retained",17545,"Original labelled categories or source type",706,111
"Q706_Q708R2","Q706_Q708R2","Abolish police","Q706_Q708r2: Abolish the police - Here are some things that have been proposed t","ICPSR variable label; may be truncated",538,"Survey item or survey routing field",FALSE,"Original questionnaire route / module retained; system NA not interpreted as a substantive answer","System NA: routing, nonresponse or unavailable; labelled responses preserved",0,"Eligible",TRUE,TRUE,TRUE,"Eligible subject to training-only screening","Verified short label; original source construct retained",17545,"Original labelled categories or source type",707,111
"Q706_Q708R3","Q706_Q708R3","New non-police first responders","Q706_Q708r3: Create a new agency of first responders, like emergency medical ser","ICPSR variable label; may be truncated",538,"Survey item or survey routing field",FALSE,"Original questionnaire route / module retained; system NA not interpreted as a substantive answer","System NA: routing, nonresponse or unavailable; labelled responses preserved",0,"Eligible",TRUE,TRUE,TRUE,"Eligible subject to training-only screening","Verified short label; original source construct retained",17545,"Original labelled categories or source type",708,111
"Q709_712R1","Q709_712R1","White privilege as major problem","Q709_712r1: White privilege is a major problem in the U.S. today. - Please indic","ICPSR variable label; may be truncated",539,"Survey item or survey routing field",FALSE,"Original questionnaire route / module retained; system NA not interpreted as a substantive answer","System NA: routing, nonresponse or unavailable; labelled responses preserved",0,"Eligible",TRUE,TRUE,TRUE,"Eligible subject to training-only screening","Verified short label; original source construct retained",17545,"Original labelled categories or source type",709,111
"Q709_712R2","Q709_712R2","Anti-White discrimination comparison","Q709_712r2: Discrimination against Whites has become as big a problem as discrim","ICPSR variable label; may be truncated",539,"Survey item or survey routing field",FALSE,"Original questionnaire route / module retained; system NA not interpreted as a substantive answer","System NA: routing, nonresponse or unavailable; labelled responses preserved",0,"Eligible",TRUE,TRUE,TRUE,"Eligible subject to training-only screening","Verified short label; original source construct retained",17545,"Original labelled categories or source type",710,111
"Q709_712R3","Q709_712R3","Protect way of life from foreign influence","Q709_712r3: The American way of life needs to be protected against foreign influ","ICPSR variable label; may be truncated",540,"Survey item or survey routing field",FALSE,"Original questionnaire route / module retained; system NA not interpreted as a substantive answer","System NA: routing, nonresponse or unavailable; labelled responses preserved",0,"Eligible",TRUE,TRUE,TRUE,"Eligible subject to training-only screening","Verified short label; original source construct retained",17545,"Original labelled categories or source type",711,111
"Q709_712R4","Q709_712R4","Anti-Black racism in own community","Q709_712r4: Anti-Black racism is a major problem in the [pipe: S2_Race_Prime] co","ICPSR variable label; may be truncated",540,"Survey item or survey routing field",FALSE,"Condition joined: S2_RACE_PRIME","System NA: routing, nonresponse or unavailable; labelled responses preserved",0,"Eligible",TRUE,TRUE,TRUE,"Eligible subject to training-only screening","Verified short label; original source construct retained",17545,"Original labelled categories or source type",712,111
"Q713","Q713","Q713","Q713: Do you describe yourself or think of yourself as an immigrant or part of t","ICPSR variable label; may be truncated",540,"Survey item or survey routing field",FALSE,"Original questionnaire route / module retained; system NA not interpreted as a substantive answer","System NA: routing, nonresponse or unavailable; labelled responses preserved",0,"Eligible",TRUE,TRUE,TRUE,"Eligible subject to training-only screening","Code retained; full wording/short label requires review",17545,"Original labelled categories or source type",NA,NA
"Q714","Q714","Q714","Q714: How often are you asked about your family origin or where you are from?","ICPSR variable label; may be truncated",541,"Survey item or survey routing field",FALSE,"Original questionnaire route / module retained; system NA not interpreted as a substantive answer","System NA: routing, nonresponse or unavailable; labelled responses preserved",0,"Eligible",TRUE,TRUE,TRUE,"Eligible subject to training-only screening","Code retained; full wording/short label requires review",17545,"Original labelled categories or source type",NA,NA
"SPLITQ716","SPLITQ716","SPLITQ716","splitQ716: New Single Select Question","ICPSR variable label; may be truncated",541,"Administration / derived field",FALSE,"Original questionnaire route / module retained; system NA not interpreted as a substantive answer","System NA: routing, nonresponse or unavailable; labelled responses preserved",0,"Routing/experiment metadata; joined to response where required",FALSE,FALSE,FALSE,"Routing/experiment metadata; joined to response where required","Code retained; full wording/short label requires review",17545,"Original labelled categories or source type",NA,NA
"Q715_718R1","Q715_718R1","Q715_718R1","Q715_718r1: How much do you believe that you belong in U.S. society? - Next, we","ICPSR variable label; may be truncated",541,"Survey item or survey routing field",FALSE,"Original questionnaire route / module retained; system NA not interpreted as a substantive answer","System NA: routing, nonresponse or unavailable; labelled responses preserved",0,"Eligible",TRUE,TRUE,TRUE,"Eligible subject to training-only screening","Code retained; full wording/short label requires review",9147,"Original labelled categories or source type",NA,NA
"Q715_718R2","Q715_718R2","Q715_718R2","Q715_718r2: How much do you believe you are an [pipe: splitQ716] in the United S","ICPSR variable label; may be truncated",542,"Survey item or survey routing field",FALSE,"Condition joined: SPLITQ716","System NA: routing, nonresponse or unavailable; labelled responses preserved",0,"Eligible",TRUE,TRUE,TRUE,"Eligible subject to training-only screening","Code retained; full wording/short label requires review",9147,"Original labelled categories or source type",NA,NA
"Q715_718R3","Q715_718R3","Q715_718R3","Q715_718r3: How much you believe that others in U.S. society value and respect y","ICPSR variable label; may be truncated",542,"Survey item or survey routing field",FALSE,"Original questionnaire route / module retained; system NA not interpreted as a substantive answer","System NA: routing, nonresponse or unavailable; labelled responses preserved",0,"Eligible",TRUE,TRUE,TRUE,"Eligible subject to training-only screening","Code retained; full wording/short label requires review",9147,"Original labelled categories or source type",NA,NA
"Q715_718R4","Q715_718R4","Q715_718R4","Q715_718r4: How much you believe that you are accepted and included by others in","ICPSR variable label; may be truncated",543,"Survey item or survey routing field",FALSE,"Original questionnaire route / module retained; system NA not interpreted as a substantive answer","System NA: routing, nonresponse or unavailable; labelled responses preserved",0,"Eligible",TRUE,TRUE,TRUE,"Eligible subject to training-only screening","Code retained; full wording/short label requires review",9147,"Original labelled categories or source type",NA,NA
"Q719","Q719","Q719","Q719: Would you say that the country is governed by a few powerful interests loo","ICPSR variable label; may be truncated",543,"Survey item or survey routing field",FALSE,"Original questionnaire route / module retained; system NA not interpreted as a substantive answer","System NA: routing, nonresponse or unavailable; labelled responses preserved",0,"Eligible",TRUE,TRUE,TRUE,"Eligible subject to training-only screening","Code retained; full wording/short label requires review",17545,"Original labelled categories or source type",NA,NA
"Q720_Q722R1","Q720_Q722R1","Q720_Q722R1","Q720_Q722r1: U.S. House of Representative","ICPSR variable label; may be truncated",543,"Survey item or survey routing field",FALSE,"Original questionnaire route / module retained; system NA not interpreted as a substantive answer","System NA: routing, nonresponse or unavailable; labelled responses preserved",0,"Eligible",TRUE,TRUE,TRUE,"Eligible subject to training-only screening","Code retained; full wording/short label requires review",17545,"Original labelled categories or source type",NA,NA
"Q720_Q722R2","Q720_Q722R2","Q720_Q722R2","Q720_Q722r2: [pipe: S4] State Senator - How good or poor of a job do you think y","ICPSR variable label; may be truncated",544,"Survey item or survey routing field",FALSE,"Original questionnaire route / module retained; system NA not interpreted as a substantive answer","System NA: routing, nonresponse or unavailable; labelled responses preserved",0,"Eligible",TRUE,TRUE,TRUE,"Eligible subject to training-only screening","Code retained; full wording/short label requires review",17545,"Original labelled categories or source type",NA,NA
"Q720_Q722R3","Q720_Q722R3","Q720_Q722R3","Q720_Q722r3: [pipe: S4] State Representative (State Assembly, House of Delegates","ICPSR variable label; may be truncated",544,"Survey item or survey routing field",FALSE,"Original questionnaire route / module retained; system NA not interpreted as a substantive answer","System NA: routing, nonresponse or unavailable; labelled responses preserved",0,"Eligible",TRUE,TRUE,TRUE,"Eligible subject to training-only screening","Code retained; full wording/short label requires review",17545,"Original labelled categories or source type",NA,NA
"Q723_Q725R1","Q723_Q725R1","Q723_Q725R1","Q723_Q725r1: U.S. House of Representative","ICPSR variable label; may be truncated",544,"Survey item or survey routing field",FALSE,"Original questionnaire route / module retained; system NA not interpreted as a substantive answer","System NA: routing, nonresponse or unavailable; labelled responses preserved",0,"Eligible",TRUE,TRUE,TRUE,"Eligible subject to training-only screening","Code retained; full wording/short label requires review",4975,"Original labelled categories or source type",NA,NA
"Q723_Q725R2","Q723_Q725R2","Q723_Q725R2","Q723_Q725r2: [pipe: S4]","ICPSR variable label; may be truncated",545,"Survey item or survey routing field",FALSE,"Original questionnaire route / module retained; system NA not interpreted as a substantive answer","System NA: routing, nonresponse or unavailable; labelled responses preserved",0,"Eligible",TRUE,TRUE,TRUE,"Eligible subject to training-only screening","Code retained; full wording/short label requires review",4975,"Original labelled categories or source type",NA,NA
"Q723_Q725R3","Q723_Q725R3","Q723_Q725R3","Q723_Q725r3: [pipe: S4] State Representative (State Assembly, House of Delegates","ICPSR variable label; may be truncated",545,"Survey item or survey routing field",FALSE,"Original questionnaire route / module retained; system NA not interpreted as a substantive answer","System NA: routing, nonresponse or unavailable; labelled responses preserved",0,"Eligible",TRUE,TRUE,TRUE,"Eligible subject to training-only screening","Code retained; full wording/short label requires review",4975,"Original labelled categories or source type",NA,NA
"Q726","Q726","Q726","Q726: If we had more Latinos in elected office, America would be","ICPSR variable label; may be truncated",546,"Survey item or survey routing field",FALSE,"Original questionnaire route / module retained; system NA not interpreted as a substantive answer","System NA: routing, nonresponse or unavailable; labelled responses preserved",0,"Eligible",TRUE,TRUE,TRUE,"Eligible subject to training-only screening","Code retained; full wording/short label requires review",4975,"Original labelled categories or source type",NA,NA
"Q727_Q731R1","Q727_Q731R1","Q727_Q731R1","Q727_Q731r1: Have contact with people outside of your family who are","ICPSR variable label; may be truncated",546,"Survey item or survey routing field",FALSE,"Original questionnaire route / module retained; system NA not interpreted as a substantive answer","System NA: routing, nonresponse or unavailable; labelled responses preserved",0,"Eligible",TRUE,TRUE,TRUE,"Eligible subject to training-only screening","Code retained; full wording/short label requires review",17545,"Original labelled categories or source type",NA,NA
"Q727_Q731R2","Q727_Q731R2","Q727_Q731R2","Q727_Q731r2: Have contact with people outside of your family who are not","ICPSR variable label; may be truncated",547,"Survey item or survey routing field",FALSE,"Original questionnaire route / module retained; system NA not interpreted as a substantive answer","System NA: routing, nonresponse or unavailable; labelled responses preserved",0,"Eligible",TRUE,TRUE,TRUE,"Eligible subject to training-only screening","Code retained; full wording/short label requires review",17545,"Original labelled categories or source type",NA,NA
"Q727_Q731R3","Q727_Q731R3","Q727_Q731R3","Q727_Q731r3: Take children to school, activities, practices, lessons, etc. - Rig","ICPSR variable label; may be truncated",547,"Survey item or survey routing field",FALSE,"Original questionnaire route / module retained; system NA not interpreted as a substantive answer","System NA: routing, nonresponse or unavailable; labelled responses preserved",0,"Eligible",TRUE,TRUE,TRUE,"Eligible subject to training-only screening","Code retained; full wording/short label requires review",17545,"Original labelled categories or source type",NA,NA
"Q727_Q731R4","Q727_Q731R4","Q727_Q731R4","Q727_Q731r4: Work for pay outside of your home. - Right now, during an average w","ICPSR variable label; may be truncated",548,"Survey item or survey routing field",FALSE,"Original questionnaire route / module retained; system NA not interpreted as a substantive answer","System NA: routing, nonresponse or unavailable; labelled responses preserved",0,"Eligible",TRUE,TRUE,TRUE,"Eligible subject to training-only screening","Code retained; full wording/short label requires review",17545,"Original labelled categories or source type",NA,NA
"Q727_Q731R5","Q727_Q731R5","Q727_Q731R5","Q727_Q731r5: Act as the main caretaker for children, elders or others in your ho","ICPSR variable label; may be truncated",548,"Survey item or survey routing field",FALSE,"Original questionnaire route / module retained; system NA not interpreted as a substantive answer","System NA: routing, nonresponse or unavailable; labelled responses preserved",0,"Eligible",TRUE,TRUE,TRUE,"Eligible subject to training-only screening","Code retained; full wording/short label requires review",17545,"Original labelled categories or source type",NA,NA
"Q732_Q737R1","Q732_Q737R1","Q732_Q737R1","Q732_Q737r1: If Black people carried themselves better, White people would treat","ICPSR variable label; may be truncated",548,"Survey item or survey routing field",FALSE,"Original questionnaire route / module retained; system NA not interpreted as a substantive answer","System NA: routing, nonresponse or unavailable; labelled responses preserved",1845,"Eligible",TRUE,TRUE,TRUE,"Eligible subject to training-only screening","Code retained; full wording/short label requires review",5479,"Original labelled categories or source type",NA,NA
"Q732_Q737R2","Q732_Q737R2","Q732_Q737R2","Q732_Q737r2: Black people would face fewer problems if some members of the group","ICPSR variable label; may be truncated",549,"Survey item or survey routing field",FALSE,"Original questionnaire route / module retained; system NA not interpreted as a substantive answer","System NA: routing, nonresponse or unavailable; labelled responses preserved",1845,"Eligible",TRUE,TRUE,TRUE,"Eligible subject to training-only screening","Code retained; full wording/short label requires review",5479,"Original labelled categories or source type",NA,NA
"Q732_Q737R3","Q732_Q737R3","Q732_Q737R3","Q732_Q737r3: Black people would fare better in society if they behaved more like","ICPSR variable label; may be truncated",549,"Survey item or survey routing field",FALSE,"Original questionnaire route / module retained; system NA not interpreted as a substantive answer","System NA: routing, nonresponse or unavailable; labelled responses preserved",1845,"Eligible",TRUE,TRUE,TRUE,"Eligible subject to training-only screening","Code retained; full wording/short label requires review",5479,"Original labelled categories or source type",NA,NA
"Q732_Q737R4","Q732_Q737R4","Q732_Q737R4","Q732_Q737r4: It is important to me that other Black people behave in ways that c","ICPSR variable label; may be truncated",550,"Survey item or survey routing field",FALSE,"Original questionnaire route / module retained; system NA not interpreted as a substantive answer","System NA: routing, nonresponse or unavailable; labelled responses preserved",1845,"Eligible",TRUE,TRUE,TRUE,"Eligible subject to training-only screening","Code retained; full wording/short label requires review",5479,"Original labelled categories or source type",NA,NA
"Q732_Q737R5","Q732_Q737R5","Q732_Q737R5","Q732_Q737r5: It matters to me that other Black people behave appropriately in pu","ICPSR variable label; may be truncated",550,"Survey item or survey routing field",FALSE,"Original questionnaire route / module retained; system NA not interpreted as a substantive answer","System NA: routing, nonresponse or unavailable; labelled responses preserved",1845,"Eligible",TRUE,TRUE,TRUE,"Eligible subject to training-only screening","Code retained; full wording/short label requires review",5479,"Original labelled categories or source type",NA,NA
"Q732_Q737R6","Q732_Q737R6","Q732_Q737R6","Q732_Q737r6: It is important to me that other Black people carry themselves in w","ICPSR variable label; may be truncated",551,"Survey item or survey routing field",FALSE,"Original questionnaire route / module retained; system NA not interpreted as a substantive answer","System NA: routing, nonresponse or unavailable; labelled responses preserved",1845,"Eligible",TRUE,TRUE,TRUE,"Eligible subject to training-only screening","Code retained; full wording/short label requires review",5479,"Original labelled categories or source type",NA,NA
"Q738_Q740R1","Q738_Q740R1","Q738_Q740R1","Q738_Q740r1: When people see a Black person behave inappropriately, they make ne","ICPSR variable label; may be truncated",551,"Survey item or survey routing field",FALSE,"Original questionnaire route / module retained; system NA not interpreted as a substantive answer","System NA: routing, nonresponse or unavailable; labelled responses preserved",1845,"Eligible",TRUE,TRUE,TRUE,"Eligible subject to training-only screening","Code retained; full wording/short label requires review",5479,"Original labelled categories or source type",NA,NA
"Q738_Q740R2","Q738_Q740R2","Q738_Q740R2","Q738_Q740r2: Society tries to punish all Black people for what one Black person","ICPSR variable label; may be truncated",552,"Survey item or survey routing field",FALSE,"Original questionnaire route / module retained; system NA not interpreted as a substantive answer","System NA: routing, nonresponse or unavailable; labelled responses preserved",1845,"Eligible",TRUE,TRUE,TRUE,"Eligible subject to training-only screening","Code retained; full wording/short label requires review",5479,"Original labelled categories or source type",NA,NA
"Q738_Q740R3","Q738_Q740R3","Q738_Q740R3","Q738_Q740r3: People draw conclusions about Black people as a group, based on the","ICPSR variable label; may be truncated",552,"Survey item or survey routing field",FALSE,"Original questionnaire route / module retained; system NA not interpreted as a substantive answer","System NA: routing, nonresponse or unavailable; labelled responses preserved",1845,"Eligible",TRUE,TRUE,TRUE,"Eligible subject to training-only screening","Code retained; full wording/short label requires review",5479,"Original labelled categories or source type",NA,NA
"Q741","Q741","Q741","Q741: Are you currently","ICPSR variable label; may be truncated",553,"Survey item or survey routing field",FALSE,"Original questionnaire route / module retained; system NA not interpreted as a substantive answer","System NA: routing, nonresponse or unavailable; labelled responses preserved",0,"Eligible",TRUE,TRUE,TRUE,"Eligible subject to training-only screening","Code retained; full wording/short label requires review",17545,"Original labelled categories or source type",NA,NA
"Q742","Q742","Q742","Q742: In what year were you first married?","ICPSR variable label; may be truncated",553,"Survey item or survey routing field",FALSE,"Ever married; Original questionnaire route / module retained; system NA not interpreted as a substantive answer","System NA: routing, nonresponse or unavailable; labelled responses preserved",762,"Eligible",TRUE,TRUE,TRUE,"Eligible subject to training-only screening","Code retained; full wording/short label requires review",9545,"Continuous quantity / allocation",NA,NA
"Q743","Q743","Spouse's party identification","Q743: Generally speaking, does your spouse or partner think of themselves as a R","ICPSR variable label; may be truncated",555,"Survey item or survey routing field",FALSE,"Original questionnaire route / module retained; system NA not interpreted as a substantive answer","System NA: routing, nonresponse or unavailable; labelled responses preserved",722,"Eligible",TRUE,TRUE,FALSE,"Direct partisan or party-selected identity; withheld in Model 3","Verified short label; original source construct retained",10247,"Original labelled categories or source type",743,114
"Q744","Q744","Q744","Q744: Would your spouse or partner call themselves a strong [pipe: Q743], or not","ICPSR variable label; may be truncated",555,"Survey item or survey routing field",FALSE,"Spouse identified as Republican or Democrat at Q743; Condition joined: Q743","System NA: routing, nonresponse or unavailable; labelled responses preserved",1068,"Eligible",TRUE,TRUE,FALSE,"Direct partisan or party-selected identity; withheld in Model 3","Code retained; full wording/short label requires review",6897,"Original labelled categories or source type",NA,NA
"Q745","Q745","Q745","Q745: Does your spouse or partner think of themselves as closer to the Democrati","ICPSR variable label; may be truncated",556,"Survey item or survey routing field",FALSE,"Spouse not major-party identifier at Q743; Original questionnaire route / module retained; system NA not interpreted as a substantive answer","System NA: routing, nonresponse or unavailable; labelled responses preserved",1736,"Eligible",TRUE,TRUE,FALSE,"Direct partisan or party-selected identity; withheld in Model 3","Code retained; full wording/short label requires review",3350,"Original labelled categories or source type",NA,NA
"Q746A","Q746A","Q746A","Q746a: What was the race or ethnicity of your spouse or partner?","ICPSR variable label; may be truncated",556,"Survey item or survey routing field",FALSE,"Original questionnaire route / module retained; system NA not interpreted as a substantive answer","System NA: routing, nonresponse or unavailable; labelled responses preserved",1851,"Eligible",TRUE,TRUE,TRUE,"Eligible subject to training-only screening","Code retained; full wording/short label requires review",1811,"Original labelled categories or source type",NA,NA
"Q746B","Q746B","Q746B","Q746b: What is the race or ethnicity of your spouse or partner?","ICPSR variable label; may be truncated",557,"Survey item or survey routing field",FALSE,"Original questionnaire route / module retained; system NA not interpreted as a substantive answer","System NA: routing, nonresponse or unavailable; labelled responses preserved",722,"Eligible",TRUE,TRUE,TRUE,"Eligible subject to training-only screening","Code retained; full wording/short label requires review",10247,"Original labelled categories or source type",NA,NA
"Q747","Q747","Q747","Q747: Where was your spouse or partner born?","ICPSR variable label; may be truncated",557,"Survey item or survey routing field",FALSE,"Original questionnaire route / module retained; system NA not interpreted as a substantive answer","System NA: routing, nonresponse or unavailable; labelled responses preserved",491,"Eligible",TRUE,TRUE,TRUE,"Eligible subject to training-only screening","Code retained; full wording/short label requires review",12058,"Original labelled categories or source type",NA,NA
"Q748","Q748","Q748","Q748: Do you currently have children under the age of 18 living in your househol","ICPSR variable label; may be truncated",558,"Survey item or survey routing field",FALSE,"Original questionnaire route / module retained; system NA not interpreted as a substantive answer","System NA: routing, nonresponse or unavailable; labelled responses preserved",0,"Eligible",TRUE,TRUE,TRUE,"Eligible subject to training-only screening","Code retained; full wording/short label requires review",17545,"Original labelled categories or source type",NA,NA
"Q749","Q749","Q749","Q749: Do you currently have any adult children 18 or older living in your househ","ICPSR variable label; may be truncated",558,"Survey item or survey routing field",FALSE,"Original questionnaire route / module retained; system NA not interpreted as a substantive answer","System NA: routing, nonresponse or unavailable; labelled responses preserved",0,"Eligible",TRUE,TRUE,TRUE,"Eligible subject to training-only screening","Code retained; full wording/short label requires review",17545,"Original labelled categories or source type",NA,NA
"Q750R1","Q750","Q750R1","Q750r1: No, no other adult family member - Do you currently have any other adult","ICPSR variable label; may be truncated",558,"Survey item or survey routing field",FALSE,"Original questionnaire route / module retained; system NA not interpreted as a substantive answer","System NA: routing, nonresponse or unavailable; labelled responses preserved",0,"Eligible",TRUE,TRUE,TRUE,"Eligible subject to training-only screening","Code retained; full wording/short label requires review",17545,"Original labelled categories or source type",NA,NA
"Q750R2","Q750","Q750R2","Q750r2: My own mother or father - Do you currently have any other adult family m","ICPSR variable label; may be truncated",559,"Survey item or survey routing field",FALSE,"Original questionnaire route / module retained; system NA not interpreted as a substantive answer","System NA: routing, nonresponse or unavailable; labelled responses preserved",0,"Eligible",TRUE,TRUE,TRUE,"Eligible subject to training-only screening","Code retained; full wording/short label requires review",17545,"Original labelled categories or source type",NA,NA
"Q750R3","Q750","Q750R3","Q750r3: My spouse","ICPSR variable label; may be truncated",559,"Survey item or survey routing field",FALSE,"Original questionnaire route / module retained; system NA not interpreted as a substantive answer","System NA: routing, nonresponse or unavailable; labelled responses preserved",0,"Eligible",TRUE,TRUE,TRUE,"Eligible subject to training-only screening","Code retained; full wording/short label requires review",17545,"Original labelled categories or source type",NA,NA
"Q750R4","Q750","Q750R4","Q750r4: An aunt, uncle or cousin - Do you currently have any other adult family","ICPSR variable label; may be truncated",559,"Survey item or survey routing field",FALSE,"Original questionnaire route / module retained; system NA not interpreted as a substantive answer","System NA: routing, nonresponse or unavailable; labelled responses preserved",0,"Eligible",TRUE,TRUE,TRUE,"Eligible subject to training-only screening","Code retained; full wording/short label requires review",17545,"Original labelled categories or source type",NA,NA
"Q750R5","Q750","Q750R5","Q750r5: My own grandparent - Do you currently have any other adult family member","ICPSR variable label; may be truncated",560,"Survey item or survey routing field",FALSE,"Original questionnaire route / module retained; system NA not interpreted as a substantive answer","System NA: routing, nonresponse or unavailable; labelled responses preserved",0,"Eligible",TRUE,TRUE,TRUE,"Eligible subject to training-only screening","Code retained; full wording/short label requires review",17545,"Original labelled categories or source type",NA,NA
"Q750R6","Q750","Q750R6","Q750r6: My spouse","ICPSR variable label; may be truncated",560,"Survey item or survey routing field",FALSE,"Original questionnaire route / module retained; system NA not interpreted as a substantive answer","System NA: routing, nonresponse or unavailable; labelled responses preserved",0,"Eligible",TRUE,TRUE,TRUE,"Eligible subject to training-only screening","Code retained; full wording/short label requires review",17545,"Original labelled categories or source type",NA,NA
"Q750R7","Q750","Q750R7","Q750r7: Another adult family member lives here - Do you currently have any other","ICPSR variable label; may be truncated",560,"Survey item or survey routing field",FALSE,"Original questionnaire route / module retained; system NA not interpreted as a substantive answer","System NA: routing, nonresponse or unavailable; labelled responses preserved",0,"Eligible",TRUE,TRUE,TRUE,"Eligible subject to training-only screening","Code retained; full wording/short label requires review",17545,"Original labelled categories or source type",NA,NA
"Q751R1","Q751","Q751R1","Q751r1: Yes, I have had coronavirus - Have you or a family member or friend cont","ICPSR variable label; may be truncated",560,"Survey item or survey routing field",FALSE,"Original questionnaire route / module retained; system NA not interpreted as a substantive answer","System NA: routing, nonresponse or unavailable; labelled responses preserved",0,"Eligible",TRUE,TRUE,TRUE,"Eligible subject to training-only screening","Code retained; full wording/short label requires review",17545,"Original labelled categories or source type",NA,NA
"Q751R2","Q751","Q751R2","Q751r2: Yes, someone in my household has had coronavirus - Have you or a family","ICPSR variable label; may be truncated",561,"Survey item or survey routing field",FALSE,"Original questionnaire route / module retained; system NA not interpreted as a substantive answer","System NA: routing, nonresponse or unavailable; labelled responses preserved",0,"Eligible",TRUE,TRUE,TRUE,"Eligible subject to training-only screening","Code retained; full wording/short label requires review",17545,"Original labelled categories or source type",NA,NA
"Q751R3","Q751","Q751R3","Q751r3: Yes, family outside of my household has had coronavirus - Have you or a","ICPSR variable label; may be truncated",561,"Survey item or survey routing field",FALSE,"Original questionnaire route / module retained; system NA not interpreted as a substantive answer","System NA: routing, nonresponse or unavailable; labelled responses preserved",0,"Eligible",TRUE,TRUE,TRUE,"Eligible subject to training-only screening","Code retained; full wording/short label requires review",17545,"Original labelled categories or source type",NA,NA
"Q751R4","Q751","Q751R4","Q751r4: Yes, someone else I know has had coronavirus - Have you or a family memb","ICPSR variable label; may be truncated",561,"Survey item or survey routing field",FALSE,"Original questionnaire route / module retained; system NA not interpreted as a substantive answer","System NA: routing, nonresponse or unavailable; labelled responses preserved",0,"Eligible",TRUE,TRUE,TRUE,"Eligible subject to training-only screening","Code retained; full wording/short label requires review",17545,"Original labelled categories or source type",NA,NA
"Q751R5","Q751","Q751R5","Q751r5: No, nobody I know has had the virus - Have you or a family member or fri","ICPSR variable label; may be truncated",562,"Survey item or survey routing field",FALSE,"Original questionnaire route / module retained; system NA not interpreted as a substantive answer","System NA: routing, nonresponse or unavailable; labelled responses preserved",0,"Eligible",TRUE,TRUE,TRUE,"Eligible subject to training-only screening","Code retained; full wording/short label requires review",17545,"Original labelled categories or source type",NA,NA
"Q752","Q752","Q752","Q752: How would you describe your symptoms?","ICPSR variable label; may be truncated",562,"Survey item or survey routing field",FALSE,"Original questionnaire route / module retained; system NA not interpreted as a substantive answer","System NA: routing, nonresponse or unavailable; labelled responses preserved",1829,"Eligible",TRUE,TRUE,TRUE,"Eligible subject to training-only screening","Code retained; full wording/short label requires review",1803,"Original labelled categories or source type",NA,NA
"Q753","Q753","Q753","Q753: How would you describe that person","ICPSR variable label; may be truncated",562,"Survey item or survey routing field",FALSE,"Original questionnaire route / module retained; system NA not interpreted as a substantive answer","System NA: routing, nonresponse or unavailable; labelled responses preserved",978,"Eligible",TRUE,TRUE,TRUE,"Eligible subject to training-only screening","Code retained; full wording/short label requires review",8373,"Original labelled categories or source type",NA,NA
"Q754_Q762R1C1","Q754_Q762R1","Q754_Q762R1C1","Q754_Q762r1c1: Yes, me - Lost job - For each of the following, please indicate w","ICPSR variable label; may be truncated",563,"Survey item or survey routing field",FALSE,"Original questionnaire route / module retained; system NA not interpreted as a substantive answer","System NA: routing, nonresponse or unavailable; labelled responses preserved",0,"Eligible",TRUE,TRUE,TRUE,"Eligible subject to training-only screening","Code retained; full wording/short label requires review",17545,"Original labelled categories or source type",NA,NA
"Q754_Q762R1C2","Q754_Q762R1","Q754_Q762R1C2","Q754_Q762r1c2: Yes, someone else in my household - Lost job - For each of the fo","ICPSR variable label; may be truncated",563,"Survey item or survey routing field",FALSE,"Original questionnaire route / module retained; system NA not interpreted as a substantive answer","System NA: routing, nonresponse or unavailable; labelled responses preserved",0,"Eligible",TRUE,TRUE,TRUE,"Eligible subject to training-only screening","Code retained; full wording/short label requires review",17545,"Original labelled categories or source type",NA,NA
"Q754_Q762R1C3","Q754_Q762R1","Q754_Q762R1C3","Q754_Q762r1c3: No, nobody in my household - Lost job - For each of the following","ICPSR variable label; may be truncated",564,"Survey item or survey routing field",FALSE,"Original questionnaire route / module retained; system NA not interpreted as a substantive answer","System NA: routing, nonresponse or unavailable; labelled responses preserved",0,"Eligible",TRUE,TRUE,TRUE,"Eligible subject to training-only screening","Code retained; full wording/short label requires review",17545,"Original labelled categories or source type",NA,NA
"Q754_Q762R2C1","Q754_Q762R2","Q754_Q762R2C1","Q754_Q762r2c1: Yes, me - Had work hours cut, or pay cut, but kept job - For each","ICPSR variable label; may be truncated",564,"Survey item or survey routing field",FALSE,"Original questionnaire route / module retained; system NA not interpreted as a substantive answer","System NA: routing, nonresponse or unavailable; labelled responses preserved",0,"Eligible",TRUE,TRUE,TRUE,"Eligible subject to training-only screening","Code retained; full wording/short label requires review",17545,"Original labelled categories or source type",NA,NA
"Q754_Q762R2C2","Q754_Q762R2","Q754_Q762R2C2","Q754_Q762r2c2: Yes, someone else in my household - Had work hours cut, or pay cu","ICPSR variable label; may be truncated",564,"Survey item or survey routing field",FALSE,"Original questionnaire route / module retained; system NA not interpreted as a substantive answer","System NA: routing, nonresponse or unavailable; labelled responses preserved",0,"Eligible",TRUE,TRUE,TRUE,"Eligible subject to training-only screening","Code retained; full wording/short label requires review",17545,"Original labelled categories or source type",NA,NA
"Q754_Q762R2C3","Q754_Q762R2","Q754_Q762R2C3","Q754_Q762r2c3: No, nobody in my household - Had work hours cut, or pay cut, but","ICPSR variable label; may be truncated",565,"Survey item or survey routing field",FALSE,"Original questionnaire route / module retained; system NA not interpreted as a substantive answer","System NA: routing, nonresponse or unavailable; labelled responses preserved",0,"Eligible",TRUE,TRUE,TRUE,"Eligible subject to training-only screening","Code retained; full wording/short label requires review",17545,"Original labelled categories or source type",NA,NA
"Q754_Q762R3C1","Q754_Q762R3","Q754_Q762R3C1","Q754_Q762r3c1: Yes, me - Had to temporarily or permanently close my business or","ICPSR variable label; may be truncated",565,"Survey item or survey routing field",FALSE,"Original questionnaire route / module retained; system NA not interpreted as a substantive answer","System NA: routing, nonresponse or unavailable; labelled responses preserved",0,"Eligible",TRUE,TRUE,TRUE,"Eligible subject to training-only screening","Code retained; full wording/short label requires review",17545,"Original labelled categories or source type",NA,NA
"Q754_Q762R3C2","Q754_Q762R3","Q754_Q762R3C2","Q754_Q762r3c2: Yes, someone else in my household - Had to temporarily or permane","ICPSR variable label; may be truncated",565,"Survey item or survey routing field",FALSE,"Original questionnaire route / module retained; system NA not interpreted as a substantive answer","System NA: routing, nonresponse or unavailable; labelled responses preserved",0,"Eligible",TRUE,TRUE,TRUE,"Eligible subject to training-only screening","Code retained; full wording/short label requires review",17545,"Original labelled categories or source type",NA,NA
"Q754_Q762R3C3","Q754_Q762R3","Q754_Q762R3C3","Q754_Q762r3c3: No, nobody in my household - Had to temporarily or permanently cl","ICPSR variable label; may be truncated",566,"Survey item or survey routing field",FALSE,"Original questionnaire route / module retained; system NA not interpreted as a substantive answer","System NA: routing, nonresponse or unavailable; labelled responses preserved",0,"Eligible",TRUE,TRUE,TRUE,"Eligible subject to training-only screening","Code retained; full wording/short label requires review",17545,"Original labelled categories or source type",NA,NA
"Q754_Q762R4C1","Q754_Q762R4","Q754_Q762R4C1","Q754_Q762r4c1: Yes, me - Currently unemployed and looking for work - For each of","ICPSR variable label; may be truncated",566,"Survey item or survey routing field",FALSE,"Original questionnaire route / module retained; system NA not interpreted as a substantive answer","System NA: routing, nonresponse or unavailable; labelled responses preserved",0,"Eligible",TRUE,TRUE,TRUE,"Eligible subject to training-only screening","Code retained; full wording/short label requires review",17545,"Original labelled categories or source type",NA,NA
"Q754_Q762R4C2","Q754_Q762R4","Q754_Q762R4C2","Q754_Q762r4c2: Yes, someone else in my household - Currently unemployed and look","ICPSR variable label; may be truncated",566,"Survey item or survey routing field",FALSE,"Original questionnaire route / module retained; system NA not interpreted as a substantive answer","System NA: routing, nonresponse or unavailable; labelled responses preserved",0,"Eligible",TRUE,TRUE,TRUE,"Eligible subject to training-only screening","Code retained; full wording/short label requires review",17545,"Original labelled categories or source type",NA,NA
"Q754_Q762R4C3","Q754_Q762R4","Q754_Q762R4C3","Q754_Q762r4c3: No, nobody in my household - Currently unemployed and looking for","ICPSR variable label; may be truncated",567,"Survey item or survey routing field",FALSE,"Original questionnaire route / module retained; system NA not interpreted as a substantive answer","System NA: routing, nonresponse or unavailable; labelled responses preserved",0,"Eligible",TRUE,TRUE,TRUE,"Eligible subject to training-only screening","Code retained; full wording/short label requires review",17545,"Original labelled categories or source type",NA,NA
"Q754_Q762R5C1","Q754_Q762R5","Q754_Q762R5C1","Q754_Q762r5c1: Yes, me - Lost access to health insurance - For each of the follo","ICPSR variable label; may be truncated",567,"Survey item or survey routing field",FALSE,"Original questionnaire route / module retained; system NA not interpreted as a substantive answer","System NA: routing, nonresponse or unavailable; labelled responses preserved",0,"Eligible",TRUE,TRUE,TRUE,"Eligible subject to training-only screening","Code retained; full wording/short label requires review",17545,"Original labelled categories or source type",NA,NA
"Q754_Q762R5C2","Q754_Q762R5","Q754_Q762R5C2","Q754_Q762r5c2: Yes, someone else in my household - Lost access to health insuran","ICPSR variable label; may be truncated",567,"Survey item or survey routing field",FALSE,"Original questionnaire route / module retained; system NA not interpreted as a substantive answer","System NA: routing, nonresponse or unavailable; labelled responses preserved",0,"Eligible",TRUE,TRUE,TRUE,"Eligible subject to training-only screening","Code retained; full wording/short label requires review",17545,"Original labelled categories or source type",NA,NA
"Q754_Q762R5C3","Q754_Q762R5","Q754_Q762R5C3","Q754_Q762r5c3: No, nobody in my household - Lost access to health insurance - Fo","ICPSR variable label; may be truncated",568,"Survey item or survey routing field",FALSE,"Original questionnaire route / module retained; system NA not interpreted as a substantive answer","System NA: routing, nonresponse or unavailable; labelled responses preserved",0,"Eligible",TRUE,TRUE,TRUE,"Eligible subject to training-only screening","Code retained; full wording/short label requires review",17545,"Original labelled categories or source type",NA,NA
"Q754_Q762R6C1","Q754_Q762R6","Q754_Q762R6C1","Q754_Q762r6c1: Yes, me - Was not able to pay monthly rent or mortgage - For each","ICPSR variable label; may be truncated",568,"Survey item or survey routing field",FALSE,"Original questionnaire route / module retained; system NA not interpreted as a substantive answer","System NA: routing, nonresponse or unavailable; labelled responses preserved",0,"Eligible",TRUE,TRUE,TRUE,"Eligible subject to training-only screening","Code retained; full wording/short label requires review",17545,"Original labelled categories or source type",NA,NA
"Q754_Q762R6C2","Q754_Q762R6","Q754_Q762R6C2","Q754_Q762r6c2: Yes, someone else in my household - Was not able to pay monthly r","ICPSR variable label; may be truncated",568,"Survey item or survey routing field",FALSE,"Original questionnaire route / module retained; system NA not interpreted as a substantive answer","System NA: routing, nonresponse or unavailable; labelled responses preserved",0,"Eligible",TRUE,TRUE,TRUE,"Eligible subject to training-only screening","Code retained; full wording/short label requires review",17545,"Original labelled categories or source type",NA,NA
"Q754_Q762R6C3","Q754_Q762R6","Q754_Q762R6C3","Q754_Q762r6c3: No, nobody in my household - Was not able to pay monthly rent or","ICPSR variable label; may be truncated",569,"Survey item or survey routing field",FALSE,"Original questionnaire route / module retained; system NA not interpreted as a substantive answer","System NA: routing, nonresponse or unavailable; labelled responses preserved",0,"Eligible",TRUE,TRUE,TRUE,"Eligible subject to training-only screening","Code retained; full wording/short label requires review",17545,"Original labelled categories or source type",NA,NA
"Q754_Q762R7C1","Q754_Q762R7","Q754_Q762R7C1","Q754_Q762r7c1: Yes, me - Had to borrow money from a friend or family - For each","ICPSR variable label; may be truncated",569,"Survey item or survey routing field",FALSE,"Original questionnaire route / module retained; system NA not interpreted as a substantive answer","System NA: routing, nonresponse or unavailable; labelled responses preserved",0,"Eligible",TRUE,TRUE,TRUE,"Eligible subject to training-only screening","Code retained; full wording/short label requires review",17545,"Original labelled categories or source type",NA,NA
"Q754_Q762R7C2","Q754_Q762R7","Q754_Q762R7C2","Q754_Q762r7c2: Yes, someone else in my household - Had to borrow money from a fr","ICPSR variable label; may be truncated",569,"Survey item or survey routing field",FALSE,"Original questionnaire route / module retained; system NA not interpreted as a substantive answer","System NA: routing, nonresponse or unavailable; labelled responses preserved",0,"Eligible",TRUE,TRUE,TRUE,"Eligible subject to training-only screening","Code retained; full wording/short label requires review",17545,"Original labelled categories or source type",NA,NA
"Q754_Q762R7C3","Q754_Q762R7","Q754_Q762R7C3","Q754_Q762r7c3: No, nobody in my household - Had to borrow money from a friend or","ICPSR variable label; may be truncated",570,"Survey item or survey routing field",FALSE,"Original questionnaire route / module retained; system NA not interpreted as a substantive answer","System NA: routing, nonresponse or unavailable; labelled responses preserved",0,"Eligible",TRUE,TRUE,TRUE,"Eligible subject to training-only screening","Code retained; full wording/short label requires review",17545,"Original labelled categories or source type",NA,NA
"Q754_Q762R8C1","Q754_Q762R8","Q754_Q762R8C1","Q754_Q762r8c1: Yes, me - Used a foodbank or charity to get access to groceries a","ICPSR variable label; may be truncated",570,"Survey item or survey routing field",FALSE,"Original questionnaire route / module retained; system NA not interpreted as a substantive answer","System NA: routing, nonresponse or unavailable; labelled responses preserved",0,"Eligible",TRUE,TRUE,TRUE,"Eligible subject to training-only screening","Code retained; full wording/short label requires review",17545,"Original labelled categories or source type",NA,NA
"Q754_Q762R8C2","Q754_Q762R8","Q754_Q762R8C2","Q754_Q762r8c2: Yes, someone else in my household - Used a foodbank or charity to","ICPSR variable label; may be truncated",570,"Survey item or survey routing field",FALSE,"Original questionnaire route / module retained; system NA not interpreted as a substantive answer","System NA: routing, nonresponse or unavailable; labelled responses preserved",0,"Eligible",TRUE,TRUE,TRUE,"Eligible subject to training-only screening","Code retained; full wording/short label requires review",17545,"Original labelled categories or source type",NA,NA
"Q754_Q762R8C3","Q754_Q762R8","Q754_Q762R8C3","Q754_Q762r8c3: No, nobody in my household - Used a foodbank or charity to get ac","ICPSR variable label; may be truncated",571,"Survey item or survey routing field",FALSE,"Original questionnaire route / module retained; system NA not interpreted as a substantive answer","System NA: routing, nonresponse or unavailable; labelled responses preserved",0,"Eligible",TRUE,TRUE,TRUE,"Eligible subject to training-only screening","Code retained; full wording/short label requires review",17545,"Original labelled categories or source type",NA,NA
"Q754_Q762R9C1","Q754_Q762R9","Q754_Q762R9C1","Q754_Q762r9c1: Yes, me - Had to spend money buying additional computers, technol","ICPSR variable label; may be truncated",571,"Survey item or survey routing field",FALSE,"Original questionnaire route / module retained; system NA not interpreted as a substantive answer","System NA: routing, nonresponse or unavailable; labelled responses preserved",0,"Eligible",TRUE,TRUE,TRUE,"Eligible subject to training-only screening","Code retained; full wording/short label requires review",17545,"Original labelled categories or source type",NA,NA
"Q754_Q762R9C2","Q754_Q762R9","Q754_Q762R9C2","Q754_Q762r9c2: Yes, someone else in my household - Had to spend money buying add","ICPSR variable label; may be truncated",571,"Survey item or survey routing field",FALSE,"Original questionnaire route / module retained; system NA not interpreted as a substantive answer","System NA: routing, nonresponse or unavailable; labelled responses preserved",0,"Eligible",TRUE,TRUE,TRUE,"Eligible subject to training-only screening","Code retained; full wording/short label requires review",17545,"Original labelled categories or source type",NA,NA
"Q754_Q762R9C3","Q754_Q762R9","Q754_Q762R9C3","Q754_Q762r9c3: No, nobody in my household - Had to spend money buying additional","ICPSR variable label; may be truncated",572,"Survey item or survey routing field",FALSE,"Original questionnaire route / module retained; system NA not interpreted as a substantive answer","System NA: routing, nonresponse or unavailable; labelled responses preserved",0,"Eligible",TRUE,TRUE,TRUE,"Eligible subject to training-only screening","Code retained; full wording/short label requires review",17545,"Original labelled categories or source type",NA,NA
"Q763_Q766R1","Q763_Q766R1","Q763_Q766R1","Q763_Q766r1: Did not have enough computers or tablets for everyone to use - Thin","ICPSR variable label; may be truncated",572,"Survey item or survey routing field",FALSE,"Original questionnaire route / module retained; system NA not interpreted as a substantive answer","System NA: routing, nonresponse or unavailable; labelled responses preserved",1427,"Eligible",TRUE,TRUE,TRUE,"Eligible subject to training-only screening","Code retained; full wording/short label requires review",5536,"Original labelled categories or source type",NA,NA
"Q763_Q766R2","Q763_Q766R2","Q763_Q766R2","Q763_Q766r2: My kids had trouble connecting to the internet for their online sch","ICPSR variable label; may be truncated",572,"Survey item or survey routing field",FALSE,"Original questionnaire route / module retained; system NA not interpreted as a substantive answer","System NA: routing, nonresponse or unavailable; labelled responses preserved",1427,"Eligible",TRUE,TRUE,TRUE,"Eligible subject to training-only screening","Code retained; full wording/short label requires review",5536,"Original labelled categories or source type",NA,NA
"Q763_Q766R3","Q763_Q766R3","Q763_Q766R3","Q763_Q766r3: I did not feel prepared to help with my kids school assignments - T","ICPSR variable label; may be truncated",573,"Survey item or survey routing field",FALSE,"Original questionnaire route / module retained; system NA not interpreted as a substantive answer","System NA: routing, nonresponse or unavailable; labelled responses preserved",1427,"Eligible",TRUE,TRUE,TRUE,"Eligible subject to training-only screening","Code retained; full wording/short label requires review",5536,"Original labelled categories or source type",NA,NA
"Q763_Q766R4","Q763_Q766R4","Q763_Q766R4","Q763_Q766r4: My kids had increased stress and emotional problems - Thinking spec","ICPSR variable label; may be truncated",573,"Survey item or survey routing field",FALSE,"Original questionnaire route / module retained; system NA not interpreted as a substantive answer","System NA: routing, nonresponse or unavailable; labelled responses preserved",1427,"Eligible",TRUE,TRUE,TRUE,"Eligible subject to training-only screening","Code retained; full wording/short label requires review",5536,"Original labelled categories or source type",NA,NA
"Q767_Q771R1","Q767_Q771R1","Q767_Q771R1","Q767_Q771r1: Sent money to family or friends in your home country - Thinking abo","ICPSR variable label; may be truncated",573,"Survey item or survey routing field",FALSE,"Original questionnaire route / module retained; system NA not interpreted as a substantive answer","System NA: routing, nonresponse or unavailable; labelled responses preserved",1607,"Eligible",TRUE,TRUE,TRUE,"Eligible subject to training-only screening","Code retained; full wording/short label requires review",4248,"Original labelled categories or source type",NA,NA
"Q767_Q771R2","Q767_Q771R2","Q767_Q771R2","Q767_Q771r2: Voted in an election in your home country - Thinking about the coun","ICPSR variable label; may be truncated",574,"Survey item or survey routing field",FALSE,"Original questionnaire route / module retained; system NA not interpreted as a substantive answer","System NA: routing, nonresponse or unavailable; labelled responses preserved",1607,"Eligible",TRUE,TRUE,TRUE,"Eligible subject to training-only screening","Code retained; full wording/short label requires review",4248,"Original labelled categories or source type",NA,NA
"Q767_Q771R3","Q767_Q771R3","Q767_Q771R3","Q767_Q771r3: Donated to a political cause in your home country - Thinking about","ICPSR variable label; may be truncated",574,"Survey item or survey routing field",FALSE,"Original questionnaire route / module retained; system NA not interpreted as a substantive answer","System NA: routing, nonresponse or unavailable; labelled responses preserved",1607,"Eligible",TRUE,TRUE,TRUE,"Eligible subject to training-only screening","Code retained; full wording/short label requires review",4248,"Original labelled categories or source type",NA,NA
"Q767_Q771R4","Q767_Q771R4","Q767_Q771R4","Q767_Q771r4: Donated to a charitable cause in your home country - Thinking about","ICPSR variable label; may be truncated",575,"Survey item or survey routing field",FALSE,"Original questionnaire route / module retained; system NA not interpreted as a substantive answer","System NA: routing, nonresponse or unavailable; labelled responses preserved",1607,"Eligible",TRUE,TRUE,TRUE,"Eligible subject to training-only screening","Code retained; full wording/short label requires review",4248,"Original labelled categories or source type",NA,NA
"Q767_Q771R5","Q767_Q771R5","Q767_Q771R5","Q767_Q771r5: Volunteered for a cause in your home country - Thinking about the c","ICPSR variable label; may be truncated",575,"Survey item or survey routing field",FALSE,"Original questionnaire route / module retained; system NA not interpreted as a substantive answer","System NA: routing, nonresponse or unavailable; labelled responses preserved",1607,"Eligible",TRUE,TRUE,TRUE,"Eligible subject to training-only screening","Code retained; full wording/short label requires review",4248,"Original labelled categories or source type",NA,NA
"Q772","Q772","Q772","Q772: What is the name of the current city you reside in here in [pipe: S4]?","ICPSR variable label; may be truncated",575,"Survey item or survey routing field",FALSE,"Original questionnaire route / module retained; system NA not interpreted as a substantive answer","Disclosure masked",0,"ICPSR disclosure-masked field",FALSE,FALSE,FALSE,"ICPSR disclosure-masked field","Code retained; full wording/short label requires review",17545,"Original labelled categories or source type",NA,NA
"Q773","Q773","Q773","Q773: How long have you lived in your current city or town?","ICPSR variable label; may be truncated",575,"Survey item or survey routing field",FALSE,"Original questionnaire route / module retained; system NA not interpreted as a substantive answer","System NA: routing, nonresponse or unavailable; labelled responses preserved",0,"Eligible",TRUE,TRUE,TRUE,"Eligible subject to training-only screening","Code retained; full wording/short label requires review",17544,"Original labelled categories or source type",NA,NA
"VQ773","VQ773","VQ773","vQ773: How long have you lived in your current city or town?","ICPSR variable label; may be truncated",577,"Survey item or survey routing field",FALSE,"Original questionnaire route / module retained; system NA not interpreted as a substantive answer","System NA: routing, nonresponse or unavailable; labelled responses preserved",0,"Eligible",TRUE,TRUE,TRUE,"Eligible subject to training-only screening","Code retained; full wording/short label requires review",17544,"Original labelled categories or source type",NA,NA
"Q774","Q774","Q774","Q774: And how long have you have been living at your current address?","ICPSR variable label; may be truncated",579,"Survey item or survey routing field",FALSE,"Original questionnaire route / module retained; system NA not interpreted as a substantive answer","System NA: routing, nonresponse or unavailable; labelled responses preserved",89,"Eligible",TRUE,TRUE,TRUE,"Eligible subject to training-only screening","Code retained; full wording/short label requires review",16291,"Original labelled categories or source type",NA,NA
"NOANSWERQ774_R1","NOANSWERQ774_R1","NOANSWERQ774_R1","noanswerQ774_r1: And how long have you have been living at your current address?","ICPSR variable label; may be truncated",580,"Administration / derived field",FALSE,"Original questionnaire route / module retained; system NA not interpreted as a substantive answer","System NA: routing, nonresponse or unavailable; labelled responses preserved",0,"Routing/experiment metadata; joined to response where required",FALSE,FALSE,FALSE,"Routing/experiment metadata; joined to response where required","Code retained; full wording/short label requires review",17545,"Original labelled categories or source type",NA,NA
"VQ774","VQ774","VQ774","vQ774: And how long have you have been living at your current address?","ICPSR variable label; may be truncated",581,"Survey item or survey routing field",FALSE,"Original questionnaire route / module retained; system NA not interpreted as a substantive answer","System NA: routing, nonresponse or unavailable; labelled responses preserved",89,"Eligible",TRUE,TRUE,TRUE,"Eligible subject to training-only screening","Code retained; full wording/short label requires review",16291,"Original labelled categories or source type",NA,NA
"NOANSWERVQ774_R1","NOANSWERVQ774_R1","NOANSWERVQ774_R1","noanswervQ774_r1: And how long have you have been living at your current address","ICPSR variable label; may be truncated",582,"Administration / derived field",FALSE,"Original questionnaire route / module retained; system NA not interpreted as a substantive answer","System NA: routing, nonresponse or unavailable; labelled responses preserved",2082,"Routing/experiment metadata; joined to response where required",FALSE,FALSE,FALSE,"Routing/experiment metadata; joined to response where required","Code retained; full wording/short label requires review",0,"Original labelled categories or source type",NA,NA
"Q775","Q775","Q775","Q775: Have you ever lived somewhere else besides this current city?","ICPSR variable label; may be truncated",583,"Survey item or survey routing field",FALSE,"Original questionnaire route / module retained; system NA not interpreted as a substantive answer","System NA: routing, nonresponse or unavailable; labelled responses preserved",0,"Eligible",TRUE,TRUE,TRUE,"Eligible subject to training-only screening","Code retained; full wording/short label requires review",17545,"Original labelled categories or source type",NA,NA
"Q776","Q776","Q776","Q776: What city did you used to live in just before?","ICPSR variable label; may be truncated",583,"Survey item or survey routing field",FALSE,"Original questionnaire route / module retained; system NA not interpreted as a substantive answer","Disclosure masked",0,"ICPSR disclosure-masked field",FALSE,FALSE,FALSE,"ICPSR disclosure-masked field","Code retained; full wording/short label requires review",17545,"Original labelled categories or source type",NA,NA
"Q777","Q777","Q777","Q777: Please select which state you lived in before.","ICPSR variable label; may be truncated",583,"Survey item or survey routing field",FALSE,"Original questionnaire route / module retained; system NA not interpreted as a substantive answer","System NA: routing, nonresponse or unavailable; labelled responses preserved",1473,"Eligible",TRUE,TRUE,TRUE,"Eligible subject to training-only screening","Code retained; full wording/short label requires review",5507,"Original labelled categories or source type",NA,NA
"Q777B","Q777B","Q777B","Q777b: Which country did you used to live in just before?","ICPSR variable label; may be truncated",585,"Survey item or survey routing field",FALSE,"Original questionnaire route / module retained; system NA not interpreted as a substantive answer","Disclosure masked",0,"ICPSR disclosure-masked field",FALSE,FALSE,FALSE,"ICPSR disclosure-masked field","Code retained; full wording/short label requires review",17545,"Original labelled categories or source type",NA,NA
"Q778R1","Q778R1","Q778R1","Q778r1: Okay, something a little different, what city, state or country did you","ICPSR variable label; may be truncated",585,"Survey item or survey routing field",FALSE,"Original questionnaire route / module retained; system NA not interpreted as a substantive answer","Disclosure masked",0,"ICPSR disclosure-masked field",FALSE,FALSE,FALSE,"ICPSR disclosure-masked field","Code retained; full wording/short label requires review",17545,"Original labelled categories or source type",NA,NA
"Q779","Q779","Q779","Q779: State:","ICPSR variable label; may be truncated",585,"Survey item or survey routing field",FALSE,"Original questionnaire route / module retained; system NA not interpreted as a substantive answer","System NA: routing, nonresponse or unavailable; labelled responses preserved",590,"Eligible",TRUE,TRUE,TRUE,"Eligible subject to training-only screening","Code retained; full wording/short label requires review",12481,"Original labelled categories or source type",NA,NA
"Q780R1","Q780R1","Q780R1","Q780r1: Country:","ICPSR variable label; may be truncated",587,"Survey item or survey routing field",FALSE,"Original questionnaire route / module retained; system NA not interpreted as a substantive answer","Disclosure masked",0,"ICPSR disclosure-masked field",FALSE,FALSE,FALSE,"ICPSR disclosure-masked field","Code retained; full wording/short label requires review",17545,"Original labelled categories or source type",NA,NA
"Q781","Q781","Q781","Q781: What city, state or province, and country were you born in?City:","ICPSR variable label; may be truncated",587,"Survey item or survey routing field",FALSE,"Original questionnaire route / module retained; system NA not interpreted as a substantive answer","Disclosure masked",0,"ICPSR disclosure-masked field",FALSE,FALSE,FALSE,"ICPSR disclosure-masked field","Code retained; full wording/short label requires review",17545,"Original labelled categories or source type",NA,NA
"Q782","Q782","Q782","Q782: State:","ICPSR variable label; may be truncated",587,"Survey item or survey routing field",FALSE,"Original questionnaire route / module retained; system NA not interpreted as a substantive answer","System NA: routing, nonresponse or unavailable; labelled responses preserved",873,"Eligible",TRUE,TRUE,TRUE,"Eligible subject to training-only screening","Code retained; full wording/short label requires review",10248,"Original labelled categories or source type",NA,NA
"Q783","Q783","Q783","Q783: State or Province:","ICPSR variable label; may be truncated",589,"Survey item or survey routing field",FALSE,"Original questionnaire route / module retained; system NA not interpreted as a substantive answer","Disclosure masked",0,"ICPSR disclosure-masked field",FALSE,FALSE,FALSE,"ICPSR disclosure-masked field","Code retained; full wording/short label requires review",17545,"Original labelled categories or source type",NA,NA
"Q784","Q784","Q784","Q784: Country:","ICPSR variable label; may be truncated",589,"Survey item or survey routing field",FALSE,"Original questionnaire route / module retained; system NA not interpreted as a substantive answer","Disclosure masked",0,"ICPSR disclosure-masked field",FALSE,FALSE,FALSE,"ICPSR disclosure-masked field","Code retained; full wording/short label requires review",17545,"Original labelled categories or source type",NA,NA
"Q785","Q785","Q785","Q785: Did you ever live somewhere else besides the city you were born in before","ICPSR variable label; may be truncated",590,"Survey item or survey routing field",FALSE,"Original questionnaire route / module retained; system NA not interpreted as a substantive answer","System NA: routing, nonresponse or unavailable; labelled responses preserved",1607,"Eligible",TRUE,TRUE,TRUE,"Eligible subject to training-only screening","Code retained; full wording/short label requires review",4248,"Original labelled categories or source type",NA,NA
"Q786R1","Q786R1","Q786R1","Q786r1: City: - What city, state and country did you move to before coming to th","ICPSR variable label; may be truncated",590,"Survey item or survey routing field",FALSE,"Original questionnaire route / module retained; system NA not interpreted as a substantive answer","Disclosure masked",0,"ICPSR disclosure-masked field",FALSE,FALSE,FALSE,"ICPSR disclosure-masked field","Code retained; full wording/short label requires review",17545,"Original labelled categories or source type",NA,NA
"Q786R2","Q786R2","Q786R2","Q786r2: State or Province: - What city, state and country did you move to before","ICPSR variable label; may be truncated",590,"Survey item or survey routing field",FALSE,"Original questionnaire route / module retained; system NA not interpreted as a substantive answer","Disclosure masked",0,"ICPSR disclosure-masked field",FALSE,FALSE,FALSE,"ICPSR disclosure-masked field","Code retained; full wording/short label requires review",17545,"Original labelled categories or source type",NA,NA
"Q786R3","Q786R3","Q786R3","Q786r3: Country: - What city, state and country did you move to before coming to","ICPSR variable label; may be truncated",590,"Survey item or survey routing field",FALSE,"Original questionnaire route / module retained; system NA not interpreted as a substantive answer","Disclosure masked",0,"ICPSR disclosure-masked field",FALSE,FALSE,FALSE,"ICPSR disclosure-masked field","Code retained; full wording/short label requires review",17545,"Original labelled categories or source type",NA,NA
"Q787R1","Q787R1","Q787R1","Q787r1: When you arrived to the US, in what city and state did you first live?","ICPSR variable label; may be truncated",591,"Survey item or survey routing field",FALSE,"Original questionnaire route / module retained; system NA not interpreted as a substantive answer","Disclosure masked",0,"ICPSR disclosure-masked field",FALSE,FALSE,FALSE,"ICPSR disclosure-masked field","Code retained; full wording/short label requires review",17545,"Original labelled categories or source type",NA,NA
"Q788","Q788","Q788","Q788: State:","ICPSR variable label; may be truncated",591,"Survey item or survey routing field",FALSE,"Original questionnaire route / module retained; system NA not interpreted as a substantive answer","System NA: routing, nonresponse or unavailable; labelled responses preserved",1607,"Eligible",TRUE,TRUE,TRUE,"Eligible subject to training-only screening","Code retained; full wording/short label requires review",4248,"Original labelled categories or source type",NA,NA
"Q789R1","Q789R1","Q789R1","Q789r1: In what city and state have you lived the longest in the US?","ICPSR variable label; may be truncated",593,"Survey item or survey routing field",FALSE,"Original questionnaire route / module retained; system NA not interpreted as a substantive answer","Disclosure masked",0,"ICPSR disclosure-masked field",FALSE,FALSE,FALSE,"ICPSR disclosure-masked field","Code retained; full wording/short label requires review",17545,"Original labelled categories or source type",NA,NA
"Q790","Q790","Q790","Q790: State:","ICPSR variable label; may be truncated",593,"Survey item or survey routing field",FALSE,"Original questionnaire route / module retained; system NA not interpreted as a substantive answer","System NA: routing, nonresponse or unavailable; labelled responses preserved",466,"Eligible",TRUE,TRUE,TRUE,"Eligible subject to training-only screening","Code retained; full wording/short label requires review",13848,"Original labelled categories or source type",NA,NA
"Q793R1","Q793","Q793R1","Q793r1: Better economic/job opportunities in the U.S. - Immigrants come to the U","ICPSR variable label; may be truncated",594,"Survey item or survey routing field",FALSE,"Foreign-born (S7=2 or 3); Original questionnaire route / module retained; system NA not interpreted as a substantive answer","System NA: routing, nonresponse or unavailable; labelled responses preserved",1612,"Eligible",TRUE,TRUE,TRUE,"Eligible subject to training-only screening","Code retained; full wording/short label requires review",4219,"Original labelled categories or source type",NA,NA
"Q793R2","Q793","Q793R2","Q793r2: To reunite with family already in the U.S. - Immigrants come to the U.S.","ICPSR variable label; may be truncated",595,"Survey item or survey routing field",FALSE,"Foreign-born (S7=2 or 3); Original questionnaire route / module retained; system NA not interpreted as a substantive answer","System NA: routing, nonresponse or unavailable; labelled responses preserved",1613,"Eligible",TRUE,TRUE,TRUE,"Eligible subject to training-only screening","Code retained; full wording/short label requires review",4147,"Original labelled categories or source type",NA,NA
"Q793R3","Q793","Q793R3","Q793r3: Better stability and safety in the U.S. - Immigrants come to the U.S. fo","ICPSR variable label; may be truncated",595,"Survey item or survey routing field",FALSE,"Foreign-born (S7=2 or 3); Original questionnaire route / module retained; system NA not interpreted as a substantive answer","System NA: routing, nonresponse or unavailable; labelled responses preserved",1609,"Eligible",TRUE,TRUE,TRUE,"Eligible subject to training-only screening","Code retained; full wording/short label requires review",4222,"Original labelled categories or source type",NA,NA
"Q793R4","Q793","Q793R4","Q793r4: To escape political oppression / more freedoms in the U.S. - Immigrants","ICPSR variable label; may be truncated",596,"Survey item or survey routing field",FALSE,"Foreign-born (S7=2 or 3); Original questionnaire route / module retained; system NA not interpreted as a substantive answer","System NA: routing, nonresponse or unavailable; labelled responses preserved",1632,"Eligible",TRUE,TRUE,TRUE,"Eligible subject to training-only screening","Code retained; full wording/short label requires review",4069,"Original labelled categories or source type",NA,NA
"Q793R5","Q793","Q793R5","Q793r5: Because of climate impacts in my home country - Immigrants come to the U","ICPSR variable label; may be truncated",596,"Survey item or survey routing field",FALSE,"Foreign-born (S7=2 or 3); Original questionnaire route / module retained; system NA not interpreted as a substantive answer","System NA: routing, nonresponse or unavailable; labelled responses preserved",1633,"Eligible",TRUE,TRUE,TRUE,"Eligible subject to training-only screening","Code retained; full wording/short label requires review",4016,"Original labelled categories or source type",NA,NA
"Q794R1","Q794","Q794R1","Q794r1: No, I do not send money or remittances - Do you ever send money or remit","ICPSR variable label; may be truncated",597,"Survey item or survey routing field",FALSE,"Asian/Latino module; Original questionnaire route / module retained; system NA not interpreted as a substantive answer","System NA: routing, nonresponse or unavailable; labelled responses preserved",0,"Eligible",TRUE,TRUE,TRUE,"Eligible subject to training-only screening","Code retained; full wording/short label requires review",9147,"Original labelled categories or source type",NA,NA
"Q794R2","Q794","Q794R2","Q794r2: Yes, to my parents - Do you ever send money or remittances to friends or","ICPSR variable label; may be truncated",597,"Survey item or survey routing field",FALSE,"Asian/Latino module; Original questionnaire route / module retained; system NA not interpreted as a substantive answer","System NA: routing, nonresponse or unavailable; labelled responses preserved",0,"Eligible",TRUE,TRUE,TRUE,"Eligible subject to training-only screening","Code retained; full wording/short label requires review",9147,"Original labelled categories or source type",NA,NA
"Q794R3","Q794","Q794R3","Q794r3: Yes, to my children - Do you ever send money or remittances to friends o","ICPSR variable label; may be truncated",597,"Survey item or survey routing field",FALSE,"Asian/Latino module; Original questionnaire route / module retained; system NA not interpreted as a substantive answer","System NA: routing, nonresponse or unavailable; labelled responses preserved",0,"Eligible",TRUE,TRUE,TRUE,"Eligible subject to training-only screening","Code retained; full wording/short label requires review",9147,"Original labelled categories or source type",NA,NA
"Q794R4","Q794","Q794R4","Q794r4: Yes, to my grandparents - Do you ever send money or remittances to frien","ICPSR variable label; may be truncated",598,"Survey item or survey routing field",FALSE,"Asian/Latino module; Original questionnaire route / module retained; system NA not interpreted as a substantive answer","System NA: routing, nonresponse or unavailable; labelled responses preserved",0,"Eligible",TRUE,TRUE,TRUE,"Eligible subject to training-only screening","Code retained; full wording/short label requires review",9147,"Original labelled categories or source type",NA,NA
"Q794R5","Q794","Q794R5","Q794r5: Yes to other family members - Do you ever send money or remittances to f","ICPSR variable label; may be truncated",598,"Survey item or survey routing field",FALSE,"Asian/Latino module; Original questionnaire route / module retained; system NA not interpreted as a substantive answer","System NA: routing, nonresponse or unavailable; labelled responses preserved",0,"Eligible",TRUE,TRUE,TRUE,"Eligible subject to training-only screening","Code retained; full wording/short label requires review",9147,"Original labelled categories or source type",NA,NA
"Q794R6","Q794","Q794R6","Q794r6: Yes, to my friends - Do you ever send money or remittances to friends or","ICPSR variable label; may be truncated",598,"Survey item or survey routing field",FALSE,"Asian/Latino module; Original questionnaire route / module retained; system NA not interpreted as a substantive answer","System NA: routing, nonresponse or unavailable; labelled responses preserved",0,"Eligible",TRUE,TRUE,TRUE,"Eligible subject to training-only screening","Code retained; full wording/short label requires review",9147,"Original labelled categories or source type",NA,NA
"Q795","Q795","Q795","Q795: How has the COVID-19 pandemic this year affected the amount of remittances","ICPSR variable label; may be truncated",599,"Survey item or survey routing field",FALSE,"Original questionnaire route / module retained; system NA not interpreted as a substantive answer","System NA: routing, nonresponse or unavailable; labelled responses preserved",67,"Eligible",TRUE,TRUE,TRUE,"Eligible subject to training-only screening","Code retained; full wording/short label requires review",8696,"Original labelled categories or source type",NA,NA
"Q796R1","Q796","Q796R1","Q796r1: Loss of job/income - How has COVID-19 pandemic affected your family or f","ICPSR variable label; may be truncated",599,"Survey item or survey routing field",FALSE,"Foreign-born (S7=2 or 3); Original questionnaire route / module retained; system NA not interpreted as a substantive answer","System NA: routing, nonresponse or unavailable; labelled responses preserved",1607,"Eligible",TRUE,TRUE,TRUE,"Eligible subject to training-only screening","Code retained; full wording/short label requires review",4248,"Original labelled categories or source type",NA,NA
"Q796R2","Q796","Q796R2","Q796r2: Trouble paying basic monthly bills - How has COVID-19 pandemic affected","ICPSR variable label; may be truncated",600,"Survey item or survey routing field",FALSE,"Foreign-born (S7=2 or 3); Original questionnaire route / module retained; system NA not interpreted as a substantive answer","System NA: routing, nonresponse or unavailable; labelled responses preserved",1607,"Eligible",TRUE,TRUE,TRUE,"Eligible subject to training-only screening","Code retained; full wording/short label requires review",4248,"Original labelled categories or source type",NA,NA
"Q796R3","Q796","Q796R3","Q796r3: Lost their house or place they live - How has COVID-19 pandemic affected","ICPSR variable label; may be truncated",600,"Survey item or survey routing field",FALSE,"Foreign-born (S7=2 or 3); Original questionnaire route / module retained; system NA not interpreted as a substantive answer","System NA: routing, nonresponse or unavailable; labelled responses preserved",1607,"Eligible",TRUE,TRUE,TRUE,"Eligible subject to training-only screening","Code retained; full wording/short label requires review",4248,"Original labelled categories or source type",NA,NA
"Q796R4","Q796","Q796R4","Q796r4: Health problems, sick with covid - How has COVID-19 pandemic affected yo","ICPSR variable label; may be truncated",600,"Survey item or survey routing field",FALSE,"Foreign-born (S7=2 or 3); Original questionnaire route / module retained; system NA not interpreted as a substantive answer","System NA: routing, nonresponse or unavailable; labelled responses preserved",1607,"Eligible",TRUE,TRUE,TRUE,"Eligible subject to training-only screening","Code retained; full wording/short label requires review",4248,"Original labelled categories or source type",NA,NA
"Q796R5","Q796","Q796R5","Q796r5: I know someone back home who has died - How has COVID-19 pandemic affect","ICPSR variable label; may be truncated",601,"Survey item or survey routing field",FALSE,"Foreign-born (S7=2 or 3); Original questionnaire route / module retained; system NA not interpreted as a substantive answer","System NA: routing, nonresponse or unavailable; labelled responses preserved",1607,"Eligible",TRUE,TRUE,TRUE,"Eligible subject to training-only screening","Code retained; full wording/short label requires review",4248,"Original labelled categories or source type",NA,NA
"Q797R1","Q797","Q797R1","Q797r1: White - What is the race of your biological mother?","ICPSR variable label; may be truncated",601,"Survey item or survey routing field",FALSE,"Original questionnaire route / module retained; system NA not interpreted as a substantive answer","System NA: routing, nonresponse or unavailable; labelled responses preserved",0,"Eligible",TRUE,TRUE,TRUE,"Eligible subject to training-only screening","Code retained; full wording/short label requires review",17545,"Original labelled categories or source type",NA,NA
"Q797R2","Q797","Q797R2","Q797r2: Hispanic or Latino - What is the race of your biological mother?","ICPSR variable label; may be truncated",601,"Survey item or survey routing field",FALSE,"Original questionnaire route / module retained; system NA not interpreted as a substantive answer","System NA: routing, nonresponse or unavailable; labelled responses preserved",0,"Eligible",TRUE,TRUE,TRUE,"Eligible subject to training-only screening","Code retained; full wording/short label requires review",17545,"Original labelled categories or source type",NA,NA
"Q797R3","Q797","Q797R3","Q797r3: Black or African American - What is the race of your biological mother?","ICPSR variable label; may be truncated",602,"Survey item or survey routing field",FALSE,"Original questionnaire route / module retained; system NA not interpreted as a substantive answer","System NA: routing, nonresponse or unavailable; labelled responses preserved",0,"Eligible",TRUE,TRUE,TRUE,"Eligible subject to training-only screening","Code retained; full wording/short label requires review",17545,"Original labelled categories or source type",NA,NA
"Q797R4","Q797","Q797R4","Q797r4: Asian American - What is the race of your biological mother?","ICPSR variable label; may be truncated",602,"Survey item or survey routing field",FALSE,"Original questionnaire route / module retained; system NA not interpreted as a substantive answer","System NA: routing, nonresponse or unavailable; labelled responses preserved",0,"Eligible",TRUE,TRUE,TRUE,"Eligible subject to training-only screening","Code retained; full wording/short label requires review",17545,"Original labelled categories or source type",NA,NA
"Q797R5","Q797","Q797R5","Q797r5: American Indian/Native American - What is the race of your biological mo","ICPSR variable label; may be truncated",602,"Survey item or survey routing field",FALSE,"Original questionnaire route / module retained; system NA not interpreted as a substantive answer","System NA: routing, nonresponse or unavailable; labelled responses preserved",0,"Eligible",TRUE,TRUE,TRUE,"Eligible subject to training-only screening","Code retained; full wording/short label requires review",17545,"Original labelled categories or source type",NA,NA
"Q797R6","Q797","Q797R6","Q797r6: Arab, Middle Eastern or North African - What is the race of your biologi","ICPSR variable label; may be truncated",603,"Survey item or survey routing field",FALSE,"Original questionnaire route / module retained; system NA not interpreted as a substantive answer","System NA: routing, nonresponse or unavailable; labelled responses preserved",0,"Eligible",TRUE,TRUE,TRUE,"Eligible subject to training-only screening","Code retained; full wording/short label requires review",17545,"Original labelled categories or source type",NA,NA
"Q797R7","Q797","Q797R7","Q797r7: Native Hawaiian - What is the race of your biological mother?","ICPSR variable label; may be truncated",603,"Survey item or survey routing field",FALSE,"Original questionnaire route / module retained; system NA not interpreted as a substantive answer","System NA: routing, nonresponse or unavailable; labelled responses preserved",0,"Eligible",TRUE,TRUE,TRUE,"Eligible subject to training-only screening","Code retained; full wording/short label requires review",17545,"Original labelled categories or source type",NA,NA
"Q797R8","Q797","Q797R8","Q797r8: Not Hawaiian, but other Pacific Islander - What is the race of your biol","ICPSR variable label; may be truncated",603,"Survey item or survey routing field",FALSE,"Original questionnaire route / module retained; system NA not interpreted as a substantive answer","System NA: routing, nonresponse or unavailable; labelled responses preserved",0,"Eligible",TRUE,TRUE,TRUE,"Eligible subject to training-only screening","Code retained; full wording/short label requires review",17545,"Original labelled categories or source type",NA,NA
"Q797R9","Q797","Q797R9","Q797r9: Other (Specify) - What is the race of your biological mother?","ICPSR variable label; may be truncated",603,"Survey item or survey routing field",FALSE,"Original questionnaire route / module retained; system NA not interpreted as a substantive answer","System NA: routing, nonresponse or unavailable; labelled responses preserved",0,"Eligible",TRUE,TRUE,TRUE,"Eligible subject to training-only screening","Code retained; full wording/short label requires review",17545,"Original labelled categories or source type",NA,NA
"Q797R10","Q797","Q797R10","Q797r10: Don","ICPSR variable label; may be truncated",604,"Survey item or survey routing field",FALSE,"Original questionnaire route / module retained; system NA not interpreted as a substantive answer","System NA: routing, nonresponse or unavailable; labelled responses preserved",0,"Eligible",TRUE,TRUE,TRUE,"Eligible subject to training-only screening","Code retained; full wording/short label requires review",17545,"Original labelled categories or source type",NA,NA
"Q797R9OE","Q797R9OE","Q797R9OE","Q797r9oe: What is the race of your biological mother? - Other (Specify)","ICPSR variable label; may be truncated",604,"Survey item or survey routing field",FALSE,"Original questionnaire route / module retained; system NA not interpreted as a substantive answer","System NA: routing, nonresponse or unavailable; labelled responses preserved",0,"Uncoded/free-text field; no text model",FALSE,FALSE,FALSE,"Uncoded/free-text field; no text model","Code retained; full wording/short label requires review",17545,"Original labelled categories or source type",NA,NA
"Q798R1","Q798","Q798R1","Q798r1: White - What is the race of your biological father?","ICPSR variable label; may be truncated",604,"Survey item or survey routing field",FALSE,"Original questionnaire route / module retained; system NA not interpreted as a substantive answer","System NA: routing, nonresponse or unavailable; labelled responses preserved",0,"Eligible",TRUE,TRUE,TRUE,"Eligible subject to training-only screening","Code retained; full wording/short label requires review",17545,"Original labelled categories or source type",NA,NA
"Q798R2","Q798","Q798R2","Q798r2: Hispanic or Latino - What is the race of your biological father?","ICPSR variable label; may be truncated",605,"Survey item or survey routing field",FALSE,"Original questionnaire route / module retained; system NA not interpreted as a substantive answer","System NA: routing, nonresponse or unavailable; labelled responses preserved",0,"Eligible",TRUE,TRUE,TRUE,"Eligible subject to training-only screening","Code retained; full wording/short label requires review",17545,"Original labelled categories or source type",NA,NA
"Q798R3","Q798","Q798R3","Q798r3: Black or African American - What is the race of your biological father?","ICPSR variable label; may be truncated",605,"Survey item or survey routing field",FALSE,"Original questionnaire route / module retained; system NA not interpreted as a substantive answer","System NA: routing, nonresponse or unavailable; labelled responses preserved",0,"Eligible",TRUE,TRUE,TRUE,"Eligible subject to training-only screening","Code retained; full wording/short label requires review",17545,"Original labelled categories or source type",NA,NA
"Q798R4","Q798","Q798R4","Q798r4: Asian American - What is the race of your biological father?","ICPSR variable label; may be truncated",605,"Survey item or survey routing field",FALSE,"Original questionnaire route / module retained; system NA not interpreted as a substantive answer","System NA: routing, nonresponse or unavailable; labelled responses preserved",0,"Eligible",TRUE,TRUE,TRUE,"Eligible subject to training-only screening","Code retained; full wording/short label requires review",17545,"Original labelled categories or source type",NA,NA
"Q798R5","Q798","Q798R5","Q798r5: American Indian/Native American - What is the race of your biological fa","ICPSR variable label; may be truncated",606,"Survey item or survey routing field",FALSE,"Original questionnaire route / module retained; system NA not interpreted as a substantive answer","System NA: routing, nonresponse or unavailable; labelled responses preserved",0,"Eligible",TRUE,TRUE,TRUE,"Eligible subject to training-only screening","Code retained; full wording/short label requires review",17545,"Original labelled categories or source type",NA,NA
"Q798R6","Q798","Q798R6","Q798r6: Arab, Middle Eastern or North African - What is the race of your biologi","ICPSR variable label; may be truncated",606,"Survey item or survey routing field",FALSE,"Original questionnaire route / module retained; system NA not interpreted as a substantive answer","System NA: routing, nonresponse or unavailable; labelled responses preserved",0,"Eligible",TRUE,TRUE,TRUE,"Eligible subject to training-only screening","Code retained; full wording/short label requires review",17545,"Original labelled categories or source type",NA,NA
"Q798R7","Q798","Q798R7","Q798r7: Native Hawaiian - What is the race of your biological father?","ICPSR variable label; may be truncated",606,"Survey item or survey routing field",FALSE,"Original questionnaire route / module retained; system NA not interpreted as a substantive answer","System NA: routing, nonresponse or unavailable; labelled responses preserved",0,"Eligible",TRUE,TRUE,TRUE,"Eligible subject to training-only screening","Code retained; full wording/short label requires review",17545,"Original labelled categories or source type",NA,NA
"Q798R8","Q798","Q798R8","Q798r8: Not Hawaiian, but other Pacific Islander - What is the race of your biol","ICPSR variable label; may be truncated",606,"Survey item or survey routing field",FALSE,"Original questionnaire route / module retained; system NA not interpreted as a substantive answer","System NA: routing, nonresponse or unavailable; labelled responses preserved",0,"Eligible",TRUE,TRUE,TRUE,"Eligible subject to training-only screening","Code retained; full wording/short label requires review",17545,"Original labelled categories or source type",NA,NA
"Q798R9","Q798","Q798R9","Q798r9: Other (Specify) - What is the race of your biological father?","ICPSR variable label; may be truncated",607,"Survey item or survey routing field",FALSE,"Original questionnaire route / module retained; system NA not interpreted as a substantive answer","System NA: routing, nonresponse or unavailable; labelled responses preserved",0,"Eligible",TRUE,TRUE,TRUE,"Eligible subject to training-only screening","Code retained; full wording/short label requires review",17545,"Original labelled categories or source type",NA,NA
"Q798R10","Q798","Q798R10","Q798r10: Don","ICPSR variable label; may be truncated",607,"Survey item or survey routing field",FALSE,"Original questionnaire route / module retained; system NA not interpreted as a substantive answer","System NA: routing, nonresponse or unavailable; labelled responses preserved",0,"Eligible",TRUE,TRUE,TRUE,"Eligible subject to training-only screening","Code retained; full wording/short label requires review",17545,"Original labelled categories or source type",NA,NA
"Q798R9OE","Q798R9OE","Q798R9OE","Q798r9oe: What is the race of your biological father? - Other (Specify)","ICPSR variable label; may be truncated",607,"Survey item or survey routing field",FALSE,"Original questionnaire route / module retained; system NA not interpreted as a substantive answer","System NA: routing, nonresponse or unavailable; labelled responses preserved",0,"Uncoded/free-text field; no text model",FALSE,FALSE,FALSE,"Uncoded/free-text field; no text model","Code retained; full wording/short label requires review",17545,"Original labelled categories or source type",NA,NA
"SPLITQ799","SPLITQ799","SPLITQ799","splitQ799: Holds value for split","ICPSR variable label; may be truncated",608,"Administration / derived field",FALSE,"Original questionnaire route / module retained; system NA not interpreted as a substantive answer","System NA: routing, nonresponse or unavailable; labelled responses preserved",0,"Routing/experiment metadata; joined to response where required",FALSE,FALSE,FALSE,"Routing/experiment metadata; joined to response where required","Code retained; full wording/short label requires review",17545,"Original labelled categories or source type",NA,NA
"Q799R1C1","Q799","Q799R1C1","Q799r1c1: White, not Hispanic - When we think of people in racial or ethnic term","ICPSR variable label; may be truncated",608,"Survey item or survey routing field",FALSE,"Randomized racial-identity example A; Original questionnaire route / module retained; system NA not interpreted as a substantive answer","System NA: routing, nonresponse or unavailable; labelled responses preserved",1323,"Eligible",TRUE,TRUE,TRUE,"Eligible subject to training-only screening","Code retained; full wording/short label requires review",6393,"Continuous quantity / allocation",NA,NA
"Q799R2C1","Q799","Q799R2C1","Q799r2c1: Black or African American - When we think of people in racial or ethni","ICPSR variable label; may be truncated",609,"Survey item or survey routing field",FALSE,"Randomized racial-identity example A; Original questionnaire route / module retained; system NA not interpreted as a substantive answer","System NA: routing, nonresponse or unavailable; labelled responses preserved",1548,"Eligible",TRUE,TRUE,TRUE,"Eligible subject to training-only screening","Code retained; full wording/short label requires review",5755,"Continuous quantity / allocation",NA,NA
"Q799R3C1","Q799","Q799R3C1","Q799r3c1: Hispanic or Latino - When we think of people in racial or ethnic terms","ICPSR variable label; may be truncated",609,"Survey item or survey routing field",FALSE,"Randomized racial-identity example A; Original questionnaire route / module retained; system NA not interpreted as a substantive answer","System NA: routing, nonresponse or unavailable; labelled responses preserved",1065,"Eligible",TRUE,TRUE,TRUE,"Eligible subject to training-only screening","Code retained; full wording/short label requires review",5556,"Continuous quantity / allocation",NA,NA
"Q799R4C1","Q799","Q799R4C1","Q799r4c1: Asian American - When we think of people in racial or ethnic terms, we","ICPSR variable label; may be truncated",610,"Survey item or survey routing field",FALSE,"Randomized racial-identity example A; Original questionnaire route / module retained; system NA not interpreted as a substantive answer","System NA: routing, nonresponse or unavailable; labelled responses preserved",1599,"Eligible",TRUE,TRUE,TRUE,"Eligible subject to training-only screening","Code retained; full wording/short label requires review",5495,"Continuous quantity / allocation",NA,NA
"Q799R5C1","Q799","Q799R5C1","Q799r5c1: Native American or American Indian - When we think of people in racial","ICPSR variable label; may be truncated",611,"Survey item or survey routing field",FALSE,"Randomized racial-identity example A; Original questionnaire route / module retained; system NA not interpreted as a substantive answer","System NA: routing, nonresponse or unavailable; labelled responses preserved",1560,"Eligible",TRUE,TRUE,TRUE,"Eligible subject to training-only screening","Code retained; full wording/short label requires review",4938,"Continuous quantity / allocation",NA,NA
"Q799R6C1","Q799","Q799R6C1","Q799r6c1: Native Hawiian - When we think of people in racial or ethnic terms, we","ICPSR variable label; may be truncated",611,"Survey item or survey routing field",FALSE,"Randomized racial-identity example A; Original questionnaire route / module retained; system NA not interpreted as a substantive answer","System NA: routing, nonresponse or unavailable; labelled responses preserved",1605,"Eligible",TRUE,TRUE,TRUE,"Eligible subject to training-only screening","Code retained; full wording/short label requires review",4426,"Continuous quantity / allocation",NA,NA
"Q799R7C1","Q799","Q799R7C1","Q799r7c1: Pacific Islander (not Hawiian) - When we think of people in racial or","ICPSR variable label; may be truncated",612,"Survey item or survey routing field",FALSE,"Randomized racial-identity example A; Original questionnaire route / module retained; system NA not interpreted as a substantive answer","System NA: routing, nonresponse or unavailable; labelled responses preserved",1609,"Eligible",TRUE,TRUE,TRUE,"Eligible subject to training-only screening","Code retained; full wording/short label requires review",4449,"Continuous quantity / allocation",NA,NA
"Q799R8C1","Q799","Q799R8C1","Q799r8c1: Arab, Middle Eastern or North African - When we think of people in rac","ICPSR variable label; may be truncated",612,"Survey item or survey routing field",FALSE,"Randomized racial-identity example A; Original questionnaire route / module retained; system NA not interpreted as a substantive answer","System NA: routing, nonresponse or unavailable; labelled responses preserved",1609,"Eligible",TRUE,TRUE,TRUE,"Eligible subject to training-only screening","Code retained; full wording/short label requires review",4454,"Continuous quantity / allocation",NA,NA
"Q800R1C1","Q800","Q800R1C1","Q800r1c1: White, not Hispanic - When we think of people in racial or ethnic term","ICPSR variable label; may be truncated",613,"Survey item or survey routing field",FALSE,"Randomized racial-identity example B; Original questionnaire route / module retained; system NA not interpreted as a substantive answer","System NA: routing, nonresponse or unavailable; labelled responses preserved",1353,"Eligible",TRUE,TRUE,TRUE,"Eligible subject to training-only screening","Code retained; full wording/short label requires review",6285,"Continuous quantity / allocation",NA,NA
"Q800R2C1","Q800","Q800R2C1","Q800r2c1: Black or African American - When we think of people in racial or ethni","ICPSR variable label; may be truncated",614,"Survey item or survey routing field",FALSE,"Randomized racial-identity example B; Original questionnaire route / module retained; system NA not interpreted as a substantive answer","System NA: routing, nonresponse or unavailable; labelled responses preserved",1529,"Eligible",TRUE,TRUE,TRUE,"Eligible subject to training-only screening","Code retained; full wording/short label requires review",5779,"Continuous quantity / allocation",NA,NA
"Q800R3C1","Q800","Q800R3C1","Q800r3c1: Hispanic or Latino - When we think of people in racial or ethnic terms","ICPSR variable label; may be truncated",614,"Survey item or survey routing field",FALSE,"Randomized racial-identity example B; Original questionnaire route / module retained; system NA not interpreted as a substantive answer","System NA: routing, nonresponse or unavailable; labelled responses preserved",1086,"Eligible",TRUE,TRUE,TRUE,"Eligible subject to training-only screening","Code retained; full wording/short label requires review",5538,"Continuous quantity / allocation",NA,NA
"Q800R4C1","Q800","Q800R4C1","Q800r4c1: Asian American - When we think of people in racial or ethnic terms, we","ICPSR variable label; may be truncated",615,"Survey item or survey routing field",FALSE,"Randomized racial-identity example B; Original questionnaire route / module retained; system NA not interpreted as a substantive answer","System NA: routing, nonresponse or unavailable; labelled responses preserved",1577,"Eligible",TRUE,TRUE,TRUE,"Eligible subject to training-only screening","Code retained; full wording/short label requires review",5600,"Continuous quantity / allocation",NA,NA
"Q800R5C1","Q800","Q800R5C1","Q800r5c1: Native American or American Indian - When we think of people in racial","ICPSR variable label; may be truncated",616,"Survey item or survey routing field",FALSE,"Randomized racial-identity example B; Original questionnaire route / module retained; system NA not interpreted as a substantive answer","System NA: routing, nonresponse or unavailable; labelled responses preserved",1551,"Eligible",TRUE,TRUE,TRUE,"Eligible subject to training-only screening","Code retained; full wording/short label requires review",4924,"Continuous quantity / allocation",NA,NA
"Q800R6C1","Q800","Q800R6C1","Q800r6c1: Native Hawiian - When we think of people in racial or ethnic terms, we","ICPSR variable label; may be truncated",616,"Survey item or survey routing field",FALSE,"Randomized racial-identity example B; Original questionnaire route / module retained; system NA not interpreted as a substantive answer","System NA: routing, nonresponse or unavailable; labelled responses preserved",1588,"Eligible",TRUE,TRUE,TRUE,"Eligible subject to training-only screening","Code retained; full wording/short label requires review",4485,"Continuous quantity / allocation",NA,NA
"Q800R7C1","Q800","Q800R7C1","Q800r7c1: Pacific Islander (not Hawiian) - When we think of people in racial or","ICPSR variable label; may be truncated",617,"Survey item or survey routing field",FALSE,"Randomized racial-identity example B; Original questionnaire route / module retained; system NA not interpreted as a substantive answer","System NA: routing, nonresponse or unavailable; labelled responses preserved",1590,"Eligible",TRUE,TRUE,TRUE,"Eligible subject to training-only screening","Code retained; full wording/short label requires review",4496,"Continuous quantity / allocation",NA,NA
"Q800R8C1","Q800","Q800R8C1","Q800r8c1: Arab, Middle Eastern or North African - When we think of people in rac","ICPSR variable label; may be truncated",618,"Survey item or survey routing field",FALSE,"Randomized racial-identity example B; Original questionnaire route / module retained; system NA not interpreted as a substantive answer","System NA: routing, nonresponse or unavailable; labelled responses preserved",1593,"Eligible",TRUE,TRUE,TRUE,"Eligible subject to training-only screening","Code retained; full wording/short label requires review",4500,"Continuous quantity / allocation",NA,NA
"Q801","Q801","Q801","Q801: If you were walking down the street, what race do you think other American","ICPSR variable label; may be truncated",618,"Survey item or survey routing field",FALSE,"Original questionnaire route / module retained; system NA not interpreted as a substantive answer","System NA: routing, nonresponse or unavailable; labelled responses preserved",0,"Eligible",TRUE,TRUE,TRUE,"Eligible subject to training-only screening","Code retained; full wording/short label requires review",17545,"Original labelled categories or source type",NA,NA
"Q801R9OE","Q801R9OE","Q801R9OE","Q801r9oe: If you were walking down the street, what race do you think other Amer","ICPSR variable label; may be truncated",619,"Survey item or survey routing field",FALSE,"Original questionnaire route / module retained; system NA not interpreted as a substantive answer","System NA: routing, nonresponse or unavailable; labelled responses preserved",0,"Uncoded/free-text field; no text model",FALSE,FALSE,FALSE,"Uncoded/free-text field; no text model","Code retained; full wording/short label requires review",17545,"Original labelled categories or source type",NA,NA
"Q802","Q802","Q802","Q802: There are many different ways to describe race among Caribbean and Latino","ICPSR variable label; may be truncated",619,"Survey item or survey routing field",FALSE,"Original questionnaire route / module retained; system NA not interpreted as a substantive answer","System NA: routing, nonresponse or unavailable; labelled responses preserved",1855,"Eligible",TRUE,TRUE,TRUE,"Eligible subject to training-only screening","Code retained; full wording/short label requires review",1323,"Original labelled categories or source type",NA,NA
"Q802R9OE","Q802R9OE","Q802R9OE","Q802r9oe: There are many different ways to describe race among Caribbean and Lat","ICPSR variable label; may be truncated",620,"Survey item or survey routing field",FALSE,"Original questionnaire route / module retained; system NA not interpreted as a substantive answer","System NA: routing, nonresponse or unavailable; labelled responses preserved",0,"Uncoded/free-text field; no text model",FALSE,FALSE,FALSE,"Uncoded/free-text field; no text model","Code retained; full wording/short label requires review",17545,"Original labelled categories or source type",NA,NA
"Q803","Q803","Q803","Q803: Which racial category did you choose on the 2020 U.S. Census?","ICPSR variable label; may be truncated",620,"Survey item or survey routing field",FALSE,"Original questionnaire route / module retained; system NA not interpreted as a substantive answer","System NA: routing, nonresponse or unavailable; labelled responses preserved",0,"Eligible",TRUE,TRUE,TRUE,"Eligible subject to training-only screening","Code retained; full wording/short label requires review",17545,"Original labelled categories or source type",NA,NA
"Q804","Q804","Q804","Q804: Mother","ICPSR variable label; may be truncated",620,"Survey item or survey routing field",FALSE,"Original questionnaire route / module retained; system NA not interpreted as a substantive answer","System NA: routing, nonresponse or unavailable; labelled responses preserved",0,"Eligible",TRUE,TRUE,TRUE,"Eligible subject to training-only screening","Code retained; full wording/short label requires review",17545,"Original labelled categories or source type",NA,NA
"Q805","Q805","Q805","Q805: Father","ICPSR variable label; may be truncated",621,"Survey item or survey routing field",FALSE,"Original questionnaire route / module retained; system NA not interpreted as a substantive answer","System NA: routing, nonresponse or unavailable; labelled responses preserved",0,"Eligible",TRUE,TRUE,TRUE,"Eligible subject to training-only screening","Code retained; full wording/short label requires review",17545,"Original labelled categories or source type",NA,NA
"Q806","Q806","Q806","Q806: What year did you first arrive to live in the [pipe: Q806verb]","ICPSR variable label; may be truncated",621,"Survey item or survey routing field",FALSE,"Original questionnaire route / module retained; system NA not interpreted as a substantive answer","System NA: routing, nonresponse or unavailable; labelled responses preserved",1607,"Eligible",TRUE,TRUE,TRUE,"Eligible subject to training-only screening","Code retained; full wording/short label requires review",4248,"Continuous quantity / allocation",NA,NA
"Q807","Q807","Q807","Q807: Which of the following best describes you","ICPSR variable label; may be truncated",623,"Survey item or survey routing field",FALSE,"Original questionnaire route / module retained; system NA not interpreted as a substantive answer","System NA: routing, nonresponse or unavailable; labelled responses preserved",1744,"Eligible",TRUE,TRUE,TRUE,"Eligible subject to training-only screening","Code retained; full wording/short label requires review",3962,"Original labelled categories or source type",NA,NA
"Q807R8OE","Q807R8OE","Q807R8OE","Q807r8oe: Which of the following best describes you","ICPSR variable label; may be truncated",623,"Survey item or survey routing field",FALSE,"Original questionnaire route / module retained; system NA not interpreted as a substantive answer","System NA: routing, nonresponse or unavailable; labelled responses preserved",0,"Uncoded/free-text field; no text model",FALSE,FALSE,FALSE,"Uncoded/free-text field; no text model","Code retained; full wording/short label requires review",17545,"Original labelled categories or source type",NA,NA
"Q808","Q808","Q808","Q808: In what year did you become a naturalized U.S. citizen?","ICPSR variable label; may be truncated",624,"Survey item or survey routing field",FALSE,"Original questionnaire route / module retained; system NA not interpreted as a substantive answer","System NA: routing, nonresponse or unavailable; labelled responses preserved",352,"Eligible",TRUE,TRUE,TRUE,"Eligible subject to training-only screening","Code retained; full wording/short label requires review",13592,"Continuous quantity / allocation",NA,NA
"Q809","Q809","Q809","Q809: Were your parents born in the United States, [pipe: Q809verb] or in anothe","ICPSR variable label; may be truncated",625,"Survey item or survey routing field",FALSE,"Original questionnaire route / module retained; system NA not interpreted as a substantive answer","System NA: routing, nonresponse or unavailable; labelled responses preserved",475,"Eligible",TRUE,TRUE,TRUE,"Eligible subject to training-only screening","Code retained; full wording/short label requires review",13297,"Original labelled categories or source type",NA,NA
"Q810","Q810","Q810","Q810: Year mother came to the U.S.","ICPSR variable label; may be truncated",626,"Survey item or survey routing field",FALSE,"Original questionnaire route / module retained; system NA not interpreted as a substantive answer","System NA: routing, nonresponse or unavailable; labelled responses preserved",1216,"Eligible",TRUE,TRUE,TRUE,"Eligible subject to training-only screening","Code retained; full wording/short label requires review",4397,"Original labelled categories or source type",NA,NA
"Q811","Q811","Q811","Q811: Year father came to the U.S.","ICPSR variable label; may be truncated",627,"Survey item or survey routing field",FALSE,"Original questionnaire route / module retained; system NA not interpreted as a substantive answer","System NA: routing, nonresponse or unavailable; labelled responses preserved",1216,"Eligible",TRUE,TRUE,TRUE,"Eligible subject to training-only screening","Code retained; full wording/short label requires review",4397,"Original labelled categories or source type",NA,NA
"Q812","Q812","Q812","Q812: How about your grandparents? Where were they born?","ICPSR variable label; may be truncated",629,"Survey item or survey routing field",FALSE,"Original questionnaire route / module retained; system NA not interpreted as a substantive answer","System NA: routing, nonresponse or unavailable; labelled responses preserved",1052,"Eligible",TRUE,TRUE,TRUE,"Eligible subject to training-only screening","Code retained; full wording/short label requires review",10165,"Original labelled categories or source type",NA,NA
"Q813","Q813","Q813","Q813: What was your total combined household income in 2020 before taxes. This q","ICPSR variable label; may be truncated",630,"Survey item or survey routing field",FALSE,"Original questionnaire route / module retained; system NA not interpreted as a substantive answer","System NA: routing, nonresponse or unavailable; labelled responses preserved",0,"Eligible",TRUE,TRUE,TRUE,"Eligible subject to training-only screening","Code retained; full wording/short label requires review",17545,"Original labelled categories or source type",NA,NA
"Q814","Q814","Q814","Q814: Are you currently","ICPSR variable label; may be truncated",630,"Survey item or survey routing field",FALSE,"Original questionnaire route / module retained; system NA not interpreted as a substantive answer","System NA: routing, nonresponse or unavailable; labelled responses preserved",0,"Eligible",TRUE,TRUE,TRUE,"Eligible subject to training-only screening","Code retained; full wording/short label requires review",17545,"Original labelled categories or source type",NA,NA
"Q815","Q815","Q815","Q815: Which of the following is your MAIN source of health insurance coverage?","ICPSR variable label; may be truncated",630,"Survey item or survey routing field",FALSE,"Original questionnaire route / module retained; system NA not interpreted as a substantive answer","System NA: routing, nonresponse or unavailable; labelled responses preserved",0,"Eligible",TRUE,TRUE,TRUE,"Eligible subject to training-only screening","Code retained; full wording/short label requires review",17545,"Original labelled categories or source type",NA,NA
"Q815R7OE","Q815R7OE","Q815R7OE","Q815r7oe: Which of the following is your MAIN source of health insurance coverag","ICPSR variable label; may be truncated",631,"Survey item or survey routing field",FALSE,"Original questionnaire route / module retained; system NA not interpreted as a substantive answer","System NA: routing, nonresponse or unavailable; labelled responses preserved",0,"Uncoded/free-text field; no text model",FALSE,FALSE,FALSE,"Uncoded/free-text field; no text model","Code retained; full wording/short label requires review",17545,"Original labelled categories or source type",NA,NA
"Q816","Q816","Q816","Q816: Regardless of what language you took this survey, how often do you speak S","ICPSR variable label; may be truncated",631,"Survey item or survey routing field",FALSE,"Original questionnaire route / module retained; system NA not interpreted as a substantive answer","System NA: routing, nonresponse or unavailable; labelled responses preserved",0,"Eligible",TRUE,TRUE,TRUE,"Eligible subject to training-only screening","Code retained; full wording/short label requires review",4975,"Original labelled categories or source type",NA,NA
"Q817","Q817","Q817","Q817: Regardless of what language you took this survey, how often do you speak [","ICPSR variable label; may be truncated",632,"Survey item or survey routing field",FALSE,"Original questionnaire route / module retained; system NA not interpreted as a substantive answer","System NA: routing, nonresponse or unavailable; labelled responses preserved",2082,"Eligible",TRUE,TRUE,TRUE,"Eligible subject to training-only screening","Code retained; full wording/short label requires review",3955,"Original labelled categories or source type",NA,NA
"Q818","Q818","Q818","Q818: Regardless of what language you took this survey, how often do you speak a","ICPSR variable label; may be truncated",632,"Survey item or survey routing field",FALSE,"Original questionnaire route / module retained; system NA not interpreted as a substantive answer","System NA: routing, nonresponse or unavailable; labelled responses preserved",1785,"Eligible",TRUE,TRUE,TRUE,"Eligible subject to training-only screening","Code retained; full wording/short label requires review",3369,"Original labelled categories or source type",NA,NA
"Q819","Q819","Q819","Q819: How well, if at all, do you speak another Native or Tribal language?","ICPSR variable label; may be truncated",632,"Survey item or survey routing field",FALSE,"Original questionnaire route / module retained; system NA not interpreted as a substantive answer","System NA: routing, nonresponse or unavailable; labelled responses preserved",1771,"Eligible",TRUE,TRUE,TRUE,"Eligible subject to training-only screening","Code retained; full wording/short label requires review",2829,"Original labelled categories or source type",NA,NA
"Q820","Q820","Q820","Q820: Regardless of what language you took this survey, how often do you speak E","ICPSR variable label; may be truncated",633,"Survey item or survey routing field",FALSE,"Original questionnaire route / module retained; system NA not interpreted as a substantive answer","System NA: routing, nonresponse or unavailable; labelled responses preserved",0,"Eligible",TRUE,TRUE,TRUE,"Eligible subject to training-only screening","Code retained; full wording/short label requires review",17545,"Original labelled categories or source type",NA,NA
"QCOND1SPLIT","QCOND1SPLIT","QCOND1SPLIT","qcond1split: holds split for cond1","ICPSR variable label; may be truncated",633,"Administration / derived field",FALSE,"Original questionnaire route / module retained; system NA not interpreted as a substantive answer","System NA: routing, nonresponse or unavailable; labelled responses preserved",2066,"Routing/experiment metadata; joined to response where required",FALSE,FALSE,FALSE,"Routing/experiment metadata; joined to response where required","Code retained; full wording/short label requires review",190,"Original labelled categories or source type",NA,NA
"QCOND2SPLIT","QCOND2SPLIT","QCOND2SPLIT","qcond2split: holds split for cond2","ICPSR variable label; may be truncated",634,"Administration / derived field",FALSE,"Original questionnaire route / module retained; system NA not interpreted as a substantive answer","System NA: routing, nonresponse or unavailable; labelled responses preserved",2074,"Routing/experiment metadata; joined to response where required",FALSE,FALSE,FALSE,"Routing/experiment metadata; joined to response where required","Code retained; full wording/short label requires review",105,"Original labelled categories or source type",NA,NA
"QCOND3SPLIT","QCOND3SPLIT","QCOND3SPLIT","qcond3split: holds split for cond3","ICPSR variable label; may be truncated",634,"Administration / derived field",FALSE,"Original questionnaire route / module retained; system NA not interpreted as a substantive answer","System NA: routing, nonresponse or unavailable; labelled responses preserved",2053,"Routing/experiment metadata; joined to response where required",FALSE,FALSE,FALSE,"Routing/experiment metadata; joined to response where required","Code retained; full wording/short label requires review",217,"Original labelled categories or source type",NA,NA
"QCOND4SPLIT","QCOND4SPLIT","QCOND4SPLIT","qcond4split: holds split for cond4","ICPSR variable label; may be truncated",634,"Administration / derived field",FALSE,"Original questionnaire route / module retained; system NA not interpreted as a substantive answer","System NA: routing, nonresponse or unavailable; labelled responses preserved",2003,"Routing/experiment metadata; joined to response where required",FALSE,FALSE,FALSE,"Routing/experiment metadata; joined to response where required","Code retained; full wording/short label requires review",343,"Original labelled categories or source type",NA,NA
"QCOND5SPLIT","QCOND5SPLIT","QCOND5SPLIT","qcond5split: holds split for cond5","ICPSR variable label; may be truncated",635,"Administration / derived field",FALSE,"Original questionnaire route / module retained; system NA not interpreted as a substantive answer","System NA: routing, nonresponse or unavailable; labelled responses preserved",2066,"Routing/experiment metadata; joined to response where required",FALSE,FALSE,FALSE,"Routing/experiment metadata; joined to response where required","Code retained; full wording/short label requires review",276,"Original labelled categories or source type",NA,NA
"QCOND6SPLIT","QCOND6SPLIT","QCOND6SPLIT","qcond6split: holds split for cond6","ICPSR variable label; may be truncated",635,"Administration / derived field",FALSE,"Original questionnaire route / module retained; system NA not interpreted as a substantive answer","System NA: routing, nonresponse or unavailable; labelled responses preserved",2042,"Routing/experiment metadata; joined to response where required",FALSE,FALSE,FALSE,"Routing/experiment metadata; joined to response where required","Code retained; full wording/short label requires review",638,"Original labelled categories or source type",NA,NA
"QCOND7SPLIT","QCOND7SPLIT","QCOND7SPLIT","qcond7split: holds split for cond7","ICPSR variable label; may be truncated",636,"Administration / derived field",FALSE,"Original questionnaire route / module retained; system NA not interpreted as a substantive answer","System NA: routing, nonresponse or unavailable; labelled responses preserved",2074,"Routing/experiment metadata; joined to response where required",FALSE,FALSE,FALSE,"Routing/experiment metadata; joined to response where required","Code retained; full wording/short label requires review",105,"Original labelled categories or source type",NA,NA
"HOLDCONDR1","HOLDCONDR1","HOLDCONDR1","holdcondr1: transgender men - New Autofill","ICPSR variable label; may be truncated",636,"Administration / derived field",FALSE,"Original questionnaire route / module retained; system NA not interpreted as a substantive answer","System NA: routing, nonresponse or unavailable; labelled responses preserved",0,"Routing/experiment metadata; joined to response where required",FALSE,FALSE,FALSE,"Routing/experiment metadata; joined to response where required","Code retained; full wording/short label requires review",17545,"Original labelled categories or source type",NA,NA
"HOLDCONDR2","HOLDCONDR2","HOLDCONDR2","holdcondr2: transgender women - New Autofill","ICPSR variable label; may be truncated",636,"Administration / derived field",FALSE,"Original questionnaire route / module retained; system NA not interpreted as a substantive answer","System NA: routing, nonresponse or unavailable; labelled responses preserved",0,"Routing/experiment metadata; joined to response where required",FALSE,FALSE,FALSE,"Routing/experiment metadata; joined to response where required","Code retained; full wording/short label requires review",17545,"Original labelled categories or source type",NA,NA
"HOLDCONDR3","HOLDCONDR3","HOLDCONDR3","holdcondr3: Lesbians - New Autofill","ICPSR variable label; may be truncated",636,"Administration / derived field",FALSE,"Original questionnaire route / module retained; system NA not interpreted as a substantive answer","System NA: routing, nonresponse or unavailable; labelled responses preserved",0,"Routing/experiment metadata; joined to response where required",FALSE,FALSE,FALSE,"Routing/experiment metadata; joined to response where required","Code retained; full wording/short label requires review",17545,"Original labelled categories or source type",NA,NA
"HOLDCONDR4","HOLDCONDR4","HOLDCONDR4","holdcondr4: gays - New Autofill","ICPSR variable label; may be truncated",637,"Administration / derived field",FALSE,"Original questionnaire route / module retained; system NA not interpreted as a substantive answer","System NA: routing, nonresponse or unavailable; labelled responses preserved",0,"Routing/experiment metadata; joined to response where required",FALSE,FALSE,FALSE,"Routing/experiment metadata; joined to response where required","Code retained; full wording/short label requires review",17545,"Original labelled categories or source type",NA,NA
"HOLDCONDR5","HOLDCONDR5","HOLDCONDR5","holdcondr5: bisexual men - New Autofill","ICPSR variable label; may be truncated",637,"Administration / derived field",FALSE,"Original questionnaire route / module retained; system NA not interpreted as a substantive answer","System NA: routing, nonresponse or unavailable; labelled responses preserved",0,"Routing/experiment metadata; joined to response where required",FALSE,FALSE,FALSE,"Routing/experiment metadata; joined to response where required","Code retained; full wording/short label requires review",17545,"Original labelled categories or source type",NA,NA
"HOLDCONDR6","HOLDCONDR6","HOLDCONDR6","holdcondr6: bisexuals women - New Autofill","ICPSR variable label; may be truncated",637,"Administration / derived field",FALSE,"Original questionnaire route / module retained; system NA not interpreted as a substantive answer","System NA: routing, nonresponse or unavailable; labelled responses preserved",0,"Routing/experiment metadata; joined to response where required",FALSE,FALSE,FALSE,"Routing/experiment metadata; joined to response where required","Code retained; full wording/short label requires review",17545,"Original labelled categories or source type",NA,NA
"HOLDCONDR7","HOLDCONDR7","HOLDCONDR7","holdcondr7: queer people - New Autofill","ICPSR variable label; may be truncated",638,"Administration / derived field",FALSE,"Original questionnaire route / module retained; system NA not interpreted as a substantive answer","System NA: routing, nonresponse or unavailable; labelled responses preserved",0,"Routing/experiment metadata; joined to response where required",FALSE,FALSE,FALSE,"Routing/experiment metadata; joined to response where required","Code retained; full wording/short label requires review",17545,"Original labelled categories or source type",NA,NA
"HOLDCONDR8","HOLDCONDR8","HOLDCONDR8","holdcondr8: trans people - New Autofill","ICPSR variable label; may be truncated",638,"Administration / derived field",FALSE,"Original questionnaire route / module retained; system NA not interpreted as a substantive answer","System NA: routing, nonresponse or unavailable; labelled responses preserved",0,"Routing/experiment metadata; joined to response where required",FALSE,FALSE,FALSE,"Routing/experiment metadata; joined to response where required","Code retained; full wording/short label requires review",17545,"Original labelled categories or source type",NA,NA
"HOLDCONDR9","HOLDCONDR9","HOLDCONDR9","holdcondr9: gays and lesbians - New Autofill","ICPSR variable label; may be truncated",638,"Administration / derived field",FALSE,"Original questionnaire route / module retained; system NA not interpreted as a substantive answer","System NA: routing, nonresponse or unavailable; labelled responses preserved",0,"Routing/experiment metadata; joined to response where required",FALSE,FALSE,FALSE,"Routing/experiment metadata; joined to response where required","Code retained; full wording/short label requires review",17545,"Original labelled categories or source type",NA,NA
"HOLDCONDR10","HOLDCONDR10","HOLDCONDR10","holdcondr10: gays, lesbians, and bisexuals - New Autofill","ICPSR variable label; may be truncated",639,"Administration / derived field",FALSE,"Original questionnaire route / module retained; system NA not interpreted as a substantive answer","System NA: routing, nonresponse or unavailable; labelled responses preserved",0,"Routing/experiment metadata; joined to response where required",FALSE,FALSE,FALSE,"Routing/experiment metadata; joined to response where required","Code retained; full wording/short label requires review",17545,"Original labelled categories or source type",NA,NA
"HOLDCONDR11","HOLDCONDR11","HOLDCONDR11","holdcondr11: LGBTQ people - New Autofill","ICPSR variable label; may be truncated",639,"Administration / derived field",FALSE,"Original questionnaire route / module retained; system NA not interpreted as a substantive answer","System NA: routing, nonresponse or unavailable; labelled responses preserved",0,"Routing/experiment metadata; joined to response where required",FALSE,FALSE,FALSE,"Routing/experiment metadata; joined to response where required","Code retained; full wording/short label requires review",17545,"Original labelled categories or source type",NA,NA
"HOLDCONDNONE","HOLDCONDNONE","HOLDCONDNONE","holdcondnone: None of These Classifications Apply - New Autofill","ICPSR variable label; may be truncated",639,"Administration / derived field",FALSE,"Original questionnaire route / module retained; system NA not interpreted as a substantive answer","System NA: routing, nonresponse or unavailable; labelled responses preserved",0,"Routing/experiment metadata; joined to response where required",FALSE,FALSE,FALSE,"Routing/experiment metadata; joined to response where required","Code retained; full wording/short label requires review",17545,"Original labelled categories or source type",NA,NA
"QRANDOMSPLIT","QRANDOMSPLIT","QRANDOMSPLIT","qrandomsplit: holds split for rotation","ICPSR variable label; may be truncated",640,"Administration / derived field",FALSE,"Original questionnaire route / module retained; system NA not interpreted as a substantive answer","System NA: routing, nonresponse or unavailable; labelled responses preserved",1902,"Routing/experiment metadata; joined to response where required",FALSE,FALSE,FALSE,"Routing/experiment metadata; joined to response where required","Code retained; full wording/short label requires review",1647,"Original labelled categories or source type",NA,NA
"Q821J","Q821J","Q821J","Q821J: What share of your friends, co-workers, and family members are [pipe: hol","ICPSR variable label; may be truncated",640,"Survey item or survey routing field",FALSE,"Original questionnaire route / module retained; system NA not interpreted as a substantive answer","System NA: routing, nonresponse or unavailable; labelled responses preserved",2049,"Eligible",TRUE,TRUE,TRUE,"Eligible subject to training-only screening","Code retained; full wording/short label requires review",308,"Original labelled categories or source type",NA,NA
"Q825J","Q825J","Q825J","Q825J: How much do you think what happens to [pipe: holdcond] in this country wi","ICPSR variable label; may be truncated",640,"Survey item or survey routing field",FALSE,"Original questionnaire route / module retained; system NA not interpreted as a substantive answer","System NA: routing, nonresponse or unavailable; labelled responses preserved",2049,"Eligible",TRUE,TRUE,TRUE,"Eligible subject to training-only screening","Code retained; full wording/short label requires review",308,"Original labelled categories or source type",NA,NA
"Q822J","Q822J","Q822J","Q822J: How much effort should your state government put into alleviating poverty","ICPSR variable label; may be truncated",641,"Survey item or survey routing field",FALSE,"Original questionnaire route / module retained; system NA not interpreted as a substantive answer","System NA: routing, nonresponse or unavailable; labelled responses preserved",2049,"Eligible",TRUE,TRUE,TRUE,"Eligible subject to training-only screening","Code retained; full wording/short label requires review",308,"Original labelled categories or source type",NA,NA
"Q823J","Q823J","Q823J","Q823J: How much effort should your state government put into reducing discrimina","ICPSR variable label; may be truncated",641,"Survey item or survey routing field",FALSE,"Original questionnaire route / module retained; system NA not interpreted as a substantive answer","System NA: routing, nonresponse or unavailable; labelled responses preserved",2049,"Eligible",TRUE,TRUE,TRUE,"Eligible subject to training-only screening","Code retained; full wording/short label requires review",308,"Original labelled categories or source type",NA,NA
"Q824J","Q824J","Q824J","Q824J: Your state government should officially recognize June as Pride Month.","ICPSR variable label; may be truncated",642,"Survey item or survey routing field",FALSE,"Original questionnaire route / module retained; system NA not interpreted as a substantive answer","System NA: routing, nonresponse or unavailable; labelled responses preserved",2049,"Eligible",TRUE,TRUE,TRUE,"Eligible subject to training-only screening","Code retained; full wording/short label requires review",308,"Original labelled categories or source type",NA,NA
"Q822K","Q822K","Q822K","Q822K: How much effort should your state government put into alleviating poverty","ICPSR variable label; may be truncated",642,"Survey item or survey routing field",FALSE,"Original questionnaire route / module retained; system NA not interpreted as a substantive answer","System NA: routing, nonresponse or unavailable; labelled responses preserved",2048,"Eligible",TRUE,TRUE,TRUE,"Eligible subject to training-only screening","Code retained; full wording/short label requires review",322,"Original labelled categories or source type",NA,NA
"Q825K","Q825K","Q825K","Q825K: How much do you think what happens to [pipe: holdcond] in this country wi","ICPSR variable label; may be truncated",643,"Survey item or survey routing field",FALSE,"Original questionnaire route / module retained; system NA not interpreted as a substantive answer","System NA: routing, nonresponse or unavailable; labelled responses preserved",2048,"Eligible",TRUE,TRUE,TRUE,"Eligible subject to training-only screening","Code retained; full wording/short label requires review",322,"Original labelled categories or source type",NA,NA
"Q821K","Q821K","Q821K","Q821K: What share of your friends, co-workers, and family members are [pipe: hol","ICPSR variable label; may be truncated",643,"Survey item or survey routing field",FALSE,"Original questionnaire route / module retained; system NA not interpreted as a substantive answer","System NA: routing, nonresponse or unavailable; labelled responses preserved",2048,"Eligible",TRUE,TRUE,TRUE,"Eligible subject to training-only screening","Code retained; full wording/short label requires review",322,"Original labelled categories or source type",NA,NA
"Q823K","Q823K","Q823K","Q823K: How much effort should your state government put into reducing discrimina","ICPSR variable label; may be truncated",643,"Survey item or survey routing field",FALSE,"Original questionnaire route / module retained; system NA not interpreted as a substantive answer","System NA: routing, nonresponse or unavailable; labelled responses preserved",2048,"Eligible",TRUE,TRUE,TRUE,"Eligible subject to training-only screening","Code retained; full wording/short label requires review",322,"Original labelled categories or source type",NA,NA
"Q824K","Q824K","Q824K","Q824K: Your state government should officially recognize June as Pride Month.","ICPSR variable label; may be truncated",644,"Survey item or survey routing field",FALSE,"Original questionnaire route / module retained; system NA not interpreted as a substantive answer","System NA: routing, nonresponse or unavailable; labelled responses preserved",2048,"Eligible",TRUE,TRUE,TRUE,"Eligible subject to training-only screening","Code retained; full wording/short label requires review",322,"Original labelled categories or source type",NA,NA
"Q823L","Q823L","Q823L","Q823L: How much effort should your state government put into reducing discrimina","ICPSR variable label; may be truncated",644,"Survey item or survey routing field",FALSE,"Original questionnaire route / module retained; system NA not interpreted as a substantive answer","System NA: routing, nonresponse or unavailable; labelled responses preserved",2045,"Eligible",TRUE,TRUE,TRUE,"Eligible subject to training-only screening","Code retained; full wording/short label requires review",336,"Original labelled categories or source type",NA,NA
"Q825L","Q825L","Q825L","Q825L: How much do you think what happens to [pipe: holdcond] in this country wi","ICPSR variable label; may be truncated",645,"Survey item or survey routing field",FALSE,"Original questionnaire route / module retained; system NA not interpreted as a substantive answer","System NA: routing, nonresponse or unavailable; labelled responses preserved",2045,"Eligible",TRUE,TRUE,TRUE,"Eligible subject to training-only screening","Code retained; full wording/short label requires review",336,"Original labelled categories or source type",NA,NA
"Q821L","Q821L","Q821L","Q821L: What share of your friends, co-workers, and family members are [pipe: hol","ICPSR variable label; may be truncated",645,"Survey item or survey routing field",FALSE,"Original questionnaire route / module retained; system NA not interpreted as a substantive answer","System NA: routing, nonresponse or unavailable; labelled responses preserved",2045,"Eligible",TRUE,TRUE,TRUE,"Eligible subject to training-only screening","Code retained; full wording/short label requires review",336,"Original labelled categories or source type",NA,NA
"Q822L","Q822L","Q822L","Q822L: How much effort should your state government put into alleviating poverty","ICPSR variable label; may be truncated",646,"Survey item or survey routing field",FALSE,"Original questionnaire route / module retained; system NA not interpreted as a substantive answer","System NA: routing, nonresponse or unavailable; labelled responses preserved",2045,"Eligible",TRUE,TRUE,TRUE,"Eligible subject to training-only screening","Code retained; full wording/short label requires review",336,"Original labelled categories or source type",NA,NA
"Q824L","Q824L","Q824L","Q824L: Your state government should officially recognize June as Pride Month.","ICPSR variable label; may be truncated",646,"Survey item or survey routing field",FALSE,"Original questionnaire route / module retained; system NA not interpreted as a substantive answer","System NA: routing, nonresponse or unavailable; labelled responses preserved",2045,"Eligible",TRUE,TRUE,TRUE,"Eligible subject to training-only screening","Code retained; full wording/short label requires review",336,"Original labelled categories or source type",NA,NA
"Q824M","Q824M","Q824M","Q824M: Your state government should officially recognize June as Pride Month.","ICPSR variable label; may be truncated",647,"Survey item or survey routing field",FALSE,"Original questionnaire route / module retained; system NA not interpreted as a substantive answer","System NA: routing, nonresponse or unavailable; labelled responses preserved",2041,"Eligible",TRUE,TRUE,TRUE,"Eligible subject to training-only screening","Code retained; full wording/short label requires review",333,"Original labelled categories or source type",NA,NA
"Q825M","Q825M","Q825M","Q825M: How much do you think what happens to [pipe: holdcond] in this country wi","ICPSR variable label; may be truncated",647,"Survey item or survey routing field",FALSE,"Original questionnaire route / module retained; system NA not interpreted as a substantive answer","System NA: routing, nonresponse or unavailable; labelled responses preserved",2041,"Eligible",TRUE,TRUE,TRUE,"Eligible subject to training-only screening","Code retained; full wording/short label requires review",333,"Original labelled categories or source type",NA,NA
"Q821M","Q821M","Q821M","Q821M: What share of your friends, co-workers, and family members are [pipe: hol","ICPSR variable label; may be truncated",647,"Survey item or survey routing field",FALSE,"Original questionnaire route / module retained; system NA not interpreted as a substantive answer","System NA: routing, nonresponse or unavailable; labelled responses preserved",2041,"Eligible",TRUE,TRUE,TRUE,"Eligible subject to training-only screening","Code retained; full wording/short label requires review",333,"Original labelled categories or source type",NA,NA
"Q822M","Q822M","Q822M","Q822M: How much effort should your state government put into alleviating poverty","ICPSR variable label; may be truncated",648,"Survey item or survey routing field",FALSE,"Original questionnaire route / module retained; system NA not interpreted as a substantive answer","System NA: routing, nonresponse or unavailable; labelled responses preserved",2041,"Eligible",TRUE,TRUE,TRUE,"Eligible subject to training-only screening","Code retained; full wording/short label requires review",333,"Original labelled categories or source type",NA,NA
"Q823M","Q823M","Q823M","Q823M: How much effort should your state government put into reducing discrimina","ICPSR variable label; may be truncated",648,"Survey item or survey routing field",FALSE,"Original questionnaire route / module retained; system NA not interpreted as a substantive answer","System NA: routing, nonresponse or unavailable; labelled responses preserved",2041,"Eligible",TRUE,TRUE,TRUE,"Eligible subject to training-only screening","Code retained; full wording/short label requires review",333,"Original labelled categories or source type",NA,NA
"Q825N","Q825N","Q825N","Q825N: How much do you think what happens to [pipe: holdcond] in this country wi","ICPSR variable label; may be truncated",649,"Survey item or survey routing field",FALSE,"Original questionnaire route / module retained; system NA not interpreted as a substantive answer","System NA: routing, nonresponse or unavailable; labelled responses preserved",2047,"Eligible",TRUE,TRUE,TRUE,"Eligible subject to training-only screening","Code retained; full wording/short label requires review",348,"Original labelled categories or source type",NA,NA
"Q821N","Q821N","Q821N","Q821N: What share of your friends, co-workers, and family members are [pipe: hol","ICPSR variable label; may be truncated",649,"Survey item or survey routing field",FALSE,"Original questionnaire route / module retained; system NA not interpreted as a substantive answer","System NA: routing, nonresponse or unavailable; labelled responses preserved",2047,"Eligible",TRUE,TRUE,TRUE,"Eligible subject to training-only screening","Code retained; full wording/short label requires review",348,"Original labelled categories or source type",NA,NA
"Q822N","Q822N","Q822N","Q822N: How much effort should your state government put into alleviating poverty","ICPSR variable label; may be truncated",650,"Survey item or survey routing field",FALSE,"Original questionnaire route / module retained; system NA not interpreted as a substantive answer","System NA: routing, nonresponse or unavailable; labelled responses preserved",2047,"Eligible",TRUE,TRUE,TRUE,"Eligible subject to training-only screening","Code retained; full wording/short label requires review",348,"Original labelled categories or source type",NA,NA
"Q823N","Q823N","Q823N","Q823N: How much effort should your state government put into reducing discrimina","ICPSR variable label; may be truncated",650,"Survey item or survey routing field",FALSE,"Original questionnaire route / module retained; system NA not interpreted as a substantive answer","System NA: routing, nonresponse or unavailable; labelled responses preserved",2047,"Eligible",TRUE,TRUE,TRUE,"Eligible subject to training-only screening","Code retained; full wording/short label requires review",348,"Original labelled categories or source type",NA,NA
"Q824N","Q824N","Q824N","Q824N: Your state government should officially recognize June as Pride Month.","ICPSR variable label; may be truncated",650,"Survey item or survey routing field",FALSE,"Original questionnaire route / module retained; system NA not interpreted as a substantive answer","System NA: routing, nonresponse or unavailable; labelled responses preserved",2047,"Eligible",TRUE,TRUE,TRUE,"Eligible subject to training-only screening","Code retained; full wording/short label requires review",348,"Original labelled categories or source type",NA,NA
"Q821","Q821","Q821","Q821: What share of your friends, co-workers, and family members are [pipe: hold","ICPSR variable label; may be truncated",651,"Survey item or survey routing field",FALSE,"Original questionnaire route / module retained; system NA not interpreted as a substantive answer","System NA: routing, nonresponse or unavailable; labelled responses preserved",1902,"Eligible",TRUE,TRUE,TRUE,"Eligible subject to training-only screening","Code retained; full wording/short label requires review",1647,"Original labelled categories or source type",NA,NA
"Q822","Q822","Q822","Q822: How much effort should your state government put into alleviating poverty","ICPSR variable label; may be truncated",651,"Survey item or survey routing field",FALSE,"Original questionnaire route / module retained; system NA not interpreted as a substantive answer","System NA: routing, nonresponse or unavailable; labelled responses preserved",1902,"Eligible",TRUE,TRUE,TRUE,"Eligible subject to training-only screening","Code retained; full wording/short label requires review",1647,"Original labelled categories or source type",NA,NA
"Q823","Q823","Q823","Q823: How much effort should your state government put into reducing discriminat","ICPSR variable label; may be truncated",652,"Survey item or survey routing field",FALSE,"Original questionnaire route / module retained; system NA not interpreted as a substantive answer","System NA: routing, nonresponse or unavailable; labelled responses preserved",1902,"Eligible",TRUE,TRUE,TRUE,"Eligible subject to training-only screening","Code retained; full wording/short label requires review",1647,"Original labelled categories or source type",NA,NA
"Q824","Q824","Q824","Q824: Your state government should officially recognize June as Pride Month.","ICPSR variable label; may be truncated",652,"Survey item or survey routing field",FALSE,"Original questionnaire route / module retained; system NA not interpreted as a substantive answer","System NA: routing, nonresponse or unavailable; labelled responses preserved",1902,"Eligible",TRUE,TRUE,TRUE,"Eligible subject to training-only screening","Code retained; full wording/short label requires review",1647,"Original labelled categories or source type",NA,NA
"Q825","Q825","Q825","Q825: How much do you think what happens to [pipe: holdcond] in this country wil","ICPSR variable label; may be truncated",653,"Survey item or survey routing field",FALSE,"Original questionnaire route / module retained; system NA not interpreted as a substantive answer","System NA: routing, nonresponse or unavailable; labelled responses preserved",2082,"Eligible",TRUE,TRUE,TRUE,"Eligible subject to training-only screening","Code retained; full wording/short label requires review",0,"Continuous quantity / allocation",NA,NA
"Q826R1","Q826","Q826R1","Q826r1: Family - To which of these groups have you disclosed your LGBTQ identity","ICPSR variable label; may be truncated",653,"Survey item or survey routing field",FALSE,"LGBTQ-targeted module; Original questionnaire route / module retained; system NA not interpreted as a substantive answer","System NA: routing, nonresponse or unavailable; labelled responses preserved",1902,"Eligible",TRUE,TRUE,TRUE,"Eligible subject to training-only screening","Code retained; full wording/short label requires review",1647,"Original labelled categories or source type",NA,NA
"Q826R2","Q826","Q826R2","Q826r2: Friends - To which of these groups have you disclosed your LGBTQ identit","ICPSR variable label; may be truncated",653,"Survey item or survey routing field",FALSE,"LGBTQ-targeted module; Original questionnaire route / module retained; system NA not interpreted as a substantive answer","System NA: routing, nonresponse or unavailable; labelled responses preserved",1902,"Eligible",TRUE,TRUE,TRUE,"Eligible subject to training-only screening","Code retained; full wording/short label requires review",1647,"Original labelled categories or source type",NA,NA
"Q826R3","Q826","Q826R3","Q826r3: Co-workers - To which of these groups have you disclosed your LGBTQ iden","ICPSR variable label; may be truncated",654,"Survey item or survey routing field",FALSE,"LGBTQ-targeted module; Original questionnaire route / module retained; system NA not interpreted as a substantive answer","System NA: routing, nonresponse or unavailable; labelled responses preserved",1902,"Eligible",TRUE,TRUE,TRUE,"Eligible subject to training-only screening","Code retained; full wording/short label requires review",1647,"Original labelled categories or source type",NA,NA
"Q826R4","Q826","Q826R4","Q826r4: Social media - To which of these groups have you disclosed your LGBTQ id","ICPSR variable label; may be truncated",654,"Survey item or survey routing field",FALSE,"LGBTQ-targeted module; Original questionnaire route / module retained; system NA not interpreted as a substantive answer","System NA: routing, nonresponse or unavailable; labelled responses preserved",1902,"Eligible",TRUE,TRUE,TRUE,"Eligible subject to training-only screening","Code retained; full wording/short label requires review",1647,"Original labelled categories or source type",NA,NA
"Q826R5","Q826","Q826R5","Q826r5: Everyone - To which of these groups have you disclosed your LGBTQ identi","ICPSR variable label; may be truncated",654,"Survey item or survey routing field",FALSE,"LGBTQ-targeted module; Original questionnaire route / module retained; system NA not interpreted as a substantive answer","System NA: routing, nonresponse or unavailable; labelled responses preserved",1902,"Eligible",TRUE,TRUE,TRUE,"Eligible subject to training-only screening","Code retained; full wording/short label requires review",1647,"Original labelled categories or source type",NA,NA
"Q826R7","Q826","Q826R7","Q826r7: Management at my place of employment - To which of these groups have you","ICPSR variable label; may be truncated",655,"Survey item or survey routing field",FALSE,"LGBTQ-targeted module; Original questionnaire route / module retained; system NA not interpreted as a substantive answer","System NA: routing, nonresponse or unavailable; labelled responses preserved",1902,"Eligible",TRUE,TRUE,TRUE,"Eligible subject to training-only screening","Code retained; full wording/short label requires review",1647,"Original labelled categories or source type",NA,NA
"Q826R6","Q826","Q826R6","Q826r6: No one - To which of these groups have you disclosed your LGBTQ identity","ICPSR variable label; may be truncated",655,"Survey item or survey routing field",FALSE,"LGBTQ-targeted module; Original questionnaire route / module retained; system NA not interpreted as a substantive answer","System NA: routing, nonresponse or unavailable; labelled responses preserved",1902,"Eligible",TRUE,TRUE,TRUE,"Eligible subject to training-only screening","Code retained; full wording/short label requires review",1647,"Original labelled categories or source type",NA,NA
"Q826A","Q826A","Q826A","Q826a: Did a parent assist you with completing this survey?","ICPSR variable label; may be truncated",656,"Survey item or survey routing field",FALSE,"Original questionnaire route / module retained; system NA not interpreted as a substantive answer","System NA: routing, nonresponse or unavailable; labelled responses preserved",2082,"Eligible",TRUE,TRUE,TRUE,"Eligible subject to training-only screening","Code retained; full wording/short label requires review",0,"Continuous quantity / allocation",NA,NA
"SCREENTIMESCM6T","SCREENTIMESCM6T","SCREENTIMESCM6T","ScreenTimescm6t: cm6 - Screen times in seconds","ICPSR variable label; may be truncated",656,"Administration / derived field",FALSE,"Original questionnaire route / module retained; system NA not interpreted as a substantive answer","System NA: routing, nonresponse or unavailable; labelled responses preserved",196,"Outcome, selection, administration, weights or duplicate",FALSE,FALSE,FALSE,"Outcome, selection, administration, weights or duplicate","Code retained; full wording/short label requires review",14288,"Original labelled categories or source type",NA,NA
"QTIME","QTIME","QTIME","qtime: Total Interview Time","ICPSR variable label; may be truncated",656,"Administration / derived field",FALSE,"Original questionnaire route / module retained; system NA not interpreted as a substantive answer","System NA: routing, nonresponse or unavailable; labelled responses preserved",0,"Outcome, selection, administration, weights or duplicate",FALSE,FALSE,FALSE,"Outcome, selection, administration, weights or duplicate","Code retained; full wording/short label requires review",17545,"Original labelled categories or source type",NA,NA
"VOS","VOS","VOS","vos: Operating System","ICPSR variable label; may be truncated",656,"Administration / derived field",FALSE,"Original questionnaire route / module retained; system NA not interpreted as a substantive answer","System NA: routing, nonresponse or unavailable; labelled responses preserved",0,"Outcome, selection, administration, weights or duplicate",FALSE,FALSE,FALSE,"Outcome, selection, administration, weights or duplicate","Code retained; full wording/short label requires review",17545,"Original labelled categories or source type",NA,NA
"VBROWSER","VBROWSER","VBROWSER","vbrowser: Browser","ICPSR variable label; may be truncated",657,"Administration / derived field",FALSE,"Original questionnaire route / module retained; system NA not interpreted as a substantive answer","System NA: routing, nonresponse or unavailable; labelled responses preserved",0,"Outcome, selection, administration, weights or duplicate",FALSE,FALSE,FALSE,"Outcome, selection, administration, weights or duplicate","Code retained; full wording/short label requires review",17545,"Original labelled categories or source type",NA,NA
"VMOBILEDEVICE","VMOBILEDEVICE","VMOBILEDEVICE","vmobiledevice: Mobile device category","ICPSR variable label; may be truncated",658,"Administration / derived field",FALSE,"Original questionnaire route / module retained; system NA not interpreted as a substantive answer","System NA: routing, nonresponse or unavailable; labelled responses preserved",0,"Outcome, selection, administration, weights or duplicate",FALSE,FALSE,FALSE,"Outcome, selection, administration, weights or duplicate","Code retained; full wording/short label requires review",17545,"Original labelled categories or source type",NA,NA
"VMOBILEOS","VMOBILEOS","VMOBILEOS","vmobileos: Mobile OS","ICPSR variable label; may be truncated",658,"Administration / derived field",FALSE,"Original questionnaire route / module retained; system NA not interpreted as a substantive answer","System NA: routing, nonresponse or unavailable; labelled responses preserved",0,"Outcome, selection, administration, weights or duplicate",FALSE,FALSE,FALSE,"Outcome, selection, administration, weights or duplicate","Code retained; full wording/short label requires review",17545,"Original labelled categories or source type",NA,NA
"START_DATE","START_DATE","START_DATE","start_date: Survey start time","ICPSR variable label; may be truncated",658,"Administration / derived field",FALSE,"Original questionnaire route / module retained; system NA not interpreted as a substantive answer","System NA: routing, nonresponse or unavailable; labelled responses preserved",0,"Outcome, selection, administration, weights or duplicate",FALSE,FALSE,FALSE,"Outcome, selection, administration, weights or duplicate","Code retained; full wording/short label requires review",17545,"Original labelled categories or source type",NA,NA
"RACE","RACE","RACE","Primary race","ICPSR variable label; may be truncated",659,"Administration / derived field",FALSE,"Original questionnaire route / module retained; system NA not interpreted as a substantive answer","System NA: routing, nonresponse or unavailable; labelled responses preserved",0,"Outcome, selection, administration, weights or duplicate",FALSE,FALSE,FALSE,"Outcome, selection, administration, weights or duplicate","Code retained; full wording/short label requires review",16143,"Original labelled categories or source type",NA,NA
"WEIGHT","WEIGHT","WEIGHT","Primary sample weights ONLY","ICPSR variable label; may be truncated",659,"Administration / derived field",FALSE,"Original questionnaire route / module retained; system NA not interpreted as a substantive answer","System NA: routing, nonresponse or unavailable; labelled responses preserved",0,"Outcome, selection, administration, weights or duplicate",FALSE,FALSE,FALSE,"Outcome, selection, administration, weights or duplicate","Code retained; full wording/short label requires review",17545,"Original labelled categories or source type",NA,NA
"BASELINE","BASELINE","BASELINE","Sept 1 2021 release","ICPSR variable label; may be truncated",661,"Administration / derived field",FALSE,"Original questionnaire route / module retained; system NA not interpreted as a substantive answer","System NA: routing, nonresponse or unavailable; labelled responses preserved",0,"Outcome, selection, administration, weights or duplicate",FALSE,FALSE,FALSE,"Outcome, selection, administration, weights or duplicate","Code retained; full wording/short label requires review",17545,"Original labelled categories or source type",NA,NA
"MENA_MUSLIM","MENA_MUSLIM","MENA_MUSLIM","MENA / MUSLIM","ICPSR variable label; may be truncated",661,"Administration / derived field",FALSE,"Original questionnaire route / module retained; system NA not interpreted as a substantive answer","System NA: routing, nonresponse or unavailable; labelled responses preserved",0,"Outcome, selection, administration, weights or duplicate",FALSE,FALSE,FALSE,"Outcome, selection, administration, weights or duplicate","Code retained; full wording/short label requires review",17545,"Original labelled categories or source type",NA,NA
"HAWAII_PI","HAWAII_PI","HAWAII_PI","Hawaiian Pacific Islander","ICPSR variable label; may be truncated",661,"Administration / derived field",FALSE,"Original questionnaire route / module retained; system NA not interpreted as a substantive answer","System NA: routing, nonresponse or unavailable; labelled responses preserved",0,"Outcome, selection, administration, weights or duplicate",FALSE,FALSE,FALSE,"Outcome, selection, administration, weights or duplicate","Code retained; full wording/short label requires review",17545,"Original labelled categories or source type",NA,NA
"LGBTQ","LGBTQ","LGBTQ","LGBTQ","ICPSR variable label; may be truncated",662,"Administration / derived field",FALSE,"Original questionnaire route / module retained; system NA not interpreted as a substantive answer","System NA: routing, nonresponse or unavailable; labelled responses preserved",0,"Outcome, selection, administration, weights or duplicate",FALSE,FALSE,FALSE,"Outcome, selection, administration, weights or duplicate","Code retained; full wording/short label requires review",17545,"Original labelled categories or source type",NA,NA
"AFROLAT","AFROLAT","AFROLAT","Afro-Latino","ICPSR variable label; may be truncated",662,"Administration / derived field",FALSE,"Original questionnaire route / module retained; system NA not interpreted as a substantive answer","System NA: routing, nonresponse or unavailable; labelled responses preserved",0,"Outcome, selection, administration, weights or duplicate",FALSE,FALSE,FALSE,"Outcome, selection, administration, weights or duplicate","Code retained; full wording/short label requires review",17545,"Original labelled categories or source type",NA,NA
"BLACKIMM","BLACKIMM","BLACKIMM","Black Immigrant ancestry","ICPSR variable label; may be truncated",662,"Administration / derived field",FALSE,"Original questionnaire route / module retained; system NA not interpreted as a substantive answer","System NA: routing, nonresponse or unavailable; labelled responses preserved",0,"Outcome, selection, administration, weights or duplicate",FALSE,FALSE,FALSE,"Outcome, selection, administration, weights or duplicate","Code retained; full wording/short label requires review",17545,"Original labelled categories or source type",NA,NA
"NATIVEAM","NATIVEAM","NATIVEAM","American Indian","ICPSR variable label; may be truncated",663,"Administration / derived field",FALSE,"Original questionnaire route / module retained; system NA not interpreted as a substantive answer","System NA: routing, nonresponse or unavailable; labelled responses preserved",0,"Outcome, selection, administration, weights or duplicate",FALSE,FALSE,FALSE,"Outcome, selection, administration, weights or duplicate","Code retained; full wording/short label requires review",17545,"Original labelled categories or source type",NA,NA
"OS_WEIGHT","OS_WEIGHT","OS_WEIGHT","Oversample weight","ICPSR variable label; may be truncated",663,"Administration / derived field",FALSE,"Original questionnaire route / module retained; system NA not interpreted as a substantive answer","System NA: routing, nonresponse or unavailable; labelled responses preserved",0,"Outcome, selection, administration, weights or duplicate",FALSE,FALSE,FALSE,"Outcome, selection, administration, weights or duplicate","Code retained; full wording/short label requires review",17545,"Original labelled categories or source type",NA,NA
