"run","variable"
"diagnostic_202001_forest_FALSE","S1"
"diagnostic_202001_forest_FALSE","S2_RACER1"
"diagnostic_202001_forest_FALSE","S2_RACER3"
"diagnostic_202001_forest_FALSE","S2_RACE_PRIME"
"diagnostic_202001_forest_FALSE","S2_NATIVER1"
"diagnostic_202001_forest_FALSE","S2_NATIVER2"
"diagnostic_202001_forest_FALSE","S2_NATIVER3"
"diagnostic_202001_forest_FALSE","S2_NATIVER4"
"diagnostic_202001_forest_FALSE","S2_NATIVER5"
"diagnostic_202001_forest_FALSE","S2_AFROLATR1"
"diagnostic_202001_forest_FALSE","S2_AFROLATR2"
"diagnostic_202001_forest_FALSE","S2_AFROLATR3"
"diagnostic_202001_forest_FALSE","S2_AFROLATR4"
"diagnostic_202001_forest_FALSE","S2_AFROLATR5"
"diagnostic_202001_forest_FALSE","S3"
"diagnostic_202001_forest_FALSE","S3B"
"diagnostic_202001_forest_FALSE","S3C"
"diagnostic_202001_forest_FALSE","S4"
"diagnostic_202001_forest_FALSE","S5"
"diagnostic_202001_forest_FALSE","S7"
"diagnostic_202001_forest_FALSE","S10"
"diagnostic_202001_forest_FALSE","S10_MEX"
"diagnostic_202001_forest_FALSE","S11"
"diagnostic_202001_forest_FALSE","S2_M"
"diagnostic_202001_forest_FALSE","S13"
"diagnostic_202001_forest_FALSE","S14"
"diagnostic_202001_forest_FALSE","Q58R1"
"diagnostic_202001_forest_FALSE","Q58R2"
"diagnostic_202001_forest_FALSE","Q58R3"
"diagnostic_202001_forest_FALSE","Q58R4"
"diagnostic_202001_forest_FALSE","Q58R5"
"diagnostic_202001_forest_FALSE","Q58R6"
"diagnostic_202001_forest_FALSE","Q58R7"
"diagnostic_202001_forest_FALSE","Q58R8"
"diagnostic_202001_forest_FALSE","Q58R9"
"diagnostic_202001_forest_FALSE","Q58R10"
"diagnostic_202001_forest_FALSE","Q58R11"
"diagnostic_202001_forest_FALSE","Q58R12"
"diagnostic_202001_forest_FALSE","Q58R13"
"diagnostic_202001_forest_FALSE","Q58R14"
"diagnostic_202001_forest_FALSE","Q58R15"
"diagnostic_202001_forest_FALSE","Q58R16"
"diagnostic_202001_forest_FALSE","Q58R17"
"diagnostic_202001_forest_FALSE","Q1R1"
"diagnostic_202001_forest_FALSE","Q1R2"
"diagnostic_202001_forest_FALSE","Q1R3"
"diagnostic_202001_forest_FALSE","Q1R4"
"diagnostic_202001_forest_FALSE","Q1R5"
"diagnostic_202001_forest_FALSE","Q1R6"
"diagnostic_202001_forest_FALSE","Q1R7"
"diagnostic_202001_forest_FALSE","Q1R8"
"diagnostic_202001_forest_FALSE","Q1R9"
"diagnostic_202001_forest_FALSE","Q1R10"
"diagnostic_202001_forest_FALSE","Q1R11"
"diagnostic_202001_forest_FALSE","Q1R12"
"diagnostic_202001_forest_FALSE","Q1R13"
"diagnostic_202001_forest_FALSE","Q1R14"
"diagnostic_202001_forest_FALSE","Q1R15"
"diagnostic_202001_forest_FALSE","Q1R16"
"diagnostic_202001_forest_FALSE","Q1R17"
"diagnostic_202001_forest_FALSE","Q1R18"
"diagnostic_202001_forest_FALSE","Q1R19"
"diagnostic_202001_forest_FALSE","Q1R20"
"diagnostic_202001_forest_FALSE","Q1R21"
"diagnostic_202001_forest_FALSE","Q1R22"
"diagnostic_202001_forest_FALSE","Q1R23"
"diagnostic_202001_forest_FALSE","Q2R1"
"diagnostic_202001_forest_FALSE","Q2R2"
"diagnostic_202001_forest_FALSE","Q2R3"
"diagnostic_202001_forest_FALSE","Q2R4"
"diagnostic_202001_forest_FALSE","Q2R5"
"diagnostic_202001_forest_FALSE","Q2R6"
"diagnostic_202001_forest_FALSE","Q2R7"
"diagnostic_202001_forest_FALSE","Q2R8"
"diagnostic_202001_forest_FALSE","Q2R9"
"diagnostic_202001_forest_FALSE","Q2R10"
"diagnostic_202001_forest_FALSE","Q13"
"diagnostic_202001_forest_FALSE","Q15"
"diagnostic_202001_forest_FALSE","Q16"
"diagnostic_202001_forest_FALSE","Q17"
"diagnostic_202001_forest_FALSE","Q20"
"diagnostic_202001_forest_FALSE","Q21"
"diagnostic_202001_forest_FALSE","Q22"
"diagnostic_202001_forest_FALSE","Q23"
"diagnostic_202001_forest_FALSE","Q24"
"diagnostic_202001_forest_FALSE","Q25"
"diagnostic_202001_forest_FALSE","Q26"
"diagnostic_202001_forest_FALSE","Q27R1"
"diagnostic_202001_forest_FALSE","Q27R2"
"diagnostic_202001_forest_FALSE","Q27R3"
"diagnostic_202001_forest_FALSE","Q27R4"
"diagnostic_202001_forest_FALSE","Q27R5"
"diagnostic_202001_forest_FALSE","Q27R6"
"diagnostic_202001_forest_FALSE","Q27R7"
"diagnostic_202001_forest_FALSE","Q27R8"
"diagnostic_202001_forest_FALSE","Q27R9"
"diagnostic_202001_forest_FALSE","Q27R10"
"diagnostic_202001_forest_FALSE","Q27R11"
"diagnostic_202001_forest_FALSE","Q27R12"
"diagnostic_202001_forest_FALSE","Q27R13"
"diagnostic_202001_forest_FALSE","Q27R14"
"diagnostic_202001_forest_FALSE","Q27R15"
"diagnostic_202001_forest_FALSE","Q27R16"
"diagnostic_202001_forest_FALSE","Q27R17"
"diagnostic_202001_forest_FALSE","Q27R18"
"diagnostic_202001_forest_FALSE","Q27R19"
"diagnostic_202001_forest_FALSE","Q28R1"
"diagnostic_202001_forest_FALSE","Q28R2"
"diagnostic_202001_forest_FALSE","Q28R3"
"diagnostic_202001_forest_FALSE","Q28R4"
"diagnostic_202001_forest_FALSE","Q28R5"
"diagnostic_202001_forest_FALSE","Q28R6"
"diagnostic_202001_forest_FALSE","Q28R7"
"diagnostic_202001_forest_FALSE","Q28R8"
"diagnostic_202001_forest_FALSE","Q28R9"
"diagnostic_202001_forest_FALSE","Q28R10"
"diagnostic_202001_forest_FALSE","Q28R11"
"diagnostic_202001_forest_FALSE","Q28R12"
"diagnostic_202001_forest_FALSE","Q28R13"
"diagnostic_202001_forest_FALSE","Q28R14"
"diagnostic_202001_forest_FALSE","Q28R15"
"diagnostic_202001_forest_FALSE","Q28R16"
"diagnostic_202001_forest_FALSE","Q28R17"
"diagnostic_202001_forest_FALSE","Q28R18"
"diagnostic_202001_forest_FALSE","Q28R19"
"diagnostic_202001_forest_FALSE","Q29"
"diagnostic_202001_forest_FALSE","Q30"
"diagnostic_202001_forest_FALSE","Q31"
"diagnostic_202001_forest_FALSE","Q32R1"
"diagnostic_202001_forest_FALSE","Q32R2"
"diagnostic_202001_forest_FALSE","Q32R3"
"diagnostic_202001_forest_FALSE","Q32R4"
"diagnostic_202001_forest_FALSE","Q32R5"
"diagnostic_202001_forest_FALSE","Q32R6"
"diagnostic_202001_forest_FALSE","Q32R7"
"diagnostic_202001_forest_FALSE","Q32R8"
"diagnostic_202001_forest_FALSE","Q32R9"
"diagnostic_202001_forest_FALSE","Q33R1"
"diagnostic_202001_forest_FALSE","Q33R2"
"diagnostic_202001_forest_FALSE","Q33R3"
"diagnostic_202001_forest_FALSE","Q33R4"
"diagnostic_202001_forest_FALSE","Q33R5"
"diagnostic_202001_forest_FALSE","Q38R1"
"diagnostic_202001_forest_FALSE","Q38R2"
"diagnostic_202001_forest_FALSE","Q38R3"
"diagnostic_202001_forest_FALSE","Q38R4"
"diagnostic_202001_forest_FALSE","Q39R1"
"diagnostic_202001_forest_FALSE","Q39R2"
"diagnostic_202001_forest_FALSE","Q39R3"
"diagnostic_202001_forest_FALSE","Q39R4"
"diagnostic_202001_forest_FALSE","Q39R5"
"diagnostic_202001_forest_FALSE","Q39R6"
"diagnostic_202001_forest_FALSE","Q39R7"
"diagnostic_202001_forest_FALSE","Q40"
"diagnostic_202001_forest_FALSE","Q41R1"
"diagnostic_202001_forest_FALSE","Q41R2"
"diagnostic_202001_forest_FALSE","Q41R3"
"diagnostic_202001_forest_FALSE","Q41R4"
"diagnostic_202001_forest_FALSE","Q42"
"diagnostic_202001_forest_FALSE","Q43"
"diagnostic_202001_forest_FALSE","Q44"
"diagnostic_202001_forest_FALSE","Q45"
"diagnostic_202001_forest_FALSE","Q46"
"diagnostic_202001_forest_FALSE","Q47"
"diagnostic_202001_forest_FALSE","Q48"
"diagnostic_202001_forest_FALSE","Q49"
"diagnostic_202001_forest_FALSE","Q50"
"diagnostic_202001_forest_FALSE","Q51"
"diagnostic_202001_forest_FALSE","Q52"
"diagnostic_202001_forest_FALSE","Q53"
"diagnostic_202001_forest_FALSE","Q54"
"diagnostic_202001_forest_FALSE","Q55"
"diagnostic_202001_forest_FALSE","Q56"
"diagnostic_202001_forest_FALSE","Q57"
"diagnostic_202001_forest_FALSE","Q59"
"diagnostic_202001_forest_FALSE","Q60R1"
"diagnostic_202001_forest_FALSE","Q60R2"
"diagnostic_202001_forest_FALSE","Q60R3"
"diagnostic_202001_forest_FALSE","Q60R4"
"diagnostic_202001_forest_FALSE","Q60R5"
"diagnostic_202001_forest_FALSE","Q60R6"
"diagnostic_202001_forest_FALSE","Q61"
"diagnostic_202001_forest_FALSE","Q62R1"
"diagnostic_202001_forest_FALSE","Q62R2"
"diagnostic_202001_forest_FALSE","Q62R3"
"diagnostic_202001_forest_FALSE","Q62R4"
"diagnostic_202001_forest_FALSE","Q62R5"
"diagnostic_202001_forest_FALSE","NEWQ67"
"diagnostic_202001_forest_FALSE","Q67"
"diagnostic_202001_forest_FALSE","Q68"
"diagnostic_202001_forest_FALSE","Q69"
"diagnostic_202001_forest_FALSE","Q70R1"
"diagnostic_202001_forest_FALSE","Q70R2"
"diagnostic_202001_forest_FALSE","Q70R3"
"diagnostic_202001_forest_FALSE","Q70R4"
"diagnostic_202001_forest_FALSE","Q70R5"
"diagnostic_202001_forest_FALSE","Q75"
"diagnostic_202001_forest_FALSE","Q76R1"
"diagnostic_202001_forest_FALSE","Q76R2"
"diagnostic_202001_forest_FALSE","Q76R3"
"diagnostic_202001_forest_FALSE","Q76R4"
"diagnostic_202001_forest_FALSE","Q76R5"
"diagnostic_202001_forest_FALSE","Q76R6"
"diagnostic_202001_forest_FALSE","Q77R1"
"diagnostic_202001_forest_FALSE","Q77R2"
"diagnostic_202001_forest_FALSE","Q77R3"
"diagnostic_202001_forest_FALSE","Q77R4"
"diagnostic_202001_forest_FALSE","Q77R5"
"diagnostic_202001_forest_FALSE","Q77R6"
"diagnostic_202001_forest_FALSE","Q77R7"
"diagnostic_202001_forest_FALSE","Q77R8"
"diagnostic_202001_forest_FALSE","Q77R9"
"diagnostic_202001_forest_FALSE","Q78"
"diagnostic_202001_forest_FALSE","Q84"
"diagnostic_202001_forest_FALSE","Q85"
"diagnostic_202001_forest_FALSE","Q85B"
"diagnostic_202001_forest_FALSE","Q86"
"diagnostic_202001_forest_FALSE","Q87"
"diagnostic_202001_forest_FALSE","Q88"
"diagnostic_202001_forest_FALSE","Q93"
"diagnostic_202001_forest_FALSE","Q95"
"diagnostic_202001_forest_FALSE","Q97"
"diagnostic_202001_forest_FALSE","Q98R1"
"diagnostic_202001_forest_FALSE","Q98R2"
"diagnostic_202001_forest_FALSE","Q98R3"
"diagnostic_202001_forest_FALSE","Q98R4"
"diagnostic_202001_forest_FALSE","Q98R5"
"diagnostic_202001_forest_FALSE","Q98R6"
"diagnostic_202001_forest_FALSE","Q98R7"
"diagnostic_202001_forest_FALSE","Q98R8"
"diagnostic_202001_forest_FALSE","Q98R9"
"diagnostic_202001_forest_FALSE","Q98R10"
"diagnostic_202001_forest_FALSE","Q98R11"
"diagnostic_202001_forest_FALSE","Q99R1"
"diagnostic_202001_forest_FALSE","Q99R2"
"diagnostic_202001_forest_FALSE","Q99R3"
"diagnostic_202001_forest_FALSE","Q99R4"
"diagnostic_202001_forest_FALSE","Q99R5"
"diagnostic_202001_forest_FALSE","Q99R6"
"diagnostic_202001_forest_FALSE","Q99R7"
"diagnostic_202001_forest_FALSE","Q99R8"
"diagnostic_202001_forest_FALSE","Q99R9"
"diagnostic_202001_forest_FALSE","Q99R10"
"diagnostic_202001_forest_FALSE","Q99R11"
"diagnostic_202001_forest_FALSE","Q110R2"
"diagnostic_202001_forest_FALSE","Q110R3"
"diagnostic_202001_forest_FALSE","Q110R4"
"diagnostic_202001_forest_FALSE","Q110R5"
"diagnostic_202001_forest_FALSE","Q110R6"
"diagnostic_202001_forest_FALSE","Q110R7"
"diagnostic_202001_forest_FALSE","Q110R8"
"diagnostic_202001_forest_FALSE","Q111R1"
"diagnostic_202001_forest_FALSE","Q111R2"
"diagnostic_202001_forest_FALSE","Q111R3"
"diagnostic_202001_forest_FALSE","Q111R4"
"diagnostic_202001_forest_FALSE","Q111R5"
"diagnostic_202001_forest_FALSE","Q116R1"
"diagnostic_202001_forest_FALSE","Q116R2"
"diagnostic_202001_forest_FALSE","Q116R3"
"diagnostic_202001_forest_FALSE","Q116R4"
"diagnostic_202001_forest_FALSE","Q116R5"
"diagnostic_202001_forest_FALSE","Q116R7"
"diagnostic_202001_forest_FALSE","Q116R8"
"diagnostic_202001_forest_FALSE","Q116R10"
"diagnostic_202001_forest_FALSE","Q117R1"
"diagnostic_202001_forest_FALSE","Q117R2"
"diagnostic_202001_forest_FALSE","Q117R3"
"diagnostic_202001_forest_FALSE","Q117R4"
"diagnostic_202001_forest_FALSE","Q117R5"
"diagnostic_202001_forest_FALSE","Q117R6"
"diagnostic_202001_forest_FALSE","Q117R7"
"diagnostic_202001_forest_FALSE","Q117R8"
"diagnostic_202001_forest_FALSE","Q117R9"
"diagnostic_202001_forest_FALSE","Q117R10"
"diagnostic_202001_forest_FALSE","Q117R11"
"diagnostic_202001_forest_FALSE","Q117R12"
"diagnostic_202001_forest_FALSE","Q117R13"
"diagnostic_202001_forest_FALSE","Q130"
"diagnostic_202001_forest_FALSE","Q131R1"
"diagnostic_202001_forest_FALSE","Q131R2"
"diagnostic_202001_forest_FALSE","Q131R3"
"diagnostic_202001_forest_FALSE","Q131R4"
"diagnostic_202001_forest_FALSE","Q131R5"
"diagnostic_202001_forest_FALSE","Q131R6"
"diagnostic_202001_forest_FALSE","Q131R7"
"diagnostic_202001_forest_FALSE","Q131R8"
"diagnostic_202001_forest_FALSE","Q131R9"
"diagnostic_202001_forest_FALSE","Q131R10"
"diagnostic_202001_forest_FALSE","Q131R11"
"diagnostic_202001_forest_FALSE","Q131R12"
"diagnostic_202001_forest_FALSE","Q131R13"
"diagnostic_202001_forest_FALSE","Q144"
"diagnostic_202001_forest_FALSE","Q145"
"diagnostic_202001_forest_FALSE","Q146"
"diagnostic_202001_forest_FALSE","Q147"
"diagnostic_202001_forest_FALSE","Q148"
"diagnostic_202001_forest_FALSE","Q149"
"diagnostic_202001_forest_FALSE","Q150"
"diagnostic_202001_forest_FALSE","Q151"
"diagnostic_202001_forest_FALSE","Q152"
"diagnostic_202001_forest_FALSE","Q153"
"diagnostic_202001_forest_FALSE","Q154R1"
"diagnostic_202001_forest_FALSE","Q154R2"
"diagnostic_202001_forest_FALSE","Q154R3"
"diagnostic_202001_forest_FALSE","Q154R4"
"diagnostic_202001_forest_FALSE","Q154R5"
"diagnostic_202001_forest_FALSE","Q159R1"
"diagnostic_202001_forest_FALSE","Q159R2"
"diagnostic_202001_forest_FALSE","Q159R3"
"diagnostic_202001_forest_FALSE","Q162R1"
"diagnostic_202001_forest_FALSE","Q162R2"
"diagnostic_202001_forest_FALSE","Q162R3"
"diagnostic_202001_forest_FALSE","Q162R4"
"diagnostic_202001_forest_FALSE","Q162R5"
"diagnostic_202001_forest_FALSE","Q162R6"
"diagnostic_202001_forest_FALSE","Q162R7"
"diagnostic_202001_forest_FALSE","Q162R8"
"diagnostic_202001_forest_FALSE","Q170"
"diagnostic_202001_forest_FALSE","Q171R1"
"diagnostic_202001_forest_FALSE","Q171R2"
"diagnostic_202001_forest_FALSE","Q171R3"
"diagnostic_202001_forest_FALSE","Q171R4"
"diagnostic_202001_forest_FALSE","Q171R5"
"diagnostic_202001_forest_FALSE","Q171R6"
"diagnostic_202001_forest_FALSE","Q171R7"
"diagnostic_202001_forest_FALSE","Q171R8"
"diagnostic_202001_forest_FALSE","Q171R9"
"diagnostic_202001_forest_FALSE","Q172R1"
"diagnostic_202001_forest_FALSE","Q172R2"
"diagnostic_202001_forest_FALSE","Q172R3"
"diagnostic_202001_forest_FALSE","Q175R1"
"diagnostic_202001_forest_FALSE","Q175R2"
"diagnostic_202001_forest_FALSE","Q175R3"
"diagnostic_202001_forest_FALSE","Q178R1"
"diagnostic_202001_forest_FALSE","Q178R2"
"diagnostic_202001_forest_FALSE","Q178R3"
"diagnostic_202001_forest_FALSE","Q178R4"
"diagnostic_202001_forest_FALSE","Q182"
"diagnostic_202001_forest_FALSE","Q183"
"diagnostic_202001_forest_FALSE","Q184R1"
"diagnostic_202001_forest_FALSE","Q184R2"
"diagnostic_202001_forest_FALSE","Q184R3"
"diagnostic_202001_forest_FALSE","Q187R1"
"diagnostic_202001_forest_FALSE","Q187R2"
"diagnostic_202001_forest_FALSE","Q187R3"
"diagnostic_202001_forest_FALSE","Q187R4"
"diagnostic_202001_forest_FALSE","Q187R5"
"diagnostic_202001_forest_FALSE","Q192"
"diagnostic_202001_forest_FALSE","Q193"
"diagnostic_202001_forest_FALSE","Q194"
"diagnostic_202001_forest_FALSE","Q195A1R1"
"diagnostic_202001_forest_FALSE","Q195A1R2"
"diagnostic_202001_forest_FALSE","Q195A1R3"
"diagnostic_202001_forest_FALSE","Q195A1R4"
"diagnostic_202001_forest_FALSE","Q195A2R1"
"diagnostic_202001_forest_FALSE","Q195A2R2"
"diagnostic_202001_forest_FALSE","Q195A2R3"
"diagnostic_202001_forest_FALSE","Q195A2R4"
"diagnostic_202001_forest_FALSE","Q195A2R5"
"diagnostic_202001_forest_FALSE","Q195A2R6"
"diagnostic_202001_forest_FALSE","Q195A2R7"
"diagnostic_202001_forest_FALSE","Q195A2R8"
"diagnostic_202001_forest_FALSE","Q195A2R9"
"diagnostic_202001_forest_FALSE","Q195A2R10"
"diagnostic_202001_forest_FALSE","Q195B1R1"
"diagnostic_202001_forest_FALSE","Q195B1R2"
"diagnostic_202001_forest_FALSE","Q195B1R3"
"diagnostic_202001_forest_FALSE","Q195B1R4"
"diagnostic_202001_forest_FALSE","Q195B2R1"
"diagnostic_202001_forest_FALSE","Q195B2R2"
"diagnostic_202001_forest_FALSE","Q195B2R3"
"diagnostic_202001_forest_FALSE","Q195B2R4"
"diagnostic_202001_forest_FALSE","Q195B2R5"
"diagnostic_202001_forest_FALSE","Q195B2R6"
"diagnostic_202001_forest_FALSE","Q195B2R7"
"diagnostic_202001_forest_FALSE","Q195B2R8"
"diagnostic_202001_forest_FALSE","Q195B2R9"
"diagnostic_202001_forest_FALSE","Q195B2R10"
"diagnostic_202001_forest_FALSE","Q196"
"diagnostic_202001_forest_FALSE","Q197A1"
"diagnostic_202001_forest_FALSE","Q197A2"
"diagnostic_202001_forest_FALSE","Q197B1"
"diagnostic_202001_forest_FALSE","Q197B2"
"diagnostic_202001_forest_FALSE","Q198"
"diagnostic_202001_forest_FALSE","Q199"
"diagnostic_202001_forest_FALSE","Q200"
"diagnostic_202001_forest_FALSE","Q201"
"diagnostic_202001_forest_FALSE","Q202R1"
"diagnostic_202001_forest_FALSE","Q202R2"
"diagnostic_202001_forest_FALSE","Q202R3"
"diagnostic_202001_forest_FALSE","Q203"
"diagnostic_202001_forest_FALSE","Q204"
"diagnostic_202001_forest_FALSE","Q205"
"diagnostic_202001_forest_FALSE","Q206"
"diagnostic_202001_forest_FALSE","Q207"
"diagnostic_202001_forest_FALSE","Q208R1"
"diagnostic_202001_forest_FALSE","Q208R2"
"diagnostic_202001_forest_FALSE","Q208R3"
"diagnostic_202001_forest_FALSE","Q208R4"
"diagnostic_202001_forest_FALSE","Q208R5"
"diagnostic_202001_forest_FALSE","Q213R1"
"diagnostic_202001_forest_FALSE","Q213R2"
"diagnostic_202001_forest_FALSE","Q213R3"
"diagnostic_202001_forest_FALSE","Q213R4"
"diagnostic_202001_forest_FALSE","Q217R1"
"diagnostic_202001_forest_FALSE","Q217R2"
"diagnostic_202001_forest_FALSE","Q217R3"
"diagnostic_202001_forest_FALSE","Q217R4"
"diagnostic_202001_forest_FALSE","Q221R1"
"diagnostic_202001_forest_FALSE","Q221R2"
"diagnostic_202001_forest_FALSE","Q221R3"
"diagnostic_202001_forest_FALSE","Q221R4"
"diagnostic_202001_forest_FALSE","Q225R1"
"diagnostic_202001_forest_FALSE","Q225R2"
"diagnostic_202001_forest_FALSE","Q225R3"
"diagnostic_202001_forest_FALSE","Q225R4"
"diagnostic_202001_forest_FALSE","Q225R5"
"diagnostic_202001_forest_FALSE","Q225R6"
"diagnostic_202001_forest_FALSE","Q225R7"
"diagnostic_202001_forest_FALSE","Q225R8"
"diagnostic_202001_forest_FALSE","Q225R9"
"diagnostic_202001_forest_FALSE","Q225R10"
"diagnostic_202001_forest_FALSE","Q225R11"
"diagnostic_202001_forest_FALSE","Q225R12"
"diagnostic_202001_forest_FALSE","Q225R13"
"diagnostic_202001_forest_FALSE","Q225R14"
"diagnostic_202001_forest_FALSE","Q239R1"
"diagnostic_202001_forest_FALSE","Q239R2"
"diagnostic_202001_forest_FALSE","Q239R3"
"diagnostic_202001_forest_FALSE","Q239R4"
"diagnostic_202001_forest_FALSE","Q243R1"
"diagnostic_202001_forest_FALSE","Q243R2"
"diagnostic_202001_forest_FALSE","Q243R3"
"diagnostic_202001_forest_FALSE","Q243R4"
"diagnostic_202001_forest_FALSE","Q247"
"diagnostic_202001_forest_FALSE","Q248"
"diagnostic_202001_forest_FALSE","Q249"
"diagnostic_202001_forest_FALSE","Q250R1"
"diagnostic_202001_forest_FALSE","Q250R2"
"diagnostic_202001_forest_FALSE","Q250R3"
"diagnostic_202001_forest_FALSE","Q250R5"
"diagnostic_202001_forest_FALSE","Q250R8"
"diagnostic_202001_forest_FALSE","Q251"
"diagnostic_202001_forest_FALSE","Q252"
"diagnostic_202001_forest_FALSE","Q253"
"diagnostic_202001_forest_FALSE","Q254"
"diagnostic_202001_forest_FALSE","Q255"
"diagnostic_202001_forest_FALSE","Q256"
"diagnostic_202001_forest_FALSE","Q257AR1"
"diagnostic_202001_forest_FALSE","Q257AR2"
"diagnostic_202001_forest_FALSE","Q257AR3"
"diagnostic_202001_forest_FALSE","Q257AR4"
"diagnostic_202001_forest_FALSE","Q257BR1"
"diagnostic_202001_forest_FALSE","Q257BR2"
"diagnostic_202001_forest_FALSE","Q257BR3"
"diagnostic_202001_forest_FALSE","Q257BR4"
"diagnostic_202001_forest_FALSE","Q257CR1"
"diagnostic_202001_forest_FALSE","Q257CR2"
"diagnostic_202001_forest_FALSE","Q257CR3"
"diagnostic_202001_forest_FALSE","Q257CR4"
"diagnostic_202001_forest_FALSE","Q258"
"diagnostic_202001_forest_FALSE","Q260"
"diagnostic_202001_forest_FALSE","Q261"
"diagnostic_202001_forest_FALSE","Q262"
"diagnostic_202001_forest_FALSE","Q263"
"diagnostic_202001_forest_FALSE","Q264"
"diagnostic_202001_forest_FALSE","Q265"
"diagnostic_202001_forest_FALSE","Q266"
"diagnostic_202001_forest_FALSE","Q267"
"diagnostic_202001_forest_FALSE","Q268"
"diagnostic_202001_forest_FALSE","Q269"
"diagnostic_202001_forest_FALSE","Q270"
"diagnostic_202001_forest_FALSE","Q271"
"diagnostic_202001_forest_FALSE","Q272"
"diagnostic_202001_forest_FALSE","Q273R1"
"diagnostic_202001_forest_FALSE","Q273R2"
"diagnostic_202001_forest_FALSE","Q273R3"
"diagnostic_202001_forest_FALSE","Q273R4"
"diagnostic_202001_forest_FALSE","Q273R5"
"diagnostic_202001_forest_FALSE","Q278"
"diagnostic_202001_forest_FALSE","Q279"
"diagnostic_202001_forest_FALSE","Q280"
"diagnostic_202001_forest_FALSE","Q281R1"
"diagnostic_202001_forest_FALSE","Q281R2"
"diagnostic_202001_forest_FALSE","Q281R3"
"diagnostic_202001_forest_FALSE","Q281R4"
"diagnostic_202001_forest_FALSE","Q281R5"
"diagnostic_202001_forest_FALSE","Q281R6"
"diagnostic_202001_forest_FALSE","Q281R7"
"diagnostic_202001_forest_FALSE","Q281R8"
"diagnostic_202001_forest_FALSE","Q281R9"
"diagnostic_202001_forest_FALSE","Q282"
"diagnostic_202001_forest_FALSE","Q283"
"diagnostic_202001_forest_FALSE","Q285"
"diagnostic_202001_forest_FALSE","Q286"
"diagnostic_202001_forest_FALSE","Q287R1"
"diagnostic_202001_forest_FALSE","Q287R2"
"diagnostic_202001_forest_FALSE","Q287R3"
"diagnostic_202001_forest_FALSE","Q287R4"
"diagnostic_202001_forest_FALSE","Q287R5"
"diagnostic_202001_forest_FALSE","Q287R6"
"diagnostic_202001_forest_FALSE","Q287R7"
"diagnostic_202001_forest_FALSE","Q294"
"diagnostic_202001_forest_FALSE","Q295R1"
"diagnostic_202001_forest_FALSE","Q295R2"
"diagnostic_202001_forest_FALSE","Q295R3"
"diagnostic_202001_forest_FALSE","Q295R4"
"diagnostic_202001_forest_FALSE","Q295R5"
"diagnostic_202001_forest_FALSE","Q295R6"
"diagnostic_202001_forest_FALSE","Q301R1"
"diagnostic_202001_forest_FALSE","Q301R2"
"diagnostic_202001_forest_FALSE","Q301R3"
"diagnostic_202001_forest_FALSE","Q301R4"
"diagnostic_202001_forest_FALSE","Q301R5"
"diagnostic_202001_forest_FALSE","Q301R6"
"diagnostic_202001_forest_FALSE","Q301R7"
"diagnostic_202001_forest_FALSE","Q308R1"
"diagnostic_202001_forest_FALSE","Q308R2"
"diagnostic_202001_forest_FALSE","Q308R3"
"diagnostic_202001_forest_FALSE","Q308R4"
"diagnostic_202001_forest_FALSE","Q308R5"
"diagnostic_202001_forest_FALSE","Q308R6"
"diagnostic_202001_forest_FALSE","Q308R7"
"diagnostic_202001_forest_FALSE","Q315"
"diagnostic_202001_forest_FALSE","Q316R1"
"diagnostic_202001_forest_FALSE","Q316R2"
"diagnostic_202001_forest_FALSE","Q316R3"
"diagnostic_202001_forest_FALSE","Q316R4"
"diagnostic_202001_forest_FALSE","Q316R5"
"diagnostic_202001_forest_FALSE","Q316R6"
"diagnostic_202001_forest_FALSE","Q316R7"
"diagnostic_202001_forest_FALSE","Q323_BLW"
"diagnostic_202001_forest_FALSE","Q324"
"diagnostic_202001_forest_FALSE","Q325_BLW"
"diagnostic_202001_forest_FALSE","Q326R1"
"diagnostic_202001_forest_FALSE","Q326R4"
"diagnostic_202001_forest_FALSE","Q326R5"
"diagnostic_202001_forest_FALSE","Q329R2"
"diagnostic_202001_forest_FALSE","Q329R3"
"diagnostic_202001_forest_FALSE","Q329R4"
"diagnostic_202001_forest_FALSE","Q329R5"
"diagnostic_202001_forest_FALSE","Q329R7"
"diagnostic_202001_forest_FALSE","Q329R8"
"diagnostic_202001_forest_FALSE","Q329R9"
"diagnostic_202001_forest_FALSE","Q329R10"
"diagnostic_202001_forest_FALSE","Q330"
"diagnostic_202001_forest_FALSE","Q331"
"diagnostic_202001_forest_FALSE","Q332"
"diagnostic_202001_forest_FALSE","Q333"
"diagnostic_202001_forest_FALSE","Q334"
"diagnostic_202001_forest_FALSE","Q335"
"diagnostic_202001_forest_FALSE","Q339"
"diagnostic_202001_forest_FALSE","Q340"
"diagnostic_202001_forest_FALSE","Q341R1"
"diagnostic_202001_forest_FALSE","Q341R2"
"diagnostic_202001_forest_FALSE","Q343R1"
"diagnostic_202001_forest_FALSE","Q343R2"
"diagnostic_202001_forest_FALSE","Q343R3"
"diagnostic_202001_forest_FALSE","Q343R4"
"diagnostic_202001_forest_FALSE","Q347"
"diagnostic_202001_forest_FALSE","Q348"
"diagnostic_202001_forest_FALSE","Q349"
"diagnostic_202001_forest_FALSE","Q350"
"diagnostic_202001_forest_FALSE","Q351"
"diagnostic_202001_forest_FALSE","Q352"
"diagnostic_202001_forest_FALSE","Q356"
"diagnostic_202001_forest_FALSE","Q357"
"diagnostic_202001_forest_FALSE","Q358"
"diagnostic_202001_forest_FALSE","Q359R1"
"diagnostic_202001_forest_FALSE","Q359R2"
"diagnostic_202001_forest_FALSE","Q359R3"
"diagnostic_202001_forest_FALSE","Q359R4"
"diagnostic_202001_forest_FALSE","Q363"
"diagnostic_202001_forest_FALSE","Q364"
"diagnostic_202001_forest_FALSE","Q365"
"diagnostic_202001_forest_FALSE","Q366R1"
"diagnostic_202001_forest_FALSE","Q366R2"
"diagnostic_202001_forest_FALSE","Q366R3"
"diagnostic_202001_forest_FALSE","Q366R4"
"diagnostic_202001_forest_FALSE","Q367"
"diagnostic_202001_forest_FALSE","Q368"
"diagnostic_202001_forest_FALSE","Q369"
"diagnostic_202001_forest_FALSE","Q370"
"diagnostic_202001_forest_FALSE","Q371"
"diagnostic_202001_forest_FALSE","Q372"
"diagnostic_202001_forest_FALSE","Q377"
"diagnostic_202001_forest_FALSE","Q378"
"diagnostic_202001_forest_FALSE","Q379"
"diagnostic_202001_forest_FALSE","Q380"
"diagnostic_202001_forest_FALSE","Q381_Q383R1"
"diagnostic_202001_forest_FALSE","Q381_Q383R2"
"diagnostic_202001_forest_FALSE","Q381_Q383R3"
"diagnostic_202001_forest_FALSE","Q384R1"
"diagnostic_202001_forest_FALSE","Q385"
"diagnostic_202001_forest_FALSE","Q386_Q390R1"
"diagnostic_202001_forest_FALSE","Q386_Q390R2"
"diagnostic_202001_forest_FALSE","Q386_Q390R3"
"diagnostic_202001_forest_FALSE","Q386_Q390R4"
"diagnostic_202001_forest_FALSE","Q386_Q390R5"
"diagnostic_202001_forest_FALSE","Q391_Q393R1"
"diagnostic_202001_forest_FALSE","Q391_Q393R2"
"diagnostic_202001_forest_FALSE","Q391_Q393R3"
"diagnostic_202001_forest_FALSE","Q394"
"diagnostic_202001_forest_FALSE","Q395"
"diagnostic_202001_forest_FALSE","Q396_Q398R1"
"diagnostic_202001_forest_FALSE","Q396_Q398R2"
"diagnostic_202001_forest_FALSE","Q396_Q398R3"
"diagnostic_202001_forest_FALSE","Q399"
"diagnostic_202001_forest_FALSE","Q400"
"diagnostic_202001_forest_FALSE","Q401_Q404R1"
"diagnostic_202001_forest_FALSE","Q401_Q404R2"
"diagnostic_202001_forest_FALSE","Q401_Q404R3"
"diagnostic_202001_forest_FALSE","Q401_Q404R4"
"diagnostic_202001_forest_FALSE","Q405"
"diagnostic_202001_forest_FALSE","Q406"
"diagnostic_202001_forest_FALSE","Q407R1"
"diagnostic_202001_forest_FALSE","Q407R2"
"diagnostic_202001_forest_FALSE","Q407R3"
"diagnostic_202001_forest_FALSE","Q407R4"
"diagnostic_202001_forest_FALSE","Q407R5"
"diagnostic_202001_forest_FALSE","Q408"
"diagnostic_202001_forest_FALSE","Q409"
"diagnostic_202001_forest_FALSE","Q410"
"diagnostic_202001_forest_FALSE","Q411_Q416R1"
"diagnostic_202001_forest_FALSE","Q411_Q416R2"
"diagnostic_202001_forest_FALSE","Q411_Q416R3"
"diagnostic_202001_forest_FALSE","Q411_Q416R4"
"diagnostic_202001_forest_FALSE","Q411_Q416R5"
"diagnostic_202001_forest_FALSE","Q411_Q416R6"
"diagnostic_202001_forest_FALSE","Q417_Q424R1"
"diagnostic_202001_forest_FALSE","Q417_Q424R2"
"diagnostic_202001_forest_FALSE","Q417_Q424R3"
"diagnostic_202001_forest_FALSE","Q417_Q424R4"
"diagnostic_202001_forest_FALSE","Q417_Q424R5"
"diagnostic_202001_forest_FALSE","Q417_Q424R6"
"diagnostic_202001_forest_FALSE","Q417_Q424R7"
"diagnostic_202001_forest_FALSE","Q417_Q424R8"
"diagnostic_202001_forest_FALSE","Q425"
"diagnostic_202001_forest_FALSE","Q428R1"
"diagnostic_202001_forest_FALSE","Q428R2"
"diagnostic_202001_forest_FALSE","Q428R3"
"diagnostic_202001_forest_FALSE","Q428R4"
"diagnostic_202001_forest_FALSE","Q428R6"
"diagnostic_202001_forest_FALSE","Q428R5"
"diagnostic_202001_forest_FALSE","Q429_Q440R1"
"diagnostic_202001_forest_FALSE","Q429_Q440R2"
"diagnostic_202001_forest_FALSE","Q429_Q440R3"
"diagnostic_202001_forest_FALSE","Q429_Q440R4"
"diagnostic_202001_forest_FALSE","Q429_Q440R5"
"diagnostic_202001_forest_FALSE","Q429_Q440R6"
"diagnostic_202001_forest_FALSE","Q429_Q440R7"
"diagnostic_202001_forest_FALSE","Q429_Q440R8"
"diagnostic_202001_forest_FALSE","Q429_Q440R9"
"diagnostic_202001_forest_FALSE","Q429_Q440R10"
"diagnostic_202001_forest_FALSE","Q429_Q440R11"
"diagnostic_202001_forest_FALSE","Q429_Q440R12"
"diagnostic_202001_forest_FALSE","Q441_Q452R1"
"diagnostic_202001_forest_FALSE","Q441_Q452R2"
"diagnostic_202001_forest_FALSE","Q441_Q452R3"
"diagnostic_202001_forest_FALSE","Q441_Q452R4"
"diagnostic_202001_forest_FALSE","Q441_Q452R5"
"diagnostic_202001_forest_FALSE","Q441_Q452R6"
"diagnostic_202001_forest_FALSE","Q441_Q452R7"
"diagnostic_202001_forest_FALSE","Q441_Q452R8"
"diagnostic_202001_forest_FALSE","Q441_Q452R9"
"diagnostic_202001_forest_FALSE","Q441_Q452R10"
"diagnostic_202001_forest_FALSE","Q441_Q452R11"
"diagnostic_202001_forest_FALSE","Q441_Q452R12"
"diagnostic_202001_forest_FALSE","Q453"
"diagnostic_202001_forest_FALSE","Q454"
"diagnostic_202001_forest_FALSE","Q455"
"diagnostic_202001_forest_FALSE","Q456_Q461R1"
"diagnostic_202001_forest_FALSE","Q456_Q461R2"
"diagnostic_202001_forest_FALSE","Q456_Q461R3"
"diagnostic_202001_forest_FALSE","Q456_Q461R4"
"diagnostic_202001_forest_FALSE","Q456_Q461R5"
"diagnostic_202001_forest_FALSE","Q456_Q461R6"
"diagnostic_202001_forest_FALSE","Q462"
"diagnostic_202001_forest_FALSE","Q463"
"diagnostic_202001_forest_FALSE","Q466"
"diagnostic_202001_forest_FALSE","Q467_Q469R1"
"diagnostic_202001_forest_FALSE","Q467_Q469R2"
"diagnostic_202001_forest_FALSE","Q467_Q469R3"
"diagnostic_202001_forest_FALSE","Q470"
"diagnostic_202001_forest_FALSE","Q471R6"
"diagnostic_202001_forest_FALSE","Q471R7"
"diagnostic_202001_forest_FALSE","Q471R8"
"diagnostic_202001_forest_FALSE","Q471R9"
"diagnostic_202001_forest_FALSE","Q472_Q474R1"
"diagnostic_202001_forest_FALSE","Q472_Q474R2"
"diagnostic_202001_forest_FALSE","Q472_Q474R3"
"diagnostic_202001_forest_FALSE","Q475R1"
"diagnostic_202001_forest_FALSE","Q475R2"
"diagnostic_202001_forest_FALSE","Q475R3"
"diagnostic_202001_forest_FALSE","Q475R4"
"diagnostic_202001_forest_FALSE","Q475R5"
"diagnostic_202001_forest_FALSE","Q475R6"
"diagnostic_202001_forest_FALSE","Q475R7"
"diagnostic_202001_forest_FALSE","Q476"
"diagnostic_202001_forest_FALSE","Q477"
"diagnostic_202001_forest_FALSE","Q478_Q483R1"
"diagnostic_202001_forest_FALSE","Q478_Q483R2"
"diagnostic_202001_forest_FALSE","Q478_Q483R3"
"diagnostic_202001_forest_FALSE","Q478_Q483R4"
"diagnostic_202001_forest_FALSE","Q478_Q483R5"
"diagnostic_202001_forest_FALSE","Q478_Q483R6"
"diagnostic_202001_forest_FALSE","Q484"
"diagnostic_202001_forest_FALSE","Q485"
"diagnostic_202001_forest_FALSE","Q486"
"diagnostic_202001_forest_FALSE","Q487_Q489R1"
"diagnostic_202001_forest_FALSE","Q487_Q489R2"
"diagnostic_202001_forest_FALSE","Q487_Q489R3"
"diagnostic_202001_forest_FALSE","Q490R1"
"diagnostic_202001_forest_FALSE","Q490R2"
"diagnostic_202001_forest_FALSE","Q490R3"
"diagnostic_202001_forest_FALSE","Q490R4"
"diagnostic_202001_forest_FALSE","Q490R5"
"diagnostic_202001_forest_FALSE","Q490R6"
"diagnostic_202001_forest_FALSE","Q490R7"
"diagnostic_202001_forest_FALSE","Q490R8"
"diagnostic_202001_forest_FALSE","Q491A"
"diagnostic_202001_forest_FALSE","Q491R1"
"diagnostic_202001_forest_FALSE","Q491R2"
"diagnostic_202001_forest_FALSE","Q491R3"
"diagnostic_202001_forest_FALSE","Q491R4"
"diagnostic_202001_forest_FALSE","Q491R5"
"diagnostic_202001_forest_FALSE","Q491R6"
"diagnostic_202001_forest_FALSE","Q491R7"
"diagnostic_202001_forest_FALSE","Q492"
"diagnostic_202001_forest_FALSE","Q493"
"diagnostic_202001_forest_FALSE","Q494_Q503R1"
"diagnostic_202001_forest_FALSE","Q494_Q503R2"
"diagnostic_202001_forest_FALSE","Q494_Q503R3"
"diagnostic_202001_forest_FALSE","Q494_Q503R4"
"diagnostic_202001_forest_FALSE","Q494_Q503R5"
"diagnostic_202001_forest_FALSE","Q494_Q503R6"
"diagnostic_202001_forest_FALSE","Q494_Q503R7"
"diagnostic_202001_forest_FALSE","Q494_Q503R8"
"diagnostic_202001_forest_FALSE","Q494_Q503R9"
"diagnostic_202001_forest_FALSE","Q494_Q503R10"
"diagnostic_202001_forest_FALSE","Q504R1"
"diagnostic_202001_forest_FALSE","Q504R2"
"diagnostic_202001_forest_FALSE","Q504R3"
"diagnostic_202001_forest_FALSE","Q504R4"
"diagnostic_202001_forest_FALSE","Q504R5"
"diagnostic_202001_forest_FALSE","Q504R6"
"diagnostic_202001_forest_FALSE","Q504R7"
"diagnostic_202001_forest_FALSE","Q504R8"
"diagnostic_202001_forest_FALSE","Q504R11"
"diagnostic_202001_forest_FALSE","Q504R12"
"diagnostic_202001_forest_FALSE","Q505_Q508R1"
"diagnostic_202001_forest_FALSE","Q505_Q508R2"
"diagnostic_202001_forest_FALSE","Q505_Q508R3"
"diagnostic_202001_forest_FALSE","Q505_Q508R4"
"diagnostic_202001_forest_FALSE","Q509_Q511R1"
"diagnostic_202001_forest_FALSE","Q509_Q511R2"
"diagnostic_202001_forest_FALSE","Q509_Q511R3"
"diagnostic_202001_forest_FALSE","Q512R1"
"diagnostic_202001_forest_FALSE","Q512R2"
"diagnostic_202001_forest_FALSE","Q512R3"
"diagnostic_202001_forest_FALSE","Q513_Q516R1"
"diagnostic_202001_forest_FALSE","Q513_Q516R2"
"diagnostic_202001_forest_FALSE","Q513_Q516R3"
"diagnostic_202001_forest_FALSE","Q517"
"diagnostic_202001_forest_FALSE","Q518"
"diagnostic_202001_forest_FALSE","Q519"
"diagnostic_202001_forest_FALSE","Q520"
"diagnostic_202001_forest_FALSE","Q521_Q528R1"
"diagnostic_202001_forest_FALSE","Q521_Q528R2"
"diagnostic_202001_forest_FALSE","Q521_Q528R3"
"diagnostic_202001_forest_FALSE","Q521_Q528R4"
"diagnostic_202001_forest_FALSE","Q521_Q528R5"
"diagnostic_202001_forest_FALSE","Q521_Q528R6"
"diagnostic_202001_forest_FALSE","Q521_Q528R7"
"diagnostic_202001_forest_FALSE","Q521_Q528R8"
"diagnostic_202001_forest_FALSE","Q529"
"diagnostic_202001_forest_FALSE","Q530"
"diagnostic_202001_forest_FALSE","Q531"
"diagnostic_202001_forest_FALSE","Q532"
"diagnostic_202001_forest_FALSE","Q534R1"
"diagnostic_202001_forest_FALSE","Q534R2"
"diagnostic_202001_forest_FALSE","Q534R3"
"diagnostic_202001_forest_FALSE","Q534R4"
"diagnostic_202001_forest_FALSE","Q534R5"
"diagnostic_202001_forest_FALSE","Q535_Q538R1"
"diagnostic_202001_forest_FALSE","Q535_Q538R2"
"diagnostic_202001_forest_FALSE","Q535_Q538R3"
"diagnostic_202001_forest_FALSE","Q535_Q538R4"
"diagnostic_202001_forest_FALSE","Q539R1"
"diagnostic_202001_forest_FALSE","Q539R2"
"diagnostic_202001_forest_FALSE","Q539R3"
"diagnostic_202001_forest_FALSE","Q539R4"
"diagnostic_202001_forest_FALSE","Q539R6"
"diagnostic_202001_forest_FALSE","Q539R5"
"diagnostic_202001_forest_FALSE","Q540R1"
"diagnostic_202001_forest_FALSE","Q541"
"diagnostic_202001_forest_FALSE","Q542"
"diagnostic_202001_forest_FALSE","Q543"
"diagnostic_202001_forest_FALSE","Q544"
"diagnostic_202001_forest_FALSE","Q545R7"
"diagnostic_202001_forest_FALSE","Q546R7"
"diagnostic_202001_forest_FALSE","Q547R7"
"diagnostic_202001_forest_FALSE","Q548R7"
"diagnostic_202001_forest_FALSE","Q549R7"
"diagnostic_202001_forest_FALSE","Q550R1"
"diagnostic_202001_forest_FALSE","Q550R2"
"diagnostic_202001_forest_FALSE","Q550R3"
"diagnostic_202001_forest_FALSE","Q550R4"
"diagnostic_202001_forest_FALSE","Q550R5"
"diagnostic_202001_forest_FALSE","Q550R6"
"diagnostic_202001_forest_FALSE","Q551_Q559R1"
"diagnostic_202001_forest_FALSE","Q551_Q559R2"
"diagnostic_202001_forest_FALSE","Q551_Q559R3"
"diagnostic_202001_forest_FALSE","Q551_Q559R4"
"diagnostic_202001_forest_FALSE","Q551_Q559R5"
"diagnostic_202001_forest_FALSE","Q551_Q559R6"
"diagnostic_202001_forest_FALSE","Q551_Q559R7"
"diagnostic_202001_forest_FALSE","Q551_Q559R8"
"diagnostic_202001_forest_FALSE","Q551_Q559R9"
"diagnostic_202001_forest_FALSE","Q560R1"
"diagnostic_202001_forest_FALSE","Q560R2"
"diagnostic_202001_forest_FALSE","Q560R3"
"diagnostic_202001_forest_FALSE","Q560R4"
"diagnostic_202001_forest_FALSE","Q560R5"
"diagnostic_202001_forest_FALSE","Q560R6"
"diagnostic_202001_forest_FALSE","Q560R7"
"diagnostic_202001_forest_FALSE","Q560R8"
"diagnostic_202001_forest_FALSE","Q561"
"diagnostic_202001_forest_FALSE","Q562"
"diagnostic_202001_forest_FALSE","Q563_Q572R1"
"diagnostic_202001_forest_FALSE","Q563_Q572R2"
"diagnostic_202001_forest_FALSE","Q563_Q572R3"
"diagnostic_202001_forest_FALSE","Q563_Q572R4"
"diagnostic_202001_forest_FALSE","Q563_Q572R5"
"diagnostic_202001_forest_FALSE","Q563_Q572R6"
"diagnostic_202001_forest_FALSE","Q563_Q572R7"
"diagnostic_202001_forest_FALSE","Q563_Q572R8"
"diagnostic_202001_forest_FALSE","Q563_Q572R9"
"diagnostic_202001_forest_FALSE","Q563_Q572R10"
"diagnostic_202001_forest_FALSE","Q573"
"diagnostic_202001_forest_FALSE","Q574"
"diagnostic_202001_forest_FALSE","Q575_Q581R1"
"diagnostic_202001_forest_FALSE","Q575_Q581R2"
"diagnostic_202001_forest_FALSE","Q575_Q581R3"
"diagnostic_202001_forest_FALSE","Q575_Q581R4"
"diagnostic_202001_forest_FALSE","Q575_Q581R5"
"diagnostic_202001_forest_FALSE","Q575_Q581R6"
"diagnostic_202001_forest_FALSE","Q575_Q581R7"
"diagnostic_202001_forest_FALSE","Q582"
"diagnostic_202001_forest_FALSE","Q583"
"diagnostic_202001_forest_FALSE","Q584"
"diagnostic_202001_forest_FALSE","Q585_Q590R1"
"diagnostic_202001_forest_FALSE","Q585_Q590R2"
"diagnostic_202001_forest_FALSE","Q585_Q590R3"
"diagnostic_202001_forest_FALSE","Q585_Q590R4"
"diagnostic_202001_forest_FALSE","Q585_Q590R5"
"diagnostic_202001_forest_FALSE","Q585_Q590R6"
"diagnostic_202001_forest_FALSE","Q591_Q596R1"
"diagnostic_202001_forest_FALSE","Q591_Q596R2"
"diagnostic_202001_forest_FALSE","Q591_Q596R3"
"diagnostic_202001_forest_FALSE","Q591_Q596R4"
"diagnostic_202001_forest_FALSE","Q591_Q596R5"
"diagnostic_202001_forest_FALSE","Q591_Q596R6"
"diagnostic_202001_forest_FALSE","Q597_Q602R1"
"diagnostic_202001_forest_FALSE","Q597_Q602R2"
"diagnostic_202001_forest_FALSE","Q597_Q602R3"
"diagnostic_202001_forest_FALSE","Q597_Q602R4"
"diagnostic_202001_forest_FALSE","Q597_Q602R5"
"diagnostic_202001_forest_FALSE","Q597_Q602R6"
"diagnostic_202001_forest_FALSE","Q603R1"
"diagnostic_202001_forest_FALSE","Q603R2"
"diagnostic_202001_forest_FALSE","Q603R3"
"diagnostic_202001_forest_FALSE","Q603R4"
"diagnostic_202001_forest_FALSE","Q603R5"
"diagnostic_202001_forest_FALSE","Q603R6"
"diagnostic_202001_forest_FALSE","Q603R7"
"diagnostic_202001_forest_FALSE","Q603R8"
"diagnostic_202001_forest_FALSE","Q603R9"
"diagnostic_202001_forest_FALSE","Q603R10"
"diagnostic_202001_forest_FALSE","Q604_Q605R1"
"diagnostic_202001_forest_FALSE","Q604_Q605R2"
"diagnostic_202001_forest_FALSE","Q606R1"
"diagnostic_202001_forest_FALSE","Q606R2"
"diagnostic_202001_forest_FALSE","Q606R3"
"diagnostic_202001_forest_FALSE","Q606R4"
"diagnostic_202001_forest_FALSE","Q606R5"
"diagnostic_202001_forest_FALSE","Q606R6"
"diagnostic_202001_forest_FALSE","Q607_Q610R1"
"diagnostic_202001_forest_FALSE","Q607_Q610R2"
"diagnostic_202001_forest_FALSE","Q607_Q610R3"
"diagnostic_202001_forest_FALSE","Q607_Q610R4"
"diagnostic_202001_forest_FALSE","Q611"
"diagnostic_202001_forest_FALSE","Q613"
"diagnostic_202001_forest_FALSE","Q614"
"diagnostic_202001_forest_FALSE","Q615"
"diagnostic_202001_forest_FALSE","Q616_Q618R1"
"diagnostic_202001_forest_FALSE","Q616_Q618R2"
"diagnostic_202001_forest_FALSE","Q616_Q618R3"
"diagnostic_202001_forest_FALSE","Q619_Q626R1"
"diagnostic_202001_forest_FALSE","Q619_Q626R2"
"diagnostic_202001_forest_FALSE","Q619_Q626R3"
"diagnostic_202001_forest_FALSE","Q619_Q626R4"
"diagnostic_202001_forest_FALSE","Q619_Q626R5"
"diagnostic_202001_forest_FALSE","Q619_Q626R6"
"diagnostic_202001_forest_FALSE","Q619_Q626R7"
"diagnostic_202001_forest_FALSE","Q619_Q626R8"
"diagnostic_202001_forest_FALSE","Q627"
"diagnostic_202001_forest_FALSE","Q628"
"diagnostic_202001_forest_FALSE","Q629R1"
"diagnostic_202001_forest_FALSE","Q629R2"
"diagnostic_202001_forest_FALSE","Q629R3"
"diagnostic_202001_forest_FALSE","Q629R4"
"diagnostic_202001_forest_FALSE","Q629R5"
"diagnostic_202001_forest_FALSE","Q629R6"
"diagnostic_202001_forest_FALSE","Q629R7"
"diagnostic_202001_forest_FALSE","Q630_Q632R1"
"diagnostic_202001_forest_FALSE","Q630_Q632R2"
"diagnostic_202001_forest_FALSE","Q630_Q632R3"
"diagnostic_202001_forest_FALSE","Q633"
"diagnostic_202001_forest_FALSE","Q639"
"diagnostic_202001_forest_FALSE","Q640_Q645R1"
"diagnostic_202001_forest_FALSE","Q640_Q645R2"
"diagnostic_202001_forest_FALSE","Q640_Q645R3"
"diagnostic_202001_forest_FALSE","Q640_Q645R4"
"diagnostic_202001_forest_FALSE","Q640_Q645R5"
"diagnostic_202001_forest_FALSE","Q640_Q645R6"
"diagnostic_202001_forest_FALSE","Q646_Q651R1"
"diagnostic_202001_forest_FALSE","Q646_Q651R2"
"diagnostic_202001_forest_FALSE","Q646_Q651R3"
"diagnostic_202001_forest_FALSE","Q646_Q651R4"
"diagnostic_202001_forest_FALSE","Q646_Q651R5"
"diagnostic_202001_forest_FALSE","Q646_Q651R6"
"diagnostic_202001_forest_FALSE","Q646_Q651R7"
"diagnostic_202001_forest_FALSE","Q646_Q651R8"
"diagnostic_202001_forest_FALSE","Q646_Q651R9"
"diagnostic_202001_forest_FALSE","Q646_Q651R10"
"diagnostic_202001_forest_FALSE","Q646_Q651R11"
"diagnostic_202001_forest_FALSE","Q652_Q658R1"
"diagnostic_202001_forest_FALSE","Q652_Q658R2"
"diagnostic_202001_forest_FALSE","Q652_Q658R3"
"diagnostic_202001_forest_FALSE","Q652_Q658R4"
"diagnostic_202001_forest_FALSE","Q652_Q658R5"
"diagnostic_202001_forest_FALSE","Q652_Q658R6"
"diagnostic_202001_forest_FALSE","Q652_Q658R7"
"diagnostic_202001_forest_FALSE","Q659R1"
"diagnostic_202001_forest_FALSE","Q659R2"
"diagnostic_202001_forest_FALSE","Q659R3"
"diagnostic_202001_forest_FALSE","Q659R4"
"diagnostic_202001_forest_FALSE","Q659R5"
"diagnostic_202001_forest_FALSE","Q659R6"
"diagnostic_202001_forest_FALSE","Q659R7"
"diagnostic_202001_forest_FALSE","Q659R8"
"diagnostic_202001_forest_FALSE","Q660"
"diagnostic_202001_forest_FALSE","Q661"
"diagnostic_202001_forest_FALSE","Q662R1"
"diagnostic_202001_forest_FALSE","Q662R2"
"diagnostic_202001_forest_FALSE","Q662R3"
"diagnostic_202001_forest_FALSE","Q662R4"
"diagnostic_202001_forest_FALSE","Q662R5"
"diagnostic_202001_forest_FALSE","Q662R6"
"diagnostic_202001_forest_FALSE","Q663_Q666R1"
"diagnostic_202001_forest_FALSE","Q663_Q666R2"
"diagnostic_202001_forest_FALSE","Q663_Q666R3"
"diagnostic_202001_forest_FALSE","Q663_Q666R4"
"diagnostic_202001_forest_FALSE","Q667_Q671R1"
"diagnostic_202001_forest_FALSE","Q667_Q671R2"
"diagnostic_202001_forest_FALSE","Q667_Q671R3"
"diagnostic_202001_forest_FALSE","Q667_Q671R4"
"diagnostic_202001_forest_FALSE","Q667_Q671R5"
"diagnostic_202001_forest_FALSE","Q672"
"diagnostic_202001_forest_FALSE","Q673"
"diagnostic_202001_forest_FALSE","Q674R1"
"diagnostic_202001_forest_FALSE","Q675"
"diagnostic_202001_forest_FALSE","Q676_Q678R1"
"diagnostic_202001_forest_FALSE","Q676_Q678R2"
"diagnostic_202001_forest_FALSE","Q676_Q678R3"
"diagnostic_202001_forest_FALSE","Q679_Q682R1"
"diagnostic_202001_forest_FALSE","Q679_Q682R2"
"diagnostic_202001_forest_FALSE","Q679_Q682R3"
"diagnostic_202001_forest_FALSE","Q679_Q682R4"
"diagnostic_202001_forest_FALSE","Q683"
"diagnostic_202001_forest_FALSE","Q684"
"diagnostic_202001_forest_FALSE","Q685"
"diagnostic_202001_forest_FALSE","Q686"
"diagnostic_202001_forest_FALSE","Q687"
"diagnostic_202001_forest_FALSE","Q688"
"diagnostic_202001_forest_FALSE","Q689"
"diagnostic_202001_forest_FALSE","Q690"
"diagnostic_202001_forest_FALSE","Q691"
"diagnostic_202001_forest_FALSE","Q692"
"diagnostic_202001_forest_FALSE","Q693_Q700R1"
"diagnostic_202001_forest_FALSE","Q693_Q700R2"
"diagnostic_202001_forest_FALSE","Q693_Q700R3"
"diagnostic_202001_forest_FALSE","Q693_Q700R4"
"diagnostic_202001_forest_FALSE","Q693_Q700R5"
"diagnostic_202001_forest_FALSE","Q693_Q700R6"
"diagnostic_202001_forest_FALSE","Q693_Q700R7"
"diagnostic_202001_forest_FALSE","Q693_Q700R8"
"diagnostic_202001_forest_FALSE","Q701_Q705R1"
"diagnostic_202001_forest_FALSE","Q701_Q705R2"
"diagnostic_202001_forest_FALSE","Q701_Q705R3"
"diagnostic_202001_forest_FALSE","Q701_Q705R4"
"diagnostic_202001_forest_FALSE","Q701_Q705R5"
"diagnostic_202001_forest_FALSE","Q706_Q708R1"
"diagnostic_202001_forest_FALSE","Q706_Q708R2"
"diagnostic_202001_forest_FALSE","Q706_Q708R3"
"diagnostic_202001_forest_FALSE","Q709_712R1"
"diagnostic_202001_forest_FALSE","Q709_712R2"
"diagnostic_202001_forest_FALSE","Q709_712R3"
"diagnostic_202001_forest_FALSE","Q709_712R4"
"diagnostic_202001_forest_FALSE","Q713"
"diagnostic_202001_forest_FALSE","Q714"
"diagnostic_202001_forest_FALSE","Q715_718R1"
"diagnostic_202001_forest_FALSE","Q715_718R2"
"diagnostic_202001_forest_FALSE","Q715_718R3"
"diagnostic_202001_forest_FALSE","Q715_718R4"
"diagnostic_202001_forest_FALSE","Q719"
"diagnostic_202001_forest_FALSE","Q720_Q722R1"
"diagnostic_202001_forest_FALSE","Q720_Q722R2"
"diagnostic_202001_forest_FALSE","Q720_Q722R3"
"diagnostic_202001_forest_FALSE","Q723_Q725R1"
"diagnostic_202001_forest_FALSE","Q723_Q725R2"
"diagnostic_202001_forest_FALSE","Q723_Q725R3"
"diagnostic_202001_forest_FALSE","Q726"
"diagnostic_202001_forest_FALSE","Q727_Q731R1"
"diagnostic_202001_forest_FALSE","Q727_Q731R2"
"diagnostic_202001_forest_FALSE","Q727_Q731R3"
"diagnostic_202001_forest_FALSE","Q727_Q731R4"
"diagnostic_202001_forest_FALSE","Q727_Q731R5"
"diagnostic_202001_forest_FALSE","Q732_Q737R1"
"diagnostic_202001_forest_FALSE","Q732_Q737R2"
"diagnostic_202001_forest_FALSE","Q732_Q737R3"
"diagnostic_202001_forest_FALSE","Q732_Q737R4"
"diagnostic_202001_forest_FALSE","Q732_Q737R5"
"diagnostic_202001_forest_FALSE","Q732_Q737R6"
"diagnostic_202001_forest_FALSE","Q738_Q740R1"
"diagnostic_202001_forest_FALSE","Q738_Q740R2"
"diagnostic_202001_forest_FALSE","Q738_Q740R3"
"diagnostic_202001_forest_FALSE","Q741"
"diagnostic_202001_forest_FALSE","Q742"
"diagnostic_202001_forest_FALSE","Q743"
"diagnostic_202001_forest_FALSE","Q744"
"diagnostic_202001_forest_FALSE","Q745"
"diagnostic_202001_forest_FALSE","Q746A"
"diagnostic_202001_forest_FALSE","Q746B"
"diagnostic_202001_forest_FALSE","Q747"
"diagnostic_202001_forest_FALSE","Q748"
"diagnostic_202001_forest_FALSE","Q749"
"diagnostic_202001_forest_FALSE","Q750R1"
"diagnostic_202001_forest_FALSE","Q750R2"
"diagnostic_202001_forest_FALSE","Q750R3"
"diagnostic_202001_forest_FALSE","Q750R4"
"diagnostic_202001_forest_FALSE","Q750R5"
"diagnostic_202001_forest_FALSE","Q750R6"
"diagnostic_202001_forest_FALSE","Q750R7"
"diagnostic_202001_forest_FALSE","Q751R1"
"diagnostic_202001_forest_FALSE","Q751R2"
"diagnostic_202001_forest_FALSE","Q751R3"
"diagnostic_202001_forest_FALSE","Q751R4"
"diagnostic_202001_forest_FALSE","Q751R5"
"diagnostic_202001_forest_FALSE","Q752"
"diagnostic_202001_forest_FALSE","Q753"
"diagnostic_202001_forest_FALSE","Q754_Q762R1C1"
"diagnostic_202001_forest_FALSE","Q754_Q762R1C2"
"diagnostic_202001_forest_FALSE","Q754_Q762R1C3"
"diagnostic_202001_forest_FALSE","Q754_Q762R2C1"
"diagnostic_202001_forest_FALSE","Q754_Q762R2C2"
"diagnostic_202001_forest_FALSE","Q754_Q762R2C3"
"diagnostic_202001_forest_FALSE","Q754_Q762R3C1"
"diagnostic_202001_forest_FALSE","Q754_Q762R3C2"
"diagnostic_202001_forest_FALSE","Q754_Q762R3C3"
"diagnostic_202001_forest_FALSE","Q754_Q762R4C1"
"diagnostic_202001_forest_FALSE","Q754_Q762R4C2"
"diagnostic_202001_forest_FALSE","Q754_Q762R4C3"
"diagnostic_202001_forest_FALSE","Q754_Q762R5C1"
"diagnostic_202001_forest_FALSE","Q754_Q762R5C2"
"diagnostic_202001_forest_FALSE","Q754_Q762R5C3"
"diagnostic_202001_forest_FALSE","Q754_Q762R6C1"
"diagnostic_202001_forest_FALSE","Q754_Q762R6C2"
"diagnostic_202001_forest_FALSE","Q754_Q762R6C3"
"diagnostic_202001_forest_FALSE","Q754_Q762R7C1"
"diagnostic_202001_forest_FALSE","Q754_Q762R7C2"
"diagnostic_202001_forest_FALSE","Q754_Q762R7C3"
"diagnostic_202001_forest_FALSE","Q754_Q762R8C1"
"diagnostic_202001_forest_FALSE","Q754_Q762R8C2"
"diagnostic_202001_forest_FALSE","Q754_Q762R8C3"
"diagnostic_202001_forest_FALSE","Q754_Q762R9C1"
"diagnostic_202001_forest_FALSE","Q754_Q762R9C2"
"diagnostic_202001_forest_FALSE","Q754_Q762R9C3"
"diagnostic_202001_forest_FALSE","Q763_Q766R1"
"diagnostic_202001_forest_FALSE","Q763_Q766R2"
"diagnostic_202001_forest_FALSE","Q763_Q766R3"
"diagnostic_202001_forest_FALSE","Q763_Q766R4"
"diagnostic_202001_forest_FALSE","Q767_Q771R1"
"diagnostic_202001_forest_FALSE","Q767_Q771R2"
"diagnostic_202001_forest_FALSE","Q767_Q771R3"
"diagnostic_202001_forest_FALSE","Q767_Q771R4"
"diagnostic_202001_forest_FALSE","Q767_Q771R5"
"diagnostic_202001_forest_FALSE","Q773"
"diagnostic_202001_forest_FALSE","VQ773"
"diagnostic_202001_forest_FALSE","Q774"
"diagnostic_202001_forest_FALSE","VQ774"
"diagnostic_202001_forest_FALSE","Q775"
"diagnostic_202001_forest_FALSE","Q777"
"diagnostic_202001_forest_FALSE","Q779"
"diagnostic_202001_forest_FALSE","Q782"
"diagnostic_202001_forest_FALSE","Q785"
"diagnostic_202001_forest_FALSE","Q788"
"diagnostic_202001_forest_FALSE","Q790"
"diagnostic_202001_forest_FALSE","Q793R1"
"diagnostic_202001_forest_FALSE","Q793R2"
"diagnostic_202001_forest_FALSE","Q793R3"
"diagnostic_202001_forest_FALSE","Q793R4"
"diagnostic_202001_forest_FALSE","Q793R5"
"diagnostic_202001_forest_FALSE","Q794R1"
"diagnostic_202001_forest_FALSE","Q794R2"
"diagnostic_202001_forest_FALSE","Q794R3"
"diagnostic_202001_forest_FALSE","Q794R4"
"diagnostic_202001_forest_FALSE","Q794R5"
"diagnostic_202001_forest_FALSE","Q794R6"
"diagnostic_202001_forest_FALSE","Q795"
"diagnostic_202001_forest_FALSE","Q796R1"
"diagnostic_202001_forest_FALSE","Q796R2"
"diagnostic_202001_forest_FALSE","Q796R3"
"diagnostic_202001_forest_FALSE","Q796R4"
"diagnostic_202001_forest_FALSE","Q796R5"
"diagnostic_202001_forest_FALSE","Q797R1"
"diagnostic_202001_forest_FALSE","Q797R2"
"diagnostic_202001_forest_FALSE","Q797R3"
"diagnostic_202001_forest_FALSE","Q797R4"
"diagnostic_202001_forest_FALSE","Q797R5"
"diagnostic_202001_forest_FALSE","Q797R6"
"diagnostic_202001_forest_FALSE","Q797R7"
"diagnostic_202001_forest_FALSE","Q797R9"
"diagnostic_202001_forest_FALSE","Q797R10"
"diagnostic_202001_forest_FALSE","Q798R1"
"diagnostic_202001_forest_FALSE","Q798R2"
"diagnostic_202001_forest_FALSE","Q798R3"
"diagnostic_202001_forest_FALSE","Q798R4"
"diagnostic_202001_forest_FALSE","Q798R5"
"diagnostic_202001_forest_FALSE","Q798R6"
"diagnostic_202001_forest_FALSE","Q798R7"
"diagnostic_202001_forest_FALSE","Q798R8"
"diagnostic_202001_forest_FALSE","Q798R9"
"diagnostic_202001_forest_FALSE","Q798R10"
"diagnostic_202001_forest_FALSE","Q799R1C1"
"diagnostic_202001_forest_FALSE","Q799R2C1"
"diagnostic_202001_forest_FALSE","Q799R3C1"
"diagnostic_202001_forest_FALSE","Q799R4C1"
"diagnostic_202001_forest_FALSE","Q799R5C1"
"diagnostic_202001_forest_FALSE","Q799R6C1"
"diagnostic_202001_forest_FALSE","Q799R7C1"
"diagnostic_202001_forest_FALSE","Q799R8C1"
"diagnostic_202001_forest_FALSE","Q800R1C1"
"diagnostic_202001_forest_FALSE","Q800R2C1"
"diagnostic_202001_forest_FALSE","Q800R3C1"
"diagnostic_202001_forest_FALSE","Q800R4C1"
"diagnostic_202001_forest_FALSE","Q800R5C1"
"diagnostic_202001_forest_FALSE","Q800R6C1"
"diagnostic_202001_forest_FALSE","Q800R7C1"
"diagnostic_202001_forest_FALSE","Q800R8C1"
"diagnostic_202001_forest_FALSE","Q801"
"diagnostic_202001_forest_FALSE","Q802"
"diagnostic_202001_forest_FALSE","Q803"
"diagnostic_202001_forest_FALSE","Q804"
"diagnostic_202001_forest_FALSE","Q805"
"diagnostic_202001_forest_FALSE","Q806"
"diagnostic_202001_forest_FALSE","Q808"
"diagnostic_202001_forest_FALSE","Q809"
"diagnostic_202001_forest_FALSE","Q810"
"diagnostic_202001_forest_FALSE","Q811"
"diagnostic_202001_forest_FALSE","Q812"
"diagnostic_202001_forest_FALSE","Q813"
"diagnostic_202001_forest_FALSE","Q814"
"diagnostic_202001_forest_FALSE","Q815"
"diagnostic_202001_forest_FALSE","Q816"
"diagnostic_202001_forest_FALSE","Q818"
"diagnostic_202001_forest_FALSE","Q819"
"diagnostic_202001_forest_FALSE","Q820"
"primary_202001_forest_FALSE","S1"
"primary_202001_forest_FALSE","S2_RACER1"
"primary_202001_forest_FALSE","S2_RACER3"
"primary_202001_forest_FALSE","S2_RACE_PRIME"
"primary_202001_forest_FALSE","S2_NATIVER1"
"primary_202001_forest_FALSE","S2_NATIVER2"
"primary_202001_forest_FALSE","S2_NATIVER3"
"primary_202001_forest_FALSE","S2_NATIVER4"
"primary_202001_forest_FALSE","S2_NATIVER5"
"primary_202001_forest_FALSE","S2_AFROLATR1"
"primary_202001_forest_FALSE","S2_AFROLATR2"
"primary_202001_forest_FALSE","S2_AFROLATR3"
"primary_202001_forest_FALSE","S2_AFROLATR4"
"primary_202001_forest_FALSE","S2_AFROLATR5"
"primary_202001_forest_FALSE","S3"
"primary_202001_forest_FALSE","S3B"
"primary_202001_forest_FALSE","S3C"
"primary_202001_forest_FALSE","S4"
"primary_202001_forest_FALSE","S5"
"primary_202001_forest_FALSE","S7"
"primary_202001_forest_FALSE","S10"
"primary_202001_forest_FALSE","S10_MEX"
"primary_202001_forest_FALSE","S11"
"primary_202001_forest_FALSE","S2_M"
"primary_202001_forest_FALSE","S13"
"primary_202001_forest_FALSE","S14"
"primary_202001_forest_FALSE","Q58R1"
"primary_202001_forest_FALSE","Q58R2"
"primary_202001_forest_FALSE","Q58R3"
"primary_202001_forest_FALSE","Q58R4"
"primary_202001_forest_FALSE","Q58R5"
"primary_202001_forest_FALSE","Q58R6"
"primary_202001_forest_FALSE","Q58R7"
"primary_202001_forest_FALSE","Q58R8"
"primary_202001_forest_FALSE","Q58R9"
"primary_202001_forest_FALSE","Q58R10"
"primary_202001_forest_FALSE","Q58R11"
"primary_202001_forest_FALSE","Q58R12"
"primary_202001_forest_FALSE","Q58R13"
"primary_202001_forest_FALSE","Q58R14"
"primary_202001_forest_FALSE","Q58R15"
"primary_202001_forest_FALSE","Q58R16"
"primary_202001_forest_FALSE","Q58R17"
"primary_202001_forest_FALSE","Q1R1"
"primary_202001_forest_FALSE","Q1R2"
"primary_202001_forest_FALSE","Q1R3"
"primary_202001_forest_FALSE","Q1R4"
"primary_202001_forest_FALSE","Q1R5"
"primary_202001_forest_FALSE","Q1R6"
"primary_202001_forest_FALSE","Q1R7"
"primary_202001_forest_FALSE","Q1R8"
"primary_202001_forest_FALSE","Q1R9"
"primary_202001_forest_FALSE","Q1R10"
"primary_202001_forest_FALSE","Q1R11"
"primary_202001_forest_FALSE","Q1R12"
"primary_202001_forest_FALSE","Q1R13"
"primary_202001_forest_FALSE","Q1R14"
"primary_202001_forest_FALSE","Q1R15"
"primary_202001_forest_FALSE","Q1R16"
"primary_202001_forest_FALSE","Q1R17"
"primary_202001_forest_FALSE","Q1R18"
"primary_202001_forest_FALSE","Q1R19"
"primary_202001_forest_FALSE","Q1R20"
"primary_202001_forest_FALSE","Q1R21"
"primary_202001_forest_FALSE","Q1R22"
"primary_202001_forest_FALSE","Q1R23"
"primary_202001_forest_FALSE","Q13"
"primary_202001_forest_FALSE","Q16"
"primary_202001_forest_FALSE","Q17"
"primary_202001_forest_FALSE","Q20"
"primary_202001_forest_FALSE","Q21"
"primary_202001_forest_FALSE","Q22"
"primary_202001_forest_FALSE","Q23"
"primary_202001_forest_FALSE","Q24"
"primary_202001_forest_FALSE","Q25"
"primary_202001_forest_FALSE","Q26"
"primary_202001_forest_FALSE","Q27R1"
"primary_202001_forest_FALSE","Q27R2"
"primary_202001_forest_FALSE","Q27R3"
"primary_202001_forest_FALSE","Q27R4"
"primary_202001_forest_FALSE","Q27R5"
"primary_202001_forest_FALSE","Q27R6"
"primary_202001_forest_FALSE","Q27R7"
"primary_202001_forest_FALSE","Q27R8"
"primary_202001_forest_FALSE","Q27R9"
"primary_202001_forest_FALSE","Q27R10"
"primary_202001_forest_FALSE","Q27R11"
"primary_202001_forest_FALSE","Q27R12"
"primary_202001_forest_FALSE","Q27R13"
"primary_202001_forest_FALSE","Q27R14"
"primary_202001_forest_FALSE","Q27R15"
"primary_202001_forest_FALSE","Q27R16"
"primary_202001_forest_FALSE","Q27R17"
"primary_202001_forest_FALSE","Q27R18"
"primary_202001_forest_FALSE","Q27R19"
"primary_202001_forest_FALSE","Q28R1"
"primary_202001_forest_FALSE","Q28R2"
"primary_202001_forest_FALSE","Q28R3"
"primary_202001_forest_FALSE","Q28R4"
"primary_202001_forest_FALSE","Q28R5"
"primary_202001_forest_FALSE","Q28R6"
"primary_202001_forest_FALSE","Q28R7"
"primary_202001_forest_FALSE","Q28R8"
"primary_202001_forest_FALSE","Q28R9"
"primary_202001_forest_FALSE","Q28R10"
"primary_202001_forest_FALSE","Q28R11"
"primary_202001_forest_FALSE","Q28R12"
"primary_202001_forest_FALSE","Q28R13"
"primary_202001_forest_FALSE","Q28R14"
"primary_202001_forest_FALSE","Q28R15"
"primary_202001_forest_FALSE","Q28R16"
"primary_202001_forest_FALSE","Q28R17"
"primary_202001_forest_FALSE","Q28R18"
"primary_202001_forest_FALSE","Q28R19"
"primary_202001_forest_FALSE","Q29"
"primary_202001_forest_FALSE","Q30"
"primary_202001_forest_FALSE","Q31"
"primary_202001_forest_FALSE","Q32R1"
"primary_202001_forest_FALSE","Q32R2"
"primary_202001_forest_FALSE","Q32R3"
"primary_202001_forest_FALSE","Q32R4"
"primary_202001_forest_FALSE","Q32R5"
"primary_202001_forest_FALSE","Q32R6"
"primary_202001_forest_FALSE","Q32R7"
"primary_202001_forest_FALSE","Q32R8"
"primary_202001_forest_FALSE","Q32R9"
"primary_202001_forest_FALSE","Q33R1"
"primary_202001_forest_FALSE","Q33R2"
"primary_202001_forest_FALSE","Q33R3"
"primary_202001_forest_FALSE","Q33R4"
"primary_202001_forest_FALSE","Q33R5"
"primary_202001_forest_FALSE","Q38R1"
"primary_202001_forest_FALSE","Q38R2"
"primary_202001_forest_FALSE","Q38R3"
"primary_202001_forest_FALSE","Q38R4"
"primary_202001_forest_FALSE","Q39R1"
"primary_202001_forest_FALSE","Q39R2"
"primary_202001_forest_FALSE","Q39R3"
"primary_202001_forest_FALSE","Q39R4"
"primary_202001_forest_FALSE","Q39R5"
"primary_202001_forest_FALSE","Q39R6"
"primary_202001_forest_FALSE","Q39R7"
"primary_202001_forest_FALSE","Q40"
"primary_202001_forest_FALSE","Q41R1"
"primary_202001_forest_FALSE","Q41R2"
"primary_202001_forest_FALSE","Q41R3"
"primary_202001_forest_FALSE","Q41R4"
"primary_202001_forest_FALSE","Q42"
"primary_202001_forest_FALSE","Q43"
"primary_202001_forest_FALSE","Q44"
"primary_202001_forest_FALSE","Q45"
"primary_202001_forest_FALSE","Q46"
"primary_202001_forest_FALSE","Q57"
"primary_202001_forest_FALSE","Q59"
"primary_202001_forest_FALSE","Q60R1"
"primary_202001_forest_FALSE","Q60R2"
"primary_202001_forest_FALSE","Q60R3"
"primary_202001_forest_FALSE","Q60R4"
"primary_202001_forest_FALSE","Q60R5"
"primary_202001_forest_FALSE","Q60R6"
"primary_202001_forest_FALSE","Q61"
"primary_202001_forest_FALSE","Q62R1"
"primary_202001_forest_FALSE","Q62R2"
"primary_202001_forest_FALSE","Q62R3"
"primary_202001_forest_FALSE","Q62R4"
"primary_202001_forest_FALSE","Q62R5"
"primary_202001_forest_FALSE","NEWQ67"
"primary_202001_forest_FALSE","Q67"
"primary_202001_forest_FALSE","Q68"
"primary_202001_forest_FALSE","Q69"
"primary_202001_forest_FALSE","Q70R1"
"primary_202001_forest_FALSE","Q70R2"
"primary_202001_forest_FALSE","Q70R3"
"primary_202001_forest_FALSE","Q70R4"
"primary_202001_forest_FALSE","Q70R5"
"primary_202001_forest_FALSE","Q75"
"primary_202001_forest_FALSE","Q76R1"
"primary_202001_forest_FALSE","Q76R2"
"primary_202001_forest_FALSE","Q76R3"
"primary_202001_forest_FALSE","Q76R4"
"primary_202001_forest_FALSE","Q76R5"
"primary_202001_forest_FALSE","Q76R6"
"primary_202001_forest_FALSE","Q77R1"
"primary_202001_forest_FALSE","Q77R2"
"primary_202001_forest_FALSE","Q77R3"
"primary_202001_forest_FALSE","Q77R4"
"primary_202001_forest_FALSE","Q77R5"
"primary_202001_forest_FALSE","Q77R6"
"primary_202001_forest_FALSE","Q77R7"
"primary_202001_forest_FALSE","Q77R8"
"primary_202001_forest_FALSE","Q77R9"
"primary_202001_forest_FALSE","Q78"
"primary_202001_forest_FALSE","Q84"
"primary_202001_forest_FALSE","Q85"
"primary_202001_forest_FALSE","Q85B"
"primary_202001_forest_FALSE","Q86"
"primary_202001_forest_FALSE","Q87"
"primary_202001_forest_FALSE","Q88"
"primary_202001_forest_FALSE","Q93"
"primary_202001_forest_FALSE","Q95"
"primary_202001_forest_FALSE","Q97"
"primary_202001_forest_FALSE","Q98R1"
"primary_202001_forest_FALSE","Q98R2"
"primary_202001_forest_FALSE","Q98R3"
"primary_202001_forest_FALSE","Q98R4"
"primary_202001_forest_FALSE","Q98R5"
"primary_202001_forest_FALSE","Q98R6"
"primary_202001_forest_FALSE","Q98R7"
"primary_202001_forest_FALSE","Q98R10"
"primary_202001_forest_FALSE","Q98R11"
"primary_202001_forest_FALSE","Q99R1"
"primary_202001_forest_FALSE","Q99R2"
"primary_202001_forest_FALSE","Q99R3"
"primary_202001_forest_FALSE","Q99R4"
"primary_202001_forest_FALSE","Q99R5"
"primary_202001_forest_FALSE","Q99R6"
"primary_202001_forest_FALSE","Q99R7"
"primary_202001_forest_FALSE","Q99R8"
"primary_202001_forest_FALSE","Q99R9"
"primary_202001_forest_FALSE","Q99R10"
"primary_202001_forest_FALSE","Q99R11"
"primary_202001_forest_FALSE","Q110R2"
"primary_202001_forest_FALSE","Q110R3"
"primary_202001_forest_FALSE","Q110R4"
"primary_202001_forest_FALSE","Q110R5"
"primary_202001_forest_FALSE","Q110R6"
"primary_202001_forest_FALSE","Q110R7"
"primary_202001_forest_FALSE","Q110R8"
"primary_202001_forest_FALSE","Q111R1"
"primary_202001_forest_FALSE","Q111R2"
"primary_202001_forest_FALSE","Q111R3"
"primary_202001_forest_FALSE","Q111R4"
"primary_202001_forest_FALSE","Q111R5"
"primary_202001_forest_FALSE","Q116R1"
"primary_202001_forest_FALSE","Q116R2"
"primary_202001_forest_FALSE","Q116R3"
"primary_202001_forest_FALSE","Q116R4"
"primary_202001_forest_FALSE","Q116R5"
"primary_202001_forest_FALSE","Q116R7"
"primary_202001_forest_FALSE","Q116R8"
"primary_202001_forest_FALSE","Q116R10"
"primary_202001_forest_FALSE","Q117R1"
"primary_202001_forest_FALSE","Q117R2"
"primary_202001_forest_FALSE","Q117R3"
"primary_202001_forest_FALSE","Q117R4"
"primary_202001_forest_FALSE","Q117R5"
"primary_202001_forest_FALSE","Q117R6"
"primary_202001_forest_FALSE","Q117R7"
"primary_202001_forest_FALSE","Q117R8"
"primary_202001_forest_FALSE","Q117R9"
"primary_202001_forest_FALSE","Q117R10"
"primary_202001_forest_FALSE","Q117R11"
"primary_202001_forest_FALSE","Q117R12"
"primary_202001_forest_FALSE","Q117R13"
"primary_202001_forest_FALSE","Q131R1"
"primary_202001_forest_FALSE","Q131R2"
"primary_202001_forest_FALSE","Q131R3"
"primary_202001_forest_FALSE","Q131R4"
"primary_202001_forest_FALSE","Q131R5"
"primary_202001_forest_FALSE","Q131R6"
"primary_202001_forest_FALSE","Q131R7"
"primary_202001_forest_FALSE","Q131R8"
"primary_202001_forest_FALSE","Q131R9"
"primary_202001_forest_FALSE","Q131R10"
"primary_202001_forest_FALSE","Q131R11"
"primary_202001_forest_FALSE","Q131R12"
"primary_202001_forest_FALSE","Q131R13"
"primary_202001_forest_FALSE","Q144"
"primary_202001_forest_FALSE","Q145"
"primary_202001_forest_FALSE","Q146"
"primary_202001_forest_FALSE","Q147"
"primary_202001_forest_FALSE","Q148"
"primary_202001_forest_FALSE","Q149"
"primary_202001_forest_FALSE","Q150"
"primary_202001_forest_FALSE","Q151"
"primary_202001_forest_FALSE","Q152"
"primary_202001_forest_FALSE","Q153"
"primary_202001_forest_FALSE","Q154R1"
"primary_202001_forest_FALSE","Q154R2"
"primary_202001_forest_FALSE","Q154R3"
"primary_202001_forest_FALSE","Q154R4"
"primary_202001_forest_FALSE","Q154R5"
"primary_202001_forest_FALSE","Q159R1"
"primary_202001_forest_FALSE","Q159R2"
"primary_202001_forest_FALSE","Q159R3"
"primary_202001_forest_FALSE","Q162R1"
"primary_202001_forest_FALSE","Q162R2"
"primary_202001_forest_FALSE","Q162R3"
"primary_202001_forest_FALSE","Q162R4"
"primary_202001_forest_FALSE","Q162R5"
"primary_202001_forest_FALSE","Q162R6"
"primary_202001_forest_FALSE","Q162R7"
"primary_202001_forest_FALSE","Q162R8"
"primary_202001_forest_FALSE","Q170"
"primary_202001_forest_FALSE","Q171R1"
"primary_202001_forest_FALSE","Q171R2"
"primary_202001_forest_FALSE","Q171R3"
"primary_202001_forest_FALSE","Q171R4"
"primary_202001_forest_FALSE","Q171R5"
"primary_202001_forest_FALSE","Q171R6"
"primary_202001_forest_FALSE","Q171R7"
"primary_202001_forest_FALSE","Q171R8"
"primary_202001_forest_FALSE","Q171R9"
"primary_202001_forest_FALSE","Q172R1"
"primary_202001_forest_FALSE","Q172R2"
"primary_202001_forest_FALSE","Q172R3"
"primary_202001_forest_FALSE","Q175R1"
"primary_202001_forest_FALSE","Q175R2"
"primary_202001_forest_FALSE","Q175R3"
"primary_202001_forest_FALSE","Q178R1"
"primary_202001_forest_FALSE","Q178R2"
"primary_202001_forest_FALSE","Q178R3"
"primary_202001_forest_FALSE","Q178R4"
"primary_202001_forest_FALSE","Q182"
"primary_202001_forest_FALSE","Q183"
"primary_202001_forest_FALSE","Q184R1"
"primary_202001_forest_FALSE","Q184R2"
"primary_202001_forest_FALSE","Q184R3"
"primary_202001_forest_FALSE","Q187R1"
"primary_202001_forest_FALSE","Q187R2"
"primary_202001_forest_FALSE","Q187R3"
"primary_202001_forest_FALSE","Q187R4"
"primary_202001_forest_FALSE","Q187R5"
"primary_202001_forest_FALSE","Q192"
"primary_202001_forest_FALSE","Q193"
"primary_202001_forest_FALSE","Q194"
"primary_202001_forest_FALSE","Q202R1"
"primary_202001_forest_FALSE","Q202R2"
"primary_202001_forest_FALSE","Q202R3"
"primary_202001_forest_FALSE","Q203"
"primary_202001_forest_FALSE","Q204"
"primary_202001_forest_FALSE","Q205"
"primary_202001_forest_FALSE","Q206"
"primary_202001_forest_FALSE","Q207"
"primary_202001_forest_FALSE","Q208R1"
"primary_202001_forest_FALSE","Q208R2"
"primary_202001_forest_FALSE","Q208R3"
"primary_202001_forest_FALSE","Q208R4"
"primary_202001_forest_FALSE","Q208R5"
"primary_202001_forest_FALSE","Q213R1"
"primary_202001_forest_FALSE","Q213R2"
"primary_202001_forest_FALSE","Q213R3"
"primary_202001_forest_FALSE","Q213R4"
"primary_202001_forest_FALSE","Q217R1"
"primary_202001_forest_FALSE","Q217R2"
"primary_202001_forest_FALSE","Q217R3"
"primary_202001_forest_FALSE","Q217R4"
"primary_202001_forest_FALSE","Q221R1"
"primary_202001_forest_FALSE","Q221R2"
"primary_202001_forest_FALSE","Q221R3"
"primary_202001_forest_FALSE","Q221R4"
"primary_202001_forest_FALSE","Q225R1"
"primary_202001_forest_FALSE","Q225R2"
"primary_202001_forest_FALSE","Q225R3"
"primary_202001_forest_FALSE","Q225R4"
"primary_202001_forest_FALSE","Q225R5"
"primary_202001_forest_FALSE","Q225R6"
"primary_202001_forest_FALSE","Q225R7"
"primary_202001_forest_FALSE","Q225R8"
"primary_202001_forest_FALSE","Q225R9"
"primary_202001_forest_FALSE","Q225R10"
"primary_202001_forest_FALSE","Q225R11"
"primary_202001_forest_FALSE","Q225R12"
"primary_202001_forest_FALSE","Q225R13"
"primary_202001_forest_FALSE","Q225R14"
"primary_202001_forest_FALSE","Q239R1"
"primary_202001_forest_FALSE","Q239R2"
"primary_202001_forest_FALSE","Q239R3"
"primary_202001_forest_FALSE","Q239R4"
"primary_202001_forest_FALSE","Q243R1"
"primary_202001_forest_FALSE","Q243R2"
"primary_202001_forest_FALSE","Q243R3"
"primary_202001_forest_FALSE","Q243R4"
"primary_202001_forest_FALSE","Q247"
"primary_202001_forest_FALSE","Q248"
"primary_202001_forest_FALSE","Q249"
"primary_202001_forest_FALSE","Q250R1"
"primary_202001_forest_FALSE","Q250R2"
"primary_202001_forest_FALSE","Q250R3"
"primary_202001_forest_FALSE","Q250R5"
"primary_202001_forest_FALSE","Q250R8"
"primary_202001_forest_FALSE","Q251"
"primary_202001_forest_FALSE","Q252"
"primary_202001_forest_FALSE","Q253"
"primary_202001_forest_FALSE","Q254"
"primary_202001_forest_FALSE","Q255"
"primary_202001_forest_FALSE","Q256"
"primary_202001_forest_FALSE","Q257AR1"
"primary_202001_forest_FALSE","Q257AR2"
"primary_202001_forest_FALSE","Q257AR3"
"primary_202001_forest_FALSE","Q257AR4"
"primary_202001_forest_FALSE","Q257BR1"
"primary_202001_forest_FALSE","Q257BR2"
"primary_202001_forest_FALSE","Q257BR3"
"primary_202001_forest_FALSE","Q257BR4"
"primary_202001_forest_FALSE","Q257CR1"
"primary_202001_forest_FALSE","Q257CR2"
"primary_202001_forest_FALSE","Q257CR3"
"primary_202001_forest_FALSE","Q257CR4"
"primary_202001_forest_FALSE","Q258"
"primary_202001_forest_FALSE","Q260"
"primary_202001_forest_FALSE","Q261"
"primary_202001_forest_FALSE","Q262"
"primary_202001_forest_FALSE","Q263"
"primary_202001_forest_FALSE","Q264"
"primary_202001_forest_FALSE","Q265"
"primary_202001_forest_FALSE","Q266"
"primary_202001_forest_FALSE","Q267"
"primary_202001_forest_FALSE","Q268"
"primary_202001_forest_FALSE","Q269"
"primary_202001_forest_FALSE","Q270"
"primary_202001_forest_FALSE","Q271"
"primary_202001_forest_FALSE","Q273R1"
"primary_202001_forest_FALSE","Q273R2"
"primary_202001_forest_FALSE","Q273R3"
"primary_202001_forest_FALSE","Q273R4"
"primary_202001_forest_FALSE","Q273R5"
"primary_202001_forest_FALSE","Q278"
"primary_202001_forest_FALSE","Q279"
"primary_202001_forest_FALSE","Q280"
"primary_202001_forest_FALSE","Q281R1"
"primary_202001_forest_FALSE","Q281R2"
"primary_202001_forest_FALSE","Q281R3"
"primary_202001_forest_FALSE","Q281R4"
"primary_202001_forest_FALSE","Q281R5"
"primary_202001_forest_FALSE","Q281R6"
"primary_202001_forest_FALSE","Q281R7"
"primary_202001_forest_FALSE","Q281R8"
"primary_202001_forest_FALSE","Q281R9"
"primary_202001_forest_FALSE","Q282"
"primary_202001_forest_FALSE","Q283"
"primary_202001_forest_FALSE","Q285"
"primary_202001_forest_FALSE","Q286"
"primary_202001_forest_FALSE","Q287R1"
"primary_202001_forest_FALSE","Q287R2"
"primary_202001_forest_FALSE","Q287R3"
"primary_202001_forest_FALSE","Q287R4"
"primary_202001_forest_FALSE","Q287R5"
"primary_202001_forest_FALSE","Q287R6"
"primary_202001_forest_FALSE","Q287R7"
"primary_202001_forest_FALSE","Q294"
"primary_202001_forest_FALSE","Q295R1"
"primary_202001_forest_FALSE","Q295R2"
"primary_202001_forest_FALSE","Q295R3"
"primary_202001_forest_FALSE","Q295R4"
"primary_202001_forest_FALSE","Q295R5"
"primary_202001_forest_FALSE","Q295R6"
"primary_202001_forest_FALSE","Q301R1"
"primary_202001_forest_FALSE","Q301R2"
"primary_202001_forest_FALSE","Q301R3"
"primary_202001_forest_FALSE","Q301R4"
"primary_202001_forest_FALSE","Q301R5"
"primary_202001_forest_FALSE","Q301R6"
"primary_202001_forest_FALSE","Q301R7"
"primary_202001_forest_FALSE","Q308R1"
"primary_202001_forest_FALSE","Q308R2"
"primary_202001_forest_FALSE","Q308R3"
"primary_202001_forest_FALSE","Q308R4"
"primary_202001_forest_FALSE","Q308R5"
"primary_202001_forest_FALSE","Q308R6"
"primary_202001_forest_FALSE","Q308R7"
"primary_202001_forest_FALSE","Q315"
"primary_202001_forest_FALSE","Q316R1"
"primary_202001_forest_FALSE","Q316R2"
"primary_202001_forest_FALSE","Q316R3"
"primary_202001_forest_FALSE","Q316R4"
"primary_202001_forest_FALSE","Q316R5"
"primary_202001_forest_FALSE","Q316R6"
"primary_202001_forest_FALSE","Q316R7"
"primary_202001_forest_FALSE","Q329R2"
"primary_202001_forest_FALSE","Q329R3"
"primary_202001_forest_FALSE","Q329R4"
"primary_202001_forest_FALSE","Q329R5"
"primary_202001_forest_FALSE","Q329R7"
"primary_202001_forest_FALSE","Q329R8"
"primary_202001_forest_FALSE","Q329R9"
"primary_202001_forest_FALSE","Q329R10"
"primary_202001_forest_FALSE","Q330"
"primary_202001_forest_FALSE","Q331"
"primary_202001_forest_FALSE","Q332"
"primary_202001_forest_FALSE","Q333"
"primary_202001_forest_FALSE","Q334"
"primary_202001_forest_FALSE","Q335"
"primary_202001_forest_FALSE","Q339"
"primary_202001_forest_FALSE","Q343R1"
"primary_202001_forest_FALSE","Q343R2"
"primary_202001_forest_FALSE","Q343R3"
"primary_202001_forest_FALSE","Q343R4"
"primary_202001_forest_FALSE","Q347"
"primary_202001_forest_FALSE","Q348"
"primary_202001_forest_FALSE","Q349"
"primary_202001_forest_FALSE","Q350"
"primary_202001_forest_FALSE","Q351"
"primary_202001_forest_FALSE","Q352"
"primary_202001_forest_FALSE","Q356"
"primary_202001_forest_FALSE","Q357"
"primary_202001_forest_FALSE","Q358"
"primary_202001_forest_FALSE","Q359R1"
"primary_202001_forest_FALSE","Q359R2"
"primary_202001_forest_FALSE","Q359R3"
"primary_202001_forest_FALSE","Q359R4"
"primary_202001_forest_FALSE","Q363"
"primary_202001_forest_FALSE","Q364"
"primary_202001_forest_FALSE","Q365"
"primary_202001_forest_FALSE","Q366R1"
"primary_202001_forest_FALSE","Q366R2"
"primary_202001_forest_FALSE","Q366R3"
"primary_202001_forest_FALSE","Q366R4"
"primary_202001_forest_FALSE","Q367"
"primary_202001_forest_FALSE","Q368"
"primary_202001_forest_FALSE","Q369"
"primary_202001_forest_FALSE","Q370"
"primary_202001_forest_FALSE","Q371"
"primary_202001_forest_FALSE","Q372"
"primary_202001_forest_FALSE","Q377"
"primary_202001_forest_FALSE","Q378"
"primary_202001_forest_FALSE","Q379"
"primary_202001_forest_FALSE","Q380"
"primary_202001_forest_FALSE","Q381_Q383R1"
"primary_202001_forest_FALSE","Q381_Q383R2"
"primary_202001_forest_FALSE","Q381_Q383R3"
"primary_202001_forest_FALSE","Q384R1"
"primary_202001_forest_FALSE","Q385"
"primary_202001_forest_FALSE","Q386_Q390R1"
"primary_202001_forest_FALSE","Q386_Q390R2"
"primary_202001_forest_FALSE","Q386_Q390R3"
"primary_202001_forest_FALSE","Q386_Q390R4"
"primary_202001_forest_FALSE","Q386_Q390R5"
"primary_202001_forest_FALSE","Q391_Q393R1"
"primary_202001_forest_FALSE","Q391_Q393R2"
"primary_202001_forest_FALSE","Q391_Q393R3"
"primary_202001_forest_FALSE","Q394"
"primary_202001_forest_FALSE","Q395"
"primary_202001_forest_FALSE","Q396_Q398R1"
"primary_202001_forest_FALSE","Q396_Q398R2"
"primary_202001_forest_FALSE","Q396_Q398R3"
"primary_202001_forest_FALSE","Q399"
"primary_202001_forest_FALSE","Q400"
"primary_202001_forest_FALSE","Q401_Q404R1"
"primary_202001_forest_FALSE","Q401_Q404R2"
"primary_202001_forest_FALSE","Q401_Q404R3"
"primary_202001_forest_FALSE","Q401_Q404R4"
"primary_202001_forest_FALSE","Q405"
"primary_202001_forest_FALSE","Q406"
"primary_202001_forest_FALSE","Q407R1"
"primary_202001_forest_FALSE","Q407R2"
"primary_202001_forest_FALSE","Q407R3"
"primary_202001_forest_FALSE","Q407R4"
"primary_202001_forest_FALSE","Q407R5"
"primary_202001_forest_FALSE","Q408"
"primary_202001_forest_FALSE","Q409"
"primary_202001_forest_FALSE","Q410"
"primary_202001_forest_FALSE","Q411_Q416R1"
"primary_202001_forest_FALSE","Q411_Q416R2"
"primary_202001_forest_FALSE","Q411_Q416R3"
"primary_202001_forest_FALSE","Q411_Q416R4"
"primary_202001_forest_FALSE","Q411_Q416R5"
"primary_202001_forest_FALSE","Q411_Q416R6"
"primary_202001_forest_FALSE","Q417_Q424R1"
"primary_202001_forest_FALSE","Q417_Q424R2"
"primary_202001_forest_FALSE","Q417_Q424R3"
"primary_202001_forest_FALSE","Q417_Q424R4"
"primary_202001_forest_FALSE","Q417_Q424R5"
"primary_202001_forest_FALSE","Q417_Q424R6"
"primary_202001_forest_FALSE","Q417_Q424R7"
"primary_202001_forest_FALSE","Q417_Q424R8"
"primary_202001_forest_FALSE","Q425"
"primary_202001_forest_FALSE","Q428R1"
"primary_202001_forest_FALSE","Q428R2"
"primary_202001_forest_FALSE","Q428R3"
"primary_202001_forest_FALSE","Q428R4"
"primary_202001_forest_FALSE","Q428R6"
"primary_202001_forest_FALSE","Q428R5"
"primary_202001_forest_FALSE","Q429_Q440R1"
"primary_202001_forest_FALSE","Q429_Q440R2"
"primary_202001_forest_FALSE","Q429_Q440R3"
"primary_202001_forest_FALSE","Q429_Q440R4"
"primary_202001_forest_FALSE","Q429_Q440R5"
"primary_202001_forest_FALSE","Q429_Q440R6"
"primary_202001_forest_FALSE","Q429_Q440R7"
"primary_202001_forest_FALSE","Q429_Q440R8"
"primary_202001_forest_FALSE","Q429_Q440R9"
"primary_202001_forest_FALSE","Q429_Q440R10"
"primary_202001_forest_FALSE","Q429_Q440R11"
"primary_202001_forest_FALSE","Q429_Q440R12"
"primary_202001_forest_FALSE","Q441_Q452R1"
"primary_202001_forest_FALSE","Q441_Q452R2"
"primary_202001_forest_FALSE","Q441_Q452R3"
"primary_202001_forest_FALSE","Q441_Q452R4"
"primary_202001_forest_FALSE","Q441_Q452R5"
"primary_202001_forest_FALSE","Q441_Q452R6"
"primary_202001_forest_FALSE","Q441_Q452R7"
"primary_202001_forest_FALSE","Q441_Q452R8"
"primary_202001_forest_FALSE","Q441_Q452R9"
"primary_202001_forest_FALSE","Q441_Q452R10"
"primary_202001_forest_FALSE","Q441_Q452R11"
"primary_202001_forest_FALSE","Q441_Q452R12"
"primary_202001_forest_FALSE","Q453"
"primary_202001_forest_FALSE","Q454"
"primary_202001_forest_FALSE","Q455"
"primary_202001_forest_FALSE","Q456_Q461R1"
"primary_202001_forest_FALSE","Q456_Q461R2"
"primary_202001_forest_FALSE","Q456_Q461R3"
"primary_202001_forest_FALSE","Q456_Q461R4"
"primary_202001_forest_FALSE","Q456_Q461R5"
"primary_202001_forest_FALSE","Q456_Q461R6"
"primary_202001_forest_FALSE","Q462"
"primary_202001_forest_FALSE","Q463"
"primary_202001_forest_FALSE","Q466"
"primary_202001_forest_FALSE","Q467_Q469R1"
"primary_202001_forest_FALSE","Q467_Q469R2"
"primary_202001_forest_FALSE","Q467_Q469R3"
"primary_202001_forest_FALSE","Q470"
"primary_202001_forest_FALSE","Q471R6"
"primary_202001_forest_FALSE","Q471R7"
"primary_202001_forest_FALSE","Q471R8"
"primary_202001_forest_FALSE","Q471R9"
"primary_202001_forest_FALSE","Q472_Q474R1"
"primary_202001_forest_FALSE","Q472_Q474R2"
"primary_202001_forest_FALSE","Q472_Q474R3"
"primary_202001_forest_FALSE","Q475R1"
"primary_202001_forest_FALSE","Q475R2"
"primary_202001_forest_FALSE","Q475R3"
"primary_202001_forest_FALSE","Q475R4"
"primary_202001_forest_FALSE","Q475R5"
"primary_202001_forest_FALSE","Q475R6"
"primary_202001_forest_FALSE","Q475R7"
"primary_202001_forest_FALSE","Q476"
"primary_202001_forest_FALSE","Q477"
"primary_202001_forest_FALSE","Q478_Q483R1"
"primary_202001_forest_FALSE","Q478_Q483R2"
"primary_202001_forest_FALSE","Q478_Q483R3"
"primary_202001_forest_FALSE","Q478_Q483R4"
"primary_202001_forest_FALSE","Q478_Q483R5"
"primary_202001_forest_FALSE","Q478_Q483R6"
"primary_202001_forest_FALSE","Q484"
"primary_202001_forest_FALSE","Q485"
"primary_202001_forest_FALSE","Q486"
"primary_202001_forest_FALSE","Q487_Q489R1"
"primary_202001_forest_FALSE","Q487_Q489R2"
"primary_202001_forest_FALSE","Q487_Q489R3"
"primary_202001_forest_FALSE","Q490R1"
"primary_202001_forest_FALSE","Q490R2"
"primary_202001_forest_FALSE","Q490R3"
"primary_202001_forest_FALSE","Q490R4"
"primary_202001_forest_FALSE","Q490R5"
"primary_202001_forest_FALSE","Q490R6"
"primary_202001_forest_FALSE","Q490R7"
"primary_202001_forest_FALSE","Q490R8"
"primary_202001_forest_FALSE","Q491A"
"primary_202001_forest_FALSE","Q491R1"
"primary_202001_forest_FALSE","Q491R2"
"primary_202001_forest_FALSE","Q491R3"
"primary_202001_forest_FALSE","Q491R4"
"primary_202001_forest_FALSE","Q491R5"
"primary_202001_forest_FALSE","Q491R6"
"primary_202001_forest_FALSE","Q491R7"
"primary_202001_forest_FALSE","Q492"
"primary_202001_forest_FALSE","Q493"
"primary_202001_forest_FALSE","Q494_Q503R1"
"primary_202001_forest_FALSE","Q494_Q503R2"
"primary_202001_forest_FALSE","Q494_Q503R3"
"primary_202001_forest_FALSE","Q494_Q503R4"
"primary_202001_forest_FALSE","Q494_Q503R5"
"primary_202001_forest_FALSE","Q494_Q503R6"
"primary_202001_forest_FALSE","Q494_Q503R7"
"primary_202001_forest_FALSE","Q494_Q503R8"
"primary_202001_forest_FALSE","Q494_Q503R9"
"primary_202001_forest_FALSE","Q494_Q503R10"
"primary_202001_forest_FALSE","Q504R1"
"primary_202001_forest_FALSE","Q504R2"
"primary_202001_forest_FALSE","Q504R3"
"primary_202001_forest_FALSE","Q504R4"
"primary_202001_forest_FALSE","Q504R5"
"primary_202001_forest_FALSE","Q504R6"
"primary_202001_forest_FALSE","Q504R7"
"primary_202001_forest_FALSE","Q504R8"
"primary_202001_forest_FALSE","Q505_Q508R1"
"primary_202001_forest_FALSE","Q505_Q508R2"
"primary_202001_forest_FALSE","Q505_Q508R3"
"primary_202001_forest_FALSE","Q505_Q508R4"
"primary_202001_forest_FALSE","Q509_Q511R1"
"primary_202001_forest_FALSE","Q509_Q511R2"
"primary_202001_forest_FALSE","Q512R1"
"primary_202001_forest_FALSE","Q512R2"
"primary_202001_forest_FALSE","Q512R3"
"primary_202001_forest_FALSE","Q513_Q516R1"
"primary_202001_forest_FALSE","Q513_Q516R2"
"primary_202001_forest_FALSE","Q513_Q516R3"
"primary_202001_forest_FALSE","Q517"
"primary_202001_forest_FALSE","Q518"
"primary_202001_forest_FALSE","Q519"
"primary_202001_forest_FALSE","Q520"
"primary_202001_forest_FALSE","Q521_Q528R1"
"primary_202001_forest_FALSE","Q521_Q528R2"
"primary_202001_forest_FALSE","Q521_Q528R3"
"primary_202001_forest_FALSE","Q521_Q528R4"
"primary_202001_forest_FALSE","Q521_Q528R5"
"primary_202001_forest_FALSE","Q521_Q528R6"
"primary_202001_forest_FALSE","Q521_Q528R7"
"primary_202001_forest_FALSE","Q521_Q528R8"
"primary_202001_forest_FALSE","Q529"
"primary_202001_forest_FALSE","Q530"
"primary_202001_forest_FALSE","Q531"
"primary_202001_forest_FALSE","Q532"
"primary_202001_forest_FALSE","Q534R1"
"primary_202001_forest_FALSE","Q534R2"
"primary_202001_forest_FALSE","Q534R3"
"primary_202001_forest_FALSE","Q534R4"
"primary_202001_forest_FALSE","Q534R5"
"primary_202001_forest_FALSE","Q535_Q538R1"
"primary_202001_forest_FALSE","Q535_Q538R2"
"primary_202001_forest_FALSE","Q535_Q538R3"
"primary_202001_forest_FALSE","Q535_Q538R4"
"primary_202001_forest_FALSE","Q539R1"
"primary_202001_forest_FALSE","Q539R2"
"primary_202001_forest_FALSE","Q539R3"
"primary_202001_forest_FALSE","Q539R4"
"primary_202001_forest_FALSE","Q539R6"
"primary_202001_forest_FALSE","Q539R5"
"primary_202001_forest_FALSE","Q540R1"
"primary_202001_forest_FALSE","Q541"
"primary_202001_forest_FALSE","Q542"
"primary_202001_forest_FALSE","Q543"
"primary_202001_forest_FALSE","Q544"
"primary_202001_forest_FALSE","Q545R7"
"primary_202001_forest_FALSE","Q546R7"
"primary_202001_forest_FALSE","Q547R7"
"primary_202001_forest_FALSE","Q548R7"
"primary_202001_forest_FALSE","Q549R7"
"primary_202001_forest_FALSE","Q550R1"
"primary_202001_forest_FALSE","Q550R2"
"primary_202001_forest_FALSE","Q550R3"
"primary_202001_forest_FALSE","Q550R4"
"primary_202001_forest_FALSE","Q550R5"
"primary_202001_forest_FALSE","Q550R6"
"primary_202001_forest_FALSE","Q551_Q559R1"
"primary_202001_forest_FALSE","Q551_Q559R2"
"primary_202001_forest_FALSE","Q551_Q559R3"
"primary_202001_forest_FALSE","Q551_Q559R4"
"primary_202001_forest_FALSE","Q551_Q559R5"
"primary_202001_forest_FALSE","Q551_Q559R6"
"primary_202001_forest_FALSE","Q551_Q559R7"
"primary_202001_forest_FALSE","Q551_Q559R8"
"primary_202001_forest_FALSE","Q551_Q559R9"
"primary_202001_forest_FALSE","Q560R1"
"primary_202001_forest_FALSE","Q560R2"
"primary_202001_forest_FALSE","Q560R3"
"primary_202001_forest_FALSE","Q560R4"
"primary_202001_forest_FALSE","Q560R5"
"primary_202001_forest_FALSE","Q560R6"
"primary_202001_forest_FALSE","Q560R7"
"primary_202001_forest_FALSE","Q560R8"
"primary_202001_forest_FALSE","Q561"
"primary_202001_forest_FALSE","Q562"
"primary_202001_forest_FALSE","Q563_Q572R1"
"primary_202001_forest_FALSE","Q563_Q572R2"
"primary_202001_forest_FALSE","Q563_Q572R3"
"primary_202001_forest_FALSE","Q563_Q572R4"
"primary_202001_forest_FALSE","Q563_Q572R5"
"primary_202001_forest_FALSE","Q563_Q572R6"
"primary_202001_forest_FALSE","Q563_Q572R7"
"primary_202001_forest_FALSE","Q563_Q572R8"
"primary_202001_forest_FALSE","Q563_Q572R9"
"primary_202001_forest_FALSE","Q563_Q572R10"
"primary_202001_forest_FALSE","Q573"
"primary_202001_forest_FALSE","Q574"
"primary_202001_forest_FALSE","Q582"
"primary_202001_forest_FALSE","Q583"
"primary_202001_forest_FALSE","Q584"
"primary_202001_forest_FALSE","Q585_Q590R1"
"primary_202001_forest_FALSE","Q585_Q590R2"
"primary_202001_forest_FALSE","Q585_Q590R3"
"primary_202001_forest_FALSE","Q585_Q590R4"
"primary_202001_forest_FALSE","Q585_Q590R5"
"primary_202001_forest_FALSE","Q585_Q590R6"
"primary_202001_forest_FALSE","Q591_Q596R1"
"primary_202001_forest_FALSE","Q591_Q596R2"
"primary_202001_forest_FALSE","Q591_Q596R3"
"primary_202001_forest_FALSE","Q591_Q596R4"
"primary_202001_forest_FALSE","Q591_Q596R5"
"primary_202001_forest_FALSE","Q591_Q596R6"
"primary_202001_forest_FALSE","Q597_Q602R1"
"primary_202001_forest_FALSE","Q597_Q602R2"
"primary_202001_forest_FALSE","Q597_Q602R3"
"primary_202001_forest_FALSE","Q597_Q602R4"
"primary_202001_forest_FALSE","Q597_Q602R5"
"primary_202001_forest_FALSE","Q597_Q602R6"
"primary_202001_forest_FALSE","Q603R1"
"primary_202001_forest_FALSE","Q603R2"
"primary_202001_forest_FALSE","Q603R3"
"primary_202001_forest_FALSE","Q603R4"
"primary_202001_forest_FALSE","Q603R5"
"primary_202001_forest_FALSE","Q603R6"
"primary_202001_forest_FALSE","Q603R7"
"primary_202001_forest_FALSE","Q603R8"
"primary_202001_forest_FALSE","Q603R9"
"primary_202001_forest_FALSE","Q603R10"
"primary_202001_forest_FALSE","Q604_Q605R1"
"primary_202001_forest_FALSE","Q604_Q605R2"
"primary_202001_forest_FALSE","Q606R1"
"primary_202001_forest_FALSE","Q606R2"
"primary_202001_forest_FALSE","Q606R3"
"primary_202001_forest_FALSE","Q606R4"
"primary_202001_forest_FALSE","Q606R5"
"primary_202001_forest_FALSE","Q606R6"
"primary_202001_forest_FALSE","Q607_Q610R1"
"primary_202001_forest_FALSE","Q607_Q610R2"
"primary_202001_forest_FALSE","Q607_Q610R3"
"primary_202001_forest_FALSE","Q607_Q610R4"
"primary_202001_forest_FALSE","Q611"
"primary_202001_forest_FALSE","Q613"
"primary_202001_forest_FALSE","Q616_Q618R1"
"primary_202001_forest_FALSE","Q616_Q618R2"
"primary_202001_forest_FALSE","Q616_Q618R3"
"primary_202001_forest_FALSE","Q619_Q626R1"
"primary_202001_forest_FALSE","Q619_Q626R2"
"primary_202001_forest_FALSE","Q619_Q626R3"
"primary_202001_forest_FALSE","Q619_Q626R4"
"primary_202001_forest_FALSE","Q619_Q626R5"
"primary_202001_forest_FALSE","Q619_Q626R6"
"primary_202001_forest_FALSE","Q619_Q626R7"
"primary_202001_forest_FALSE","Q619_Q626R8"
"primary_202001_forest_FALSE","Q627"
"primary_202001_forest_FALSE","Q628"
"primary_202001_forest_FALSE","Q629R1"
"primary_202001_forest_FALSE","Q629R2"
"primary_202001_forest_FALSE","Q629R3"
"primary_202001_forest_FALSE","Q629R4"
"primary_202001_forest_FALSE","Q629R5"
"primary_202001_forest_FALSE","Q629R6"
"primary_202001_forest_FALSE","Q629R7"
"primary_202001_forest_FALSE","Q630_Q632R1"
"primary_202001_forest_FALSE","Q630_Q632R2"
"primary_202001_forest_FALSE","Q630_Q632R3"
"primary_202001_forest_FALSE","Q633"
"primary_202001_forest_FALSE","Q639"
"primary_202001_forest_FALSE","Q640_Q645R1"
"primary_202001_forest_FALSE","Q640_Q645R2"
"primary_202001_forest_FALSE","Q640_Q645R3"
"primary_202001_forest_FALSE","Q640_Q645R4"
"primary_202001_forest_FALSE","Q640_Q645R5"
"primary_202001_forest_FALSE","Q640_Q645R6"
"primary_202001_forest_FALSE","Q646_Q651R1"
"primary_202001_forest_FALSE","Q646_Q651R2"
"primary_202001_forest_FALSE","Q646_Q651R3"
"primary_202001_forest_FALSE","Q646_Q651R4"
"primary_202001_forest_FALSE","Q646_Q651R5"
"primary_202001_forest_FALSE","Q646_Q651R6"
"primary_202001_forest_FALSE","Q646_Q651R7"
"primary_202001_forest_FALSE","Q646_Q651R8"
"primary_202001_forest_FALSE","Q646_Q651R9"
"primary_202001_forest_FALSE","Q646_Q651R10"
"primary_202001_forest_FALSE","Q646_Q651R11"
"primary_202001_forest_FALSE","Q652_Q658R1"
"primary_202001_forest_FALSE","Q652_Q658R2"
"primary_202001_forest_FALSE","Q652_Q658R3"
"primary_202001_forest_FALSE","Q652_Q658R4"
"primary_202001_forest_FALSE","Q652_Q658R5"
"primary_202001_forest_FALSE","Q652_Q658R6"
"primary_202001_forest_FALSE","Q652_Q658R7"
"primary_202001_forest_FALSE","Q659R1"
"primary_202001_forest_FALSE","Q659R2"
"primary_202001_forest_FALSE","Q659R3"
"primary_202001_forest_FALSE","Q659R4"
"primary_202001_forest_FALSE","Q659R5"
"primary_202001_forest_FALSE","Q659R6"
"primary_202001_forest_FALSE","Q659R7"
"primary_202001_forest_FALSE","Q659R8"
"primary_202001_forest_FALSE","Q660"
"primary_202001_forest_FALSE","Q661"
"primary_202001_forest_FALSE","Q662R1"
"primary_202001_forest_FALSE","Q662R2"
"primary_202001_forest_FALSE","Q662R3"
"primary_202001_forest_FALSE","Q662R4"
"primary_202001_forest_FALSE","Q662R5"
"primary_202001_forest_FALSE","Q662R6"
"primary_202001_forest_FALSE","Q663_Q666R1"
"primary_202001_forest_FALSE","Q663_Q666R2"
"primary_202001_forest_FALSE","Q663_Q666R3"
"primary_202001_forest_FALSE","Q663_Q666R4"
"primary_202001_forest_FALSE","Q667_Q671R1"
"primary_202001_forest_FALSE","Q667_Q671R2"
"primary_202001_forest_FALSE","Q667_Q671R3"
"primary_202001_forest_FALSE","Q667_Q671R4"
"primary_202001_forest_FALSE","Q667_Q671R5"
"primary_202001_forest_FALSE","Q672"
"primary_202001_forest_FALSE","Q673"
"primary_202001_forest_FALSE","Q674R1"
"primary_202001_forest_FALSE","Q675"
"primary_202001_forest_FALSE","Q676_Q678R1"
"primary_202001_forest_FALSE","Q676_Q678R2"
"primary_202001_forest_FALSE","Q676_Q678R3"
"primary_202001_forest_FALSE","Q679_Q682R1"
"primary_202001_forest_FALSE","Q679_Q682R2"
"primary_202001_forest_FALSE","Q679_Q682R3"
"primary_202001_forest_FALSE","Q679_Q682R4"
"primary_202001_forest_FALSE","Q683"
"primary_202001_forest_FALSE","Q685"
"primary_202001_forest_FALSE","Q686"
"primary_202001_forest_FALSE","Q687"
"primary_202001_forest_FALSE","Q688"
"primary_202001_forest_FALSE","Q689"
"primary_202001_forest_FALSE","Q690"
"primary_202001_forest_FALSE","Q691"
"primary_202001_forest_FALSE","Q692"
"primary_202001_forest_FALSE","Q693_Q700R1"
"primary_202001_forest_FALSE","Q693_Q700R2"
"primary_202001_forest_FALSE","Q693_Q700R3"
"primary_202001_forest_FALSE","Q693_Q700R4"
"primary_202001_forest_FALSE","Q693_Q700R5"
"primary_202001_forest_FALSE","Q693_Q700R6"
"primary_202001_forest_FALSE","Q693_Q700R7"
"primary_202001_forest_FALSE","Q693_Q700R8"
"primary_202001_forest_FALSE","Q701_Q705R1"
"primary_202001_forest_FALSE","Q701_Q705R2"
"primary_202001_forest_FALSE","Q701_Q705R3"
"primary_202001_forest_FALSE","Q701_Q705R4"
"primary_202001_forest_FALSE","Q701_Q705R5"
"primary_202001_forest_FALSE","Q706_Q708R1"
"primary_202001_forest_FALSE","Q706_Q708R2"
"primary_202001_forest_FALSE","Q706_Q708R3"
"primary_202001_forest_FALSE","Q709_712R1"
"primary_202001_forest_FALSE","Q709_712R2"
"primary_202001_forest_FALSE","Q709_712R3"
"primary_202001_forest_FALSE","Q709_712R4"
"primary_202001_forest_FALSE","Q713"
"primary_202001_forest_FALSE","Q714"
"primary_202001_forest_FALSE","Q715_718R1"
"primary_202001_forest_FALSE","Q715_718R2"
"primary_202001_forest_FALSE","Q715_718R3"
"primary_202001_forest_FALSE","Q715_718R4"
"primary_202001_forest_FALSE","Q719"
"primary_202001_forest_FALSE","Q720_Q722R1"
"primary_202001_forest_FALSE","Q720_Q722R2"
"primary_202001_forest_FALSE","Q720_Q722R3"
"primary_202001_forest_FALSE","Q723_Q725R1"
"primary_202001_forest_FALSE","Q723_Q725R2"
"primary_202001_forest_FALSE","Q723_Q725R3"
"primary_202001_forest_FALSE","Q726"
"primary_202001_forest_FALSE","Q727_Q731R1"
"primary_202001_forest_FALSE","Q727_Q731R2"
"primary_202001_forest_FALSE","Q727_Q731R3"
"primary_202001_forest_FALSE","Q727_Q731R4"
"primary_202001_forest_FALSE","Q727_Q731R5"
"primary_202001_forest_FALSE","Q732_Q737R1"
"primary_202001_forest_FALSE","Q732_Q737R2"
"primary_202001_forest_FALSE","Q732_Q737R3"
"primary_202001_forest_FALSE","Q732_Q737R4"
"primary_202001_forest_FALSE","Q732_Q737R5"
"primary_202001_forest_FALSE","Q732_Q737R6"
"primary_202001_forest_FALSE","Q738_Q740R1"
"primary_202001_forest_FALSE","Q738_Q740R2"
"primary_202001_forest_FALSE","Q738_Q740R3"
"primary_202001_forest_FALSE","Q741"
"primary_202001_forest_FALSE","Q742"
"primary_202001_forest_FALSE","Q743"
"primary_202001_forest_FALSE","Q744"
"primary_202001_forest_FALSE","Q745"
"primary_202001_forest_FALSE","Q746A"
"primary_202001_forest_FALSE","Q746B"
"primary_202001_forest_FALSE","Q747"
"primary_202001_forest_FALSE","Q748"
"primary_202001_forest_FALSE","Q749"
"primary_202001_forest_FALSE","Q750R1"
"primary_202001_forest_FALSE","Q750R2"
"primary_202001_forest_FALSE","Q750R3"
"primary_202001_forest_FALSE","Q750R4"
"primary_202001_forest_FALSE","Q750R5"
"primary_202001_forest_FALSE","Q750R6"
"primary_202001_forest_FALSE","Q750R7"
"primary_202001_forest_FALSE","Q751R1"
"primary_202001_forest_FALSE","Q751R2"
"primary_202001_forest_FALSE","Q751R3"
"primary_202001_forest_FALSE","Q751R4"
"primary_202001_forest_FALSE","Q751R5"
"primary_202001_forest_FALSE","Q752"
"primary_202001_forest_FALSE","Q753"
"primary_202001_forest_FALSE","Q754_Q762R1C1"
"primary_202001_forest_FALSE","Q754_Q762R1C2"
"primary_202001_forest_FALSE","Q754_Q762R1C3"
"primary_202001_forest_FALSE","Q754_Q762R2C1"
"primary_202001_forest_FALSE","Q754_Q762R2C2"
"primary_202001_forest_FALSE","Q754_Q762R2C3"
"primary_202001_forest_FALSE","Q754_Q762R3C1"
"primary_202001_forest_FALSE","Q754_Q762R3C2"
"primary_202001_forest_FALSE","Q754_Q762R3C3"
"primary_202001_forest_FALSE","Q754_Q762R4C1"
"primary_202001_forest_FALSE","Q754_Q762R4C2"
"primary_202001_forest_FALSE","Q754_Q762R4C3"
"primary_202001_forest_FALSE","Q754_Q762R5C1"
"primary_202001_forest_FALSE","Q754_Q762R5C2"
"primary_202001_forest_FALSE","Q754_Q762R5C3"
"primary_202001_forest_FALSE","Q754_Q762R6C1"
"primary_202001_forest_FALSE","Q754_Q762R6C2"
"primary_202001_forest_FALSE","Q754_Q762R6C3"
"primary_202001_forest_FALSE","Q754_Q762R7C1"
"primary_202001_forest_FALSE","Q754_Q762R7C2"
"primary_202001_forest_FALSE","Q754_Q762R7C3"
"primary_202001_forest_FALSE","Q754_Q762R8C1"
"primary_202001_forest_FALSE","Q754_Q762R8C2"
"primary_202001_forest_FALSE","Q754_Q762R8C3"
"primary_202001_forest_FALSE","Q754_Q762R9C1"
"primary_202001_forest_FALSE","Q754_Q762R9C2"
"primary_202001_forest_FALSE","Q754_Q762R9C3"
"primary_202001_forest_FALSE","Q763_Q766R1"
"primary_202001_forest_FALSE","Q763_Q766R2"
"primary_202001_forest_FALSE","Q763_Q766R3"
"primary_202001_forest_FALSE","Q763_Q766R4"
"primary_202001_forest_FALSE","Q767_Q771R1"
"primary_202001_forest_FALSE","Q767_Q771R2"
"primary_202001_forest_FALSE","Q767_Q771R3"
"primary_202001_forest_FALSE","Q767_Q771R4"
"primary_202001_forest_FALSE","Q767_Q771R5"
"primary_202001_forest_FALSE","Q773"
"primary_202001_forest_FALSE","VQ773"
"primary_202001_forest_FALSE","Q774"
"primary_202001_forest_FALSE","VQ774"
"primary_202001_forest_FALSE","Q775"
"primary_202001_forest_FALSE","Q777"
"primary_202001_forest_FALSE","Q779"
"primary_202001_forest_FALSE","Q782"
"primary_202001_forest_FALSE","Q785"
"primary_202001_forest_FALSE","Q788"
"primary_202001_forest_FALSE","Q790"
"primary_202001_forest_FALSE","Q793R1"
"primary_202001_forest_FALSE","Q793R2"
"primary_202001_forest_FALSE","Q793R3"
"primary_202001_forest_FALSE","Q793R4"
"primary_202001_forest_FALSE","Q793R5"
"primary_202001_forest_FALSE","Q794R1"
"primary_202001_forest_FALSE","Q794R2"
"primary_202001_forest_FALSE","Q794R3"
"primary_202001_forest_FALSE","Q794R4"
"primary_202001_forest_FALSE","Q794R5"
"primary_202001_forest_FALSE","Q794R6"
"primary_202001_forest_FALSE","Q795"
"primary_202001_forest_FALSE","Q796R1"
"primary_202001_forest_FALSE","Q796R2"
"primary_202001_forest_FALSE","Q796R3"
"primary_202001_forest_FALSE","Q796R4"
"primary_202001_forest_FALSE","Q796R5"
"primary_202001_forest_FALSE","Q797R1"
"primary_202001_forest_FALSE","Q797R2"
"primary_202001_forest_FALSE","Q797R3"
"primary_202001_forest_FALSE","Q797R4"
"primary_202001_forest_FALSE","Q797R5"
"primary_202001_forest_FALSE","Q797R6"
"primary_202001_forest_FALSE","Q797R7"
"primary_202001_forest_FALSE","Q797R9"
"primary_202001_forest_FALSE","Q797R10"
"primary_202001_forest_FALSE","Q798R1"
"primary_202001_forest_FALSE","Q798R2"
"primary_202001_forest_FALSE","Q798R3"
"primary_202001_forest_FALSE","Q798R4"
"primary_202001_forest_FALSE","Q798R5"
"primary_202001_forest_FALSE","Q798R6"
"primary_202001_forest_FALSE","Q798R7"
"primary_202001_forest_FALSE","Q798R8"
"primary_202001_forest_FALSE","Q798R9"
"primary_202001_forest_FALSE","Q798R10"
"primary_202001_forest_FALSE","Q799R1C1"
"primary_202001_forest_FALSE","Q799R2C1"
"primary_202001_forest_FALSE","Q799R3C1"
"primary_202001_forest_FALSE","Q799R4C1"
"primary_202001_forest_FALSE","Q799R5C1"
"primary_202001_forest_FALSE","Q799R6C1"
"primary_202001_forest_FALSE","Q799R7C1"
"primary_202001_forest_FALSE","Q799R8C1"
"primary_202001_forest_FALSE","Q800R1C1"
"primary_202001_forest_FALSE","Q800R2C1"
"primary_202001_forest_FALSE","Q800R3C1"
"primary_202001_forest_FALSE","Q800R4C1"
"primary_202001_forest_FALSE","Q800R5C1"
"primary_202001_forest_FALSE","Q800R6C1"
"primary_202001_forest_FALSE","Q800R7C1"
"primary_202001_forest_FALSE","Q800R8C1"
"primary_202001_forest_FALSE","Q801"
"primary_202001_forest_FALSE","Q802"
"primary_202001_forest_FALSE","Q803"
"primary_202001_forest_FALSE","Q804"
"primary_202001_forest_FALSE","Q805"
"primary_202001_forest_FALSE","Q806"
"primary_202001_forest_FALSE","Q808"
"primary_202001_forest_FALSE","Q809"
"primary_202001_forest_FALSE","Q810"
"primary_202001_forest_FALSE","Q811"
"primary_202001_forest_FALSE","Q812"
"primary_202001_forest_FALSE","Q813"
"primary_202001_forest_FALSE","Q814"
"primary_202001_forest_FALSE","Q815"
"primary_202001_forest_FALSE","Q816"
"primary_202001_forest_FALSE","Q818"
"primary_202001_forest_FALSE","Q819"
"primary_202001_forest_FALSE","Q820"
"withheld_202001_forest_FALSE","S1"
"withheld_202001_forest_FALSE","S2_RACER1"
"withheld_202001_forest_FALSE","S2_RACER3"
"withheld_202001_forest_FALSE","S2_RACE_PRIME"
"withheld_202001_forest_FALSE","S2_NATIVER1"
"withheld_202001_forest_FALSE","S2_NATIVER2"
"withheld_202001_forest_FALSE","S2_NATIVER3"
"withheld_202001_forest_FALSE","S2_NATIVER4"
"withheld_202001_forest_FALSE","S2_NATIVER5"
"withheld_202001_forest_FALSE","S2_AFROLATR1"
"withheld_202001_forest_FALSE","S2_AFROLATR2"
"withheld_202001_forest_FALSE","S2_AFROLATR3"
"withheld_202001_forest_FALSE","S2_AFROLATR4"
"withheld_202001_forest_FALSE","S2_AFROLATR5"
"withheld_202001_forest_FALSE","S3"
"withheld_202001_forest_FALSE","S3B"
"withheld_202001_forest_FALSE","S3C"
"withheld_202001_forest_FALSE","S4"
"withheld_202001_forest_FALSE","S5"
"withheld_202001_forest_FALSE","S7"
"withheld_202001_forest_FALSE","S10"
"withheld_202001_forest_FALSE","S10_MEX"
"withheld_202001_forest_FALSE","S11"
"withheld_202001_forest_FALSE","S2_M"
"withheld_202001_forest_FALSE","S13"
"withheld_202001_forest_FALSE","S14"
"withheld_202001_forest_FALSE","Q58R1"
"withheld_202001_forest_FALSE","Q58R2"
"withheld_202001_forest_FALSE","Q58R3"
"withheld_202001_forest_FALSE","Q58R4"
"withheld_202001_forest_FALSE","Q58R5"
"withheld_202001_forest_FALSE","Q58R6"
"withheld_202001_forest_FALSE","Q58R7"
"withheld_202001_forest_FALSE","Q58R8"
"withheld_202001_forest_FALSE","Q58R9"
"withheld_202001_forest_FALSE","Q58R10"
"withheld_202001_forest_FALSE","Q58R11"
"withheld_202001_forest_FALSE","Q58R12"
"withheld_202001_forest_FALSE","Q58R13"
"withheld_202001_forest_FALSE","Q58R14"
"withheld_202001_forest_FALSE","Q58R15"
"withheld_202001_forest_FALSE","Q58R16"
"withheld_202001_forest_FALSE","Q58R17"
"withheld_202001_forest_FALSE","Q1R1"
"withheld_202001_forest_FALSE","Q1R2"
"withheld_202001_forest_FALSE","Q1R3"
"withheld_202001_forest_FALSE","Q1R4"
"withheld_202001_forest_FALSE","Q1R5"
"withheld_202001_forest_FALSE","Q1R6"
"withheld_202001_forest_FALSE","Q1R7"
"withheld_202001_forest_FALSE","Q1R8"
"withheld_202001_forest_FALSE","Q1R9"
"withheld_202001_forest_FALSE","Q1R10"
"withheld_202001_forest_FALSE","Q1R11"
"withheld_202001_forest_FALSE","Q1R12"
"withheld_202001_forest_FALSE","Q1R13"
"withheld_202001_forest_FALSE","Q1R14"
"withheld_202001_forest_FALSE","Q1R15"
"withheld_202001_forest_FALSE","Q1R16"
"withheld_202001_forest_FALSE","Q1R19"
"withheld_202001_forest_FALSE","Q1R20"
"withheld_202001_forest_FALSE","Q1R21"
"withheld_202001_forest_FALSE","Q1R22"
"withheld_202001_forest_FALSE","Q1R23"
"withheld_202001_forest_FALSE","Q13"
"withheld_202001_forest_FALSE","Q16"
"withheld_202001_forest_FALSE","Q20"
"withheld_202001_forest_FALSE","Q29"
"withheld_202001_forest_FALSE","Q30"
"withheld_202001_forest_FALSE","Q31"
"withheld_202001_forest_FALSE","Q32R1"
"withheld_202001_forest_FALSE","Q32R2"
"withheld_202001_forest_FALSE","Q32R3"
"withheld_202001_forest_FALSE","Q32R4"
"withheld_202001_forest_FALSE","Q32R5"
"withheld_202001_forest_FALSE","Q32R6"
"withheld_202001_forest_FALSE","Q32R7"
"withheld_202001_forest_FALSE","Q32R8"
"withheld_202001_forest_FALSE","Q32R9"
"withheld_202001_forest_FALSE","Q33R1"
"withheld_202001_forest_FALSE","Q33R2"
"withheld_202001_forest_FALSE","Q33R3"
"withheld_202001_forest_FALSE","Q33R4"
"withheld_202001_forest_FALSE","Q33R5"
"withheld_202001_forest_FALSE","Q38R1"
"withheld_202001_forest_FALSE","Q38R2"
"withheld_202001_forest_FALSE","Q38R3"
"withheld_202001_forest_FALSE","Q38R4"
"withheld_202001_forest_FALSE","Q39R1"
"withheld_202001_forest_FALSE","Q39R2"
"withheld_202001_forest_FALSE","Q39R3"
"withheld_202001_forest_FALSE","Q39R4"
"withheld_202001_forest_FALSE","Q39R5"
"withheld_202001_forest_FALSE","Q39R6"
"withheld_202001_forest_FALSE","Q39R7"
"withheld_202001_forest_FALSE","Q40"
"withheld_202001_forest_FALSE","Q41R1"
"withheld_202001_forest_FALSE","Q41R2"
"withheld_202001_forest_FALSE","Q41R3"
"withheld_202001_forest_FALSE","Q41R4"
"withheld_202001_forest_FALSE","Q42"
"withheld_202001_forest_FALSE","Q43"
"withheld_202001_forest_FALSE","Q44"
"withheld_202001_forest_FALSE","Q45"
"withheld_202001_forest_FALSE","Q46"
"withheld_202001_forest_FALSE","Q57"
"withheld_202001_forest_FALSE","Q59"
"withheld_202001_forest_FALSE","Q60R1"
"withheld_202001_forest_FALSE","Q60R2"
"withheld_202001_forest_FALSE","Q60R3"
"withheld_202001_forest_FALSE","Q60R4"
"withheld_202001_forest_FALSE","Q60R5"
"withheld_202001_forest_FALSE","Q60R6"
"withheld_202001_forest_FALSE","Q61"
"withheld_202001_forest_FALSE","Q62R1"
"withheld_202001_forest_FALSE","Q62R2"
"withheld_202001_forest_FALSE","Q62R3"
"withheld_202001_forest_FALSE","Q62R4"
"withheld_202001_forest_FALSE","Q62R5"
"withheld_202001_forest_FALSE","NEWQ67"
"withheld_202001_forest_FALSE","Q67"
"withheld_202001_forest_FALSE","Q68"
"withheld_202001_forest_FALSE","Q69"
"withheld_202001_forest_FALSE","Q70R1"
"withheld_202001_forest_FALSE","Q70R2"
"withheld_202001_forest_FALSE","Q70R3"
"withheld_202001_forest_FALSE","Q70R4"
"withheld_202001_forest_FALSE","Q70R5"
"withheld_202001_forest_FALSE","Q75"
"withheld_202001_forest_FALSE","Q76R1"
"withheld_202001_forest_FALSE","Q76R2"
"withheld_202001_forest_FALSE","Q76R3"
"withheld_202001_forest_FALSE","Q76R4"
"withheld_202001_forest_FALSE","Q76R5"
"withheld_202001_forest_FALSE","Q76R6"
"withheld_202001_forest_FALSE","Q77R1"
"withheld_202001_forest_FALSE","Q77R2"
"withheld_202001_forest_FALSE","Q77R3"
"withheld_202001_forest_FALSE","Q77R4"
"withheld_202001_forest_FALSE","Q77R5"
"withheld_202001_forest_FALSE","Q77R6"
"withheld_202001_forest_FALSE","Q77R7"
"withheld_202001_forest_FALSE","Q77R8"
"withheld_202001_forest_FALSE","Q77R9"
"withheld_202001_forest_FALSE","Q78"
"withheld_202001_forest_FALSE","Q84"
"withheld_202001_forest_FALSE","Q85"
"withheld_202001_forest_FALSE","Q85B"
"withheld_202001_forest_FALSE","Q86"
"withheld_202001_forest_FALSE","Q87"
"withheld_202001_forest_FALSE","Q88"
"withheld_202001_forest_FALSE","Q93"
"withheld_202001_forest_FALSE","Q95"
"withheld_202001_forest_FALSE","Q97"
"withheld_202001_forest_FALSE","Q98R1"
"withheld_202001_forest_FALSE","Q98R2"
"withheld_202001_forest_FALSE","Q98R3"
"withheld_202001_forest_FALSE","Q98R4"
"withheld_202001_forest_FALSE","Q98R5"
"withheld_202001_forest_FALSE","Q98R6"
"withheld_202001_forest_FALSE","Q98R7"
"withheld_202001_forest_FALSE","Q98R10"
"withheld_202001_forest_FALSE","Q98R11"
"withheld_202001_forest_FALSE","Q99R1"
"withheld_202001_forest_FALSE","Q99R2"
"withheld_202001_forest_FALSE","Q99R3"
"withheld_202001_forest_FALSE","Q99R4"
"withheld_202001_forest_FALSE","Q99R5"
"withheld_202001_forest_FALSE","Q99R6"
"withheld_202001_forest_FALSE","Q99R7"
"withheld_202001_forest_FALSE","Q99R8"
"withheld_202001_forest_FALSE","Q99R9"
"withheld_202001_forest_FALSE","Q99R10"
"withheld_202001_forest_FALSE","Q99R11"
"withheld_202001_forest_FALSE","Q110R2"
"withheld_202001_forest_FALSE","Q110R3"
"withheld_202001_forest_FALSE","Q110R4"
"withheld_202001_forest_FALSE","Q110R5"
"withheld_202001_forest_FALSE","Q110R6"
"withheld_202001_forest_FALSE","Q110R7"
"withheld_202001_forest_FALSE","Q110R8"
"withheld_202001_forest_FALSE","Q111R1"
"withheld_202001_forest_FALSE","Q111R2"
"withheld_202001_forest_FALSE","Q111R3"
"withheld_202001_forest_FALSE","Q111R4"
"withheld_202001_forest_FALSE","Q111R5"
"withheld_202001_forest_FALSE","Q116R1"
"withheld_202001_forest_FALSE","Q116R2"
"withheld_202001_forest_FALSE","Q116R3"
"withheld_202001_forest_FALSE","Q116R4"
"withheld_202001_forest_FALSE","Q116R5"
"withheld_202001_forest_FALSE","Q116R7"
"withheld_202001_forest_FALSE","Q116R8"
"withheld_202001_forest_FALSE","Q116R10"
"withheld_202001_forest_FALSE","Q117R1"
"withheld_202001_forest_FALSE","Q117R2"
"withheld_202001_forest_FALSE","Q117R3"
"withheld_202001_forest_FALSE","Q117R4"
"withheld_202001_forest_FALSE","Q117R5"
"withheld_202001_forest_FALSE","Q117R6"
"withheld_202001_forest_FALSE","Q117R7"
"withheld_202001_forest_FALSE","Q117R8"
"withheld_202001_forest_FALSE","Q117R9"
"withheld_202001_forest_FALSE","Q117R10"
"withheld_202001_forest_FALSE","Q117R11"
"withheld_202001_forest_FALSE","Q117R12"
"withheld_202001_forest_FALSE","Q117R13"
"withheld_202001_forest_FALSE","Q131R1"
"withheld_202001_forest_FALSE","Q131R2"
"withheld_202001_forest_FALSE","Q131R3"
"withheld_202001_forest_FALSE","Q131R4"
"withheld_202001_forest_FALSE","Q131R5"
"withheld_202001_forest_FALSE","Q131R6"
"withheld_202001_forest_FALSE","Q131R7"
"withheld_202001_forest_FALSE","Q131R8"
"withheld_202001_forest_FALSE","Q131R9"
"withheld_202001_forest_FALSE","Q131R10"
"withheld_202001_forest_FALSE","Q131R11"
"withheld_202001_forest_FALSE","Q131R12"
"withheld_202001_forest_FALSE","Q131R13"
"withheld_202001_forest_FALSE","Q144"
"withheld_202001_forest_FALSE","Q145"
"withheld_202001_forest_FALSE","Q146"
"withheld_202001_forest_FALSE","Q147"
"withheld_202001_forest_FALSE","Q148"
"withheld_202001_forest_FALSE","Q149"
"withheld_202001_forest_FALSE","Q150"
"withheld_202001_forest_FALSE","Q151"
"withheld_202001_forest_FALSE","Q152"
"withheld_202001_forest_FALSE","Q153"
"withheld_202001_forest_FALSE","Q154R1"
"withheld_202001_forest_FALSE","Q154R2"
"withheld_202001_forest_FALSE","Q154R3"
"withheld_202001_forest_FALSE","Q154R4"
"withheld_202001_forest_FALSE","Q154R5"
"withheld_202001_forest_FALSE","Q159R1"
"withheld_202001_forest_FALSE","Q159R2"
"withheld_202001_forest_FALSE","Q159R3"
"withheld_202001_forest_FALSE","Q162R1"
"withheld_202001_forest_FALSE","Q162R2"
"withheld_202001_forest_FALSE","Q162R3"
"withheld_202001_forest_FALSE","Q162R4"
"withheld_202001_forest_FALSE","Q162R5"
"withheld_202001_forest_FALSE","Q162R6"
"withheld_202001_forest_FALSE","Q162R7"
"withheld_202001_forest_FALSE","Q162R8"
"withheld_202001_forest_FALSE","Q170"
"withheld_202001_forest_FALSE","Q171R1"
"withheld_202001_forest_FALSE","Q171R2"
"withheld_202001_forest_FALSE","Q171R3"
"withheld_202001_forest_FALSE","Q171R4"
"withheld_202001_forest_FALSE","Q171R5"
"withheld_202001_forest_FALSE","Q171R6"
"withheld_202001_forest_FALSE","Q171R7"
"withheld_202001_forest_FALSE","Q171R8"
"withheld_202001_forest_FALSE","Q171R9"
"withheld_202001_forest_FALSE","Q172R1"
"withheld_202001_forest_FALSE","Q172R2"
"withheld_202001_forest_FALSE","Q172R3"
"withheld_202001_forest_FALSE","Q175R1"
"withheld_202001_forest_FALSE","Q175R2"
"withheld_202001_forest_FALSE","Q175R3"
"withheld_202001_forest_FALSE","Q178R1"
"withheld_202001_forest_FALSE","Q178R2"
"withheld_202001_forest_FALSE","Q178R3"
"withheld_202001_forest_FALSE","Q178R4"
"withheld_202001_forest_FALSE","Q182"
"withheld_202001_forest_FALSE","Q183"
"withheld_202001_forest_FALSE","Q184R1"
"withheld_202001_forest_FALSE","Q184R2"
"withheld_202001_forest_FALSE","Q184R3"
"withheld_202001_forest_FALSE","Q187R1"
"withheld_202001_forest_FALSE","Q187R2"
"withheld_202001_forest_FALSE","Q187R3"
"withheld_202001_forest_FALSE","Q187R4"
"withheld_202001_forest_FALSE","Q187R5"
"withheld_202001_forest_FALSE","Q192"
"withheld_202001_forest_FALSE","Q193"
"withheld_202001_forest_FALSE","Q194"
"withheld_202001_forest_FALSE","Q202R1"
"withheld_202001_forest_FALSE","Q202R2"
"withheld_202001_forest_FALSE","Q202R3"
"withheld_202001_forest_FALSE","Q203"
"withheld_202001_forest_FALSE","Q204"
"withheld_202001_forest_FALSE","Q205"
"withheld_202001_forest_FALSE","Q206"
"withheld_202001_forest_FALSE","Q207"
"withheld_202001_forest_FALSE","Q208R1"
"withheld_202001_forest_FALSE","Q208R2"
"withheld_202001_forest_FALSE","Q208R3"
"withheld_202001_forest_FALSE","Q208R4"
"withheld_202001_forest_FALSE","Q208R5"
"withheld_202001_forest_FALSE","Q213R1"
"withheld_202001_forest_FALSE","Q213R2"
"withheld_202001_forest_FALSE","Q213R3"
"withheld_202001_forest_FALSE","Q213R4"
"withheld_202001_forest_FALSE","Q217R1"
"withheld_202001_forest_FALSE","Q217R2"
"withheld_202001_forest_FALSE","Q217R3"
"withheld_202001_forest_FALSE","Q217R4"
"withheld_202001_forest_FALSE","Q221R1"
"withheld_202001_forest_FALSE","Q221R2"
"withheld_202001_forest_FALSE","Q221R3"
"withheld_202001_forest_FALSE","Q221R4"
"withheld_202001_forest_FALSE","Q225R1"
"withheld_202001_forest_FALSE","Q225R2"
"withheld_202001_forest_FALSE","Q225R3"
"withheld_202001_forest_FALSE","Q225R4"
"withheld_202001_forest_FALSE","Q225R5"
"withheld_202001_forest_FALSE","Q225R6"
"withheld_202001_forest_FALSE","Q225R7"
"withheld_202001_forest_FALSE","Q225R8"
"withheld_202001_forest_FALSE","Q225R9"
"withheld_202001_forest_FALSE","Q225R12"
"withheld_202001_forest_FALSE","Q225R13"
"withheld_202001_forest_FALSE","Q225R14"
"withheld_202001_forest_FALSE","Q239R1"
"withheld_202001_forest_FALSE","Q239R2"
"withheld_202001_forest_FALSE","Q239R3"
"withheld_202001_forest_FALSE","Q239R4"
"withheld_202001_forest_FALSE","Q243R1"
"withheld_202001_forest_FALSE","Q243R2"
"withheld_202001_forest_FALSE","Q243R3"
"withheld_202001_forest_FALSE","Q243R4"
"withheld_202001_forest_FALSE","Q247"
"withheld_202001_forest_FALSE","Q248"
"withheld_202001_forest_FALSE","Q249"
"withheld_202001_forest_FALSE","Q250R1"
"withheld_202001_forest_FALSE","Q250R2"
"withheld_202001_forest_FALSE","Q250R3"
"withheld_202001_forest_FALSE","Q250R5"
"withheld_202001_forest_FALSE","Q250R8"
"withheld_202001_forest_FALSE","Q251"
"withheld_202001_forest_FALSE","Q252"
"withheld_202001_forest_FALSE","Q253"
"withheld_202001_forest_FALSE","Q254"
"withheld_202001_forest_FALSE","Q255"
"withheld_202001_forest_FALSE","Q256"
"withheld_202001_forest_FALSE","Q257AR1"
"withheld_202001_forest_FALSE","Q257AR2"
"withheld_202001_forest_FALSE","Q257AR3"
"withheld_202001_forest_FALSE","Q257AR4"
"withheld_202001_forest_FALSE","Q257BR1"
"withheld_202001_forest_FALSE","Q257BR2"
"withheld_202001_forest_FALSE","Q257BR3"
"withheld_202001_forest_FALSE","Q257BR4"
"withheld_202001_forest_FALSE","Q257CR1"
"withheld_202001_forest_FALSE","Q257CR2"
"withheld_202001_forest_FALSE","Q257CR3"
"withheld_202001_forest_FALSE","Q257CR4"
"withheld_202001_forest_FALSE","Q258"
"withheld_202001_forest_FALSE","Q260"
"withheld_202001_forest_FALSE","Q261"
"withheld_202001_forest_FALSE","Q262"
"withheld_202001_forest_FALSE","Q263"
"withheld_202001_forest_FALSE","Q264"
"withheld_202001_forest_FALSE","Q265"
"withheld_202001_forest_FALSE","Q266"
"withheld_202001_forest_FALSE","Q267"
"withheld_202001_forest_FALSE","Q268"
"withheld_202001_forest_FALSE","Q269"
"withheld_202001_forest_FALSE","Q270"
"withheld_202001_forest_FALSE","Q271"
"withheld_202001_forest_FALSE","Q273R1"
"withheld_202001_forest_FALSE","Q273R2"
"withheld_202001_forest_FALSE","Q273R3"
"withheld_202001_forest_FALSE","Q273R4"
"withheld_202001_forest_FALSE","Q273R5"
"withheld_202001_forest_FALSE","Q278"
"withheld_202001_forest_FALSE","Q279"
"withheld_202001_forest_FALSE","Q280"
"withheld_202001_forest_FALSE","Q281R1"
"withheld_202001_forest_FALSE","Q281R2"
"withheld_202001_forest_FALSE","Q281R3"
"withheld_202001_forest_FALSE","Q281R4"
"withheld_202001_forest_FALSE","Q281R5"
"withheld_202001_forest_FALSE","Q281R6"
"withheld_202001_forest_FALSE","Q281R7"
"withheld_202001_forest_FALSE","Q281R8"
"withheld_202001_forest_FALSE","Q281R9"
"withheld_202001_forest_FALSE","Q282"
"withheld_202001_forest_FALSE","Q283"
"withheld_202001_forest_FALSE","Q285"
"withheld_202001_forest_FALSE","Q286"
"withheld_202001_forest_FALSE","Q287R1"
"withheld_202001_forest_FALSE","Q287R2"
"withheld_202001_forest_FALSE","Q287R3"
"withheld_202001_forest_FALSE","Q287R4"
"withheld_202001_forest_FALSE","Q287R5"
"withheld_202001_forest_FALSE","Q287R7"
"withheld_202001_forest_FALSE","Q295R1"
"withheld_202001_forest_FALSE","Q295R2"
"withheld_202001_forest_FALSE","Q295R3"
"withheld_202001_forest_FALSE","Q295R4"
"withheld_202001_forest_FALSE","Q295R5"
"withheld_202001_forest_FALSE","Q295R6"
"withheld_202001_forest_FALSE","Q308R1"
"withheld_202001_forest_FALSE","Q308R2"
"withheld_202001_forest_FALSE","Q308R3"
"withheld_202001_forest_FALSE","Q308R4"
"withheld_202001_forest_FALSE","Q308R5"
"withheld_202001_forest_FALSE","Q308R6"
"withheld_202001_forest_FALSE","Q308R7"
"withheld_202001_forest_FALSE","Q316R1"
"withheld_202001_forest_FALSE","Q316R2"
"withheld_202001_forest_FALSE","Q316R3"
"withheld_202001_forest_FALSE","Q316R4"
"withheld_202001_forest_FALSE","Q316R5"
"withheld_202001_forest_FALSE","Q316R6"
"withheld_202001_forest_FALSE","Q329R2"
"withheld_202001_forest_FALSE","Q329R3"
"withheld_202001_forest_FALSE","Q329R4"
"withheld_202001_forest_FALSE","Q329R5"
"withheld_202001_forest_FALSE","Q329R7"
"withheld_202001_forest_FALSE","Q329R8"
"withheld_202001_forest_FALSE","Q329R9"
"withheld_202001_forest_FALSE","Q329R10"
"withheld_202001_forest_FALSE","Q330"
"withheld_202001_forest_FALSE","Q331"
"withheld_202001_forest_FALSE","Q332"
"withheld_202001_forest_FALSE","Q333"
"withheld_202001_forest_FALSE","Q335"
"withheld_202001_forest_FALSE","Q339"
"withheld_202001_forest_FALSE","Q343R1"
"withheld_202001_forest_FALSE","Q343R2"
"withheld_202001_forest_FALSE","Q343R3"
"withheld_202001_forest_FALSE","Q343R4"
"withheld_202001_forest_FALSE","Q347"
"withheld_202001_forest_FALSE","Q348"
"withheld_202001_forest_FALSE","Q349"
"withheld_202001_forest_FALSE","Q350"
"withheld_202001_forest_FALSE","Q351"
"withheld_202001_forest_FALSE","Q352"
"withheld_202001_forest_FALSE","Q356"
"withheld_202001_forest_FALSE","Q357"
"withheld_202001_forest_FALSE","Q358"
"withheld_202001_forest_FALSE","Q359R1"
"withheld_202001_forest_FALSE","Q359R2"
"withheld_202001_forest_FALSE","Q359R3"
"withheld_202001_forest_FALSE","Q359R4"
"withheld_202001_forest_FALSE","Q363"
"withheld_202001_forest_FALSE","Q364"
"withheld_202001_forest_FALSE","Q365"
"withheld_202001_forest_FALSE","Q366R1"
"withheld_202001_forest_FALSE","Q366R2"
"withheld_202001_forest_FALSE","Q366R3"
"withheld_202001_forest_FALSE","Q366R4"
"withheld_202001_forest_FALSE","Q367"
"withheld_202001_forest_FALSE","Q368"
"withheld_202001_forest_FALSE","Q369"
"withheld_202001_forest_FALSE","Q370"
"withheld_202001_forest_FALSE","Q371"
"withheld_202001_forest_FALSE","Q372"
"withheld_202001_forest_FALSE","Q377"
"withheld_202001_forest_FALSE","Q378"
"withheld_202001_forest_FALSE","Q379"
"withheld_202001_forest_FALSE","Q380"
"withheld_202001_forest_FALSE","Q381_Q383R1"
"withheld_202001_forest_FALSE","Q381_Q383R2"
"withheld_202001_forest_FALSE","Q381_Q383R3"
"withheld_202001_forest_FALSE","Q384R1"
"withheld_202001_forest_FALSE","Q385"
"withheld_202001_forest_FALSE","Q386_Q390R1"
"withheld_202001_forest_FALSE","Q386_Q390R2"
"withheld_202001_forest_FALSE","Q386_Q390R3"
"withheld_202001_forest_FALSE","Q386_Q390R4"
"withheld_202001_forest_FALSE","Q386_Q390R5"
"withheld_202001_forest_FALSE","Q391_Q393R1"
"withheld_202001_forest_FALSE","Q391_Q393R2"
"withheld_202001_forest_FALSE","Q391_Q393R3"
"withheld_202001_forest_FALSE","Q394"
"withheld_202001_forest_FALSE","Q395"
"withheld_202001_forest_FALSE","Q396_Q398R1"
"withheld_202001_forest_FALSE","Q396_Q398R2"
"withheld_202001_forest_FALSE","Q396_Q398R3"
"withheld_202001_forest_FALSE","Q399"
"withheld_202001_forest_FALSE","Q400"
"withheld_202001_forest_FALSE","Q401_Q404R1"
"withheld_202001_forest_FALSE","Q401_Q404R2"
"withheld_202001_forest_FALSE","Q401_Q404R3"
"withheld_202001_forest_FALSE","Q401_Q404R4"
"withheld_202001_forest_FALSE","Q405"
"withheld_202001_forest_FALSE","Q406"
"withheld_202001_forest_FALSE","Q407R1"
"withheld_202001_forest_FALSE","Q407R2"
"withheld_202001_forest_FALSE","Q407R3"
"withheld_202001_forest_FALSE","Q407R4"
"withheld_202001_forest_FALSE","Q407R5"
"withheld_202001_forest_FALSE","Q408"
"withheld_202001_forest_FALSE","Q409"
"withheld_202001_forest_FALSE","Q410"
"withheld_202001_forest_FALSE","Q411_Q416R1"
"withheld_202001_forest_FALSE","Q411_Q416R2"
"withheld_202001_forest_FALSE","Q411_Q416R3"
"withheld_202001_forest_FALSE","Q411_Q416R4"
"withheld_202001_forest_FALSE","Q411_Q416R5"
"withheld_202001_forest_FALSE","Q411_Q416R6"
"withheld_202001_forest_FALSE","Q417_Q424R1"
"withheld_202001_forest_FALSE","Q417_Q424R2"
"withheld_202001_forest_FALSE","Q417_Q424R3"
"withheld_202001_forest_FALSE","Q417_Q424R4"
"withheld_202001_forest_FALSE","Q417_Q424R5"
"withheld_202001_forest_FALSE","Q417_Q424R6"
"withheld_202001_forest_FALSE","Q417_Q424R7"
"withheld_202001_forest_FALSE","Q417_Q424R8"
"withheld_202001_forest_FALSE","Q425"
"withheld_202001_forest_FALSE","Q428R1"
"withheld_202001_forest_FALSE","Q428R2"
"withheld_202001_forest_FALSE","Q428R3"
"withheld_202001_forest_FALSE","Q428R4"
"withheld_202001_forest_FALSE","Q428R6"
"withheld_202001_forest_FALSE","Q428R5"
"withheld_202001_forest_FALSE","Q429_Q440R1"
"withheld_202001_forest_FALSE","Q429_Q440R2"
"withheld_202001_forest_FALSE","Q429_Q440R3"
"withheld_202001_forest_FALSE","Q429_Q440R4"
"withheld_202001_forest_FALSE","Q429_Q440R5"
"withheld_202001_forest_FALSE","Q429_Q440R6"
"withheld_202001_forest_FALSE","Q429_Q440R7"
"withheld_202001_forest_FALSE","Q429_Q440R8"
"withheld_202001_forest_FALSE","Q429_Q440R9"
"withheld_202001_forest_FALSE","Q429_Q440R10"
"withheld_202001_forest_FALSE","Q429_Q440R11"
"withheld_202001_forest_FALSE","Q429_Q440R12"
"withheld_202001_forest_FALSE","Q441_Q452R1"
"withheld_202001_forest_FALSE","Q441_Q452R2"
"withheld_202001_forest_FALSE","Q441_Q452R3"
"withheld_202001_forest_FALSE","Q441_Q452R4"
"withheld_202001_forest_FALSE","Q441_Q452R5"
"withheld_202001_forest_FALSE","Q441_Q452R6"
"withheld_202001_forest_FALSE","Q441_Q452R7"
"withheld_202001_forest_FALSE","Q441_Q452R8"
"withheld_202001_forest_FALSE","Q441_Q452R9"
"withheld_202001_forest_FALSE","Q441_Q452R10"
"withheld_202001_forest_FALSE","Q441_Q452R11"
"withheld_202001_forest_FALSE","Q441_Q452R12"
"withheld_202001_forest_FALSE","Q453"
"withheld_202001_forest_FALSE","Q454"
"withheld_202001_forest_FALSE","Q455"
"withheld_202001_forest_FALSE","Q456_Q461R1"
"withheld_202001_forest_FALSE","Q456_Q461R2"
"withheld_202001_forest_FALSE","Q456_Q461R3"
"withheld_202001_forest_FALSE","Q456_Q461R4"
"withheld_202001_forest_FALSE","Q456_Q461R5"
"withheld_202001_forest_FALSE","Q456_Q461R6"
"withheld_202001_forest_FALSE","Q462"
"withheld_202001_forest_FALSE","Q463"
"withheld_202001_forest_FALSE","Q466"
"withheld_202001_forest_FALSE","Q467_Q469R1"
"withheld_202001_forest_FALSE","Q467_Q469R2"
"withheld_202001_forest_FALSE","Q467_Q469R3"
"withheld_202001_forest_FALSE","Q470"
"withheld_202001_forest_FALSE","Q471R6"
"withheld_202001_forest_FALSE","Q471R7"
"withheld_202001_forest_FALSE","Q471R8"
"withheld_202001_forest_FALSE","Q471R9"
"withheld_202001_forest_FALSE","Q472_Q474R1"
"withheld_202001_forest_FALSE","Q472_Q474R2"
"withheld_202001_forest_FALSE","Q472_Q474R3"
"withheld_202001_forest_FALSE","Q475R1"
"withheld_202001_forest_FALSE","Q475R2"
"withheld_202001_forest_FALSE","Q475R3"
"withheld_202001_forest_FALSE","Q475R4"
"withheld_202001_forest_FALSE","Q475R5"
"withheld_202001_forest_FALSE","Q475R6"
"withheld_202001_forest_FALSE","Q475R7"
"withheld_202001_forest_FALSE","Q476"
"withheld_202001_forest_FALSE","Q477"
"withheld_202001_forest_FALSE","Q478_Q483R1"
"withheld_202001_forest_FALSE","Q478_Q483R2"
"withheld_202001_forest_FALSE","Q478_Q483R3"
"withheld_202001_forest_FALSE","Q478_Q483R4"
"withheld_202001_forest_FALSE","Q478_Q483R5"
"withheld_202001_forest_FALSE","Q478_Q483R6"
"withheld_202001_forest_FALSE","Q484"
"withheld_202001_forest_FALSE","Q485"
"withheld_202001_forest_FALSE","Q486"
"withheld_202001_forest_FALSE","Q487_Q489R1"
"withheld_202001_forest_FALSE","Q487_Q489R2"
"withheld_202001_forest_FALSE","Q487_Q489R3"
"withheld_202001_forest_FALSE","Q490R1"
"withheld_202001_forest_FALSE","Q490R2"
"withheld_202001_forest_FALSE","Q490R3"
"withheld_202001_forest_FALSE","Q490R4"
"withheld_202001_forest_FALSE","Q490R5"
"withheld_202001_forest_FALSE","Q490R6"
"withheld_202001_forest_FALSE","Q490R7"
"withheld_202001_forest_FALSE","Q490R8"
"withheld_202001_forest_FALSE","Q491A"
"withheld_202001_forest_FALSE","Q491R1"
"withheld_202001_forest_FALSE","Q491R2"
"withheld_202001_forest_FALSE","Q491R3"
"withheld_202001_forest_FALSE","Q491R4"
"withheld_202001_forest_FALSE","Q491R5"
"withheld_202001_forest_FALSE","Q491R6"
"withheld_202001_forest_FALSE","Q491R7"
"withheld_202001_forest_FALSE","Q492"
"withheld_202001_forest_FALSE","Q493"
"withheld_202001_forest_FALSE","Q494_Q503R1"
"withheld_202001_forest_FALSE","Q494_Q503R2"
"withheld_202001_forest_FALSE","Q494_Q503R3"
"withheld_202001_forest_FALSE","Q494_Q503R4"
"withheld_202001_forest_FALSE","Q494_Q503R5"
"withheld_202001_forest_FALSE","Q494_Q503R6"
"withheld_202001_forest_FALSE","Q494_Q503R7"
"withheld_202001_forest_FALSE","Q494_Q503R8"
"withheld_202001_forest_FALSE","Q494_Q503R9"
"withheld_202001_forest_FALSE","Q494_Q503R10"
"withheld_202001_forest_FALSE","Q504R1"
"withheld_202001_forest_FALSE","Q504R2"
"withheld_202001_forest_FALSE","Q504R3"
"withheld_202001_forest_FALSE","Q504R4"
"withheld_202001_forest_FALSE","Q504R5"
"withheld_202001_forest_FALSE","Q504R6"
"withheld_202001_forest_FALSE","Q504R7"
"withheld_202001_forest_FALSE","Q504R8"
"withheld_202001_forest_FALSE","Q505_Q508R1"
"withheld_202001_forest_FALSE","Q505_Q508R2"
"withheld_202001_forest_FALSE","Q505_Q508R3"
"withheld_202001_forest_FALSE","Q505_Q508R4"
"withheld_202001_forest_FALSE","Q509_Q511R1"
"withheld_202001_forest_FALSE","Q509_Q511R2"
"withheld_202001_forest_FALSE","Q512R1"
"withheld_202001_forest_FALSE","Q512R2"
"withheld_202001_forest_FALSE","Q512R3"
"withheld_202001_forest_FALSE","Q513_Q516R1"
"withheld_202001_forest_FALSE","Q513_Q516R2"
"withheld_202001_forest_FALSE","Q513_Q516R3"
"withheld_202001_forest_FALSE","Q517"
"withheld_202001_forest_FALSE","Q518"
"withheld_202001_forest_FALSE","Q519"
"withheld_202001_forest_FALSE","Q520"
"withheld_202001_forest_FALSE","Q521_Q528R1"
"withheld_202001_forest_FALSE","Q521_Q528R2"
"withheld_202001_forest_FALSE","Q521_Q528R3"
"withheld_202001_forest_FALSE","Q521_Q528R4"
"withheld_202001_forest_FALSE","Q521_Q528R5"
"withheld_202001_forest_FALSE","Q521_Q528R6"
"withheld_202001_forest_FALSE","Q521_Q528R7"
"withheld_202001_forest_FALSE","Q521_Q528R8"
"withheld_202001_forest_FALSE","Q529"
"withheld_202001_forest_FALSE","Q530"
"withheld_202001_forest_FALSE","Q531"
"withheld_202001_forest_FALSE","Q532"
"withheld_202001_forest_FALSE","Q534R1"
"withheld_202001_forest_FALSE","Q534R2"
"withheld_202001_forest_FALSE","Q534R3"
"withheld_202001_forest_FALSE","Q534R4"
"withheld_202001_forest_FALSE","Q534R5"
"withheld_202001_forest_FALSE","Q535_Q538R1"
"withheld_202001_forest_FALSE","Q535_Q538R2"
"withheld_202001_forest_FALSE","Q535_Q538R3"
"withheld_202001_forest_FALSE","Q535_Q538R4"
"withheld_202001_forest_FALSE","Q539R1"
"withheld_202001_forest_FALSE","Q539R2"
"withheld_202001_forest_FALSE","Q539R3"
"withheld_202001_forest_FALSE","Q539R4"
"withheld_202001_forest_FALSE","Q539R6"
"withheld_202001_forest_FALSE","Q539R5"
"withheld_202001_forest_FALSE","Q540R1"
"withheld_202001_forest_FALSE","Q541"
"withheld_202001_forest_FALSE","Q542"
"withheld_202001_forest_FALSE","Q543"
"withheld_202001_forest_FALSE","Q544"
"withheld_202001_forest_FALSE","Q545R7"
"withheld_202001_forest_FALSE","Q546R7"
"withheld_202001_forest_FALSE","Q547R7"
"withheld_202001_forest_FALSE","Q548R7"
"withheld_202001_forest_FALSE","Q549R7"
"withheld_202001_forest_FALSE","Q550R1"
"withheld_202001_forest_FALSE","Q550R2"
"withheld_202001_forest_FALSE","Q550R3"
"withheld_202001_forest_FALSE","Q550R4"
"withheld_202001_forest_FALSE","Q550R5"
"withheld_202001_forest_FALSE","Q550R6"
"withheld_202001_forest_FALSE","Q551_Q559R1"
"withheld_202001_forest_FALSE","Q551_Q559R2"
"withheld_202001_forest_FALSE","Q551_Q559R3"
"withheld_202001_forest_FALSE","Q551_Q559R4"
"withheld_202001_forest_FALSE","Q551_Q559R5"
"withheld_202001_forest_FALSE","Q551_Q559R6"
"withheld_202001_forest_FALSE","Q551_Q559R7"
"withheld_202001_forest_FALSE","Q551_Q559R8"
"withheld_202001_forest_FALSE","Q551_Q559R9"
"withheld_202001_forest_FALSE","Q560R1"
"withheld_202001_forest_FALSE","Q560R2"
"withheld_202001_forest_FALSE","Q560R3"
"withheld_202001_forest_FALSE","Q560R5"
"withheld_202001_forest_FALSE","Q560R6"
"withheld_202001_forest_FALSE","Q560R7"
"withheld_202001_forest_FALSE","Q560R8"
"withheld_202001_forest_FALSE","Q561"
"withheld_202001_forest_FALSE","Q562"
"withheld_202001_forest_FALSE","Q563_Q572R1"
"withheld_202001_forest_FALSE","Q563_Q572R2"
"withheld_202001_forest_FALSE","Q563_Q572R3"
"withheld_202001_forest_FALSE","Q563_Q572R4"
"withheld_202001_forest_FALSE","Q563_Q572R5"
"withheld_202001_forest_FALSE","Q563_Q572R6"
"withheld_202001_forest_FALSE","Q563_Q572R7"
"withheld_202001_forest_FALSE","Q563_Q572R8"
"withheld_202001_forest_FALSE","Q563_Q572R9"
"withheld_202001_forest_FALSE","Q563_Q572R10"
"withheld_202001_forest_FALSE","Q573"
"withheld_202001_forest_FALSE","Q574"
"withheld_202001_forest_FALSE","Q582"
"withheld_202001_forest_FALSE","Q583"
"withheld_202001_forest_FALSE","Q584"
"withheld_202001_forest_FALSE","Q585_Q590R1"
"withheld_202001_forest_FALSE","Q585_Q590R2"
"withheld_202001_forest_FALSE","Q585_Q590R3"
"withheld_202001_forest_FALSE","Q585_Q590R4"
"withheld_202001_forest_FALSE","Q585_Q590R5"
"withheld_202001_forest_FALSE","Q585_Q590R6"
"withheld_202001_forest_FALSE","Q591_Q596R1"
"withheld_202001_forest_FALSE","Q591_Q596R2"
"withheld_202001_forest_FALSE","Q591_Q596R3"
"withheld_202001_forest_FALSE","Q591_Q596R4"
"withheld_202001_forest_FALSE","Q591_Q596R5"
"withheld_202001_forest_FALSE","Q591_Q596R6"
"withheld_202001_forest_FALSE","Q597_Q602R1"
"withheld_202001_forest_FALSE","Q597_Q602R2"
"withheld_202001_forest_FALSE","Q597_Q602R3"
"withheld_202001_forest_FALSE","Q597_Q602R4"
"withheld_202001_forest_FALSE","Q597_Q602R5"
"withheld_202001_forest_FALSE","Q597_Q602R6"
"withheld_202001_forest_FALSE","Q603R1"
"withheld_202001_forest_FALSE","Q603R2"
"withheld_202001_forest_FALSE","Q603R3"
"withheld_202001_forest_FALSE","Q603R4"
"withheld_202001_forest_FALSE","Q603R5"
"withheld_202001_forest_FALSE","Q603R6"
"withheld_202001_forest_FALSE","Q603R7"
"withheld_202001_forest_FALSE","Q603R8"
"withheld_202001_forest_FALSE","Q603R9"
"withheld_202001_forest_FALSE","Q603R10"
"withheld_202001_forest_FALSE","Q604_Q605R1"
"withheld_202001_forest_FALSE","Q604_Q605R2"
"withheld_202001_forest_FALSE","Q606R1"
"withheld_202001_forest_FALSE","Q606R2"
"withheld_202001_forest_FALSE","Q606R3"
"withheld_202001_forest_FALSE","Q606R4"
"withheld_202001_forest_FALSE","Q606R5"
"withheld_202001_forest_FALSE","Q606R6"
"withheld_202001_forest_FALSE","Q607_Q610R1"
"withheld_202001_forest_FALSE","Q607_Q610R2"
"withheld_202001_forest_FALSE","Q607_Q610R3"
"withheld_202001_forest_FALSE","Q607_Q610R4"
"withheld_202001_forest_FALSE","Q611"
"withheld_202001_forest_FALSE","Q613"
"withheld_202001_forest_FALSE","Q616_Q618R1"
"withheld_202001_forest_FALSE","Q616_Q618R2"
"withheld_202001_forest_FALSE","Q616_Q618R3"
"withheld_202001_forest_FALSE","Q619_Q626R1"
"withheld_202001_forest_FALSE","Q619_Q626R2"
"withheld_202001_forest_FALSE","Q619_Q626R3"
"withheld_202001_forest_FALSE","Q619_Q626R4"
"withheld_202001_forest_FALSE","Q619_Q626R5"
"withheld_202001_forest_FALSE","Q619_Q626R6"
"withheld_202001_forest_FALSE","Q619_Q626R7"
"withheld_202001_forest_FALSE","Q619_Q626R8"
"withheld_202001_forest_FALSE","Q627"
"withheld_202001_forest_FALSE","Q628"
"withheld_202001_forest_FALSE","Q629R1"
"withheld_202001_forest_FALSE","Q629R2"
"withheld_202001_forest_FALSE","Q629R3"
"withheld_202001_forest_FALSE","Q629R4"
"withheld_202001_forest_FALSE","Q629R5"
"withheld_202001_forest_FALSE","Q629R6"
"withheld_202001_forest_FALSE","Q629R7"
"withheld_202001_forest_FALSE","Q630_Q632R1"
"withheld_202001_forest_FALSE","Q630_Q632R2"
"withheld_202001_forest_FALSE","Q630_Q632R3"
"withheld_202001_forest_FALSE","Q633"
"withheld_202001_forest_FALSE","Q639"
"withheld_202001_forest_FALSE","Q640_Q645R1"
"withheld_202001_forest_FALSE","Q640_Q645R2"
"withheld_202001_forest_FALSE","Q640_Q645R3"
"withheld_202001_forest_FALSE","Q640_Q645R4"
"withheld_202001_forest_FALSE","Q640_Q645R5"
"withheld_202001_forest_FALSE","Q640_Q645R6"
"withheld_202001_forest_FALSE","Q646_Q651R1"
"withheld_202001_forest_FALSE","Q646_Q651R2"
"withheld_202001_forest_FALSE","Q646_Q651R3"
"withheld_202001_forest_FALSE","Q646_Q651R4"
"withheld_202001_forest_FALSE","Q646_Q651R5"
"withheld_202001_forest_FALSE","Q646_Q651R6"
"withheld_202001_forest_FALSE","Q646_Q651R7"
"withheld_202001_forest_FALSE","Q646_Q651R8"
"withheld_202001_forest_FALSE","Q646_Q651R9"
"withheld_202001_forest_FALSE","Q646_Q651R10"
"withheld_202001_forest_FALSE","Q646_Q651R11"
"withheld_202001_forest_FALSE","Q652_Q658R1"
"withheld_202001_forest_FALSE","Q652_Q658R2"
"withheld_202001_forest_FALSE","Q652_Q658R3"
"withheld_202001_forest_FALSE","Q652_Q658R4"
"withheld_202001_forest_FALSE","Q652_Q658R5"
"withheld_202001_forest_FALSE","Q652_Q658R6"
"withheld_202001_forest_FALSE","Q652_Q658R7"
"withheld_202001_forest_FALSE","Q659R1"
"withheld_202001_forest_FALSE","Q659R2"
"withheld_202001_forest_FALSE","Q659R3"
"withheld_202001_forest_FALSE","Q659R4"
"withheld_202001_forest_FALSE","Q659R5"
"withheld_202001_forest_FALSE","Q659R6"
"withheld_202001_forest_FALSE","Q659R7"
"withheld_202001_forest_FALSE","Q659R8"
"withheld_202001_forest_FALSE","Q660"
"withheld_202001_forest_FALSE","Q661"
"withheld_202001_forest_FALSE","Q662R1"
"withheld_202001_forest_FALSE","Q662R2"
"withheld_202001_forest_FALSE","Q662R3"
"withheld_202001_forest_FALSE","Q662R4"
"withheld_202001_forest_FALSE","Q662R5"
"withheld_202001_forest_FALSE","Q662R6"
"withheld_202001_forest_FALSE","Q663_Q666R1"
"withheld_202001_forest_FALSE","Q663_Q666R2"
"withheld_202001_forest_FALSE","Q663_Q666R3"
"withheld_202001_forest_FALSE","Q663_Q666R4"
"withheld_202001_forest_FALSE","Q667_Q671R1"
"withheld_202001_forest_FALSE","Q667_Q671R2"
"withheld_202001_forest_FALSE","Q667_Q671R3"
"withheld_202001_forest_FALSE","Q667_Q671R4"
"withheld_202001_forest_FALSE","Q667_Q671R5"
"withheld_202001_forest_FALSE","Q672"
"withheld_202001_forest_FALSE","Q673"
"withheld_202001_forest_FALSE","Q674R1"
"withheld_202001_forest_FALSE","Q675"
"withheld_202001_forest_FALSE","Q676_Q678R1"
"withheld_202001_forest_FALSE","Q676_Q678R2"
"withheld_202001_forest_FALSE","Q676_Q678R3"
"withheld_202001_forest_FALSE","Q679_Q682R1"
"withheld_202001_forest_FALSE","Q679_Q682R2"
"withheld_202001_forest_FALSE","Q679_Q682R3"
"withheld_202001_forest_FALSE","Q679_Q682R4"
"withheld_202001_forest_FALSE","Q683"
"withheld_202001_forest_FALSE","Q685"
"withheld_202001_forest_FALSE","Q686"
"withheld_202001_forest_FALSE","Q687"
"withheld_202001_forest_FALSE","Q688"
"withheld_202001_forest_FALSE","Q689"
"withheld_202001_forest_FALSE","Q690"
"withheld_202001_forest_FALSE","Q691"
"withheld_202001_forest_FALSE","Q692"
"withheld_202001_forest_FALSE","Q693_Q700R1"
"withheld_202001_forest_FALSE","Q693_Q700R2"
"withheld_202001_forest_FALSE","Q693_Q700R3"
"withheld_202001_forest_FALSE","Q693_Q700R4"
"withheld_202001_forest_FALSE","Q693_Q700R5"
"withheld_202001_forest_FALSE","Q693_Q700R6"
"withheld_202001_forest_FALSE","Q693_Q700R7"
"withheld_202001_forest_FALSE","Q693_Q700R8"
"withheld_202001_forest_FALSE","Q701_Q705R1"
"withheld_202001_forest_FALSE","Q701_Q705R2"
"withheld_202001_forest_FALSE","Q701_Q705R3"
"withheld_202001_forest_FALSE","Q701_Q705R4"
"withheld_202001_forest_FALSE","Q701_Q705R5"
"withheld_202001_forest_FALSE","Q706_Q708R1"
"withheld_202001_forest_FALSE","Q706_Q708R2"
"withheld_202001_forest_FALSE","Q706_Q708R3"
"withheld_202001_forest_FALSE","Q709_712R1"
"withheld_202001_forest_FALSE","Q709_712R2"
"withheld_202001_forest_FALSE","Q709_712R3"
"withheld_202001_forest_FALSE","Q709_712R4"
"withheld_202001_forest_FALSE","Q713"
"withheld_202001_forest_FALSE","Q714"
"withheld_202001_forest_FALSE","Q715_718R1"
"withheld_202001_forest_FALSE","Q715_718R2"
"withheld_202001_forest_FALSE","Q715_718R3"
"withheld_202001_forest_FALSE","Q715_718R4"
"withheld_202001_forest_FALSE","Q719"
"withheld_202001_forest_FALSE","Q720_Q722R1"
"withheld_202001_forest_FALSE","Q720_Q722R2"
"withheld_202001_forest_FALSE","Q720_Q722R3"
"withheld_202001_forest_FALSE","Q723_Q725R1"
"withheld_202001_forest_FALSE","Q723_Q725R2"
"withheld_202001_forest_FALSE","Q723_Q725R3"
"withheld_202001_forest_FALSE","Q726"
"withheld_202001_forest_FALSE","Q727_Q731R1"
"withheld_202001_forest_FALSE","Q727_Q731R2"
"withheld_202001_forest_FALSE","Q727_Q731R3"
"withheld_202001_forest_FALSE","Q727_Q731R4"
"withheld_202001_forest_FALSE","Q727_Q731R5"
"withheld_202001_forest_FALSE","Q732_Q737R1"
"withheld_202001_forest_FALSE","Q732_Q737R2"
"withheld_202001_forest_FALSE","Q732_Q737R3"
"withheld_202001_forest_FALSE","Q732_Q737R4"
"withheld_202001_forest_FALSE","Q732_Q737R5"
"withheld_202001_forest_FALSE","Q732_Q737R6"
"withheld_202001_forest_FALSE","Q738_Q740R1"
"withheld_202001_forest_FALSE","Q738_Q740R2"
"withheld_202001_forest_FALSE","Q738_Q740R3"
"withheld_202001_forest_FALSE","Q741"
"withheld_202001_forest_FALSE","Q742"
"withheld_202001_forest_FALSE","Q746A"
"withheld_202001_forest_FALSE","Q746B"
"withheld_202001_forest_FALSE","Q747"
"withheld_202001_forest_FALSE","Q748"
"withheld_202001_forest_FALSE","Q749"
"withheld_202001_forest_FALSE","Q750R1"
"withheld_202001_forest_FALSE","Q750R2"
"withheld_202001_forest_FALSE","Q750R3"
"withheld_202001_forest_FALSE","Q750R4"
"withheld_202001_forest_FALSE","Q750R5"
"withheld_202001_forest_FALSE","Q750R6"
"withheld_202001_forest_FALSE","Q750R7"
"withheld_202001_forest_FALSE","Q751R1"
"withheld_202001_forest_FALSE","Q751R2"
"withheld_202001_forest_FALSE","Q751R3"
"withheld_202001_forest_FALSE","Q751R4"
"withheld_202001_forest_FALSE","Q751R5"
"withheld_202001_forest_FALSE","Q752"
"withheld_202001_forest_FALSE","Q753"
"withheld_202001_forest_FALSE","Q754_Q762R1C1"
"withheld_202001_forest_FALSE","Q754_Q762R1C2"
"withheld_202001_forest_FALSE","Q754_Q762R1C3"
"withheld_202001_forest_FALSE","Q754_Q762R2C1"
"withheld_202001_forest_FALSE","Q754_Q762R2C2"
"withheld_202001_forest_FALSE","Q754_Q762R2C3"
"withheld_202001_forest_FALSE","Q754_Q762R3C1"
"withheld_202001_forest_FALSE","Q754_Q762R3C2"
"withheld_202001_forest_FALSE","Q754_Q762R3C3"
"withheld_202001_forest_FALSE","Q754_Q762R4C1"
"withheld_202001_forest_FALSE","Q754_Q762R4C2"
"withheld_202001_forest_FALSE","Q754_Q762R4C3"
"withheld_202001_forest_FALSE","Q754_Q762R5C1"
"withheld_202001_forest_FALSE","Q754_Q762R5C2"
"withheld_202001_forest_FALSE","Q754_Q762R5C3"
"withheld_202001_forest_FALSE","Q754_Q762R6C1"
"withheld_202001_forest_FALSE","Q754_Q762R6C2"
"withheld_202001_forest_FALSE","Q754_Q762R6C3"
"withheld_202001_forest_FALSE","Q754_Q762R7C1"
"withheld_202001_forest_FALSE","Q754_Q762R7C2"
"withheld_202001_forest_FALSE","Q754_Q762R7C3"
"withheld_202001_forest_FALSE","Q754_Q762R8C1"
"withheld_202001_forest_FALSE","Q754_Q762R8C2"
"withheld_202001_forest_FALSE","Q754_Q762R8C3"
"withheld_202001_forest_FALSE","Q754_Q762R9C1"
"withheld_202001_forest_FALSE","Q754_Q762R9C2"
"withheld_202001_forest_FALSE","Q754_Q762R9C3"
"withheld_202001_forest_FALSE","Q763_Q766R1"
"withheld_202001_forest_FALSE","Q763_Q766R2"
"withheld_202001_forest_FALSE","Q763_Q766R3"
"withheld_202001_forest_FALSE","Q763_Q766R4"
"withheld_202001_forest_FALSE","Q767_Q771R1"
"withheld_202001_forest_FALSE","Q767_Q771R2"
"withheld_202001_forest_FALSE","Q767_Q771R3"
"withheld_202001_forest_FALSE","Q767_Q771R4"
"withheld_202001_forest_FALSE","Q767_Q771R5"
"withheld_202001_forest_FALSE","Q773"
"withheld_202001_forest_FALSE","VQ773"
"withheld_202001_forest_FALSE","Q774"
"withheld_202001_forest_FALSE","VQ774"
"withheld_202001_forest_FALSE","Q775"
"withheld_202001_forest_FALSE","Q777"
"withheld_202001_forest_FALSE","Q779"
"withheld_202001_forest_FALSE","Q782"
"withheld_202001_forest_FALSE","Q785"
"withheld_202001_forest_FALSE","Q788"
"withheld_202001_forest_FALSE","Q790"
"withheld_202001_forest_FALSE","Q793R1"
"withheld_202001_forest_FALSE","Q793R2"
"withheld_202001_forest_FALSE","Q793R3"
"withheld_202001_forest_FALSE","Q793R4"
"withheld_202001_forest_FALSE","Q793R5"
"withheld_202001_forest_FALSE","Q794R1"
"withheld_202001_forest_FALSE","Q794R2"
"withheld_202001_forest_FALSE","Q794R3"
"withheld_202001_forest_FALSE","Q794R4"
"withheld_202001_forest_FALSE","Q794R5"
"withheld_202001_forest_FALSE","Q794R6"
"withheld_202001_forest_FALSE","Q795"
"withheld_202001_forest_FALSE","Q796R1"
"withheld_202001_forest_FALSE","Q796R2"
"withheld_202001_forest_FALSE","Q796R3"
"withheld_202001_forest_FALSE","Q796R4"
"withheld_202001_forest_FALSE","Q796R5"
"withheld_202001_forest_FALSE","Q797R1"
"withheld_202001_forest_FALSE","Q797R2"
"withheld_202001_forest_FALSE","Q797R3"
"withheld_202001_forest_FALSE","Q797R4"
"withheld_202001_forest_FALSE","Q797R5"
"withheld_202001_forest_FALSE","Q797R6"
"withheld_202001_forest_FALSE","Q797R7"
"withheld_202001_forest_FALSE","Q797R9"
"withheld_202001_forest_FALSE","Q797R10"
"withheld_202001_forest_FALSE","Q798R1"
"withheld_202001_forest_FALSE","Q798R2"
"withheld_202001_forest_FALSE","Q798R3"
"withheld_202001_forest_FALSE","Q798R4"
"withheld_202001_forest_FALSE","Q798R5"
"withheld_202001_forest_FALSE","Q798R6"
"withheld_202001_forest_FALSE","Q798R7"
"withheld_202001_forest_FALSE","Q798R8"
"withheld_202001_forest_FALSE","Q798R9"
"withheld_202001_forest_FALSE","Q798R10"
"withheld_202001_forest_FALSE","Q799R1C1"
"withheld_202001_forest_FALSE","Q799R2C1"
"withheld_202001_forest_FALSE","Q799R3C1"
"withheld_202001_forest_FALSE","Q799R4C1"
"withheld_202001_forest_FALSE","Q799R5C1"
"withheld_202001_forest_FALSE","Q799R6C1"
"withheld_202001_forest_FALSE","Q799R7C1"
"withheld_202001_forest_FALSE","Q799R8C1"
"withheld_202001_forest_FALSE","Q800R1C1"
"withheld_202001_forest_FALSE","Q800R2C1"
"withheld_202001_forest_FALSE","Q800R3C1"
"withheld_202001_forest_FALSE","Q800R4C1"
"withheld_202001_forest_FALSE","Q800R5C1"
"withheld_202001_forest_FALSE","Q800R6C1"
"withheld_202001_forest_FALSE","Q800R7C1"
"withheld_202001_forest_FALSE","Q800R8C1"
"withheld_202001_forest_FALSE","Q801"
"withheld_202001_forest_FALSE","Q802"
"withheld_202001_forest_FALSE","Q803"
"withheld_202001_forest_FALSE","Q804"
"withheld_202001_forest_FALSE","Q805"
"withheld_202001_forest_FALSE","Q806"
"withheld_202001_forest_FALSE","Q808"
"withheld_202001_forest_FALSE","Q809"
"withheld_202001_forest_FALSE","Q810"
"withheld_202001_forest_FALSE","Q811"
"withheld_202001_forest_FALSE","Q812"
"withheld_202001_forest_FALSE","Q813"
"withheld_202001_forest_FALSE","Q814"
"withheld_202001_forest_FALSE","Q815"
"withheld_202001_forest_FALSE","Q816"
"withheld_202001_forest_FALSE","Q818"
"withheld_202001_forest_FALSE","Q819"
"withheld_202001_forest_FALSE","Q820"
"diagnostic_202002_forest_FALSE","S1"
"diagnostic_202002_forest_FALSE","S2_RACER1"
"diagnostic_202002_forest_FALSE","S2_RACER3"
"diagnostic_202002_forest_FALSE","S2_RACE_PRIME"
"diagnostic_202002_forest_FALSE","S2_NATIVER1"
"diagnostic_202002_forest_FALSE","S2_NATIVER2"
"diagnostic_202002_forest_FALSE","S2_NATIVER3"
"diagnostic_202002_forest_FALSE","S2_NATIVER4"
"diagnostic_202002_forest_FALSE","S2_NATIVER5"
"diagnostic_202002_forest_FALSE","S2_AFROLATR1"
"diagnostic_202002_forest_FALSE","S2_AFROLATR2"
"diagnostic_202002_forest_FALSE","S2_AFROLATR3"
"diagnostic_202002_forest_FALSE","S2_AFROLATR4"
"diagnostic_202002_forest_FALSE","S2_AFROLATR5"
"diagnostic_202002_forest_FALSE","S3"
"diagnostic_202002_forest_FALSE","S3B"
"diagnostic_202002_forest_FALSE","S3C"
"diagnostic_202002_forest_FALSE","S4"
"diagnostic_202002_forest_FALSE","S5"
"diagnostic_202002_forest_FALSE","S7"
"diagnostic_202002_forest_FALSE","S10"
"diagnostic_202002_forest_FALSE","S10_MEX"
"diagnostic_202002_forest_FALSE","S11"
"diagnostic_202002_forest_FALSE","S2_M"
"diagnostic_202002_forest_FALSE","S13"
"diagnostic_202002_forest_FALSE","S14"
"diagnostic_202002_forest_FALSE","Q58R1"
"diagnostic_202002_forest_FALSE","Q58R2"
"diagnostic_202002_forest_FALSE","Q58R3"
"diagnostic_202002_forest_FALSE","Q58R4"
"diagnostic_202002_forest_FALSE","Q58R5"
"diagnostic_202002_forest_FALSE","Q58R6"
"diagnostic_202002_forest_FALSE","Q58R7"
"diagnostic_202002_forest_FALSE","Q58R8"
"diagnostic_202002_forest_FALSE","Q58R9"
"diagnostic_202002_forest_FALSE","Q58R10"
"diagnostic_202002_forest_FALSE","Q58R12"
"diagnostic_202002_forest_FALSE","Q58R13"
"diagnostic_202002_forest_FALSE","Q58R14"
"diagnostic_202002_forest_FALSE","Q58R15"
"diagnostic_202002_forest_FALSE","Q58R16"
"diagnostic_202002_forest_FALSE","Q58R17"
"diagnostic_202002_forest_FALSE","Q1R1"
"diagnostic_202002_forest_FALSE","Q1R2"
"diagnostic_202002_forest_FALSE","Q1R3"
"diagnostic_202002_forest_FALSE","Q1R4"
"diagnostic_202002_forest_FALSE","Q1R5"
"diagnostic_202002_forest_FALSE","Q1R6"
"diagnostic_202002_forest_FALSE","Q1R7"
"diagnostic_202002_forest_FALSE","Q1R8"
"diagnostic_202002_forest_FALSE","Q1R9"
"diagnostic_202002_forest_FALSE","Q1R10"
"diagnostic_202002_forest_FALSE","Q1R11"
"diagnostic_202002_forest_FALSE","Q1R12"
"diagnostic_202002_forest_FALSE","Q1R13"
"diagnostic_202002_forest_FALSE","Q1R14"
"diagnostic_202002_forest_FALSE","Q1R15"
"diagnostic_202002_forest_FALSE","Q1R16"
"diagnostic_202002_forest_FALSE","Q1R17"
"diagnostic_202002_forest_FALSE","Q1R18"
"diagnostic_202002_forest_FALSE","Q1R19"
"diagnostic_202002_forest_FALSE","Q1R20"
"diagnostic_202002_forest_FALSE","Q1R21"
"diagnostic_202002_forest_FALSE","Q1R22"
"diagnostic_202002_forest_FALSE","Q1R23"
"diagnostic_202002_forest_FALSE","Q2R1"
"diagnostic_202002_forest_FALSE","Q2R2"
"diagnostic_202002_forest_FALSE","Q2R3"
"diagnostic_202002_forest_FALSE","Q2R4"
"diagnostic_202002_forest_FALSE","Q2R5"
"diagnostic_202002_forest_FALSE","Q2R6"
"diagnostic_202002_forest_FALSE","Q2R7"
"diagnostic_202002_forest_FALSE","Q2R8"
"diagnostic_202002_forest_FALSE","Q2R9"
"diagnostic_202002_forest_FALSE","Q2R10"
"diagnostic_202002_forest_FALSE","Q13"
"diagnostic_202002_forest_FALSE","Q15"
"diagnostic_202002_forest_FALSE","Q16"
"diagnostic_202002_forest_FALSE","Q17"
"diagnostic_202002_forest_FALSE","Q20"
"diagnostic_202002_forest_FALSE","Q21"
"diagnostic_202002_forest_FALSE","Q22"
"diagnostic_202002_forest_FALSE","Q23"
"diagnostic_202002_forest_FALSE","Q24"
"diagnostic_202002_forest_FALSE","Q25"
"diagnostic_202002_forest_FALSE","Q26"
"diagnostic_202002_forest_FALSE","Q27R1"
"diagnostic_202002_forest_FALSE","Q27R2"
"diagnostic_202002_forest_FALSE","Q27R3"
"diagnostic_202002_forest_FALSE","Q27R4"
"diagnostic_202002_forest_FALSE","Q27R5"
"diagnostic_202002_forest_FALSE","Q27R6"
"diagnostic_202002_forest_FALSE","Q27R7"
"diagnostic_202002_forest_FALSE","Q27R8"
"diagnostic_202002_forest_FALSE","Q27R9"
"diagnostic_202002_forest_FALSE","Q27R10"
"diagnostic_202002_forest_FALSE","Q27R11"
"diagnostic_202002_forest_FALSE","Q27R12"
"diagnostic_202002_forest_FALSE","Q27R13"
"diagnostic_202002_forest_FALSE","Q27R14"
"diagnostic_202002_forest_FALSE","Q27R15"
"diagnostic_202002_forest_FALSE","Q27R16"
"diagnostic_202002_forest_FALSE","Q27R17"
"diagnostic_202002_forest_FALSE","Q27R18"
"diagnostic_202002_forest_FALSE","Q27R19"
"diagnostic_202002_forest_FALSE","Q28R1"
"diagnostic_202002_forest_FALSE","Q28R2"
"diagnostic_202002_forest_FALSE","Q28R3"
"diagnostic_202002_forest_FALSE","Q28R4"
"diagnostic_202002_forest_FALSE","Q28R5"
"diagnostic_202002_forest_FALSE","Q28R6"
"diagnostic_202002_forest_FALSE","Q28R7"
"diagnostic_202002_forest_FALSE","Q28R8"
"diagnostic_202002_forest_FALSE","Q28R9"
"diagnostic_202002_forest_FALSE","Q28R10"
"diagnostic_202002_forest_FALSE","Q28R11"
"diagnostic_202002_forest_FALSE","Q28R12"
"diagnostic_202002_forest_FALSE","Q28R13"
"diagnostic_202002_forest_FALSE","Q28R14"
"diagnostic_202002_forest_FALSE","Q28R15"
"diagnostic_202002_forest_FALSE","Q28R16"
"diagnostic_202002_forest_FALSE","Q28R17"
"diagnostic_202002_forest_FALSE","Q28R18"
"diagnostic_202002_forest_FALSE","Q28R19"
"diagnostic_202002_forest_FALSE","Q29"
"diagnostic_202002_forest_FALSE","Q30"
"diagnostic_202002_forest_FALSE","Q31"
"diagnostic_202002_forest_FALSE","Q32R1"
"diagnostic_202002_forest_FALSE","Q32R2"
"diagnostic_202002_forest_FALSE","Q32R3"
"diagnostic_202002_forest_FALSE","Q32R4"
"diagnostic_202002_forest_FALSE","Q32R5"
"diagnostic_202002_forest_FALSE","Q32R6"
"diagnostic_202002_forest_FALSE","Q32R7"
"diagnostic_202002_forest_FALSE","Q32R8"
"diagnostic_202002_forest_FALSE","Q32R9"
"diagnostic_202002_forest_FALSE","Q33R1"
"diagnostic_202002_forest_FALSE","Q33R2"
"diagnostic_202002_forest_FALSE","Q33R3"
"diagnostic_202002_forest_FALSE","Q33R4"
"diagnostic_202002_forest_FALSE","Q33R5"
"diagnostic_202002_forest_FALSE","Q38R1"
"diagnostic_202002_forest_FALSE","Q38R2"
"diagnostic_202002_forest_FALSE","Q38R3"
"diagnostic_202002_forest_FALSE","Q38R4"
"diagnostic_202002_forest_FALSE","Q39R1"
"diagnostic_202002_forest_FALSE","Q39R2"
"diagnostic_202002_forest_FALSE","Q39R3"
"diagnostic_202002_forest_FALSE","Q39R4"
"diagnostic_202002_forest_FALSE","Q39R5"
"diagnostic_202002_forest_FALSE","Q39R6"
"diagnostic_202002_forest_FALSE","Q39R7"
"diagnostic_202002_forest_FALSE","Q40"
"diagnostic_202002_forest_FALSE","Q41R1"
"diagnostic_202002_forest_FALSE","Q41R2"
"diagnostic_202002_forest_FALSE","Q41R3"
"diagnostic_202002_forest_FALSE","Q41R4"
"diagnostic_202002_forest_FALSE","Q42"
"diagnostic_202002_forest_FALSE","Q43"
"diagnostic_202002_forest_FALSE","Q44"
"diagnostic_202002_forest_FALSE","Q45"
"diagnostic_202002_forest_FALSE","Q46"
"diagnostic_202002_forest_FALSE","Q47"
"diagnostic_202002_forest_FALSE","Q48"
"diagnostic_202002_forest_FALSE","Q49"
"diagnostic_202002_forest_FALSE","Q50"
"diagnostic_202002_forest_FALSE","Q51"
"diagnostic_202002_forest_FALSE","Q52"
"diagnostic_202002_forest_FALSE","Q53"
"diagnostic_202002_forest_FALSE","Q54"
"diagnostic_202002_forest_FALSE","Q55"
"diagnostic_202002_forest_FALSE","Q56"
"diagnostic_202002_forest_FALSE","Q57"
"diagnostic_202002_forest_FALSE","Q59"
"diagnostic_202002_forest_FALSE","Q60R1"
"diagnostic_202002_forest_FALSE","Q60R2"
"diagnostic_202002_forest_FALSE","Q60R3"
"diagnostic_202002_forest_FALSE","Q60R4"
"diagnostic_202002_forest_FALSE","Q60R5"
"diagnostic_202002_forest_FALSE","Q60R6"
"diagnostic_202002_forest_FALSE","Q61"
"diagnostic_202002_forest_FALSE","Q62R1"
"diagnostic_202002_forest_FALSE","Q62R2"
"diagnostic_202002_forest_FALSE","Q62R3"
"diagnostic_202002_forest_FALSE","Q62R4"
"diagnostic_202002_forest_FALSE","Q62R5"
"diagnostic_202002_forest_FALSE","NEWQ67"
"diagnostic_202002_forest_FALSE","Q67"
"diagnostic_202002_forest_FALSE","Q68"
"diagnostic_202002_forest_FALSE","Q69"
"diagnostic_202002_forest_FALSE","Q70R1"
"diagnostic_202002_forest_FALSE","Q70R2"
"diagnostic_202002_forest_FALSE","Q70R3"
"diagnostic_202002_forest_FALSE","Q70R4"
"diagnostic_202002_forest_FALSE","Q70R5"
"diagnostic_202002_forest_FALSE","Q75"
"diagnostic_202002_forest_FALSE","Q76R1"
"diagnostic_202002_forest_FALSE","Q76R2"
"diagnostic_202002_forest_FALSE","Q76R3"
"diagnostic_202002_forest_FALSE","Q76R4"
"diagnostic_202002_forest_FALSE","Q76R5"
"diagnostic_202002_forest_FALSE","Q76R6"
"diagnostic_202002_forest_FALSE","Q77R1"
"diagnostic_202002_forest_FALSE","Q77R2"
"diagnostic_202002_forest_FALSE","Q77R3"
"diagnostic_202002_forest_FALSE","Q77R4"
"diagnostic_202002_forest_FALSE","Q77R5"
"diagnostic_202002_forest_FALSE","Q77R6"
"diagnostic_202002_forest_FALSE","Q77R7"
"diagnostic_202002_forest_FALSE","Q77R8"
"diagnostic_202002_forest_FALSE","Q77R9"
"diagnostic_202002_forest_FALSE","Q78"
"diagnostic_202002_forest_FALSE","Q84"
"diagnostic_202002_forest_FALSE","Q85"
"diagnostic_202002_forest_FALSE","Q85B"
"diagnostic_202002_forest_FALSE","Q86"
"diagnostic_202002_forest_FALSE","Q87"
"diagnostic_202002_forest_FALSE","Q88"
"diagnostic_202002_forest_FALSE","Q93"
"diagnostic_202002_forest_FALSE","Q95"
"diagnostic_202002_forest_FALSE","Q97"
"diagnostic_202002_forest_FALSE","Q98R1"
"diagnostic_202002_forest_FALSE","Q98R2"
"diagnostic_202002_forest_FALSE","Q98R3"
"diagnostic_202002_forest_FALSE","Q98R4"
"diagnostic_202002_forest_FALSE","Q98R5"
"diagnostic_202002_forest_FALSE","Q98R6"
"diagnostic_202002_forest_FALSE","Q98R7"
"diagnostic_202002_forest_FALSE","Q98R8"
"diagnostic_202002_forest_FALSE","Q98R9"
"diagnostic_202002_forest_FALSE","Q98R10"
"diagnostic_202002_forest_FALSE","Q98R11"
"diagnostic_202002_forest_FALSE","Q99R1"
"diagnostic_202002_forest_FALSE","Q99R2"
"diagnostic_202002_forest_FALSE","Q99R3"
"diagnostic_202002_forest_FALSE","Q99R4"
"diagnostic_202002_forest_FALSE","Q99R5"
"diagnostic_202002_forest_FALSE","Q99R6"
"diagnostic_202002_forest_FALSE","Q99R7"
"diagnostic_202002_forest_FALSE","Q99R8"
"diagnostic_202002_forest_FALSE","Q99R9"
"diagnostic_202002_forest_FALSE","Q99R10"
"diagnostic_202002_forest_FALSE","Q99R11"
"diagnostic_202002_forest_FALSE","Q110R2"
"diagnostic_202002_forest_FALSE","Q110R3"
"diagnostic_202002_forest_FALSE","Q110R4"
"diagnostic_202002_forest_FALSE","Q110R5"
"diagnostic_202002_forest_FALSE","Q110R6"
"diagnostic_202002_forest_FALSE","Q110R7"
"diagnostic_202002_forest_FALSE","Q110R8"
"diagnostic_202002_forest_FALSE","Q111R1"
"diagnostic_202002_forest_FALSE","Q111R2"
"diagnostic_202002_forest_FALSE","Q111R3"
"diagnostic_202002_forest_FALSE","Q111R4"
"diagnostic_202002_forest_FALSE","Q111R5"
"diagnostic_202002_forest_FALSE","Q116R1"
"diagnostic_202002_forest_FALSE","Q116R2"
"diagnostic_202002_forest_FALSE","Q116R3"
"diagnostic_202002_forest_FALSE","Q116R4"
"diagnostic_202002_forest_FALSE","Q116R7"
"diagnostic_202002_forest_FALSE","Q116R8"
"diagnostic_202002_forest_FALSE","Q116R10"
"diagnostic_202002_forest_FALSE","Q117R1"
"diagnostic_202002_forest_FALSE","Q117R2"
"diagnostic_202002_forest_FALSE","Q117R3"
"diagnostic_202002_forest_FALSE","Q117R4"
"diagnostic_202002_forest_FALSE","Q117R5"
"diagnostic_202002_forest_FALSE","Q117R6"
"diagnostic_202002_forest_FALSE","Q117R7"
"diagnostic_202002_forest_FALSE","Q117R8"
"diagnostic_202002_forest_FALSE","Q117R9"
"diagnostic_202002_forest_FALSE","Q117R10"
"diagnostic_202002_forest_FALSE","Q117R11"
"diagnostic_202002_forest_FALSE","Q117R12"
"diagnostic_202002_forest_FALSE","Q117R13"
"diagnostic_202002_forest_FALSE","Q130"
"diagnostic_202002_forest_FALSE","Q131R1"
"diagnostic_202002_forest_FALSE","Q131R2"
"diagnostic_202002_forest_FALSE","Q131R3"
"diagnostic_202002_forest_FALSE","Q131R4"
"diagnostic_202002_forest_FALSE","Q131R5"
"diagnostic_202002_forest_FALSE","Q131R6"
"diagnostic_202002_forest_FALSE","Q131R7"
"diagnostic_202002_forest_FALSE","Q131R8"
"diagnostic_202002_forest_FALSE","Q131R9"
"diagnostic_202002_forest_FALSE","Q131R10"
"diagnostic_202002_forest_FALSE","Q131R11"
"diagnostic_202002_forest_FALSE","Q131R12"
"diagnostic_202002_forest_FALSE","Q131R13"
"diagnostic_202002_forest_FALSE","Q144"
"diagnostic_202002_forest_FALSE","Q145"
"diagnostic_202002_forest_FALSE","Q146"
"diagnostic_202002_forest_FALSE","Q147"
"diagnostic_202002_forest_FALSE","Q148"
"diagnostic_202002_forest_FALSE","Q149"
"diagnostic_202002_forest_FALSE","Q150"
"diagnostic_202002_forest_FALSE","Q151"
"diagnostic_202002_forest_FALSE","Q152"
"diagnostic_202002_forest_FALSE","Q153"
"diagnostic_202002_forest_FALSE","Q154R1"
"diagnostic_202002_forest_FALSE","Q154R2"
"diagnostic_202002_forest_FALSE","Q154R3"
"diagnostic_202002_forest_FALSE","Q154R4"
"diagnostic_202002_forest_FALSE","Q154R5"
"diagnostic_202002_forest_FALSE","Q159R1"
"diagnostic_202002_forest_FALSE","Q159R2"
"diagnostic_202002_forest_FALSE","Q159R3"
"diagnostic_202002_forest_FALSE","Q162R1"
"diagnostic_202002_forest_FALSE","Q162R2"
"diagnostic_202002_forest_FALSE","Q162R3"
"diagnostic_202002_forest_FALSE","Q162R4"
"diagnostic_202002_forest_FALSE","Q162R5"
"diagnostic_202002_forest_FALSE","Q162R6"
"diagnostic_202002_forest_FALSE","Q162R7"
"diagnostic_202002_forest_FALSE","Q162R8"
"diagnostic_202002_forest_FALSE","Q170"
"diagnostic_202002_forest_FALSE","Q171R1"
"diagnostic_202002_forest_FALSE","Q171R2"
"diagnostic_202002_forest_FALSE","Q171R3"
"diagnostic_202002_forest_FALSE","Q171R4"
"diagnostic_202002_forest_FALSE","Q171R5"
"diagnostic_202002_forest_FALSE","Q171R6"
"diagnostic_202002_forest_FALSE","Q171R7"
"diagnostic_202002_forest_FALSE","Q171R8"
"diagnostic_202002_forest_FALSE","Q171R9"
"diagnostic_202002_forest_FALSE","Q172R1"
"diagnostic_202002_forest_FALSE","Q172R2"
"diagnostic_202002_forest_FALSE","Q172R3"
"diagnostic_202002_forest_FALSE","Q175R1"
"diagnostic_202002_forest_FALSE","Q175R2"
"diagnostic_202002_forest_FALSE","Q175R3"
"diagnostic_202002_forest_FALSE","Q178R1"
"diagnostic_202002_forest_FALSE","Q178R2"
"diagnostic_202002_forest_FALSE","Q178R3"
"diagnostic_202002_forest_FALSE","Q178R4"
"diagnostic_202002_forest_FALSE","Q182"
"diagnostic_202002_forest_FALSE","Q183"
"diagnostic_202002_forest_FALSE","Q184R1"
"diagnostic_202002_forest_FALSE","Q184R2"
"diagnostic_202002_forest_FALSE","Q184R3"
"diagnostic_202002_forest_FALSE","Q187R1"
"diagnostic_202002_forest_FALSE","Q187R2"
"diagnostic_202002_forest_FALSE","Q187R3"
"diagnostic_202002_forest_FALSE","Q187R4"
"diagnostic_202002_forest_FALSE","Q187R5"
"diagnostic_202002_forest_FALSE","Q192"
"diagnostic_202002_forest_FALSE","Q193"
"diagnostic_202002_forest_FALSE","Q194"
"diagnostic_202002_forest_FALSE","Q195A1R1"
"diagnostic_202002_forest_FALSE","Q195A1R2"
"diagnostic_202002_forest_FALSE","Q195A1R3"
"diagnostic_202002_forest_FALSE","Q195A1R4"
"diagnostic_202002_forest_FALSE","Q195A2R1"
"diagnostic_202002_forest_FALSE","Q195A2R2"
"diagnostic_202002_forest_FALSE","Q195A2R3"
"diagnostic_202002_forest_FALSE","Q195A2R4"
"diagnostic_202002_forest_FALSE","Q195A2R5"
"diagnostic_202002_forest_FALSE","Q195A2R6"
"diagnostic_202002_forest_FALSE","Q195A2R7"
"diagnostic_202002_forest_FALSE","Q195A2R8"
"diagnostic_202002_forest_FALSE","Q195A2R9"
"diagnostic_202002_forest_FALSE","Q195A2R10"
"diagnostic_202002_forest_FALSE","Q195B1R1"
"diagnostic_202002_forest_FALSE","Q195B1R2"
"diagnostic_202002_forest_FALSE","Q195B1R3"
"diagnostic_202002_forest_FALSE","Q195B1R4"
"diagnostic_202002_forest_FALSE","Q195B2R1"
"diagnostic_202002_forest_FALSE","Q195B2R2"
"diagnostic_202002_forest_FALSE","Q195B2R3"
"diagnostic_202002_forest_FALSE","Q195B2R4"
"diagnostic_202002_forest_FALSE","Q195B2R5"
"diagnostic_202002_forest_FALSE","Q195B2R6"
"diagnostic_202002_forest_FALSE","Q195B2R7"
"diagnostic_202002_forest_FALSE","Q195B2R8"
"diagnostic_202002_forest_FALSE","Q195B2R9"
"diagnostic_202002_forest_FALSE","Q195B2R10"
"diagnostic_202002_forest_FALSE","Q196"
"diagnostic_202002_forest_FALSE","Q197A1"
"diagnostic_202002_forest_FALSE","Q197A2"
"diagnostic_202002_forest_FALSE","Q197B1"
"diagnostic_202002_forest_FALSE","Q197B2"
"diagnostic_202002_forest_FALSE","Q198"
"diagnostic_202002_forest_FALSE","Q199"
"diagnostic_202002_forest_FALSE","Q200"
"diagnostic_202002_forest_FALSE","Q201"
"diagnostic_202002_forest_FALSE","Q202R1"
"diagnostic_202002_forest_FALSE","Q202R2"
"diagnostic_202002_forest_FALSE","Q202R3"
"diagnostic_202002_forest_FALSE","Q203"
"diagnostic_202002_forest_FALSE","Q204"
"diagnostic_202002_forest_FALSE","Q205"
"diagnostic_202002_forest_FALSE","Q206"
"diagnostic_202002_forest_FALSE","Q207"
"diagnostic_202002_forest_FALSE","Q208R1"
"diagnostic_202002_forest_FALSE","Q208R2"
"diagnostic_202002_forest_FALSE","Q208R3"
"diagnostic_202002_forest_FALSE","Q208R4"
"diagnostic_202002_forest_FALSE","Q208R5"
"diagnostic_202002_forest_FALSE","Q213R1"
"diagnostic_202002_forest_FALSE","Q213R2"
"diagnostic_202002_forest_FALSE","Q213R3"
"diagnostic_202002_forest_FALSE","Q213R4"
"diagnostic_202002_forest_FALSE","Q217R1"
"diagnostic_202002_forest_FALSE","Q217R2"
"diagnostic_202002_forest_FALSE","Q217R3"
"diagnostic_202002_forest_FALSE","Q217R4"
"diagnostic_202002_forest_FALSE","Q221R1"
"diagnostic_202002_forest_FALSE","Q221R2"
"diagnostic_202002_forest_FALSE","Q221R3"
"diagnostic_202002_forest_FALSE","Q221R4"
"diagnostic_202002_forest_FALSE","Q225R1"
"diagnostic_202002_forest_FALSE","Q225R2"
"diagnostic_202002_forest_FALSE","Q225R3"
"diagnostic_202002_forest_FALSE","Q225R4"
"diagnostic_202002_forest_FALSE","Q225R5"
"diagnostic_202002_forest_FALSE","Q225R6"
"diagnostic_202002_forest_FALSE","Q225R7"
"diagnostic_202002_forest_FALSE","Q225R8"
"diagnostic_202002_forest_FALSE","Q225R9"
"diagnostic_202002_forest_FALSE","Q225R10"
"diagnostic_202002_forest_FALSE","Q225R11"
"diagnostic_202002_forest_FALSE","Q225R12"
"diagnostic_202002_forest_FALSE","Q225R13"
"diagnostic_202002_forest_FALSE","Q225R14"
"diagnostic_202002_forest_FALSE","Q239R1"
"diagnostic_202002_forest_FALSE","Q239R2"
"diagnostic_202002_forest_FALSE","Q239R3"
"diagnostic_202002_forest_FALSE","Q239R4"
"diagnostic_202002_forest_FALSE","Q243R1"
"diagnostic_202002_forest_FALSE","Q243R2"
"diagnostic_202002_forest_FALSE","Q243R3"
"diagnostic_202002_forest_FALSE","Q243R4"
"diagnostic_202002_forest_FALSE","Q247"
"diagnostic_202002_forest_FALSE","Q248"
"diagnostic_202002_forest_FALSE","Q249"
"diagnostic_202002_forest_FALSE","Q250R1"
"diagnostic_202002_forest_FALSE","Q250R2"
"diagnostic_202002_forest_FALSE","Q250R3"
"diagnostic_202002_forest_FALSE","Q250R5"
"diagnostic_202002_forest_FALSE","Q250R8"
"diagnostic_202002_forest_FALSE","Q251"
"diagnostic_202002_forest_FALSE","Q252"
"diagnostic_202002_forest_FALSE","Q253"
"diagnostic_202002_forest_FALSE","Q254"
"diagnostic_202002_forest_FALSE","Q255"
"diagnostic_202002_forest_FALSE","Q256"
"diagnostic_202002_forest_FALSE","Q257AR1"
"diagnostic_202002_forest_FALSE","Q257AR2"
"diagnostic_202002_forest_FALSE","Q257AR3"
"diagnostic_202002_forest_FALSE","Q257AR4"
"diagnostic_202002_forest_FALSE","Q257BR1"
"diagnostic_202002_forest_FALSE","Q257BR2"
"diagnostic_202002_forest_FALSE","Q257BR3"
"diagnostic_202002_forest_FALSE","Q257BR4"
"diagnostic_202002_forest_FALSE","Q257CR1"
"diagnostic_202002_forest_FALSE","Q257CR2"
"diagnostic_202002_forest_FALSE","Q257CR3"
"diagnostic_202002_forest_FALSE","Q257CR4"
"diagnostic_202002_forest_FALSE","Q258"
"diagnostic_202002_forest_FALSE","Q260"
"diagnostic_202002_forest_FALSE","Q261"
"diagnostic_202002_forest_FALSE","Q262"
"diagnostic_202002_forest_FALSE","Q263"
"diagnostic_202002_forest_FALSE","Q264"
"diagnostic_202002_forest_FALSE","Q265"
"diagnostic_202002_forest_FALSE","Q266"
"diagnostic_202002_forest_FALSE","Q267"
"diagnostic_202002_forest_FALSE","Q268"
"diagnostic_202002_forest_FALSE","Q269"
"diagnostic_202002_forest_FALSE","Q270"
"diagnostic_202002_forest_FALSE","Q271"
"diagnostic_202002_forest_FALSE","Q272"
"diagnostic_202002_forest_FALSE","Q273R1"
"diagnostic_202002_forest_FALSE","Q273R2"
"diagnostic_202002_forest_FALSE","Q273R3"
"diagnostic_202002_forest_FALSE","Q273R4"
"diagnostic_202002_forest_FALSE","Q273R5"
"diagnostic_202002_forest_FALSE","Q278"
"diagnostic_202002_forest_FALSE","Q279"
"diagnostic_202002_forest_FALSE","Q280"
"diagnostic_202002_forest_FALSE","Q281R1"
"diagnostic_202002_forest_FALSE","Q281R2"
"diagnostic_202002_forest_FALSE","Q281R3"
"diagnostic_202002_forest_FALSE","Q281R4"
"diagnostic_202002_forest_FALSE","Q281R5"
"diagnostic_202002_forest_FALSE","Q281R6"
"diagnostic_202002_forest_FALSE","Q281R7"
"diagnostic_202002_forest_FALSE","Q281R8"
"diagnostic_202002_forest_FALSE","Q281R9"
"diagnostic_202002_forest_FALSE","Q282"
"diagnostic_202002_forest_FALSE","Q283"
"diagnostic_202002_forest_FALSE","Q285"
"diagnostic_202002_forest_FALSE","Q286"
"diagnostic_202002_forest_FALSE","Q287R1"
"diagnostic_202002_forest_FALSE","Q287R2"
"diagnostic_202002_forest_FALSE","Q287R3"
"diagnostic_202002_forest_FALSE","Q287R4"
"diagnostic_202002_forest_FALSE","Q287R5"
"diagnostic_202002_forest_FALSE","Q287R6"
"diagnostic_202002_forest_FALSE","Q287R7"
"diagnostic_202002_forest_FALSE","Q294"
"diagnostic_202002_forest_FALSE","Q295R1"
"diagnostic_202002_forest_FALSE","Q295R2"
"diagnostic_202002_forest_FALSE","Q295R3"
"diagnostic_202002_forest_FALSE","Q295R4"
"diagnostic_202002_forest_FALSE","Q295R5"
"diagnostic_202002_forest_FALSE","Q295R6"
"diagnostic_202002_forest_FALSE","Q301R1"
"diagnostic_202002_forest_FALSE","Q301R2"
"diagnostic_202002_forest_FALSE","Q301R3"
"diagnostic_202002_forest_FALSE","Q301R4"
"diagnostic_202002_forest_FALSE","Q301R5"
"diagnostic_202002_forest_FALSE","Q301R6"
"diagnostic_202002_forest_FALSE","Q301R7"
"diagnostic_202002_forest_FALSE","Q308R1"
"diagnostic_202002_forest_FALSE","Q308R2"
"diagnostic_202002_forest_FALSE","Q308R3"
"diagnostic_202002_forest_FALSE","Q308R4"
"diagnostic_202002_forest_FALSE","Q308R5"
"diagnostic_202002_forest_FALSE","Q308R6"
"diagnostic_202002_forest_FALSE","Q308R7"
"diagnostic_202002_forest_FALSE","Q315"
"diagnostic_202002_forest_FALSE","Q316R1"
"diagnostic_202002_forest_FALSE","Q316R2"
"diagnostic_202002_forest_FALSE","Q316R3"
"diagnostic_202002_forest_FALSE","Q316R4"
"diagnostic_202002_forest_FALSE","Q316R5"
"diagnostic_202002_forest_FALSE","Q316R6"
"diagnostic_202002_forest_FALSE","Q316R7"
"diagnostic_202002_forest_FALSE","Q323_BLW"
"diagnostic_202002_forest_FALSE","Q324"
"diagnostic_202002_forest_FALSE","Q325_BLW"
"diagnostic_202002_forest_FALSE","Q326R1"
"diagnostic_202002_forest_FALSE","Q326R4"
"diagnostic_202002_forest_FALSE","Q326R5"
"diagnostic_202002_forest_FALSE","Q329R2"
"diagnostic_202002_forest_FALSE","Q329R3"
"diagnostic_202002_forest_FALSE","Q329R4"
"diagnostic_202002_forest_FALSE","Q329R5"
"diagnostic_202002_forest_FALSE","Q329R7"
"diagnostic_202002_forest_FALSE","Q329R8"
"diagnostic_202002_forest_FALSE","Q329R9"
"diagnostic_202002_forest_FALSE","Q329R10"
"diagnostic_202002_forest_FALSE","Q330"
"diagnostic_202002_forest_FALSE","Q331"
"diagnostic_202002_forest_FALSE","Q332"
"diagnostic_202002_forest_FALSE","Q333"
"diagnostic_202002_forest_FALSE","Q334"
"diagnostic_202002_forest_FALSE","Q335"
"diagnostic_202002_forest_FALSE","Q339"
"diagnostic_202002_forest_FALSE","Q340"
"diagnostic_202002_forest_FALSE","Q341R1"
"diagnostic_202002_forest_FALSE","Q341R2"
"diagnostic_202002_forest_FALSE","Q343R1"
"diagnostic_202002_forest_FALSE","Q343R2"
"diagnostic_202002_forest_FALSE","Q343R3"
"diagnostic_202002_forest_FALSE","Q343R4"
"diagnostic_202002_forest_FALSE","Q347"
"diagnostic_202002_forest_FALSE","Q348"
"diagnostic_202002_forest_FALSE","Q349"
"diagnostic_202002_forest_FALSE","Q350"
"diagnostic_202002_forest_FALSE","Q351"
"diagnostic_202002_forest_FALSE","Q352"
"diagnostic_202002_forest_FALSE","Q356"
"diagnostic_202002_forest_FALSE","Q357"
"diagnostic_202002_forest_FALSE","Q358"
"diagnostic_202002_forest_FALSE","Q359R1"
"diagnostic_202002_forest_FALSE","Q359R2"
"diagnostic_202002_forest_FALSE","Q359R3"
"diagnostic_202002_forest_FALSE","Q359R4"
"diagnostic_202002_forest_FALSE","Q363"
"diagnostic_202002_forest_FALSE","Q364"
"diagnostic_202002_forest_FALSE","Q365"
"diagnostic_202002_forest_FALSE","Q366R1"
"diagnostic_202002_forest_FALSE","Q366R2"
"diagnostic_202002_forest_FALSE","Q366R3"
"diagnostic_202002_forest_FALSE","Q366R4"
"diagnostic_202002_forest_FALSE","Q367"
"diagnostic_202002_forest_FALSE","Q368"
"diagnostic_202002_forest_FALSE","Q369"
"diagnostic_202002_forest_FALSE","Q370"
"diagnostic_202002_forest_FALSE","Q371"
"diagnostic_202002_forest_FALSE","Q372"
"diagnostic_202002_forest_FALSE","Q377"
"diagnostic_202002_forest_FALSE","Q378"
"diagnostic_202002_forest_FALSE","Q379"
"diagnostic_202002_forest_FALSE","Q380"
"diagnostic_202002_forest_FALSE","Q381_Q383R1"
"diagnostic_202002_forest_FALSE","Q381_Q383R2"
"diagnostic_202002_forest_FALSE","Q381_Q383R3"
"diagnostic_202002_forest_FALSE","Q384R1"
"diagnostic_202002_forest_FALSE","Q385"
"diagnostic_202002_forest_FALSE","Q386_Q390R1"
"diagnostic_202002_forest_FALSE","Q386_Q390R2"
"diagnostic_202002_forest_FALSE","Q386_Q390R3"
"diagnostic_202002_forest_FALSE","Q386_Q390R4"
"diagnostic_202002_forest_FALSE","Q386_Q390R5"
"diagnostic_202002_forest_FALSE","Q391_Q393R1"
"diagnostic_202002_forest_FALSE","Q391_Q393R2"
"diagnostic_202002_forest_FALSE","Q391_Q393R3"
"diagnostic_202002_forest_FALSE","Q394"
"diagnostic_202002_forest_FALSE","Q395"
"diagnostic_202002_forest_FALSE","Q396_Q398R1"
"diagnostic_202002_forest_FALSE","Q396_Q398R2"
"diagnostic_202002_forest_FALSE","Q396_Q398R3"
"diagnostic_202002_forest_FALSE","Q399"
"diagnostic_202002_forest_FALSE","Q400"
"diagnostic_202002_forest_FALSE","Q401_Q404R1"
"diagnostic_202002_forest_FALSE","Q401_Q404R2"
"diagnostic_202002_forest_FALSE","Q401_Q404R3"
"diagnostic_202002_forest_FALSE","Q401_Q404R4"
"diagnostic_202002_forest_FALSE","Q405"
"diagnostic_202002_forest_FALSE","Q406"
"diagnostic_202002_forest_FALSE","Q407R1"
"diagnostic_202002_forest_FALSE","Q407R2"
"diagnostic_202002_forest_FALSE","Q407R3"
"diagnostic_202002_forest_FALSE","Q407R4"
"diagnostic_202002_forest_FALSE","Q407R5"
"diagnostic_202002_forest_FALSE","Q408"
"diagnostic_202002_forest_FALSE","Q409"
"diagnostic_202002_forest_FALSE","Q410"
"diagnostic_202002_forest_FALSE","Q411_Q416R1"
"diagnostic_202002_forest_FALSE","Q411_Q416R2"
"diagnostic_202002_forest_FALSE","Q411_Q416R3"
"diagnostic_202002_forest_FALSE","Q411_Q416R4"
"diagnostic_202002_forest_FALSE","Q411_Q416R5"
"diagnostic_202002_forest_FALSE","Q411_Q416R6"
"diagnostic_202002_forest_FALSE","Q417_Q424R1"
"diagnostic_202002_forest_FALSE","Q417_Q424R2"
"diagnostic_202002_forest_FALSE","Q417_Q424R3"
"diagnostic_202002_forest_FALSE","Q417_Q424R4"
"diagnostic_202002_forest_FALSE","Q417_Q424R5"
"diagnostic_202002_forest_FALSE","Q417_Q424R6"
"diagnostic_202002_forest_FALSE","Q417_Q424R7"
"diagnostic_202002_forest_FALSE","Q417_Q424R8"
"diagnostic_202002_forest_FALSE","Q425"
"diagnostic_202002_forest_FALSE","Q428R1"
"diagnostic_202002_forest_FALSE","Q428R2"
"diagnostic_202002_forest_FALSE","Q428R3"
"diagnostic_202002_forest_FALSE","Q428R4"
"diagnostic_202002_forest_FALSE","Q428R6"
"diagnostic_202002_forest_FALSE","Q428R5"
"diagnostic_202002_forest_FALSE","Q429_Q440R1"
"diagnostic_202002_forest_FALSE","Q429_Q440R2"
"diagnostic_202002_forest_FALSE","Q429_Q440R3"
"diagnostic_202002_forest_FALSE","Q429_Q440R4"
"diagnostic_202002_forest_FALSE","Q429_Q440R5"
"diagnostic_202002_forest_FALSE","Q429_Q440R6"
"diagnostic_202002_forest_FALSE","Q429_Q440R7"
"diagnostic_202002_forest_FALSE","Q429_Q440R8"
"diagnostic_202002_forest_FALSE","Q429_Q440R9"
"diagnostic_202002_forest_FALSE","Q429_Q440R10"
"diagnostic_202002_forest_FALSE","Q429_Q440R11"
"diagnostic_202002_forest_FALSE","Q429_Q440R12"
"diagnostic_202002_forest_FALSE","Q441_Q452R1"
"diagnostic_202002_forest_FALSE","Q441_Q452R2"
"diagnostic_202002_forest_FALSE","Q441_Q452R3"
"diagnostic_202002_forest_FALSE","Q441_Q452R4"
"diagnostic_202002_forest_FALSE","Q441_Q452R5"
"diagnostic_202002_forest_FALSE","Q441_Q452R6"
"diagnostic_202002_forest_FALSE","Q441_Q452R7"
"diagnostic_202002_forest_FALSE","Q441_Q452R8"
"diagnostic_202002_forest_FALSE","Q441_Q452R9"
"diagnostic_202002_forest_FALSE","Q441_Q452R10"
"diagnostic_202002_forest_FALSE","Q441_Q452R11"
"diagnostic_202002_forest_FALSE","Q441_Q452R12"
"diagnostic_202002_forest_FALSE","Q453"
"diagnostic_202002_forest_FALSE","Q454"
"diagnostic_202002_forest_FALSE","Q455"
"diagnostic_202002_forest_FALSE","Q456_Q461R1"
"diagnostic_202002_forest_FALSE","Q456_Q461R2"
"diagnostic_202002_forest_FALSE","Q456_Q461R3"
"diagnostic_202002_forest_FALSE","Q456_Q461R4"
"diagnostic_202002_forest_FALSE","Q456_Q461R5"
"diagnostic_202002_forest_FALSE","Q456_Q461R6"
"diagnostic_202002_forest_FALSE","Q462"
"diagnostic_202002_forest_FALSE","Q463"
"diagnostic_202002_forest_FALSE","Q466"
"diagnostic_202002_forest_FALSE","Q467_Q469R1"
"diagnostic_202002_forest_FALSE","Q467_Q469R2"
"diagnostic_202002_forest_FALSE","Q467_Q469R3"
"diagnostic_202002_forest_FALSE","Q470"
"diagnostic_202002_forest_FALSE","Q471R6"
"diagnostic_202002_forest_FALSE","Q471R7"
"diagnostic_202002_forest_FALSE","Q471R8"
"diagnostic_202002_forest_FALSE","Q471R9"
"diagnostic_202002_forest_FALSE","Q472_Q474R1"
"diagnostic_202002_forest_FALSE","Q472_Q474R2"
"diagnostic_202002_forest_FALSE","Q472_Q474R3"
"diagnostic_202002_forest_FALSE","Q475R1"
"diagnostic_202002_forest_FALSE","Q475R2"
"diagnostic_202002_forest_FALSE","Q475R3"
"diagnostic_202002_forest_FALSE","Q475R4"
"diagnostic_202002_forest_FALSE","Q475R5"
"diagnostic_202002_forest_FALSE","Q475R6"
"diagnostic_202002_forest_FALSE","Q475R7"
"diagnostic_202002_forest_FALSE","Q476"
"diagnostic_202002_forest_FALSE","Q477"
"diagnostic_202002_forest_FALSE","Q478_Q483R1"
"diagnostic_202002_forest_FALSE","Q478_Q483R2"
"diagnostic_202002_forest_FALSE","Q478_Q483R3"
"diagnostic_202002_forest_FALSE","Q478_Q483R4"
"diagnostic_202002_forest_FALSE","Q478_Q483R5"
"diagnostic_202002_forest_FALSE","Q478_Q483R6"
"diagnostic_202002_forest_FALSE","Q484"
"diagnostic_202002_forest_FALSE","Q485"
"diagnostic_202002_forest_FALSE","Q486"
"diagnostic_202002_forest_FALSE","Q487_Q489R1"
"diagnostic_202002_forest_FALSE","Q487_Q489R2"
"diagnostic_202002_forest_FALSE","Q487_Q489R3"
"diagnostic_202002_forest_FALSE","Q490R1"
"diagnostic_202002_forest_FALSE","Q490R2"
"diagnostic_202002_forest_FALSE","Q490R3"
"diagnostic_202002_forest_FALSE","Q490R4"
"diagnostic_202002_forest_FALSE","Q490R5"
"diagnostic_202002_forest_FALSE","Q490R6"
"diagnostic_202002_forest_FALSE","Q490R7"
"diagnostic_202002_forest_FALSE","Q490R8"
"diagnostic_202002_forest_FALSE","Q491A"
"diagnostic_202002_forest_FALSE","Q491R1"
"diagnostic_202002_forest_FALSE","Q491R2"
"diagnostic_202002_forest_FALSE","Q491R3"
"diagnostic_202002_forest_FALSE","Q491R4"
"diagnostic_202002_forest_FALSE","Q491R5"
"diagnostic_202002_forest_FALSE","Q491R6"
"diagnostic_202002_forest_FALSE","Q491R7"
"diagnostic_202002_forest_FALSE","Q492"
"diagnostic_202002_forest_FALSE","Q493"
"diagnostic_202002_forest_FALSE","Q494_Q503R1"
"diagnostic_202002_forest_FALSE","Q494_Q503R2"
"diagnostic_202002_forest_FALSE","Q494_Q503R3"
"diagnostic_202002_forest_FALSE","Q494_Q503R4"
"diagnostic_202002_forest_FALSE","Q494_Q503R5"
"diagnostic_202002_forest_FALSE","Q494_Q503R6"
"diagnostic_202002_forest_FALSE","Q494_Q503R7"
"diagnostic_202002_forest_FALSE","Q494_Q503R8"
"diagnostic_202002_forest_FALSE","Q494_Q503R9"
"diagnostic_202002_forest_FALSE","Q494_Q503R10"
"diagnostic_202002_forest_FALSE","Q504R1"
"diagnostic_202002_forest_FALSE","Q504R2"
"diagnostic_202002_forest_FALSE","Q504R3"
"diagnostic_202002_forest_FALSE","Q504R4"
"diagnostic_202002_forest_FALSE","Q504R5"
"diagnostic_202002_forest_FALSE","Q504R6"
"diagnostic_202002_forest_FALSE","Q504R7"
"diagnostic_202002_forest_FALSE","Q504R8"
"diagnostic_202002_forest_FALSE","Q504R11"
"diagnostic_202002_forest_FALSE","Q504R12"
"diagnostic_202002_forest_FALSE","Q505_Q508R1"
"diagnostic_202002_forest_FALSE","Q505_Q508R2"
"diagnostic_202002_forest_FALSE","Q505_Q508R3"
"diagnostic_202002_forest_FALSE","Q505_Q508R4"
"diagnostic_202002_forest_FALSE","Q509_Q511R1"
"diagnostic_202002_forest_FALSE","Q509_Q511R2"
"diagnostic_202002_forest_FALSE","Q509_Q511R3"
"diagnostic_202002_forest_FALSE","Q512R1"
"diagnostic_202002_forest_FALSE","Q512R2"
"diagnostic_202002_forest_FALSE","Q512R3"
"diagnostic_202002_forest_FALSE","Q513_Q516R1"
"diagnostic_202002_forest_FALSE","Q513_Q516R2"
"diagnostic_202002_forest_FALSE","Q513_Q516R3"
"diagnostic_202002_forest_FALSE","Q517"
"diagnostic_202002_forest_FALSE","Q518"
"diagnostic_202002_forest_FALSE","Q519"
"diagnostic_202002_forest_FALSE","Q520"
"diagnostic_202002_forest_FALSE","Q521_Q528R1"
"diagnostic_202002_forest_FALSE","Q521_Q528R2"
"diagnostic_202002_forest_FALSE","Q521_Q528R3"
"diagnostic_202002_forest_FALSE","Q521_Q528R4"
"diagnostic_202002_forest_FALSE","Q521_Q528R5"
"diagnostic_202002_forest_FALSE","Q521_Q528R6"
"diagnostic_202002_forest_FALSE","Q521_Q528R7"
"diagnostic_202002_forest_FALSE","Q521_Q528R8"
"diagnostic_202002_forest_FALSE","Q529"
"diagnostic_202002_forest_FALSE","Q530"
"diagnostic_202002_forest_FALSE","Q531"
"diagnostic_202002_forest_FALSE","Q534R1"
"diagnostic_202002_forest_FALSE","Q534R2"
"diagnostic_202002_forest_FALSE","Q534R3"
"diagnostic_202002_forest_FALSE","Q534R4"
"diagnostic_202002_forest_FALSE","Q534R5"
"diagnostic_202002_forest_FALSE","Q535_Q538R1"
"diagnostic_202002_forest_FALSE","Q535_Q538R2"
"diagnostic_202002_forest_FALSE","Q535_Q538R3"
"diagnostic_202002_forest_FALSE","Q535_Q538R4"
"diagnostic_202002_forest_FALSE","Q539R1"
"diagnostic_202002_forest_FALSE","Q539R2"
"diagnostic_202002_forest_FALSE","Q539R3"
"diagnostic_202002_forest_FALSE","Q539R4"
"diagnostic_202002_forest_FALSE","Q539R6"
"diagnostic_202002_forest_FALSE","Q539R5"
"diagnostic_202002_forest_FALSE","Q540R1"
"diagnostic_202002_forest_FALSE","Q541"
"diagnostic_202002_forest_FALSE","Q542"
"diagnostic_202002_forest_FALSE","Q543"
"diagnostic_202002_forest_FALSE","Q544"
"diagnostic_202002_forest_FALSE","Q545R7"
"diagnostic_202002_forest_FALSE","Q546R7"
"diagnostic_202002_forest_FALSE","Q547R7"
"diagnostic_202002_forest_FALSE","Q548R7"
"diagnostic_202002_forest_FALSE","Q549R7"
"diagnostic_202002_forest_FALSE","Q550R1"
"diagnostic_202002_forest_FALSE","Q550R2"
"diagnostic_202002_forest_FALSE","Q550R3"
"diagnostic_202002_forest_FALSE","Q550R4"
"diagnostic_202002_forest_FALSE","Q550R5"
"diagnostic_202002_forest_FALSE","Q550R6"
"diagnostic_202002_forest_FALSE","Q551_Q559R1"
"diagnostic_202002_forest_FALSE","Q551_Q559R2"
"diagnostic_202002_forest_FALSE","Q551_Q559R3"
"diagnostic_202002_forest_FALSE","Q551_Q559R4"
"diagnostic_202002_forest_FALSE","Q551_Q559R5"
"diagnostic_202002_forest_FALSE","Q551_Q559R6"
"diagnostic_202002_forest_FALSE","Q551_Q559R7"
"diagnostic_202002_forest_FALSE","Q551_Q559R8"
"diagnostic_202002_forest_FALSE","Q551_Q559R9"
"diagnostic_202002_forest_FALSE","Q560R1"
"diagnostic_202002_forest_FALSE","Q560R2"
"diagnostic_202002_forest_FALSE","Q560R3"
"diagnostic_202002_forest_FALSE","Q560R4"
"diagnostic_202002_forest_FALSE","Q560R5"
"diagnostic_202002_forest_FALSE","Q560R6"
"diagnostic_202002_forest_FALSE","Q560R7"
"diagnostic_202002_forest_FALSE","Q560R8"
"diagnostic_202002_forest_FALSE","Q561"
"diagnostic_202002_forest_FALSE","Q562"
"diagnostic_202002_forest_FALSE","Q563_Q572R1"
"diagnostic_202002_forest_FALSE","Q563_Q572R2"
"diagnostic_202002_forest_FALSE","Q563_Q572R3"
"diagnostic_202002_forest_FALSE","Q563_Q572R4"
"diagnostic_202002_forest_FALSE","Q563_Q572R5"
"diagnostic_202002_forest_FALSE","Q563_Q572R6"
"diagnostic_202002_forest_FALSE","Q563_Q572R7"
"diagnostic_202002_forest_FALSE","Q563_Q572R8"
"diagnostic_202002_forest_FALSE","Q563_Q572R9"
"diagnostic_202002_forest_FALSE","Q563_Q572R10"
"diagnostic_202002_forest_FALSE","Q573"
"diagnostic_202002_forest_FALSE","Q574"
"diagnostic_202002_forest_FALSE","Q575_Q581R1"
"diagnostic_202002_forest_FALSE","Q575_Q581R2"
"diagnostic_202002_forest_FALSE","Q575_Q581R3"
"diagnostic_202002_forest_FALSE","Q575_Q581R4"
"diagnostic_202002_forest_FALSE","Q575_Q581R5"
"diagnostic_202002_forest_FALSE","Q575_Q581R6"
"diagnostic_202002_forest_FALSE","Q575_Q581R7"
"diagnostic_202002_forest_FALSE","Q582"
"diagnostic_202002_forest_FALSE","Q583"
"diagnostic_202002_forest_FALSE","Q584"
"diagnostic_202002_forest_FALSE","Q585_Q590R1"
"diagnostic_202002_forest_FALSE","Q585_Q590R2"
"diagnostic_202002_forest_FALSE","Q585_Q590R3"
"diagnostic_202002_forest_FALSE","Q585_Q590R4"
"diagnostic_202002_forest_FALSE","Q585_Q590R5"
"diagnostic_202002_forest_FALSE","Q585_Q590R6"
"diagnostic_202002_forest_FALSE","Q591_Q596R1"
"diagnostic_202002_forest_FALSE","Q591_Q596R2"
"diagnostic_202002_forest_FALSE","Q591_Q596R3"
"diagnostic_202002_forest_FALSE","Q591_Q596R4"
"diagnostic_202002_forest_FALSE","Q591_Q596R5"
"diagnostic_202002_forest_FALSE","Q591_Q596R6"
"diagnostic_202002_forest_FALSE","Q597_Q602R1"
"diagnostic_202002_forest_FALSE","Q597_Q602R2"
"diagnostic_202002_forest_FALSE","Q597_Q602R3"
"diagnostic_202002_forest_FALSE","Q597_Q602R4"
"diagnostic_202002_forest_FALSE","Q597_Q602R5"
"diagnostic_202002_forest_FALSE","Q597_Q602R6"
"diagnostic_202002_forest_FALSE","Q603R1"
"diagnostic_202002_forest_FALSE","Q603R2"
"diagnostic_202002_forest_FALSE","Q603R3"
"diagnostic_202002_forest_FALSE","Q603R4"
"diagnostic_202002_forest_FALSE","Q603R5"
"diagnostic_202002_forest_FALSE","Q603R6"
"diagnostic_202002_forest_FALSE","Q603R7"
"diagnostic_202002_forest_FALSE","Q603R8"
"diagnostic_202002_forest_FALSE","Q603R9"
"diagnostic_202002_forest_FALSE","Q603R10"
"diagnostic_202002_forest_FALSE","Q604_Q605R1"
"diagnostic_202002_forest_FALSE","Q604_Q605R2"
"diagnostic_202002_forest_FALSE","Q606R1"
"diagnostic_202002_forest_FALSE","Q606R2"
"diagnostic_202002_forest_FALSE","Q606R3"
"diagnostic_202002_forest_FALSE","Q606R4"
"diagnostic_202002_forest_FALSE","Q606R5"
"diagnostic_202002_forest_FALSE","Q606R6"
"diagnostic_202002_forest_FALSE","Q607_Q610R1"
"diagnostic_202002_forest_FALSE","Q607_Q610R2"
"diagnostic_202002_forest_FALSE","Q607_Q610R3"
"diagnostic_202002_forest_FALSE","Q607_Q610R4"
"diagnostic_202002_forest_FALSE","Q611"
"diagnostic_202002_forest_FALSE","Q613"
"diagnostic_202002_forest_FALSE","Q614"
"diagnostic_202002_forest_FALSE","Q615"
"diagnostic_202002_forest_FALSE","Q616_Q618R1"
"diagnostic_202002_forest_FALSE","Q616_Q618R2"
"diagnostic_202002_forest_FALSE","Q616_Q618R3"
"diagnostic_202002_forest_FALSE","Q619_Q626R1"
"diagnostic_202002_forest_FALSE","Q619_Q626R2"
"diagnostic_202002_forest_FALSE","Q619_Q626R3"
"diagnostic_202002_forest_FALSE","Q619_Q626R4"
"diagnostic_202002_forest_FALSE","Q619_Q626R5"
"diagnostic_202002_forest_FALSE","Q619_Q626R6"
"diagnostic_202002_forest_FALSE","Q619_Q626R7"
"diagnostic_202002_forest_FALSE","Q619_Q626R8"
"diagnostic_202002_forest_FALSE","Q627"
"diagnostic_202002_forest_FALSE","Q628"
"diagnostic_202002_forest_FALSE","Q629R1"
"diagnostic_202002_forest_FALSE","Q629R2"
"diagnostic_202002_forest_FALSE","Q629R3"
"diagnostic_202002_forest_FALSE","Q629R4"
"diagnostic_202002_forest_FALSE","Q629R5"
"diagnostic_202002_forest_FALSE","Q629R6"
"diagnostic_202002_forest_FALSE","Q629R7"
"diagnostic_202002_forest_FALSE","Q630_Q632R1"
"diagnostic_202002_forest_FALSE","Q630_Q632R2"
"diagnostic_202002_forest_FALSE","Q630_Q632R3"
"diagnostic_202002_forest_FALSE","Q633"
"diagnostic_202002_forest_FALSE","Q639"
"diagnostic_202002_forest_FALSE","Q640_Q645R1"
"diagnostic_202002_forest_FALSE","Q640_Q645R2"
"diagnostic_202002_forest_FALSE","Q640_Q645R3"
"diagnostic_202002_forest_FALSE","Q640_Q645R4"
"diagnostic_202002_forest_FALSE","Q640_Q645R5"
"diagnostic_202002_forest_FALSE","Q640_Q645R6"
"diagnostic_202002_forest_FALSE","Q646_Q651R1"
"diagnostic_202002_forest_FALSE","Q646_Q651R2"
"diagnostic_202002_forest_FALSE","Q646_Q651R3"
"diagnostic_202002_forest_FALSE","Q646_Q651R4"
"diagnostic_202002_forest_FALSE","Q646_Q651R5"
"diagnostic_202002_forest_FALSE","Q652_Q658R1"
"diagnostic_202002_forest_FALSE","Q652_Q658R2"
"diagnostic_202002_forest_FALSE","Q652_Q658R3"
"diagnostic_202002_forest_FALSE","Q652_Q658R4"
"diagnostic_202002_forest_FALSE","Q652_Q658R5"
"diagnostic_202002_forest_FALSE","Q652_Q658R6"
"diagnostic_202002_forest_FALSE","Q652_Q658R7"
"diagnostic_202002_forest_FALSE","Q659R1"
"diagnostic_202002_forest_FALSE","Q659R2"
"diagnostic_202002_forest_FALSE","Q659R3"
"diagnostic_202002_forest_FALSE","Q659R4"
"diagnostic_202002_forest_FALSE","Q659R5"
"diagnostic_202002_forest_FALSE","Q659R6"
"diagnostic_202002_forest_FALSE","Q659R7"
"diagnostic_202002_forest_FALSE","Q659R8"
"diagnostic_202002_forest_FALSE","Q660"
"diagnostic_202002_forest_FALSE","Q661"
"diagnostic_202002_forest_FALSE","Q662R1"
"diagnostic_202002_forest_FALSE","Q662R2"
"diagnostic_202002_forest_FALSE","Q662R3"
"diagnostic_202002_forest_FALSE","Q662R4"
"diagnostic_202002_forest_FALSE","Q662R5"
"diagnostic_202002_forest_FALSE","Q662R6"
"diagnostic_202002_forest_FALSE","Q663_Q666R1"
"diagnostic_202002_forest_FALSE","Q663_Q666R2"
"diagnostic_202002_forest_FALSE","Q663_Q666R3"
"diagnostic_202002_forest_FALSE","Q663_Q666R4"
"diagnostic_202002_forest_FALSE","Q667_Q671R1"
"diagnostic_202002_forest_FALSE","Q667_Q671R2"
"diagnostic_202002_forest_FALSE","Q667_Q671R3"
"diagnostic_202002_forest_FALSE","Q667_Q671R4"
"diagnostic_202002_forest_FALSE","Q667_Q671R5"
"diagnostic_202002_forest_FALSE","Q672"
"diagnostic_202002_forest_FALSE","Q673"
"diagnostic_202002_forest_FALSE","Q674R1"
"diagnostic_202002_forest_FALSE","Q675"
"diagnostic_202002_forest_FALSE","Q676_Q678R1"
"diagnostic_202002_forest_FALSE","Q676_Q678R2"
"diagnostic_202002_forest_FALSE","Q676_Q678R3"
"diagnostic_202002_forest_FALSE","Q679_Q682R1"
"diagnostic_202002_forest_FALSE","Q679_Q682R2"
"diagnostic_202002_forest_FALSE","Q679_Q682R3"
"diagnostic_202002_forest_FALSE","Q679_Q682R4"
"diagnostic_202002_forest_FALSE","Q683"
"diagnostic_202002_forest_FALSE","Q684"
"diagnostic_202002_forest_FALSE","Q685"
"diagnostic_202002_forest_FALSE","Q686"
"diagnostic_202002_forest_FALSE","Q687"
"diagnostic_202002_forest_FALSE","Q688"
"diagnostic_202002_forest_FALSE","Q689"
"diagnostic_202002_forest_FALSE","Q690"
"diagnostic_202002_forest_FALSE","Q691"
"diagnostic_202002_forest_FALSE","Q692"
"diagnostic_202002_forest_FALSE","Q693_Q700R1"
"diagnostic_202002_forest_FALSE","Q693_Q700R2"
"diagnostic_202002_forest_FALSE","Q693_Q700R3"
"diagnostic_202002_forest_FALSE","Q693_Q700R4"
"diagnostic_202002_forest_FALSE","Q693_Q700R5"
"diagnostic_202002_forest_FALSE","Q693_Q700R6"
"diagnostic_202002_forest_FALSE","Q693_Q700R7"
"diagnostic_202002_forest_FALSE","Q693_Q700R8"
"diagnostic_202002_forest_FALSE","Q701_Q705R1"
"diagnostic_202002_forest_FALSE","Q701_Q705R2"
"diagnostic_202002_forest_FALSE","Q701_Q705R3"
"diagnostic_202002_forest_FALSE","Q701_Q705R4"
"diagnostic_202002_forest_FALSE","Q701_Q705R5"
"diagnostic_202002_forest_FALSE","Q706_Q708R1"
"diagnostic_202002_forest_FALSE","Q706_Q708R2"
"diagnostic_202002_forest_FALSE","Q706_Q708R3"
"diagnostic_202002_forest_FALSE","Q709_712R1"
"diagnostic_202002_forest_FALSE","Q709_712R2"
"diagnostic_202002_forest_FALSE","Q709_712R3"
"diagnostic_202002_forest_FALSE","Q709_712R4"
"diagnostic_202002_forest_FALSE","Q713"
"diagnostic_202002_forest_FALSE","Q714"
"diagnostic_202002_forest_FALSE","Q715_718R1"
"diagnostic_202002_forest_FALSE","Q715_718R2"
"diagnostic_202002_forest_FALSE","Q715_718R3"
"diagnostic_202002_forest_FALSE","Q715_718R4"
"diagnostic_202002_forest_FALSE","Q719"
"diagnostic_202002_forest_FALSE","Q720_Q722R1"
"diagnostic_202002_forest_FALSE","Q720_Q722R2"
"diagnostic_202002_forest_FALSE","Q720_Q722R3"
"diagnostic_202002_forest_FALSE","Q723_Q725R1"
"diagnostic_202002_forest_FALSE","Q723_Q725R2"
"diagnostic_202002_forest_FALSE","Q723_Q725R3"
"diagnostic_202002_forest_FALSE","Q726"
"diagnostic_202002_forest_FALSE","Q727_Q731R1"
"diagnostic_202002_forest_FALSE","Q727_Q731R2"
"diagnostic_202002_forest_FALSE","Q727_Q731R3"
"diagnostic_202002_forest_FALSE","Q727_Q731R4"
"diagnostic_202002_forest_FALSE","Q727_Q731R5"
"diagnostic_202002_forest_FALSE","Q732_Q737R1"
"diagnostic_202002_forest_FALSE","Q732_Q737R2"
"diagnostic_202002_forest_FALSE","Q732_Q737R3"
"diagnostic_202002_forest_FALSE","Q732_Q737R4"
"diagnostic_202002_forest_FALSE","Q732_Q737R5"
"diagnostic_202002_forest_FALSE","Q732_Q737R6"
"diagnostic_202002_forest_FALSE","Q738_Q740R1"
"diagnostic_202002_forest_FALSE","Q738_Q740R2"
"diagnostic_202002_forest_FALSE","Q738_Q740R3"
"diagnostic_202002_forest_FALSE","Q741"
"diagnostic_202002_forest_FALSE","Q742"
"diagnostic_202002_forest_FALSE","Q743"
"diagnostic_202002_forest_FALSE","Q744"
"diagnostic_202002_forest_FALSE","Q745"
"diagnostic_202002_forest_FALSE","Q746A"
"diagnostic_202002_forest_FALSE","Q746B"
"diagnostic_202002_forest_FALSE","Q747"
"diagnostic_202002_forest_FALSE","Q748"
"diagnostic_202002_forest_FALSE","Q749"
"diagnostic_202002_forest_FALSE","Q750R1"
"diagnostic_202002_forest_FALSE","Q750R2"
"diagnostic_202002_forest_FALSE","Q750R3"
"diagnostic_202002_forest_FALSE","Q750R4"
"diagnostic_202002_forest_FALSE","Q750R5"
"diagnostic_202002_forest_FALSE","Q750R6"
"diagnostic_202002_forest_FALSE","Q750R7"
"diagnostic_202002_forest_FALSE","Q751R1"
"diagnostic_202002_forest_FALSE","Q751R2"
"diagnostic_202002_forest_FALSE","Q751R3"
"diagnostic_202002_forest_FALSE","Q751R4"
"diagnostic_202002_forest_FALSE","Q751R5"
"diagnostic_202002_forest_FALSE","Q752"
"diagnostic_202002_forest_FALSE","Q753"
"diagnostic_202002_forest_FALSE","Q754_Q762R1C1"
"diagnostic_202002_forest_FALSE","Q754_Q762R1C2"
"diagnostic_202002_forest_FALSE","Q754_Q762R1C3"
"diagnostic_202002_forest_FALSE","Q754_Q762R2C1"
"diagnostic_202002_forest_FALSE","Q754_Q762R2C2"
"diagnostic_202002_forest_FALSE","Q754_Q762R2C3"
"diagnostic_202002_forest_FALSE","Q754_Q762R3C1"
"diagnostic_202002_forest_FALSE","Q754_Q762R3C2"
"diagnostic_202002_forest_FALSE","Q754_Q762R3C3"
"diagnostic_202002_forest_FALSE","Q754_Q762R4C1"
"diagnostic_202002_forest_FALSE","Q754_Q762R4C2"
"diagnostic_202002_forest_FALSE","Q754_Q762R4C3"
"diagnostic_202002_forest_FALSE","Q754_Q762R5C1"
"diagnostic_202002_forest_FALSE","Q754_Q762R5C2"
"diagnostic_202002_forest_FALSE","Q754_Q762R5C3"
"diagnostic_202002_forest_FALSE","Q754_Q762R6C1"
"diagnostic_202002_forest_FALSE","Q754_Q762R6C2"
"diagnostic_202002_forest_FALSE","Q754_Q762R6C3"
"diagnostic_202002_forest_FALSE","Q754_Q762R7C1"
"diagnostic_202002_forest_FALSE","Q754_Q762R7C2"
"diagnostic_202002_forest_FALSE","Q754_Q762R7C3"
"diagnostic_202002_forest_FALSE","Q754_Q762R8C1"
"diagnostic_202002_forest_FALSE","Q754_Q762R8C2"
"diagnostic_202002_forest_FALSE","Q754_Q762R8C3"
"diagnostic_202002_forest_FALSE","Q754_Q762R9C1"
"diagnostic_202002_forest_FALSE","Q754_Q762R9C2"
"diagnostic_202002_forest_FALSE","Q754_Q762R9C3"
"diagnostic_202002_forest_FALSE","Q763_Q766R1"
"diagnostic_202002_forest_FALSE","Q763_Q766R2"
"diagnostic_202002_forest_FALSE","Q763_Q766R3"
"diagnostic_202002_forest_FALSE","Q763_Q766R4"
"diagnostic_202002_forest_FALSE","Q767_Q771R1"
"diagnostic_202002_forest_FALSE","Q767_Q771R2"
"diagnostic_202002_forest_FALSE","Q767_Q771R3"
"diagnostic_202002_forest_FALSE","Q767_Q771R4"
"diagnostic_202002_forest_FALSE","Q767_Q771R5"
"diagnostic_202002_forest_FALSE","Q773"
"diagnostic_202002_forest_FALSE","VQ773"
"diagnostic_202002_forest_FALSE","Q774"
"diagnostic_202002_forest_FALSE","VQ774"
"diagnostic_202002_forest_FALSE","Q775"
"diagnostic_202002_forest_FALSE","Q777"
"diagnostic_202002_forest_FALSE","Q779"
"diagnostic_202002_forest_FALSE","Q782"
"diagnostic_202002_forest_FALSE","Q785"
"diagnostic_202002_forest_FALSE","Q788"
"diagnostic_202002_forest_FALSE","Q790"
"diagnostic_202002_forest_FALSE","Q793R1"
"diagnostic_202002_forest_FALSE","Q793R2"
"diagnostic_202002_forest_FALSE","Q793R3"
"diagnostic_202002_forest_FALSE","Q793R4"
"diagnostic_202002_forest_FALSE","Q793R5"
"diagnostic_202002_forest_FALSE","Q794R1"
"diagnostic_202002_forest_FALSE","Q794R2"
"diagnostic_202002_forest_FALSE","Q794R3"
"diagnostic_202002_forest_FALSE","Q794R4"
"diagnostic_202002_forest_FALSE","Q794R5"
"diagnostic_202002_forest_FALSE","Q794R6"
"diagnostic_202002_forest_FALSE","Q795"
"diagnostic_202002_forest_FALSE","Q796R1"
"diagnostic_202002_forest_FALSE","Q796R2"
"diagnostic_202002_forest_FALSE","Q796R3"
"diagnostic_202002_forest_FALSE","Q796R4"
"diagnostic_202002_forest_FALSE","Q796R5"
"diagnostic_202002_forest_FALSE","Q797R1"
"diagnostic_202002_forest_FALSE","Q797R2"
"diagnostic_202002_forest_FALSE","Q797R3"
"diagnostic_202002_forest_FALSE","Q797R4"
"diagnostic_202002_forest_FALSE","Q797R5"
"diagnostic_202002_forest_FALSE","Q797R6"
"diagnostic_202002_forest_FALSE","Q797R9"
"diagnostic_202002_forest_FALSE","Q797R10"
"diagnostic_202002_forest_FALSE","Q798R1"
"diagnostic_202002_forest_FALSE","Q798R2"
"diagnostic_202002_forest_FALSE","Q798R3"
"diagnostic_202002_forest_FALSE","Q798R4"
"diagnostic_202002_forest_FALSE","Q798R5"
"diagnostic_202002_forest_FALSE","Q798R6"
"diagnostic_202002_forest_FALSE","Q798R7"
"diagnostic_202002_forest_FALSE","Q798R8"
"diagnostic_202002_forest_FALSE","Q798R9"
"diagnostic_202002_forest_FALSE","Q798R10"
"diagnostic_202002_forest_FALSE","Q799R1C1"
"diagnostic_202002_forest_FALSE","Q799R2C1"
"diagnostic_202002_forest_FALSE","Q799R3C1"
"diagnostic_202002_forest_FALSE","Q799R4C1"
"diagnostic_202002_forest_FALSE","Q799R5C1"
"diagnostic_202002_forest_FALSE","Q799R6C1"
"diagnostic_202002_forest_FALSE","Q799R7C1"
"diagnostic_202002_forest_FALSE","Q799R8C1"
"diagnostic_202002_forest_FALSE","Q800R1C1"
"diagnostic_202002_forest_FALSE","Q800R2C1"
"diagnostic_202002_forest_FALSE","Q800R3C1"
"diagnostic_202002_forest_FALSE","Q800R4C1"
"diagnostic_202002_forest_FALSE","Q800R5C1"
"diagnostic_202002_forest_FALSE","Q800R6C1"
"diagnostic_202002_forest_FALSE","Q800R7C1"
"diagnostic_202002_forest_FALSE","Q800R8C1"
"diagnostic_202002_forest_FALSE","Q801"
"diagnostic_202002_forest_FALSE","Q802"
"diagnostic_202002_forest_FALSE","Q803"
"diagnostic_202002_forest_FALSE","Q804"
"diagnostic_202002_forest_FALSE","Q805"
"diagnostic_202002_forest_FALSE","Q806"
"diagnostic_202002_forest_FALSE","Q808"
"diagnostic_202002_forest_FALSE","Q809"
"diagnostic_202002_forest_FALSE","Q810"
"diagnostic_202002_forest_FALSE","Q811"
"diagnostic_202002_forest_FALSE","Q812"
"diagnostic_202002_forest_FALSE","Q813"
"diagnostic_202002_forest_FALSE","Q814"
"diagnostic_202002_forest_FALSE","Q815"
"diagnostic_202002_forest_FALSE","Q816"
"diagnostic_202002_forest_FALSE","Q818"
"diagnostic_202002_forest_FALSE","Q819"
"diagnostic_202002_forest_FALSE","Q820"
"primary_202002_forest_FALSE","S1"
"primary_202002_forest_FALSE","S2_RACER1"
"primary_202002_forest_FALSE","S2_RACER3"
"primary_202002_forest_FALSE","S2_RACE_PRIME"
"primary_202002_forest_FALSE","S2_NATIVER1"
"primary_202002_forest_FALSE","S2_NATIVER2"
"primary_202002_forest_FALSE","S2_NATIVER3"
"primary_202002_forest_FALSE","S2_NATIVER4"
"primary_202002_forest_FALSE","S2_NATIVER5"
"primary_202002_forest_FALSE","S2_AFROLATR1"
"primary_202002_forest_FALSE","S2_AFROLATR2"
"primary_202002_forest_FALSE","S2_AFROLATR3"
"primary_202002_forest_FALSE","S2_AFROLATR4"
"primary_202002_forest_FALSE","S2_AFROLATR5"
"primary_202002_forest_FALSE","S3"
"primary_202002_forest_FALSE","S3B"
"primary_202002_forest_FALSE","S3C"
"primary_202002_forest_FALSE","S4"
"primary_202002_forest_FALSE","S5"
"primary_202002_forest_FALSE","S7"
"primary_202002_forest_FALSE","S10"
"primary_202002_forest_FALSE","S10_MEX"
"primary_202002_forest_FALSE","S11"
"primary_202002_forest_FALSE","S2_M"
"primary_202002_forest_FALSE","S13"
"primary_202002_forest_FALSE","S14"
"primary_202002_forest_FALSE","Q58R1"
"primary_202002_forest_FALSE","Q58R2"
"primary_202002_forest_FALSE","Q58R3"
"primary_202002_forest_FALSE","Q58R4"
"primary_202002_forest_FALSE","Q58R5"
"primary_202002_forest_FALSE","Q58R6"
"primary_202002_forest_FALSE","Q58R7"
"primary_202002_forest_FALSE","Q58R8"
"primary_202002_forest_FALSE","Q58R9"
"primary_202002_forest_FALSE","Q58R10"
"primary_202002_forest_FALSE","Q58R12"
"primary_202002_forest_FALSE","Q58R13"
"primary_202002_forest_FALSE","Q58R14"
"primary_202002_forest_FALSE","Q58R15"
"primary_202002_forest_FALSE","Q58R16"
"primary_202002_forest_FALSE","Q58R17"
"primary_202002_forest_FALSE","Q1R1"
"primary_202002_forest_FALSE","Q1R2"
"primary_202002_forest_FALSE","Q1R3"
"primary_202002_forest_FALSE","Q1R4"
"primary_202002_forest_FALSE","Q1R5"
"primary_202002_forest_FALSE","Q1R6"
"primary_202002_forest_FALSE","Q1R7"
"primary_202002_forest_FALSE","Q1R8"
"primary_202002_forest_FALSE","Q1R9"
"primary_202002_forest_FALSE","Q1R10"
"primary_202002_forest_FALSE","Q1R11"
"primary_202002_forest_FALSE","Q1R12"
"primary_202002_forest_FALSE","Q1R13"
"primary_202002_forest_FALSE","Q1R14"
"primary_202002_forest_FALSE","Q1R15"
"primary_202002_forest_FALSE","Q1R16"
"primary_202002_forest_FALSE","Q1R17"
"primary_202002_forest_FALSE","Q1R18"
"primary_202002_forest_FALSE","Q1R19"
"primary_202002_forest_FALSE","Q1R20"
"primary_202002_forest_FALSE","Q1R21"
"primary_202002_forest_FALSE","Q1R22"
"primary_202002_forest_FALSE","Q1R23"
"primary_202002_forest_FALSE","Q13"
"primary_202002_forest_FALSE","Q16"
"primary_202002_forest_FALSE","Q17"
"primary_202002_forest_FALSE","Q20"
"primary_202002_forest_FALSE","Q21"
"primary_202002_forest_FALSE","Q22"
"primary_202002_forest_FALSE","Q23"
"primary_202002_forest_FALSE","Q24"
"primary_202002_forest_FALSE","Q25"
"primary_202002_forest_FALSE","Q26"
"primary_202002_forest_FALSE","Q27R1"
"primary_202002_forest_FALSE","Q27R2"
"primary_202002_forest_FALSE","Q27R3"
"primary_202002_forest_FALSE","Q27R4"
"primary_202002_forest_FALSE","Q27R5"
"primary_202002_forest_FALSE","Q27R6"
"primary_202002_forest_FALSE","Q27R7"
"primary_202002_forest_FALSE","Q27R8"
"primary_202002_forest_FALSE","Q27R9"
"primary_202002_forest_FALSE","Q27R10"
"primary_202002_forest_FALSE","Q27R11"
"primary_202002_forest_FALSE","Q27R12"
"primary_202002_forest_FALSE","Q27R13"
"primary_202002_forest_FALSE","Q27R14"
"primary_202002_forest_FALSE","Q27R15"
"primary_202002_forest_FALSE","Q27R16"
"primary_202002_forest_FALSE","Q27R17"
"primary_202002_forest_FALSE","Q27R18"
"primary_202002_forest_FALSE","Q27R19"
"primary_202002_forest_FALSE","Q28R1"
"primary_202002_forest_FALSE","Q28R2"
"primary_202002_forest_FALSE","Q28R3"
"primary_202002_forest_FALSE","Q28R4"
"primary_202002_forest_FALSE","Q28R5"
"primary_202002_forest_FALSE","Q28R6"
"primary_202002_forest_FALSE","Q28R7"
"primary_202002_forest_FALSE","Q28R8"
"primary_202002_forest_FALSE","Q28R9"
"primary_202002_forest_FALSE","Q28R10"
"primary_202002_forest_FALSE","Q28R11"
"primary_202002_forest_FALSE","Q28R12"
"primary_202002_forest_FALSE","Q28R13"
"primary_202002_forest_FALSE","Q28R14"
"primary_202002_forest_FALSE","Q28R15"
"primary_202002_forest_FALSE","Q28R16"
"primary_202002_forest_FALSE","Q28R17"
"primary_202002_forest_FALSE","Q28R18"
"primary_202002_forest_FALSE","Q28R19"
"primary_202002_forest_FALSE","Q29"
"primary_202002_forest_FALSE","Q30"
"primary_202002_forest_FALSE","Q31"
"primary_202002_forest_FALSE","Q32R1"
"primary_202002_forest_FALSE","Q32R2"
"primary_202002_forest_FALSE","Q32R3"
"primary_202002_forest_FALSE","Q32R4"
"primary_202002_forest_FALSE","Q32R5"
"primary_202002_forest_FALSE","Q32R6"
"primary_202002_forest_FALSE","Q32R7"
"primary_202002_forest_FALSE","Q32R8"
"primary_202002_forest_FALSE","Q32R9"
"primary_202002_forest_FALSE","Q33R1"
"primary_202002_forest_FALSE","Q33R2"
"primary_202002_forest_FALSE","Q33R3"
"primary_202002_forest_FALSE","Q33R4"
"primary_202002_forest_FALSE","Q33R5"
"primary_202002_forest_FALSE","Q38R1"
"primary_202002_forest_FALSE","Q38R2"
"primary_202002_forest_FALSE","Q38R3"
"primary_202002_forest_FALSE","Q38R4"
"primary_202002_forest_FALSE","Q39R1"
"primary_202002_forest_FALSE","Q39R2"
"primary_202002_forest_FALSE","Q39R3"
"primary_202002_forest_FALSE","Q39R4"
"primary_202002_forest_FALSE","Q39R5"
"primary_202002_forest_FALSE","Q39R6"
"primary_202002_forest_FALSE","Q39R7"
"primary_202002_forest_FALSE","Q40"
"primary_202002_forest_FALSE","Q41R1"
"primary_202002_forest_FALSE","Q41R2"
"primary_202002_forest_FALSE","Q41R3"
"primary_202002_forest_FALSE","Q41R4"
"primary_202002_forest_FALSE","Q42"
"primary_202002_forest_FALSE","Q43"
"primary_202002_forest_FALSE","Q44"
"primary_202002_forest_FALSE","Q45"
"primary_202002_forest_FALSE","Q46"
"primary_202002_forest_FALSE","Q57"
"primary_202002_forest_FALSE","Q59"
"primary_202002_forest_FALSE","Q60R1"
"primary_202002_forest_FALSE","Q60R2"
"primary_202002_forest_FALSE","Q60R3"
"primary_202002_forest_FALSE","Q60R4"
"primary_202002_forest_FALSE","Q60R5"
"primary_202002_forest_FALSE","Q60R6"
"primary_202002_forest_FALSE","Q61"
"primary_202002_forest_FALSE","Q62R1"
"primary_202002_forest_FALSE","Q62R2"
"primary_202002_forest_FALSE","Q62R3"
"primary_202002_forest_FALSE","Q62R4"
"primary_202002_forest_FALSE","Q62R5"
"primary_202002_forest_FALSE","NEWQ67"
"primary_202002_forest_FALSE","Q67"
"primary_202002_forest_FALSE","Q68"
"primary_202002_forest_FALSE","Q69"
"primary_202002_forest_FALSE","Q70R1"
"primary_202002_forest_FALSE","Q70R2"
"primary_202002_forest_FALSE","Q70R3"
"primary_202002_forest_FALSE","Q70R4"
"primary_202002_forest_FALSE","Q70R5"
"primary_202002_forest_FALSE","Q75"
"primary_202002_forest_FALSE","Q76R1"
"primary_202002_forest_FALSE","Q76R2"
"primary_202002_forest_FALSE","Q76R3"
"primary_202002_forest_FALSE","Q76R4"
"primary_202002_forest_FALSE","Q76R5"
"primary_202002_forest_FALSE","Q76R6"
"primary_202002_forest_FALSE","Q77R1"
"primary_202002_forest_FALSE","Q77R2"
"primary_202002_forest_FALSE","Q77R3"
"primary_202002_forest_FALSE","Q77R4"
"primary_202002_forest_FALSE","Q77R5"
"primary_202002_forest_FALSE","Q77R6"
"primary_202002_forest_FALSE","Q77R7"
"primary_202002_forest_FALSE","Q77R8"
"primary_202002_forest_FALSE","Q77R9"
"primary_202002_forest_FALSE","Q78"
"primary_202002_forest_FALSE","Q84"
"primary_202002_forest_FALSE","Q85"
"primary_202002_forest_FALSE","Q85B"
"primary_202002_forest_FALSE","Q86"
"primary_202002_forest_FALSE","Q87"
"primary_202002_forest_FALSE","Q88"
"primary_202002_forest_FALSE","Q93"
"primary_202002_forest_FALSE","Q95"
"primary_202002_forest_FALSE","Q97"
"primary_202002_forest_FALSE","Q98R1"
"primary_202002_forest_FALSE","Q98R2"
"primary_202002_forest_FALSE","Q98R3"
"primary_202002_forest_FALSE","Q98R4"
"primary_202002_forest_FALSE","Q98R5"
"primary_202002_forest_FALSE","Q98R6"
"primary_202002_forest_FALSE","Q98R7"
"primary_202002_forest_FALSE","Q98R10"
"primary_202002_forest_FALSE","Q98R11"
"primary_202002_forest_FALSE","Q99R1"
"primary_202002_forest_FALSE","Q99R2"
"primary_202002_forest_FALSE","Q99R3"
"primary_202002_forest_FALSE","Q99R4"
"primary_202002_forest_FALSE","Q99R5"
"primary_202002_forest_FALSE","Q99R6"
"primary_202002_forest_FALSE","Q99R7"
"primary_202002_forest_FALSE","Q99R8"
"primary_202002_forest_FALSE","Q99R9"
"primary_202002_forest_FALSE","Q99R10"
"primary_202002_forest_FALSE","Q99R11"
"primary_202002_forest_FALSE","Q110R2"
"primary_202002_forest_FALSE","Q110R3"
"primary_202002_forest_FALSE","Q110R4"
"primary_202002_forest_FALSE","Q110R5"
"primary_202002_forest_FALSE","Q110R6"
"primary_202002_forest_FALSE","Q110R7"
"primary_202002_forest_FALSE","Q110R8"
"primary_202002_forest_FALSE","Q111R1"
"primary_202002_forest_FALSE","Q111R2"
"primary_202002_forest_FALSE","Q111R3"
"primary_202002_forest_FALSE","Q111R4"
"primary_202002_forest_FALSE","Q111R5"
"primary_202002_forest_FALSE","Q116R1"
"primary_202002_forest_FALSE","Q116R2"
"primary_202002_forest_FALSE","Q116R3"
"primary_202002_forest_FALSE","Q116R4"
"primary_202002_forest_FALSE","Q116R7"
"primary_202002_forest_FALSE","Q116R8"
"primary_202002_forest_FALSE","Q116R10"
"primary_202002_forest_FALSE","Q117R1"
"primary_202002_forest_FALSE","Q117R2"
"primary_202002_forest_FALSE","Q117R3"
"primary_202002_forest_FALSE","Q117R4"
"primary_202002_forest_FALSE","Q117R5"
"primary_202002_forest_FALSE","Q117R6"
"primary_202002_forest_FALSE","Q117R7"
"primary_202002_forest_FALSE","Q117R8"
"primary_202002_forest_FALSE","Q117R9"
"primary_202002_forest_FALSE","Q117R10"
"primary_202002_forest_FALSE","Q117R11"
"primary_202002_forest_FALSE","Q117R12"
"primary_202002_forest_FALSE","Q117R13"
"primary_202002_forest_FALSE","Q131R1"
"primary_202002_forest_FALSE","Q131R2"
"primary_202002_forest_FALSE","Q131R3"
"primary_202002_forest_FALSE","Q131R4"
"primary_202002_forest_FALSE","Q131R5"
"primary_202002_forest_FALSE","Q131R6"
"primary_202002_forest_FALSE","Q131R7"
"primary_202002_forest_FALSE","Q131R8"
"primary_202002_forest_FALSE","Q131R9"
"primary_202002_forest_FALSE","Q131R10"
"primary_202002_forest_FALSE","Q131R11"
"primary_202002_forest_FALSE","Q131R12"
"primary_202002_forest_FALSE","Q131R13"
"primary_202002_forest_FALSE","Q144"
"primary_202002_forest_FALSE","Q145"
"primary_202002_forest_FALSE","Q146"
"primary_202002_forest_FALSE","Q147"
"primary_202002_forest_FALSE","Q148"
"primary_202002_forest_FALSE","Q149"
"primary_202002_forest_FALSE","Q150"
"primary_202002_forest_FALSE","Q151"
"primary_202002_forest_FALSE","Q152"
"primary_202002_forest_FALSE","Q153"
"primary_202002_forest_FALSE","Q154R1"
"primary_202002_forest_FALSE","Q154R2"
"primary_202002_forest_FALSE","Q154R3"
"primary_202002_forest_FALSE","Q154R4"
"primary_202002_forest_FALSE","Q154R5"
"primary_202002_forest_FALSE","Q159R1"
"primary_202002_forest_FALSE","Q159R2"
"primary_202002_forest_FALSE","Q159R3"
"primary_202002_forest_FALSE","Q162R1"
"primary_202002_forest_FALSE","Q162R2"
"primary_202002_forest_FALSE","Q162R3"
"primary_202002_forest_FALSE","Q162R4"
"primary_202002_forest_FALSE","Q162R5"
"primary_202002_forest_FALSE","Q162R6"
"primary_202002_forest_FALSE","Q162R7"
"primary_202002_forest_FALSE","Q162R8"
"primary_202002_forest_FALSE","Q170"
"primary_202002_forest_FALSE","Q171R1"
"primary_202002_forest_FALSE","Q171R2"
"primary_202002_forest_FALSE","Q171R3"
"primary_202002_forest_FALSE","Q171R4"
"primary_202002_forest_FALSE","Q171R5"
"primary_202002_forest_FALSE","Q171R6"
"primary_202002_forest_FALSE","Q171R7"
"primary_202002_forest_FALSE","Q171R8"
"primary_202002_forest_FALSE","Q171R9"
"primary_202002_forest_FALSE","Q172R1"
"primary_202002_forest_FALSE","Q172R2"
"primary_202002_forest_FALSE","Q172R3"
"primary_202002_forest_FALSE","Q175R1"
"primary_202002_forest_FALSE","Q175R2"
"primary_202002_forest_FALSE","Q175R3"
"primary_202002_forest_FALSE","Q178R1"
"primary_202002_forest_FALSE","Q178R2"
"primary_202002_forest_FALSE","Q178R3"
"primary_202002_forest_FALSE","Q178R4"
"primary_202002_forest_FALSE","Q182"
"primary_202002_forest_FALSE","Q183"
"primary_202002_forest_FALSE","Q184R1"
"primary_202002_forest_FALSE","Q184R2"
"primary_202002_forest_FALSE","Q184R3"
"primary_202002_forest_FALSE","Q187R1"
"primary_202002_forest_FALSE","Q187R2"
"primary_202002_forest_FALSE","Q187R3"
"primary_202002_forest_FALSE","Q187R4"
"primary_202002_forest_FALSE","Q187R5"
"primary_202002_forest_FALSE","Q192"
"primary_202002_forest_FALSE","Q193"
"primary_202002_forest_FALSE","Q194"
"primary_202002_forest_FALSE","Q202R1"
"primary_202002_forest_FALSE","Q202R2"
"primary_202002_forest_FALSE","Q202R3"
"primary_202002_forest_FALSE","Q203"
"primary_202002_forest_FALSE","Q204"
"primary_202002_forest_FALSE","Q205"
"primary_202002_forest_FALSE","Q206"
"primary_202002_forest_FALSE","Q207"
"primary_202002_forest_FALSE","Q208R1"
"primary_202002_forest_FALSE","Q208R2"
"primary_202002_forest_FALSE","Q208R3"
"primary_202002_forest_FALSE","Q208R4"
"primary_202002_forest_FALSE","Q208R5"
"primary_202002_forest_FALSE","Q213R1"
"primary_202002_forest_FALSE","Q213R2"
"primary_202002_forest_FALSE","Q213R3"
"primary_202002_forest_FALSE","Q213R4"
"primary_202002_forest_FALSE","Q217R1"
"primary_202002_forest_FALSE","Q217R2"
"primary_202002_forest_FALSE","Q217R3"
"primary_202002_forest_FALSE","Q217R4"
"primary_202002_forest_FALSE","Q221R1"
"primary_202002_forest_FALSE","Q221R2"
"primary_202002_forest_FALSE","Q221R3"
"primary_202002_forest_FALSE","Q221R4"
"primary_202002_forest_FALSE","Q225R1"
"primary_202002_forest_FALSE","Q225R2"
"primary_202002_forest_FALSE","Q225R3"
"primary_202002_forest_FALSE","Q225R4"
"primary_202002_forest_FALSE","Q225R5"
"primary_202002_forest_FALSE","Q225R6"
"primary_202002_forest_FALSE","Q225R7"
"primary_202002_forest_FALSE","Q225R8"
"primary_202002_forest_FALSE","Q225R9"
"primary_202002_forest_FALSE","Q225R10"
"primary_202002_forest_FALSE","Q225R11"
"primary_202002_forest_FALSE","Q225R12"
"primary_202002_forest_FALSE","Q225R13"
"primary_202002_forest_FALSE","Q225R14"
"primary_202002_forest_FALSE","Q239R1"
"primary_202002_forest_FALSE","Q239R2"
"primary_202002_forest_FALSE","Q239R3"
"primary_202002_forest_FALSE","Q239R4"
"primary_202002_forest_FALSE","Q243R1"
"primary_202002_forest_FALSE","Q243R2"
"primary_202002_forest_FALSE","Q243R3"
"primary_202002_forest_FALSE","Q243R4"
"primary_202002_forest_FALSE","Q247"
"primary_202002_forest_FALSE","Q248"
"primary_202002_forest_FALSE","Q249"
"primary_202002_forest_FALSE","Q250R1"
"primary_202002_forest_FALSE","Q250R2"
"primary_202002_forest_FALSE","Q250R3"
"primary_202002_forest_FALSE","Q250R5"
"primary_202002_forest_FALSE","Q250R8"
"primary_202002_forest_FALSE","Q251"
"primary_202002_forest_FALSE","Q252"
"primary_202002_forest_FALSE","Q253"
"primary_202002_forest_FALSE","Q254"
"primary_202002_forest_FALSE","Q255"
"primary_202002_forest_FALSE","Q256"
"primary_202002_forest_FALSE","Q257AR1"
"primary_202002_forest_FALSE","Q257AR2"
"primary_202002_forest_FALSE","Q257AR3"
"primary_202002_forest_FALSE","Q257AR4"
"primary_202002_forest_FALSE","Q257BR1"
"primary_202002_forest_FALSE","Q257BR2"
"primary_202002_forest_FALSE","Q257BR3"
"primary_202002_forest_FALSE","Q257BR4"
"primary_202002_forest_FALSE","Q257CR1"
"primary_202002_forest_FALSE","Q257CR2"
"primary_202002_forest_FALSE","Q257CR3"
"primary_202002_forest_FALSE","Q257CR4"
"primary_202002_forest_FALSE","Q258"
"primary_202002_forest_FALSE","Q260"
"primary_202002_forest_FALSE","Q261"
"primary_202002_forest_FALSE","Q262"
"primary_202002_forest_FALSE","Q263"
"primary_202002_forest_FALSE","Q264"
"primary_202002_forest_FALSE","Q265"
"primary_202002_forest_FALSE","Q266"
"primary_202002_forest_FALSE","Q267"
"primary_202002_forest_FALSE","Q268"
"primary_202002_forest_FALSE","Q269"
"primary_202002_forest_FALSE","Q270"
"primary_202002_forest_FALSE","Q271"
"primary_202002_forest_FALSE","Q273R1"
"primary_202002_forest_FALSE","Q273R2"
"primary_202002_forest_FALSE","Q273R3"
"primary_202002_forest_FALSE","Q273R4"
"primary_202002_forest_FALSE","Q273R5"
"primary_202002_forest_FALSE","Q278"
"primary_202002_forest_FALSE","Q279"
"primary_202002_forest_FALSE","Q280"
"primary_202002_forest_FALSE","Q281R1"
"primary_202002_forest_FALSE","Q281R2"
"primary_202002_forest_FALSE","Q281R3"
"primary_202002_forest_FALSE","Q281R4"
"primary_202002_forest_FALSE","Q281R5"
"primary_202002_forest_FALSE","Q281R6"
"primary_202002_forest_FALSE","Q281R7"
"primary_202002_forest_FALSE","Q281R8"
"primary_202002_forest_FALSE","Q281R9"
"primary_202002_forest_FALSE","Q282"
"primary_202002_forest_FALSE","Q283"
"primary_202002_forest_FALSE","Q285"
"primary_202002_forest_FALSE","Q286"
"primary_202002_forest_FALSE","Q287R1"
"primary_202002_forest_FALSE","Q287R2"
"primary_202002_forest_FALSE","Q287R3"
"primary_202002_forest_FALSE","Q287R4"
"primary_202002_forest_FALSE","Q287R5"
"primary_202002_forest_FALSE","Q287R6"
"primary_202002_forest_FALSE","Q287R7"
"primary_202002_forest_FALSE","Q294"
"primary_202002_forest_FALSE","Q295R1"
"primary_202002_forest_FALSE","Q295R2"
"primary_202002_forest_FALSE","Q295R3"
"primary_202002_forest_FALSE","Q295R4"
"primary_202002_forest_FALSE","Q295R5"
"primary_202002_forest_FALSE","Q295R6"
"primary_202002_forest_FALSE","Q301R1"
"primary_202002_forest_FALSE","Q301R2"
"primary_202002_forest_FALSE","Q301R3"
"primary_202002_forest_FALSE","Q301R4"
"primary_202002_forest_FALSE","Q301R5"
"primary_202002_forest_FALSE","Q301R6"
"primary_202002_forest_FALSE","Q301R7"
"primary_202002_forest_FALSE","Q308R1"
"primary_202002_forest_FALSE","Q308R2"
"primary_202002_forest_FALSE","Q308R3"
"primary_202002_forest_FALSE","Q308R4"
"primary_202002_forest_FALSE","Q308R5"
"primary_202002_forest_FALSE","Q308R6"
"primary_202002_forest_FALSE","Q308R7"
"primary_202002_forest_FALSE","Q315"
"primary_202002_forest_FALSE","Q316R1"
"primary_202002_forest_FALSE","Q316R2"
"primary_202002_forest_FALSE","Q316R3"
"primary_202002_forest_FALSE","Q316R4"
"primary_202002_forest_FALSE","Q316R5"
"primary_202002_forest_FALSE","Q316R6"
"primary_202002_forest_FALSE","Q316R7"
"primary_202002_forest_FALSE","Q329R2"
"primary_202002_forest_FALSE","Q329R3"
"primary_202002_forest_FALSE","Q329R4"
"primary_202002_forest_FALSE","Q329R5"
"primary_202002_forest_FALSE","Q329R7"
"primary_202002_forest_FALSE","Q329R8"
"primary_202002_forest_FALSE","Q329R9"
"primary_202002_forest_FALSE","Q329R10"
"primary_202002_forest_FALSE","Q330"
"primary_202002_forest_FALSE","Q331"
"primary_202002_forest_FALSE","Q332"
"primary_202002_forest_FALSE","Q333"
"primary_202002_forest_FALSE","Q334"
"primary_202002_forest_FALSE","Q335"
"primary_202002_forest_FALSE","Q339"
"primary_202002_forest_FALSE","Q343R1"
"primary_202002_forest_FALSE","Q343R2"
"primary_202002_forest_FALSE","Q343R3"
"primary_202002_forest_FALSE","Q343R4"
"primary_202002_forest_FALSE","Q347"
"primary_202002_forest_FALSE","Q348"
"primary_202002_forest_FALSE","Q349"
"primary_202002_forest_FALSE","Q350"
"primary_202002_forest_FALSE","Q351"
"primary_202002_forest_FALSE","Q352"
"primary_202002_forest_FALSE","Q356"
"primary_202002_forest_FALSE","Q357"
"primary_202002_forest_FALSE","Q358"
"primary_202002_forest_FALSE","Q359R1"
"primary_202002_forest_FALSE","Q359R2"
"primary_202002_forest_FALSE","Q359R3"
"primary_202002_forest_FALSE","Q359R4"
"primary_202002_forest_FALSE","Q363"
"primary_202002_forest_FALSE","Q364"
"primary_202002_forest_FALSE","Q365"
"primary_202002_forest_FALSE","Q366R1"
"primary_202002_forest_FALSE","Q366R2"
"primary_202002_forest_FALSE","Q366R3"
"primary_202002_forest_FALSE","Q366R4"
"primary_202002_forest_FALSE","Q367"
"primary_202002_forest_FALSE","Q368"
"primary_202002_forest_FALSE","Q369"
"primary_202002_forest_FALSE","Q370"
"primary_202002_forest_FALSE","Q371"
"primary_202002_forest_FALSE","Q372"
"primary_202002_forest_FALSE","Q377"
"primary_202002_forest_FALSE","Q378"
"primary_202002_forest_FALSE","Q379"
"primary_202002_forest_FALSE","Q380"
"primary_202002_forest_FALSE","Q381_Q383R1"
"primary_202002_forest_FALSE","Q381_Q383R2"
"primary_202002_forest_FALSE","Q381_Q383R3"
"primary_202002_forest_FALSE","Q384R1"
"primary_202002_forest_FALSE","Q385"
"primary_202002_forest_FALSE","Q386_Q390R1"
"primary_202002_forest_FALSE","Q386_Q390R2"
"primary_202002_forest_FALSE","Q386_Q390R3"
"primary_202002_forest_FALSE","Q386_Q390R4"
"primary_202002_forest_FALSE","Q386_Q390R5"
"primary_202002_forest_FALSE","Q391_Q393R1"
"primary_202002_forest_FALSE","Q391_Q393R2"
"primary_202002_forest_FALSE","Q391_Q393R3"
"primary_202002_forest_FALSE","Q394"
"primary_202002_forest_FALSE","Q395"
"primary_202002_forest_FALSE","Q396_Q398R1"
"primary_202002_forest_FALSE","Q396_Q398R2"
"primary_202002_forest_FALSE","Q396_Q398R3"
"primary_202002_forest_FALSE","Q399"
"primary_202002_forest_FALSE","Q400"
"primary_202002_forest_FALSE","Q401_Q404R1"
"primary_202002_forest_FALSE","Q401_Q404R2"
"primary_202002_forest_FALSE","Q401_Q404R3"
"primary_202002_forest_FALSE","Q401_Q404R4"
"primary_202002_forest_FALSE","Q405"
"primary_202002_forest_FALSE","Q406"
"primary_202002_forest_FALSE","Q407R1"
"primary_202002_forest_FALSE","Q407R2"
"primary_202002_forest_FALSE","Q407R3"
"primary_202002_forest_FALSE","Q407R4"
"primary_202002_forest_FALSE","Q407R5"
"primary_202002_forest_FALSE","Q408"
"primary_202002_forest_FALSE","Q409"
"primary_202002_forest_FALSE","Q410"
"primary_202002_forest_FALSE","Q411_Q416R1"
"primary_202002_forest_FALSE","Q411_Q416R2"
"primary_202002_forest_FALSE","Q411_Q416R3"
"primary_202002_forest_FALSE","Q411_Q416R4"
"primary_202002_forest_FALSE","Q411_Q416R5"
"primary_202002_forest_FALSE","Q411_Q416R6"
"primary_202002_forest_FALSE","Q417_Q424R1"
"primary_202002_forest_FALSE","Q417_Q424R2"
"primary_202002_forest_FALSE","Q417_Q424R3"
"primary_202002_forest_FALSE","Q417_Q424R4"
"primary_202002_forest_FALSE","Q417_Q424R5"
"primary_202002_forest_FALSE","Q417_Q424R6"
"primary_202002_forest_FALSE","Q417_Q424R7"
"primary_202002_forest_FALSE","Q417_Q424R8"
"primary_202002_forest_FALSE","Q425"
"primary_202002_forest_FALSE","Q428R1"
"primary_202002_forest_FALSE","Q428R2"
"primary_202002_forest_FALSE","Q428R3"
"primary_202002_forest_FALSE","Q428R4"
"primary_202002_forest_FALSE","Q428R6"
"primary_202002_forest_FALSE","Q428R5"
"primary_202002_forest_FALSE","Q429_Q440R1"
"primary_202002_forest_FALSE","Q429_Q440R2"
"primary_202002_forest_FALSE","Q429_Q440R3"
"primary_202002_forest_FALSE","Q429_Q440R4"
"primary_202002_forest_FALSE","Q429_Q440R5"
"primary_202002_forest_FALSE","Q429_Q440R6"
"primary_202002_forest_FALSE","Q429_Q440R7"
"primary_202002_forest_FALSE","Q429_Q440R8"
"primary_202002_forest_FALSE","Q429_Q440R9"
"primary_202002_forest_FALSE","Q429_Q440R10"
"primary_202002_forest_FALSE","Q429_Q440R11"
"primary_202002_forest_FALSE","Q429_Q440R12"
"primary_202002_forest_FALSE","Q441_Q452R1"
"primary_202002_forest_FALSE","Q441_Q452R2"
"primary_202002_forest_FALSE","Q441_Q452R3"
"primary_202002_forest_FALSE","Q441_Q452R4"
"primary_202002_forest_FALSE","Q441_Q452R5"
"primary_202002_forest_FALSE","Q441_Q452R6"
"primary_202002_forest_FALSE","Q441_Q452R7"
"primary_202002_forest_FALSE","Q441_Q452R8"
"primary_202002_forest_FALSE","Q441_Q452R9"
"primary_202002_forest_FALSE","Q441_Q452R10"
"primary_202002_forest_FALSE","Q441_Q452R11"
"primary_202002_forest_FALSE","Q441_Q452R12"
"primary_202002_forest_FALSE","Q453"
"primary_202002_forest_FALSE","Q454"
"primary_202002_forest_FALSE","Q455"
"primary_202002_forest_FALSE","Q456_Q461R1"
"primary_202002_forest_FALSE","Q456_Q461R2"
"primary_202002_forest_FALSE","Q456_Q461R3"
"primary_202002_forest_FALSE","Q456_Q461R4"
"primary_202002_forest_FALSE","Q456_Q461R5"
"primary_202002_forest_FALSE","Q456_Q461R6"
"primary_202002_forest_FALSE","Q462"
"primary_202002_forest_FALSE","Q463"
"primary_202002_forest_FALSE","Q466"
"primary_202002_forest_FALSE","Q467_Q469R1"
"primary_202002_forest_FALSE","Q467_Q469R2"
"primary_202002_forest_FALSE","Q467_Q469R3"
"primary_202002_forest_FALSE","Q470"
"primary_202002_forest_FALSE","Q471R6"
"primary_202002_forest_FALSE","Q471R7"
"primary_202002_forest_FALSE","Q471R8"
"primary_202002_forest_FALSE","Q471R9"
"primary_202002_forest_FALSE","Q472_Q474R1"
"primary_202002_forest_FALSE","Q472_Q474R2"
"primary_202002_forest_FALSE","Q472_Q474R3"
"primary_202002_forest_FALSE","Q475R1"
"primary_202002_forest_FALSE","Q475R2"
"primary_202002_forest_FALSE","Q475R3"
"primary_202002_forest_FALSE","Q475R4"
"primary_202002_forest_FALSE","Q475R5"
"primary_202002_forest_FALSE","Q475R6"
"primary_202002_forest_FALSE","Q475R7"
"primary_202002_forest_FALSE","Q476"
"primary_202002_forest_FALSE","Q477"
"primary_202002_forest_FALSE","Q478_Q483R1"
"primary_202002_forest_FALSE","Q478_Q483R2"
"primary_202002_forest_FALSE","Q478_Q483R3"
"primary_202002_forest_FALSE","Q478_Q483R4"
"primary_202002_forest_FALSE","Q478_Q483R5"
"primary_202002_forest_FALSE","Q478_Q483R6"
"primary_202002_forest_FALSE","Q484"
"primary_202002_forest_FALSE","Q485"
"primary_202002_forest_FALSE","Q486"
"primary_202002_forest_FALSE","Q487_Q489R1"
"primary_202002_forest_FALSE","Q487_Q489R2"
"primary_202002_forest_FALSE","Q487_Q489R3"
"primary_202002_forest_FALSE","Q490R1"
"primary_202002_forest_FALSE","Q490R2"
"primary_202002_forest_FALSE","Q490R3"
"primary_202002_forest_FALSE","Q490R4"
"primary_202002_forest_FALSE","Q490R5"
"primary_202002_forest_FALSE","Q490R6"
"primary_202002_forest_FALSE","Q490R7"
"primary_202002_forest_FALSE","Q490R8"
"primary_202002_forest_FALSE","Q491A"
"primary_202002_forest_FALSE","Q491R1"
"primary_202002_forest_FALSE","Q491R2"
"primary_202002_forest_FALSE","Q491R3"
"primary_202002_forest_FALSE","Q491R4"
"primary_202002_forest_FALSE","Q491R5"
"primary_202002_forest_FALSE","Q491R6"
"primary_202002_forest_FALSE","Q491R7"
"primary_202002_forest_FALSE","Q492"
"primary_202002_forest_FALSE","Q493"
"primary_202002_forest_FALSE","Q494_Q503R1"
"primary_202002_forest_FALSE","Q494_Q503R2"
"primary_202002_forest_FALSE","Q494_Q503R3"
"primary_202002_forest_FALSE","Q494_Q503R4"
"primary_202002_forest_FALSE","Q494_Q503R5"
"primary_202002_forest_FALSE","Q494_Q503R6"
"primary_202002_forest_FALSE","Q494_Q503R7"
"primary_202002_forest_FALSE","Q494_Q503R8"
"primary_202002_forest_FALSE","Q494_Q503R9"
"primary_202002_forest_FALSE","Q494_Q503R10"
"primary_202002_forest_FALSE","Q504R1"
"primary_202002_forest_FALSE","Q504R2"
"primary_202002_forest_FALSE","Q504R3"
"primary_202002_forest_FALSE","Q504R4"
"primary_202002_forest_FALSE","Q504R5"
"primary_202002_forest_FALSE","Q504R6"
"primary_202002_forest_FALSE","Q504R7"
"primary_202002_forest_FALSE","Q504R8"
"primary_202002_forest_FALSE","Q505_Q508R1"
"primary_202002_forest_FALSE","Q505_Q508R2"
"primary_202002_forest_FALSE","Q505_Q508R3"
"primary_202002_forest_FALSE","Q505_Q508R4"
"primary_202002_forest_FALSE","Q509_Q511R1"
"primary_202002_forest_FALSE","Q509_Q511R2"
"primary_202002_forest_FALSE","Q512R1"
"primary_202002_forest_FALSE","Q512R2"
"primary_202002_forest_FALSE","Q512R3"
"primary_202002_forest_FALSE","Q513_Q516R1"
"primary_202002_forest_FALSE","Q513_Q516R2"
"primary_202002_forest_FALSE","Q513_Q516R3"
"primary_202002_forest_FALSE","Q517"
"primary_202002_forest_FALSE","Q518"
"primary_202002_forest_FALSE","Q519"
"primary_202002_forest_FALSE","Q520"
"primary_202002_forest_FALSE","Q521_Q528R1"
"primary_202002_forest_FALSE","Q521_Q528R2"
"primary_202002_forest_FALSE","Q521_Q528R3"
"primary_202002_forest_FALSE","Q521_Q528R4"
"primary_202002_forest_FALSE","Q521_Q528R5"
"primary_202002_forest_FALSE","Q521_Q528R6"
"primary_202002_forest_FALSE","Q521_Q528R7"
"primary_202002_forest_FALSE","Q521_Q528R8"
"primary_202002_forest_FALSE","Q529"
"primary_202002_forest_FALSE","Q530"
"primary_202002_forest_FALSE","Q531"
"primary_202002_forest_FALSE","Q534R1"
"primary_202002_forest_FALSE","Q534R2"
"primary_202002_forest_FALSE","Q534R3"
"primary_202002_forest_FALSE","Q534R4"
"primary_202002_forest_FALSE","Q534R5"
"primary_202002_forest_FALSE","Q535_Q538R1"
"primary_202002_forest_FALSE","Q535_Q538R2"
"primary_202002_forest_FALSE","Q535_Q538R3"
"primary_202002_forest_FALSE","Q535_Q538R4"
"primary_202002_forest_FALSE","Q539R1"
"primary_202002_forest_FALSE","Q539R2"
"primary_202002_forest_FALSE","Q539R3"
"primary_202002_forest_FALSE","Q539R4"
"primary_202002_forest_FALSE","Q539R6"
"primary_202002_forest_FALSE","Q539R5"
"primary_202002_forest_FALSE","Q540R1"
"primary_202002_forest_FALSE","Q541"
"primary_202002_forest_FALSE","Q542"
"primary_202002_forest_FALSE","Q543"
"primary_202002_forest_FALSE","Q544"
"primary_202002_forest_FALSE","Q545R7"
"primary_202002_forest_FALSE","Q546R7"
"primary_202002_forest_FALSE","Q547R7"
"primary_202002_forest_FALSE","Q548R7"
"primary_202002_forest_FALSE","Q549R7"
"primary_202002_forest_FALSE","Q550R1"
"primary_202002_forest_FALSE","Q550R2"
"primary_202002_forest_FALSE","Q550R3"
"primary_202002_forest_FALSE","Q550R4"
"primary_202002_forest_FALSE","Q550R5"
"primary_202002_forest_FALSE","Q550R6"
"primary_202002_forest_FALSE","Q551_Q559R1"
"primary_202002_forest_FALSE","Q551_Q559R2"
"primary_202002_forest_FALSE","Q551_Q559R3"
"primary_202002_forest_FALSE","Q551_Q559R4"
"primary_202002_forest_FALSE","Q551_Q559R5"
"primary_202002_forest_FALSE","Q551_Q559R6"
"primary_202002_forest_FALSE","Q551_Q559R7"
"primary_202002_forest_FALSE","Q551_Q559R8"
"primary_202002_forest_FALSE","Q551_Q559R9"
"primary_202002_forest_FALSE","Q560R1"
"primary_202002_forest_FALSE","Q560R2"
"primary_202002_forest_FALSE","Q560R3"
"primary_202002_forest_FALSE","Q560R4"
"primary_202002_forest_FALSE","Q560R5"
"primary_202002_forest_FALSE","Q560R6"
"primary_202002_forest_FALSE","Q560R7"
"primary_202002_forest_FALSE","Q560R8"
"primary_202002_forest_FALSE","Q561"
"primary_202002_forest_FALSE","Q562"
"primary_202002_forest_FALSE","Q563_Q572R1"
"primary_202002_forest_FALSE","Q563_Q572R2"
"primary_202002_forest_FALSE","Q563_Q572R3"
"primary_202002_forest_FALSE","Q563_Q572R4"
"primary_202002_forest_FALSE","Q563_Q572R5"
"primary_202002_forest_FALSE","Q563_Q572R6"
"primary_202002_forest_FALSE","Q563_Q572R7"
"primary_202002_forest_FALSE","Q563_Q572R8"
"primary_202002_forest_FALSE","Q563_Q572R9"
"primary_202002_forest_FALSE","Q563_Q572R10"
"primary_202002_forest_FALSE","Q573"
"primary_202002_forest_FALSE","Q574"
"primary_202002_forest_FALSE","Q582"
"primary_202002_forest_FALSE","Q583"
"primary_202002_forest_FALSE","Q584"
"primary_202002_forest_FALSE","Q585_Q590R1"
"primary_202002_forest_FALSE","Q585_Q590R2"
"primary_202002_forest_FALSE","Q585_Q590R3"
"primary_202002_forest_FALSE","Q585_Q590R4"
"primary_202002_forest_FALSE","Q585_Q590R5"
"primary_202002_forest_FALSE","Q585_Q590R6"
"primary_202002_forest_FALSE","Q591_Q596R1"
"primary_202002_forest_FALSE","Q591_Q596R2"
"primary_202002_forest_FALSE","Q591_Q596R3"
"primary_202002_forest_FALSE","Q591_Q596R4"
"primary_202002_forest_FALSE","Q591_Q596R5"
"primary_202002_forest_FALSE","Q591_Q596R6"
"primary_202002_forest_FALSE","Q597_Q602R1"
"primary_202002_forest_FALSE","Q597_Q602R2"
"primary_202002_forest_FALSE","Q597_Q602R3"
"primary_202002_forest_FALSE","Q597_Q602R4"
"primary_202002_forest_FALSE","Q597_Q602R5"
"primary_202002_forest_FALSE","Q597_Q602R6"
"primary_202002_forest_FALSE","Q603R1"
"primary_202002_forest_FALSE","Q603R2"
"primary_202002_forest_FALSE","Q603R3"
"primary_202002_forest_FALSE","Q603R4"
"primary_202002_forest_FALSE","Q603R5"
"primary_202002_forest_FALSE","Q603R6"
"primary_202002_forest_FALSE","Q603R7"
"primary_202002_forest_FALSE","Q603R8"
"primary_202002_forest_FALSE","Q603R9"
"primary_202002_forest_FALSE","Q603R10"
"primary_202002_forest_FALSE","Q604_Q605R1"
"primary_202002_forest_FALSE","Q604_Q605R2"
"primary_202002_forest_FALSE","Q606R1"
"primary_202002_forest_FALSE","Q606R2"
"primary_202002_forest_FALSE","Q606R3"
"primary_202002_forest_FALSE","Q606R4"
"primary_202002_forest_FALSE","Q606R5"
"primary_202002_forest_FALSE","Q606R6"
"primary_202002_forest_FALSE","Q607_Q610R1"
"primary_202002_forest_FALSE","Q607_Q610R2"
"primary_202002_forest_FALSE","Q607_Q610R3"
"primary_202002_forest_FALSE","Q607_Q610R4"
"primary_202002_forest_FALSE","Q611"
"primary_202002_forest_FALSE","Q613"
"primary_202002_forest_FALSE","Q616_Q618R1"
"primary_202002_forest_FALSE","Q616_Q618R2"
"primary_202002_forest_FALSE","Q616_Q618R3"
"primary_202002_forest_FALSE","Q619_Q626R1"
"primary_202002_forest_FALSE","Q619_Q626R2"
"primary_202002_forest_FALSE","Q619_Q626R3"
"primary_202002_forest_FALSE","Q619_Q626R4"
"primary_202002_forest_FALSE","Q619_Q626R5"
"primary_202002_forest_FALSE","Q619_Q626R6"
"primary_202002_forest_FALSE","Q619_Q626R7"
"primary_202002_forest_FALSE","Q619_Q626R8"
"primary_202002_forest_FALSE","Q627"
"primary_202002_forest_FALSE","Q628"
"primary_202002_forest_FALSE","Q629R1"
"primary_202002_forest_FALSE","Q629R2"
"primary_202002_forest_FALSE","Q629R3"
"primary_202002_forest_FALSE","Q629R4"
"primary_202002_forest_FALSE","Q629R5"
"primary_202002_forest_FALSE","Q629R6"
"primary_202002_forest_FALSE","Q629R7"
"primary_202002_forest_FALSE","Q630_Q632R1"
"primary_202002_forest_FALSE","Q630_Q632R2"
"primary_202002_forest_FALSE","Q630_Q632R3"
"primary_202002_forest_FALSE","Q633"
"primary_202002_forest_FALSE","Q639"
"primary_202002_forest_FALSE","Q640_Q645R1"
"primary_202002_forest_FALSE","Q640_Q645R2"
"primary_202002_forest_FALSE","Q640_Q645R3"
"primary_202002_forest_FALSE","Q640_Q645R4"
"primary_202002_forest_FALSE","Q640_Q645R5"
"primary_202002_forest_FALSE","Q640_Q645R6"
"primary_202002_forest_FALSE","Q646_Q651R1"
"primary_202002_forest_FALSE","Q646_Q651R2"
"primary_202002_forest_FALSE","Q646_Q651R3"
"primary_202002_forest_FALSE","Q646_Q651R4"
"primary_202002_forest_FALSE","Q646_Q651R5"
"primary_202002_forest_FALSE","Q652_Q658R1"
"primary_202002_forest_FALSE","Q652_Q658R2"
"primary_202002_forest_FALSE","Q652_Q658R3"
"primary_202002_forest_FALSE","Q652_Q658R4"
"primary_202002_forest_FALSE","Q652_Q658R5"
"primary_202002_forest_FALSE","Q652_Q658R6"
"primary_202002_forest_FALSE","Q652_Q658R7"
"primary_202002_forest_FALSE","Q659R1"
"primary_202002_forest_FALSE","Q659R2"
"primary_202002_forest_FALSE","Q659R3"
"primary_202002_forest_FALSE","Q659R4"
"primary_202002_forest_FALSE","Q659R5"
"primary_202002_forest_FALSE","Q659R6"
"primary_202002_forest_FALSE","Q659R7"
"primary_202002_forest_FALSE","Q659R8"
"primary_202002_forest_FALSE","Q660"
"primary_202002_forest_FALSE","Q661"
"primary_202002_forest_FALSE","Q662R1"
"primary_202002_forest_FALSE","Q662R2"
"primary_202002_forest_FALSE","Q662R3"
"primary_202002_forest_FALSE","Q662R4"
"primary_202002_forest_FALSE","Q662R5"
"primary_202002_forest_FALSE","Q662R6"
"primary_202002_forest_FALSE","Q663_Q666R1"
"primary_202002_forest_FALSE","Q663_Q666R2"
"primary_202002_forest_FALSE","Q663_Q666R3"
"primary_202002_forest_FALSE","Q663_Q666R4"
"primary_202002_forest_FALSE","Q667_Q671R1"
"primary_202002_forest_FALSE","Q667_Q671R2"
"primary_202002_forest_FALSE","Q667_Q671R3"
"primary_202002_forest_FALSE","Q667_Q671R4"
"primary_202002_forest_FALSE","Q667_Q671R5"
"primary_202002_forest_FALSE","Q672"
"primary_202002_forest_FALSE","Q673"
"primary_202002_forest_FALSE","Q674R1"
"primary_202002_forest_FALSE","Q675"
"primary_202002_forest_FALSE","Q676_Q678R1"
"primary_202002_forest_FALSE","Q676_Q678R2"
"primary_202002_forest_FALSE","Q676_Q678R3"
"primary_202002_forest_FALSE","Q679_Q682R1"
"primary_202002_forest_FALSE","Q679_Q682R2"
"primary_202002_forest_FALSE","Q679_Q682R3"
"primary_202002_forest_FALSE","Q679_Q682R4"
"primary_202002_forest_FALSE","Q683"
"primary_202002_forest_FALSE","Q685"
"primary_202002_forest_FALSE","Q686"
"primary_202002_forest_FALSE","Q687"
"primary_202002_forest_FALSE","Q688"
"primary_202002_forest_FALSE","Q689"
"primary_202002_forest_FALSE","Q690"
"primary_202002_forest_FALSE","Q691"
"primary_202002_forest_FALSE","Q692"
"primary_202002_forest_FALSE","Q693_Q700R1"
"primary_202002_forest_FALSE","Q693_Q700R2"
"primary_202002_forest_FALSE","Q693_Q700R3"
"primary_202002_forest_FALSE","Q693_Q700R4"
"primary_202002_forest_FALSE","Q693_Q700R5"
"primary_202002_forest_FALSE","Q693_Q700R6"
"primary_202002_forest_FALSE","Q693_Q700R7"
"primary_202002_forest_FALSE","Q693_Q700R8"
"primary_202002_forest_FALSE","Q701_Q705R1"
"primary_202002_forest_FALSE","Q701_Q705R2"
"primary_202002_forest_FALSE","Q701_Q705R3"
"primary_202002_forest_FALSE","Q701_Q705R4"
"primary_202002_forest_FALSE","Q701_Q705R5"
"primary_202002_forest_FALSE","Q706_Q708R1"
"primary_202002_forest_FALSE","Q706_Q708R2"
"primary_202002_forest_FALSE","Q706_Q708R3"
"primary_202002_forest_FALSE","Q709_712R1"
"primary_202002_forest_FALSE","Q709_712R2"
"primary_202002_forest_FALSE","Q709_712R3"
"primary_202002_forest_FALSE","Q709_712R4"
"primary_202002_forest_FALSE","Q713"
"primary_202002_forest_FALSE","Q714"
"primary_202002_forest_FALSE","Q715_718R1"
"primary_202002_forest_FALSE","Q715_718R2"
"primary_202002_forest_FALSE","Q715_718R3"
"primary_202002_forest_FALSE","Q715_718R4"
"primary_202002_forest_FALSE","Q719"
"primary_202002_forest_FALSE","Q720_Q722R1"
"primary_202002_forest_FALSE","Q720_Q722R2"
"primary_202002_forest_FALSE","Q720_Q722R3"
"primary_202002_forest_FALSE","Q723_Q725R1"
"primary_202002_forest_FALSE","Q723_Q725R2"
"primary_202002_forest_FALSE","Q723_Q725R3"
"primary_202002_forest_FALSE","Q726"
"primary_202002_forest_FALSE","Q727_Q731R1"
"primary_202002_forest_FALSE","Q727_Q731R2"
"primary_202002_forest_FALSE","Q727_Q731R3"
"primary_202002_forest_FALSE","Q727_Q731R4"
"primary_202002_forest_FALSE","Q727_Q731R5"
"primary_202002_forest_FALSE","Q732_Q737R1"
"primary_202002_forest_FALSE","Q732_Q737R2"
"primary_202002_forest_FALSE","Q732_Q737R3"
"primary_202002_forest_FALSE","Q732_Q737R4"
"primary_202002_forest_FALSE","Q732_Q737R5"
"primary_202002_forest_FALSE","Q732_Q737R6"
"primary_202002_forest_FALSE","Q738_Q740R1"
"primary_202002_forest_FALSE","Q738_Q740R2"
"primary_202002_forest_FALSE","Q738_Q740R3"
"primary_202002_forest_FALSE","Q741"
"primary_202002_forest_FALSE","Q742"
"primary_202002_forest_FALSE","Q743"
"primary_202002_forest_FALSE","Q744"
"primary_202002_forest_FALSE","Q745"
"primary_202002_forest_FALSE","Q746A"
"primary_202002_forest_FALSE","Q746B"
"primary_202002_forest_FALSE","Q747"
"primary_202002_forest_FALSE","Q748"
"primary_202002_forest_FALSE","Q749"
"primary_202002_forest_FALSE","Q750R1"
"primary_202002_forest_FALSE","Q750R2"
"primary_202002_forest_FALSE","Q750R3"
"primary_202002_forest_FALSE","Q750R4"
"primary_202002_forest_FALSE","Q750R5"
"primary_202002_forest_FALSE","Q750R6"
"primary_202002_forest_FALSE","Q750R7"
"primary_202002_forest_FALSE","Q751R1"
"primary_202002_forest_FALSE","Q751R2"
"primary_202002_forest_FALSE","Q751R3"
"primary_202002_forest_FALSE","Q751R4"
"primary_202002_forest_FALSE","Q751R5"
"primary_202002_forest_FALSE","Q752"
"primary_202002_forest_FALSE","Q753"
"primary_202002_forest_FALSE","Q754_Q762R1C1"
"primary_202002_forest_FALSE","Q754_Q762R1C2"
"primary_202002_forest_FALSE","Q754_Q762R1C3"
"primary_202002_forest_FALSE","Q754_Q762R2C1"
"primary_202002_forest_FALSE","Q754_Q762R2C2"
"primary_202002_forest_FALSE","Q754_Q762R2C3"
"primary_202002_forest_FALSE","Q754_Q762R3C1"
"primary_202002_forest_FALSE","Q754_Q762R3C2"
"primary_202002_forest_FALSE","Q754_Q762R3C3"
"primary_202002_forest_FALSE","Q754_Q762R4C1"
"primary_202002_forest_FALSE","Q754_Q762R4C2"
"primary_202002_forest_FALSE","Q754_Q762R4C3"
"primary_202002_forest_FALSE","Q754_Q762R5C1"
"primary_202002_forest_FALSE","Q754_Q762R5C2"
"primary_202002_forest_FALSE","Q754_Q762R5C3"
"primary_202002_forest_FALSE","Q754_Q762R6C1"
"primary_202002_forest_FALSE","Q754_Q762R6C2"
"primary_202002_forest_FALSE","Q754_Q762R6C3"
"primary_202002_forest_FALSE","Q754_Q762R7C1"
"primary_202002_forest_FALSE","Q754_Q762R7C2"
"primary_202002_forest_FALSE","Q754_Q762R7C3"
"primary_202002_forest_FALSE","Q754_Q762R8C1"
"primary_202002_forest_FALSE","Q754_Q762R8C2"
"primary_202002_forest_FALSE","Q754_Q762R8C3"
"primary_202002_forest_FALSE","Q754_Q762R9C1"
"primary_202002_forest_FALSE","Q754_Q762R9C2"
"primary_202002_forest_FALSE","Q754_Q762R9C3"
"primary_202002_forest_FALSE","Q763_Q766R1"
"primary_202002_forest_FALSE","Q763_Q766R2"
"primary_202002_forest_FALSE","Q763_Q766R3"
"primary_202002_forest_FALSE","Q763_Q766R4"
"primary_202002_forest_FALSE","Q767_Q771R1"
"primary_202002_forest_FALSE","Q767_Q771R2"
"primary_202002_forest_FALSE","Q767_Q771R3"
"primary_202002_forest_FALSE","Q767_Q771R4"
"primary_202002_forest_FALSE","Q767_Q771R5"
"primary_202002_forest_FALSE","Q773"
"primary_202002_forest_FALSE","VQ773"
"primary_202002_forest_FALSE","Q774"
"primary_202002_forest_FALSE","VQ774"
"primary_202002_forest_FALSE","Q775"
"primary_202002_forest_FALSE","Q777"
"primary_202002_forest_FALSE","Q779"
"primary_202002_forest_FALSE","Q782"
"primary_202002_forest_FALSE","Q785"
"primary_202002_forest_FALSE","Q788"
"primary_202002_forest_FALSE","Q790"
"primary_202002_forest_FALSE","Q793R1"
"primary_202002_forest_FALSE","Q793R2"
"primary_202002_forest_FALSE","Q793R3"
"primary_202002_forest_FALSE","Q793R4"
"primary_202002_forest_FALSE","Q793R5"
"primary_202002_forest_FALSE","Q794R1"
"primary_202002_forest_FALSE","Q794R2"
"primary_202002_forest_FALSE","Q794R3"
"primary_202002_forest_FALSE","Q794R4"
"primary_202002_forest_FALSE","Q794R5"
"primary_202002_forest_FALSE","Q794R6"
"primary_202002_forest_FALSE","Q795"
"primary_202002_forest_FALSE","Q796R1"
"primary_202002_forest_FALSE","Q796R2"
"primary_202002_forest_FALSE","Q796R3"
"primary_202002_forest_FALSE","Q796R4"
"primary_202002_forest_FALSE","Q796R5"
"primary_202002_forest_FALSE","Q797R1"
"primary_202002_forest_FALSE","Q797R2"
"primary_202002_forest_FALSE","Q797R3"
"primary_202002_forest_FALSE","Q797R4"
"primary_202002_forest_FALSE","Q797R5"
"primary_202002_forest_FALSE","Q797R6"
"primary_202002_forest_FALSE","Q797R9"
"primary_202002_forest_FALSE","Q797R10"
"primary_202002_forest_FALSE","Q798R1"
"primary_202002_forest_FALSE","Q798R2"
"primary_202002_forest_FALSE","Q798R3"
"primary_202002_forest_FALSE","Q798R4"
"primary_202002_forest_FALSE","Q798R5"
"primary_202002_forest_FALSE","Q798R6"
"primary_202002_forest_FALSE","Q798R7"
"primary_202002_forest_FALSE","Q798R8"
"primary_202002_forest_FALSE","Q798R9"
"primary_202002_forest_FALSE","Q798R10"
"primary_202002_forest_FALSE","Q799R1C1"
"primary_202002_forest_FALSE","Q799R2C1"
"primary_202002_forest_FALSE","Q799R3C1"
"primary_202002_forest_FALSE","Q799R4C1"
"primary_202002_forest_FALSE","Q799R5C1"
"primary_202002_forest_FALSE","Q799R6C1"
"primary_202002_forest_FALSE","Q799R7C1"
"primary_202002_forest_FALSE","Q799R8C1"
"primary_202002_forest_FALSE","Q800R1C1"
"primary_202002_forest_FALSE","Q800R2C1"
"primary_202002_forest_FALSE","Q800R3C1"
"primary_202002_forest_FALSE","Q800R4C1"
"primary_202002_forest_FALSE","Q800R5C1"
"primary_202002_forest_FALSE","Q800R6C1"
"primary_202002_forest_FALSE","Q800R7C1"
"primary_202002_forest_FALSE","Q800R8C1"
"primary_202002_forest_FALSE","Q801"
"primary_202002_forest_FALSE","Q802"
"primary_202002_forest_FALSE","Q803"
"primary_202002_forest_FALSE","Q804"
"primary_202002_forest_FALSE","Q805"
"primary_202002_forest_FALSE","Q806"
"primary_202002_forest_FALSE","Q808"
"primary_202002_forest_FALSE","Q809"
"primary_202002_forest_FALSE","Q810"
"primary_202002_forest_FALSE","Q811"
"primary_202002_forest_FALSE","Q812"
"primary_202002_forest_FALSE","Q813"
"primary_202002_forest_FALSE","Q814"
"primary_202002_forest_FALSE","Q815"
"primary_202002_forest_FALSE","Q816"
"primary_202002_forest_FALSE","Q818"
"primary_202002_forest_FALSE","Q819"
"primary_202002_forest_FALSE","Q820"
"withheld_202002_forest_FALSE","S1"
"withheld_202002_forest_FALSE","S2_RACER1"
"withheld_202002_forest_FALSE","S2_RACER3"
"withheld_202002_forest_FALSE","S2_RACE_PRIME"
"withheld_202002_forest_FALSE","S2_NATIVER1"
"withheld_202002_forest_FALSE","S2_NATIVER2"
"withheld_202002_forest_FALSE","S2_NATIVER3"
"withheld_202002_forest_FALSE","S2_NATIVER4"
"withheld_202002_forest_FALSE","S2_NATIVER5"
"withheld_202002_forest_FALSE","S2_AFROLATR1"
"withheld_202002_forest_FALSE","S2_AFROLATR2"
"withheld_202002_forest_FALSE","S2_AFROLATR3"
"withheld_202002_forest_FALSE","S2_AFROLATR4"
"withheld_202002_forest_FALSE","S2_AFROLATR5"
"withheld_202002_forest_FALSE","S3"
"withheld_202002_forest_FALSE","S3B"
"withheld_202002_forest_FALSE","S3C"
"withheld_202002_forest_FALSE","S4"
"withheld_202002_forest_FALSE","S5"
"withheld_202002_forest_FALSE","S7"
"withheld_202002_forest_FALSE","S10"
"withheld_202002_forest_FALSE","S10_MEX"
"withheld_202002_forest_FALSE","S11"
"withheld_202002_forest_FALSE","S2_M"
"withheld_202002_forest_FALSE","S13"
"withheld_202002_forest_FALSE","S14"
"withheld_202002_forest_FALSE","Q58R1"
"withheld_202002_forest_FALSE","Q58R2"
"withheld_202002_forest_FALSE","Q58R3"
"withheld_202002_forest_FALSE","Q58R4"
"withheld_202002_forest_FALSE","Q58R5"
"withheld_202002_forest_FALSE","Q58R6"
"withheld_202002_forest_FALSE","Q58R7"
"withheld_202002_forest_FALSE","Q58R8"
"withheld_202002_forest_FALSE","Q58R9"
"withheld_202002_forest_FALSE","Q58R10"
"withheld_202002_forest_FALSE","Q58R12"
"withheld_202002_forest_FALSE","Q58R13"
"withheld_202002_forest_FALSE","Q58R14"
"withheld_202002_forest_FALSE","Q58R15"
"withheld_202002_forest_FALSE","Q58R16"
"withheld_202002_forest_FALSE","Q58R17"
"withheld_202002_forest_FALSE","Q1R1"
"withheld_202002_forest_FALSE","Q1R2"
"withheld_202002_forest_FALSE","Q1R3"
"withheld_202002_forest_FALSE","Q1R4"
"withheld_202002_forest_FALSE","Q1R5"
"withheld_202002_forest_FALSE","Q1R6"
"withheld_202002_forest_FALSE","Q1R7"
"withheld_202002_forest_FALSE","Q1R8"
"withheld_202002_forest_FALSE","Q1R9"
"withheld_202002_forest_FALSE","Q1R10"
"withheld_202002_forest_FALSE","Q1R11"
"withheld_202002_forest_FALSE","Q1R12"
"withheld_202002_forest_FALSE","Q1R13"
"withheld_202002_forest_FALSE","Q1R14"
"withheld_202002_forest_FALSE","Q1R15"
"withheld_202002_forest_FALSE","Q1R16"
"withheld_202002_forest_FALSE","Q1R19"
"withheld_202002_forest_FALSE","Q1R20"
"withheld_202002_forest_FALSE","Q1R21"
"withheld_202002_forest_FALSE","Q1R22"
"withheld_202002_forest_FALSE","Q1R23"
"withheld_202002_forest_FALSE","Q13"
"withheld_202002_forest_FALSE","Q16"
"withheld_202002_forest_FALSE","Q20"
"withheld_202002_forest_FALSE","Q29"
"withheld_202002_forest_FALSE","Q30"
"withheld_202002_forest_FALSE","Q31"
"withheld_202002_forest_FALSE","Q32R1"
"withheld_202002_forest_FALSE","Q32R2"
"withheld_202002_forest_FALSE","Q32R3"
"withheld_202002_forest_FALSE","Q32R4"
"withheld_202002_forest_FALSE","Q32R5"
"withheld_202002_forest_FALSE","Q32R6"
"withheld_202002_forest_FALSE","Q32R7"
"withheld_202002_forest_FALSE","Q32R8"
"withheld_202002_forest_FALSE","Q32R9"
"withheld_202002_forest_FALSE","Q33R1"
"withheld_202002_forest_FALSE","Q33R2"
"withheld_202002_forest_FALSE","Q33R3"
"withheld_202002_forest_FALSE","Q33R4"
"withheld_202002_forest_FALSE","Q33R5"
"withheld_202002_forest_FALSE","Q38R1"
"withheld_202002_forest_FALSE","Q38R2"
"withheld_202002_forest_FALSE","Q38R3"
"withheld_202002_forest_FALSE","Q38R4"
"withheld_202002_forest_FALSE","Q39R1"
"withheld_202002_forest_FALSE","Q39R2"
"withheld_202002_forest_FALSE","Q39R3"
"withheld_202002_forest_FALSE","Q39R4"
"withheld_202002_forest_FALSE","Q39R5"
"withheld_202002_forest_FALSE","Q39R6"
"withheld_202002_forest_FALSE","Q39R7"
"withheld_202002_forest_FALSE","Q40"
"withheld_202002_forest_FALSE","Q41R1"
"withheld_202002_forest_FALSE","Q41R2"
"withheld_202002_forest_FALSE","Q41R3"
"withheld_202002_forest_FALSE","Q41R4"
"withheld_202002_forest_FALSE","Q42"
"withheld_202002_forest_FALSE","Q43"
"withheld_202002_forest_FALSE","Q44"
"withheld_202002_forest_FALSE","Q45"
"withheld_202002_forest_FALSE","Q46"
"withheld_202002_forest_FALSE","Q57"
"withheld_202002_forest_FALSE","Q59"
"withheld_202002_forest_FALSE","Q60R1"
"withheld_202002_forest_FALSE","Q60R2"
"withheld_202002_forest_FALSE","Q60R3"
"withheld_202002_forest_FALSE","Q60R4"
"withheld_202002_forest_FALSE","Q60R5"
"withheld_202002_forest_FALSE","Q60R6"
"withheld_202002_forest_FALSE","Q61"
"withheld_202002_forest_FALSE","Q62R1"
"withheld_202002_forest_FALSE","Q62R2"
"withheld_202002_forest_FALSE","Q62R3"
"withheld_202002_forest_FALSE","Q62R4"
"withheld_202002_forest_FALSE","Q62R5"
"withheld_202002_forest_FALSE","NEWQ67"
"withheld_202002_forest_FALSE","Q67"
"withheld_202002_forest_FALSE","Q68"
"withheld_202002_forest_FALSE","Q69"
"withheld_202002_forest_FALSE","Q70R1"
"withheld_202002_forest_FALSE","Q70R2"
"withheld_202002_forest_FALSE","Q70R3"
"withheld_202002_forest_FALSE","Q70R4"
"withheld_202002_forest_FALSE","Q70R5"
"withheld_202002_forest_FALSE","Q75"
"withheld_202002_forest_FALSE","Q76R1"
"withheld_202002_forest_FALSE","Q76R2"
"withheld_202002_forest_FALSE","Q76R3"
"withheld_202002_forest_FALSE","Q76R4"
"withheld_202002_forest_FALSE","Q76R5"
"withheld_202002_forest_FALSE","Q76R6"
"withheld_202002_forest_FALSE","Q77R1"
"withheld_202002_forest_FALSE","Q77R2"
"withheld_202002_forest_FALSE","Q77R3"
"withheld_202002_forest_FALSE","Q77R4"
"withheld_202002_forest_FALSE","Q77R5"
"withheld_202002_forest_FALSE","Q77R6"
"withheld_202002_forest_FALSE","Q77R7"
"withheld_202002_forest_FALSE","Q77R8"
"withheld_202002_forest_FALSE","Q77R9"
"withheld_202002_forest_FALSE","Q78"
"withheld_202002_forest_FALSE","Q84"
"withheld_202002_forest_FALSE","Q85"
"withheld_202002_forest_FALSE","Q85B"
"withheld_202002_forest_FALSE","Q86"
"withheld_202002_forest_FALSE","Q87"
"withheld_202002_forest_FALSE","Q88"
"withheld_202002_forest_FALSE","Q93"
"withheld_202002_forest_FALSE","Q95"
"withheld_202002_forest_FALSE","Q97"
"withheld_202002_forest_FALSE","Q98R1"
"withheld_202002_forest_FALSE","Q98R2"
"withheld_202002_forest_FALSE","Q98R3"
"withheld_202002_forest_FALSE","Q98R4"
"withheld_202002_forest_FALSE","Q98R5"
"withheld_202002_forest_FALSE","Q98R6"
"withheld_202002_forest_FALSE","Q98R7"
"withheld_202002_forest_FALSE","Q98R10"
"withheld_202002_forest_FALSE","Q98R11"
"withheld_202002_forest_FALSE","Q99R1"
"withheld_202002_forest_FALSE","Q99R2"
"withheld_202002_forest_FALSE","Q99R3"
"withheld_202002_forest_FALSE","Q99R4"
"withheld_202002_forest_FALSE","Q99R5"
"withheld_202002_forest_FALSE","Q99R6"
"withheld_202002_forest_FALSE","Q99R7"
"withheld_202002_forest_FALSE","Q99R8"
"withheld_202002_forest_FALSE","Q99R9"
"withheld_202002_forest_FALSE","Q99R10"
"withheld_202002_forest_FALSE","Q99R11"
"withheld_202002_forest_FALSE","Q110R2"
"withheld_202002_forest_FALSE","Q110R3"
"withheld_202002_forest_FALSE","Q110R4"
"withheld_202002_forest_FALSE","Q110R5"
"withheld_202002_forest_FALSE","Q110R6"
"withheld_202002_forest_FALSE","Q110R7"
"withheld_202002_forest_FALSE","Q110R8"
"withheld_202002_forest_FALSE","Q111R1"
"withheld_202002_forest_FALSE","Q111R2"
"withheld_202002_forest_FALSE","Q111R3"
"withheld_202002_forest_FALSE","Q111R4"
"withheld_202002_forest_FALSE","Q111R5"
"withheld_202002_forest_FALSE","Q116R1"
"withheld_202002_forest_FALSE","Q116R2"
"withheld_202002_forest_FALSE","Q116R3"
"withheld_202002_forest_FALSE","Q116R4"
"withheld_202002_forest_FALSE","Q116R7"
"withheld_202002_forest_FALSE","Q116R8"
"withheld_202002_forest_FALSE","Q116R10"
"withheld_202002_forest_FALSE","Q117R1"
"withheld_202002_forest_FALSE","Q117R2"
"withheld_202002_forest_FALSE","Q117R3"
"withheld_202002_forest_FALSE","Q117R4"
"withheld_202002_forest_FALSE","Q117R5"
"withheld_202002_forest_FALSE","Q117R6"
"withheld_202002_forest_FALSE","Q117R7"
"withheld_202002_forest_FALSE","Q117R8"
"withheld_202002_forest_FALSE","Q117R9"
"withheld_202002_forest_FALSE","Q117R10"
"withheld_202002_forest_FALSE","Q117R11"
"withheld_202002_forest_FALSE","Q117R12"
"withheld_202002_forest_FALSE","Q117R13"
"withheld_202002_forest_FALSE","Q131R1"
"withheld_202002_forest_FALSE","Q131R2"
"withheld_202002_forest_FALSE","Q131R3"
"withheld_202002_forest_FALSE","Q131R4"
"withheld_202002_forest_FALSE","Q131R5"
"withheld_202002_forest_FALSE","Q131R6"
"withheld_202002_forest_FALSE","Q131R7"
"withheld_202002_forest_FALSE","Q131R8"
"withheld_202002_forest_FALSE","Q131R9"
"withheld_202002_forest_FALSE","Q131R10"
"withheld_202002_forest_FALSE","Q131R11"
"withheld_202002_forest_FALSE","Q131R12"
"withheld_202002_forest_FALSE","Q131R13"
"withheld_202002_forest_FALSE","Q144"
"withheld_202002_forest_FALSE","Q145"
"withheld_202002_forest_FALSE","Q146"
"withheld_202002_forest_FALSE","Q147"
"withheld_202002_forest_FALSE","Q148"
"withheld_202002_forest_FALSE","Q149"
"withheld_202002_forest_FALSE","Q150"
"withheld_202002_forest_FALSE","Q151"
"withheld_202002_forest_FALSE","Q152"
"withheld_202002_forest_FALSE","Q153"
"withheld_202002_forest_FALSE","Q154R1"
"withheld_202002_forest_FALSE","Q154R2"
"withheld_202002_forest_FALSE","Q154R3"
"withheld_202002_forest_FALSE","Q154R4"
"withheld_202002_forest_FALSE","Q154R5"
"withheld_202002_forest_FALSE","Q159R1"
"withheld_202002_forest_FALSE","Q159R2"
"withheld_202002_forest_FALSE","Q159R3"
"withheld_202002_forest_FALSE","Q162R1"
"withheld_202002_forest_FALSE","Q162R2"
"withheld_202002_forest_FALSE","Q162R3"
"withheld_202002_forest_FALSE","Q162R4"
"withheld_202002_forest_FALSE","Q162R5"
"withheld_202002_forest_FALSE","Q162R6"
"withheld_202002_forest_FALSE","Q162R7"
"withheld_202002_forest_FALSE","Q162R8"
"withheld_202002_forest_FALSE","Q170"
"withheld_202002_forest_FALSE","Q171R1"
"withheld_202002_forest_FALSE","Q171R2"
"withheld_202002_forest_FALSE","Q171R3"
"withheld_202002_forest_FALSE","Q171R4"
"withheld_202002_forest_FALSE","Q171R5"
"withheld_202002_forest_FALSE","Q171R6"
"withheld_202002_forest_FALSE","Q171R7"
"withheld_202002_forest_FALSE","Q171R8"
"withheld_202002_forest_FALSE","Q171R9"
"withheld_202002_forest_FALSE","Q172R1"
"withheld_202002_forest_FALSE","Q172R2"
"withheld_202002_forest_FALSE","Q172R3"
"withheld_202002_forest_FALSE","Q175R1"
"withheld_202002_forest_FALSE","Q175R2"
"withheld_202002_forest_FALSE","Q175R3"
"withheld_202002_forest_FALSE","Q178R1"
"withheld_202002_forest_FALSE","Q178R2"
"withheld_202002_forest_FALSE","Q178R3"
"withheld_202002_forest_FALSE","Q178R4"
"withheld_202002_forest_FALSE","Q182"
"withheld_202002_forest_FALSE","Q183"
"withheld_202002_forest_FALSE","Q184R1"
"withheld_202002_forest_FALSE","Q184R2"
"withheld_202002_forest_FALSE","Q184R3"
"withheld_202002_forest_FALSE","Q187R1"
"withheld_202002_forest_FALSE","Q187R2"
"withheld_202002_forest_FALSE","Q187R3"
"withheld_202002_forest_FALSE","Q187R4"
"withheld_202002_forest_FALSE","Q187R5"
"withheld_202002_forest_FALSE","Q192"
"withheld_202002_forest_FALSE","Q193"
"withheld_202002_forest_FALSE","Q194"
"withheld_202002_forest_FALSE","Q202R1"
"withheld_202002_forest_FALSE","Q202R2"
"withheld_202002_forest_FALSE","Q202R3"
"withheld_202002_forest_FALSE","Q203"
"withheld_202002_forest_FALSE","Q204"
"withheld_202002_forest_FALSE","Q205"
"withheld_202002_forest_FALSE","Q206"
"withheld_202002_forest_FALSE","Q207"
"withheld_202002_forest_FALSE","Q208R1"
"withheld_202002_forest_FALSE","Q208R2"
"withheld_202002_forest_FALSE","Q208R3"
"withheld_202002_forest_FALSE","Q208R4"
"withheld_202002_forest_FALSE","Q208R5"
"withheld_202002_forest_FALSE","Q213R1"
"withheld_202002_forest_FALSE","Q213R2"
"withheld_202002_forest_FALSE","Q213R3"
"withheld_202002_forest_FALSE","Q213R4"
"withheld_202002_forest_FALSE","Q217R1"
"withheld_202002_forest_FALSE","Q217R2"
"withheld_202002_forest_FALSE","Q217R3"
"withheld_202002_forest_FALSE","Q217R4"
"withheld_202002_forest_FALSE","Q221R1"
"withheld_202002_forest_FALSE","Q221R2"
"withheld_202002_forest_FALSE","Q221R3"
"withheld_202002_forest_FALSE","Q221R4"
"withheld_202002_forest_FALSE","Q225R1"
"withheld_202002_forest_FALSE","Q225R2"
"withheld_202002_forest_FALSE","Q225R3"
"withheld_202002_forest_FALSE","Q225R4"
"withheld_202002_forest_FALSE","Q225R5"
"withheld_202002_forest_FALSE","Q225R6"
"withheld_202002_forest_FALSE","Q225R7"
"withheld_202002_forest_FALSE","Q225R8"
"withheld_202002_forest_FALSE","Q225R9"
"withheld_202002_forest_FALSE","Q225R12"
"withheld_202002_forest_FALSE","Q225R13"
"withheld_202002_forest_FALSE","Q225R14"
"withheld_202002_forest_FALSE","Q239R1"
"withheld_202002_forest_FALSE","Q239R2"
"withheld_202002_forest_FALSE","Q239R3"
"withheld_202002_forest_FALSE","Q239R4"
"withheld_202002_forest_FALSE","Q243R1"
"withheld_202002_forest_FALSE","Q243R2"
"withheld_202002_forest_FALSE","Q243R3"
"withheld_202002_forest_FALSE","Q243R4"
"withheld_202002_forest_FALSE","Q247"
"withheld_202002_forest_FALSE","Q248"
"withheld_202002_forest_FALSE","Q249"
"withheld_202002_forest_FALSE","Q250R1"
"withheld_202002_forest_FALSE","Q250R2"
"withheld_202002_forest_FALSE","Q250R3"
"withheld_202002_forest_FALSE","Q250R5"
"withheld_202002_forest_FALSE","Q250R8"
"withheld_202002_forest_FALSE","Q251"
"withheld_202002_forest_FALSE","Q252"
"withheld_202002_forest_FALSE","Q253"
"withheld_202002_forest_FALSE","Q254"
"withheld_202002_forest_FALSE","Q255"
"withheld_202002_forest_FALSE","Q256"
"withheld_202002_forest_FALSE","Q257AR1"
"withheld_202002_forest_FALSE","Q257AR2"
"withheld_202002_forest_FALSE","Q257AR3"
"withheld_202002_forest_FALSE","Q257AR4"
"withheld_202002_forest_FALSE","Q257BR1"
"withheld_202002_forest_FALSE","Q257BR2"
"withheld_202002_forest_FALSE","Q257BR3"
"withheld_202002_forest_FALSE","Q257BR4"
"withheld_202002_forest_FALSE","Q257CR1"
"withheld_202002_forest_FALSE","Q257CR2"
"withheld_202002_forest_FALSE","Q257CR3"
"withheld_202002_forest_FALSE","Q257CR4"
"withheld_202002_forest_FALSE","Q258"
"withheld_202002_forest_FALSE","Q260"
"withheld_202002_forest_FALSE","Q261"
"withheld_202002_forest_FALSE","Q262"
"withheld_202002_forest_FALSE","Q263"
"withheld_202002_forest_FALSE","Q264"
"withheld_202002_forest_FALSE","Q265"
"withheld_202002_forest_FALSE","Q266"
"withheld_202002_forest_FALSE","Q267"
"withheld_202002_forest_FALSE","Q268"
"withheld_202002_forest_FALSE","Q269"
"withheld_202002_forest_FALSE","Q270"
"withheld_202002_forest_FALSE","Q271"
"withheld_202002_forest_FALSE","Q273R1"
"withheld_202002_forest_FALSE","Q273R2"
"withheld_202002_forest_FALSE","Q273R3"
"withheld_202002_forest_FALSE","Q273R4"
"withheld_202002_forest_FALSE","Q273R5"
"withheld_202002_forest_FALSE","Q278"
"withheld_202002_forest_FALSE","Q279"
"withheld_202002_forest_FALSE","Q280"
"withheld_202002_forest_FALSE","Q281R1"
"withheld_202002_forest_FALSE","Q281R2"
"withheld_202002_forest_FALSE","Q281R3"
"withheld_202002_forest_FALSE","Q281R4"
"withheld_202002_forest_FALSE","Q281R5"
"withheld_202002_forest_FALSE","Q281R6"
"withheld_202002_forest_FALSE","Q281R7"
"withheld_202002_forest_FALSE","Q281R8"
"withheld_202002_forest_FALSE","Q281R9"
"withheld_202002_forest_FALSE","Q282"
"withheld_202002_forest_FALSE","Q283"
"withheld_202002_forest_FALSE","Q285"
"withheld_202002_forest_FALSE","Q286"
"withheld_202002_forest_FALSE","Q287R1"
"withheld_202002_forest_FALSE","Q287R2"
"withheld_202002_forest_FALSE","Q287R3"
"withheld_202002_forest_FALSE","Q287R4"
"withheld_202002_forest_FALSE","Q287R5"
"withheld_202002_forest_FALSE","Q287R7"
"withheld_202002_forest_FALSE","Q295R1"
"withheld_202002_forest_FALSE","Q295R2"
"withheld_202002_forest_FALSE","Q295R3"
"withheld_202002_forest_FALSE","Q295R4"
"withheld_202002_forest_FALSE","Q295R5"
"withheld_202002_forest_FALSE","Q295R6"
"withheld_202002_forest_FALSE","Q308R1"
"withheld_202002_forest_FALSE","Q308R2"
"withheld_202002_forest_FALSE","Q308R3"
"withheld_202002_forest_FALSE","Q308R4"
"withheld_202002_forest_FALSE","Q308R5"
"withheld_202002_forest_FALSE","Q308R6"
"withheld_202002_forest_FALSE","Q308R7"
"withheld_202002_forest_FALSE","Q316R1"
"withheld_202002_forest_FALSE","Q316R2"
"withheld_202002_forest_FALSE","Q316R3"
"withheld_202002_forest_FALSE","Q316R4"
"withheld_202002_forest_FALSE","Q316R5"
"withheld_202002_forest_FALSE","Q316R6"
"withheld_202002_forest_FALSE","Q329R2"
"withheld_202002_forest_FALSE","Q329R3"
"withheld_202002_forest_FALSE","Q329R4"
"withheld_202002_forest_FALSE","Q329R5"
"withheld_202002_forest_FALSE","Q329R7"
"withheld_202002_forest_FALSE","Q329R8"
"withheld_202002_forest_FALSE","Q329R9"
"withheld_202002_forest_FALSE","Q329R10"
"withheld_202002_forest_FALSE","Q330"
"withheld_202002_forest_FALSE","Q331"
"withheld_202002_forest_FALSE","Q332"
"withheld_202002_forest_FALSE","Q333"
"withheld_202002_forest_FALSE","Q335"
"withheld_202002_forest_FALSE","Q339"
"withheld_202002_forest_FALSE","Q343R1"
"withheld_202002_forest_FALSE","Q343R2"
"withheld_202002_forest_FALSE","Q343R3"
"withheld_202002_forest_FALSE","Q343R4"
"withheld_202002_forest_FALSE","Q347"
"withheld_202002_forest_FALSE","Q348"
"withheld_202002_forest_FALSE","Q349"
"withheld_202002_forest_FALSE","Q350"
"withheld_202002_forest_FALSE","Q351"
"withheld_202002_forest_FALSE","Q352"
"withheld_202002_forest_FALSE","Q356"
"withheld_202002_forest_FALSE","Q357"
"withheld_202002_forest_FALSE","Q358"
"withheld_202002_forest_FALSE","Q359R1"
"withheld_202002_forest_FALSE","Q359R2"
"withheld_202002_forest_FALSE","Q359R3"
"withheld_202002_forest_FALSE","Q359R4"
"withheld_202002_forest_FALSE","Q363"
"withheld_202002_forest_FALSE","Q364"
"withheld_202002_forest_FALSE","Q365"
"withheld_202002_forest_FALSE","Q366R1"
"withheld_202002_forest_FALSE","Q366R2"
"withheld_202002_forest_FALSE","Q366R3"
"withheld_202002_forest_FALSE","Q366R4"
"withheld_202002_forest_FALSE","Q367"
"withheld_202002_forest_FALSE","Q368"
"withheld_202002_forest_FALSE","Q369"
"withheld_202002_forest_FALSE","Q370"
"withheld_202002_forest_FALSE","Q371"
"withheld_202002_forest_FALSE","Q372"
"withheld_202002_forest_FALSE","Q377"
"withheld_202002_forest_FALSE","Q378"
"withheld_202002_forest_FALSE","Q379"
"withheld_202002_forest_FALSE","Q380"
"withheld_202002_forest_FALSE","Q381_Q383R1"
"withheld_202002_forest_FALSE","Q381_Q383R2"
"withheld_202002_forest_FALSE","Q381_Q383R3"
"withheld_202002_forest_FALSE","Q384R1"
"withheld_202002_forest_FALSE","Q385"
"withheld_202002_forest_FALSE","Q386_Q390R1"
"withheld_202002_forest_FALSE","Q386_Q390R2"
"withheld_202002_forest_FALSE","Q386_Q390R3"
"withheld_202002_forest_FALSE","Q386_Q390R4"
"withheld_202002_forest_FALSE","Q386_Q390R5"
"withheld_202002_forest_FALSE","Q391_Q393R1"
"withheld_202002_forest_FALSE","Q391_Q393R2"
"withheld_202002_forest_FALSE","Q391_Q393R3"
"withheld_202002_forest_FALSE","Q394"
"withheld_202002_forest_FALSE","Q395"
"withheld_202002_forest_FALSE","Q396_Q398R1"
"withheld_202002_forest_FALSE","Q396_Q398R2"
"withheld_202002_forest_FALSE","Q396_Q398R3"
"withheld_202002_forest_FALSE","Q399"
"withheld_202002_forest_FALSE","Q400"
"withheld_202002_forest_FALSE","Q401_Q404R1"
"withheld_202002_forest_FALSE","Q401_Q404R2"
"withheld_202002_forest_FALSE","Q401_Q404R3"
"withheld_202002_forest_FALSE","Q401_Q404R4"
"withheld_202002_forest_FALSE","Q405"
"withheld_202002_forest_FALSE","Q406"
"withheld_202002_forest_FALSE","Q407R1"
"withheld_202002_forest_FALSE","Q407R2"
"withheld_202002_forest_FALSE","Q407R3"
"withheld_202002_forest_FALSE","Q407R4"
"withheld_202002_forest_FALSE","Q407R5"
"withheld_202002_forest_FALSE","Q408"
"withheld_202002_forest_FALSE","Q409"
"withheld_202002_forest_FALSE","Q410"
"withheld_202002_forest_FALSE","Q411_Q416R1"
"withheld_202002_forest_FALSE","Q411_Q416R2"
"withheld_202002_forest_FALSE","Q411_Q416R3"
"withheld_202002_forest_FALSE","Q411_Q416R4"
"withheld_202002_forest_FALSE","Q411_Q416R5"
"withheld_202002_forest_FALSE","Q411_Q416R6"
"withheld_202002_forest_FALSE","Q417_Q424R1"
"withheld_202002_forest_FALSE","Q417_Q424R2"
"withheld_202002_forest_FALSE","Q417_Q424R3"
"withheld_202002_forest_FALSE","Q417_Q424R4"
"withheld_202002_forest_FALSE","Q417_Q424R5"
"withheld_202002_forest_FALSE","Q417_Q424R6"
"withheld_202002_forest_FALSE","Q417_Q424R7"
"withheld_202002_forest_FALSE","Q417_Q424R8"
"withheld_202002_forest_FALSE","Q425"
"withheld_202002_forest_FALSE","Q428R1"
"withheld_202002_forest_FALSE","Q428R2"
"withheld_202002_forest_FALSE","Q428R3"
"withheld_202002_forest_FALSE","Q428R4"
"withheld_202002_forest_FALSE","Q428R6"
"withheld_202002_forest_FALSE","Q428R5"
"withheld_202002_forest_FALSE","Q429_Q440R1"
"withheld_202002_forest_FALSE","Q429_Q440R2"
"withheld_202002_forest_FALSE","Q429_Q440R3"
"withheld_202002_forest_FALSE","Q429_Q440R4"
"withheld_202002_forest_FALSE","Q429_Q440R5"
"withheld_202002_forest_FALSE","Q429_Q440R6"
"withheld_202002_forest_FALSE","Q429_Q440R7"
"withheld_202002_forest_FALSE","Q429_Q440R8"
"withheld_202002_forest_FALSE","Q429_Q440R9"
"withheld_202002_forest_FALSE","Q429_Q440R10"
"withheld_202002_forest_FALSE","Q429_Q440R11"
"withheld_202002_forest_FALSE","Q429_Q440R12"
"withheld_202002_forest_FALSE","Q441_Q452R1"
"withheld_202002_forest_FALSE","Q441_Q452R2"
"withheld_202002_forest_FALSE","Q441_Q452R3"
"withheld_202002_forest_FALSE","Q441_Q452R4"
"withheld_202002_forest_FALSE","Q441_Q452R5"
"withheld_202002_forest_FALSE","Q441_Q452R6"
"withheld_202002_forest_FALSE","Q441_Q452R7"
"withheld_202002_forest_FALSE","Q441_Q452R8"
"withheld_202002_forest_FALSE","Q441_Q452R9"
"withheld_202002_forest_FALSE","Q441_Q452R10"
"withheld_202002_forest_FALSE","Q441_Q452R11"
"withheld_202002_forest_FALSE","Q441_Q452R12"
"withheld_202002_forest_FALSE","Q453"
"withheld_202002_forest_FALSE","Q454"
"withheld_202002_forest_FALSE","Q455"
"withheld_202002_forest_FALSE","Q456_Q461R1"
"withheld_202002_forest_FALSE","Q456_Q461R2"
"withheld_202002_forest_FALSE","Q456_Q461R3"
"withheld_202002_forest_FALSE","Q456_Q461R4"
"withheld_202002_forest_FALSE","Q456_Q461R5"
"withheld_202002_forest_FALSE","Q456_Q461R6"
"withheld_202002_forest_FALSE","Q462"
"withheld_202002_forest_FALSE","Q463"
"withheld_202002_forest_FALSE","Q466"
"withheld_202002_forest_FALSE","Q467_Q469R1"
"withheld_202002_forest_FALSE","Q467_Q469R2"
"withheld_202002_forest_FALSE","Q467_Q469R3"
"withheld_202002_forest_FALSE","Q470"
"withheld_202002_forest_FALSE","Q471R6"
"withheld_202002_forest_FALSE","Q471R7"
"withheld_202002_forest_FALSE","Q471R8"
"withheld_202002_forest_FALSE","Q471R9"
"withheld_202002_forest_FALSE","Q472_Q474R1"
"withheld_202002_forest_FALSE","Q472_Q474R2"
"withheld_202002_forest_FALSE","Q472_Q474R3"
"withheld_202002_forest_FALSE","Q475R1"
"withheld_202002_forest_FALSE","Q475R2"
"withheld_202002_forest_FALSE","Q475R3"
"withheld_202002_forest_FALSE","Q475R4"
"withheld_202002_forest_FALSE","Q475R5"
"withheld_202002_forest_FALSE","Q475R6"
"withheld_202002_forest_FALSE","Q475R7"
"withheld_202002_forest_FALSE","Q476"
"withheld_202002_forest_FALSE","Q477"
"withheld_202002_forest_FALSE","Q478_Q483R1"
"withheld_202002_forest_FALSE","Q478_Q483R2"
"withheld_202002_forest_FALSE","Q478_Q483R3"
"withheld_202002_forest_FALSE","Q478_Q483R4"
"withheld_202002_forest_FALSE","Q478_Q483R5"
"withheld_202002_forest_FALSE","Q478_Q483R6"
"withheld_202002_forest_FALSE","Q484"
"withheld_202002_forest_FALSE","Q485"
"withheld_202002_forest_FALSE","Q486"
"withheld_202002_forest_FALSE","Q487_Q489R1"
"withheld_202002_forest_FALSE","Q487_Q489R2"
"withheld_202002_forest_FALSE","Q487_Q489R3"
"withheld_202002_forest_FALSE","Q490R1"
"withheld_202002_forest_FALSE","Q490R2"
"withheld_202002_forest_FALSE","Q490R3"
"withheld_202002_forest_FALSE","Q490R4"
"withheld_202002_forest_FALSE","Q490R5"
"withheld_202002_forest_FALSE","Q490R6"
"withheld_202002_forest_FALSE","Q490R7"
"withheld_202002_forest_FALSE","Q490R8"
"withheld_202002_forest_FALSE","Q491A"
"withheld_202002_forest_FALSE","Q491R1"
"withheld_202002_forest_FALSE","Q491R2"
"withheld_202002_forest_FALSE","Q491R3"
"withheld_202002_forest_FALSE","Q491R4"
"withheld_202002_forest_FALSE","Q491R5"
"withheld_202002_forest_FALSE","Q491R6"
"withheld_202002_forest_FALSE","Q491R7"
"withheld_202002_forest_FALSE","Q492"
"withheld_202002_forest_FALSE","Q493"
"withheld_202002_forest_FALSE","Q494_Q503R1"
"withheld_202002_forest_FALSE","Q494_Q503R2"
"withheld_202002_forest_FALSE","Q494_Q503R3"
"withheld_202002_forest_FALSE","Q494_Q503R4"
"withheld_202002_forest_FALSE","Q494_Q503R5"
"withheld_202002_forest_FALSE","Q494_Q503R6"
"withheld_202002_forest_FALSE","Q494_Q503R7"
"withheld_202002_forest_FALSE","Q494_Q503R8"
"withheld_202002_forest_FALSE","Q494_Q503R9"
"withheld_202002_forest_FALSE","Q494_Q503R10"
"withheld_202002_forest_FALSE","Q504R1"
"withheld_202002_forest_FALSE","Q504R2"
"withheld_202002_forest_FALSE","Q504R3"
"withheld_202002_forest_FALSE","Q504R4"
"withheld_202002_forest_FALSE","Q504R5"
"withheld_202002_forest_FALSE","Q504R6"
"withheld_202002_forest_FALSE","Q504R7"
"withheld_202002_forest_FALSE","Q504R8"
"withheld_202002_forest_FALSE","Q505_Q508R1"
"withheld_202002_forest_FALSE","Q505_Q508R2"
"withheld_202002_forest_FALSE","Q505_Q508R3"
"withheld_202002_forest_FALSE","Q505_Q508R4"
"withheld_202002_forest_FALSE","Q509_Q511R1"
"withheld_202002_forest_FALSE","Q509_Q511R2"
"withheld_202002_forest_FALSE","Q512R1"
"withheld_202002_forest_FALSE","Q512R2"
"withheld_202002_forest_FALSE","Q512R3"
"withheld_202002_forest_FALSE","Q513_Q516R1"
"withheld_202002_forest_FALSE","Q513_Q516R2"
"withheld_202002_forest_FALSE","Q513_Q516R3"
"withheld_202002_forest_FALSE","Q517"
"withheld_202002_forest_FALSE","Q518"
"withheld_202002_forest_FALSE","Q519"
"withheld_202002_forest_FALSE","Q520"
"withheld_202002_forest_FALSE","Q521_Q528R1"
"withheld_202002_forest_FALSE","Q521_Q528R2"
"withheld_202002_forest_FALSE","Q521_Q528R3"
"withheld_202002_forest_FALSE","Q521_Q528R4"
"withheld_202002_forest_FALSE","Q521_Q528R5"
"withheld_202002_forest_FALSE","Q521_Q528R6"
"withheld_202002_forest_FALSE","Q521_Q528R7"
"withheld_202002_forest_FALSE","Q521_Q528R8"
"withheld_202002_forest_FALSE","Q529"
"withheld_202002_forest_FALSE","Q530"
"withheld_202002_forest_FALSE","Q531"
"withheld_202002_forest_FALSE","Q534R1"
"withheld_202002_forest_FALSE","Q534R2"
"withheld_202002_forest_FALSE","Q534R3"
"withheld_202002_forest_FALSE","Q534R4"
"withheld_202002_forest_FALSE","Q534R5"
"withheld_202002_forest_FALSE","Q535_Q538R1"
"withheld_202002_forest_FALSE","Q535_Q538R2"
"withheld_202002_forest_FALSE","Q535_Q538R3"
"withheld_202002_forest_FALSE","Q535_Q538R4"
"withheld_202002_forest_FALSE","Q539R1"
"withheld_202002_forest_FALSE","Q539R2"
"withheld_202002_forest_FALSE","Q539R3"
"withheld_202002_forest_FALSE","Q539R4"
"withheld_202002_forest_FALSE","Q539R6"
"withheld_202002_forest_FALSE","Q539R5"
"withheld_202002_forest_FALSE","Q540R1"
"withheld_202002_forest_FALSE","Q541"
"withheld_202002_forest_FALSE","Q542"
"withheld_202002_forest_FALSE","Q543"
"withheld_202002_forest_FALSE","Q544"
"withheld_202002_forest_FALSE","Q545R7"
"withheld_202002_forest_FALSE","Q546R7"
"withheld_202002_forest_FALSE","Q547R7"
"withheld_202002_forest_FALSE","Q548R7"
"withheld_202002_forest_FALSE","Q549R7"
"withheld_202002_forest_FALSE","Q550R1"
"withheld_202002_forest_FALSE","Q550R2"
"withheld_202002_forest_FALSE","Q550R3"
"withheld_202002_forest_FALSE","Q550R4"
"withheld_202002_forest_FALSE","Q550R5"
"withheld_202002_forest_FALSE","Q550R6"
"withheld_202002_forest_FALSE","Q551_Q559R1"
"withheld_202002_forest_FALSE","Q551_Q559R2"
"withheld_202002_forest_FALSE","Q551_Q559R3"
"withheld_202002_forest_FALSE","Q551_Q559R4"
"withheld_202002_forest_FALSE","Q551_Q559R5"
"withheld_202002_forest_FALSE","Q551_Q559R6"
"withheld_202002_forest_FALSE","Q551_Q559R7"
"withheld_202002_forest_FALSE","Q551_Q559R8"
"withheld_202002_forest_FALSE","Q551_Q559R9"
"withheld_202002_forest_FALSE","Q560R1"
"withheld_202002_forest_FALSE","Q560R2"
"withheld_202002_forest_FALSE","Q560R3"
"withheld_202002_forest_FALSE","Q560R5"
"withheld_202002_forest_FALSE","Q560R6"
"withheld_202002_forest_FALSE","Q560R7"
"withheld_202002_forest_FALSE","Q560R8"
"withheld_202002_forest_FALSE","Q561"
"withheld_202002_forest_FALSE","Q562"
"withheld_202002_forest_FALSE","Q563_Q572R1"
"withheld_202002_forest_FALSE","Q563_Q572R2"
"withheld_202002_forest_FALSE","Q563_Q572R3"
"withheld_202002_forest_FALSE","Q563_Q572R4"
"withheld_202002_forest_FALSE","Q563_Q572R5"
"withheld_202002_forest_FALSE","Q563_Q572R6"
"withheld_202002_forest_FALSE","Q563_Q572R7"
"withheld_202002_forest_FALSE","Q563_Q572R8"
"withheld_202002_forest_FALSE","Q563_Q572R9"
"withheld_202002_forest_FALSE","Q563_Q572R10"
"withheld_202002_forest_FALSE","Q573"
"withheld_202002_forest_FALSE","Q574"
"withheld_202002_forest_FALSE","Q582"
"withheld_202002_forest_FALSE","Q583"
"withheld_202002_forest_FALSE","Q584"
"withheld_202002_forest_FALSE","Q585_Q590R1"
"withheld_202002_forest_FALSE","Q585_Q590R2"
"withheld_202002_forest_FALSE","Q585_Q590R3"
"withheld_202002_forest_FALSE","Q585_Q590R4"
"withheld_202002_forest_FALSE","Q585_Q590R5"
"withheld_202002_forest_FALSE","Q585_Q590R6"
"withheld_202002_forest_FALSE","Q591_Q596R1"
"withheld_202002_forest_FALSE","Q591_Q596R2"
"withheld_202002_forest_FALSE","Q591_Q596R3"
"withheld_202002_forest_FALSE","Q591_Q596R4"
"withheld_202002_forest_FALSE","Q591_Q596R5"
"withheld_202002_forest_FALSE","Q591_Q596R6"
"withheld_202002_forest_FALSE","Q597_Q602R1"
"withheld_202002_forest_FALSE","Q597_Q602R2"
"withheld_202002_forest_FALSE","Q597_Q602R3"
"withheld_202002_forest_FALSE","Q597_Q602R4"
"withheld_202002_forest_FALSE","Q597_Q602R5"
"withheld_202002_forest_FALSE","Q597_Q602R6"
"withheld_202002_forest_FALSE","Q603R1"
"withheld_202002_forest_FALSE","Q603R2"
"withheld_202002_forest_FALSE","Q603R3"
"withheld_202002_forest_FALSE","Q603R4"
"withheld_202002_forest_FALSE","Q603R5"
"withheld_202002_forest_FALSE","Q603R6"
"withheld_202002_forest_FALSE","Q603R7"
"withheld_202002_forest_FALSE","Q603R8"
"withheld_202002_forest_FALSE","Q603R9"
"withheld_202002_forest_FALSE","Q603R10"
"withheld_202002_forest_FALSE","Q604_Q605R1"
"withheld_202002_forest_FALSE","Q604_Q605R2"
"withheld_202002_forest_FALSE","Q606R1"
"withheld_202002_forest_FALSE","Q606R2"
"withheld_202002_forest_FALSE","Q606R3"
"withheld_202002_forest_FALSE","Q606R4"
"withheld_202002_forest_FALSE","Q606R5"
"withheld_202002_forest_FALSE","Q606R6"
"withheld_202002_forest_FALSE","Q607_Q610R1"
"withheld_202002_forest_FALSE","Q607_Q610R2"
"withheld_202002_forest_FALSE","Q607_Q610R3"
"withheld_202002_forest_FALSE","Q607_Q610R4"
"withheld_202002_forest_FALSE","Q611"
"withheld_202002_forest_FALSE","Q613"
"withheld_202002_forest_FALSE","Q616_Q618R1"
"withheld_202002_forest_FALSE","Q616_Q618R2"
"withheld_202002_forest_FALSE","Q616_Q618R3"
"withheld_202002_forest_FALSE","Q619_Q626R1"
"withheld_202002_forest_FALSE","Q619_Q626R2"
"withheld_202002_forest_FALSE","Q619_Q626R3"
"withheld_202002_forest_FALSE","Q619_Q626R4"
"withheld_202002_forest_FALSE","Q619_Q626R5"
"withheld_202002_forest_FALSE","Q619_Q626R6"
"withheld_202002_forest_FALSE","Q619_Q626R7"
"withheld_202002_forest_FALSE","Q619_Q626R8"
"withheld_202002_forest_FALSE","Q627"
"withheld_202002_forest_FALSE","Q628"
"withheld_202002_forest_FALSE","Q629R1"
"withheld_202002_forest_FALSE","Q629R2"
"withheld_202002_forest_FALSE","Q629R3"
"withheld_202002_forest_FALSE","Q629R4"
"withheld_202002_forest_FALSE","Q629R5"
"withheld_202002_forest_FALSE","Q629R6"
"withheld_202002_forest_FALSE","Q629R7"
"withheld_202002_forest_FALSE","Q630_Q632R1"
"withheld_202002_forest_FALSE","Q630_Q632R2"
"withheld_202002_forest_FALSE","Q630_Q632R3"
"withheld_202002_forest_FALSE","Q633"
"withheld_202002_forest_FALSE","Q639"
"withheld_202002_forest_FALSE","Q640_Q645R1"
"withheld_202002_forest_FALSE","Q640_Q645R2"
"withheld_202002_forest_FALSE","Q640_Q645R3"
"withheld_202002_forest_FALSE","Q640_Q645R4"
"withheld_202002_forest_FALSE","Q640_Q645R5"
"withheld_202002_forest_FALSE","Q640_Q645R6"
"withheld_202002_forest_FALSE","Q646_Q651R1"
"withheld_202002_forest_FALSE","Q646_Q651R2"
"withheld_202002_forest_FALSE","Q646_Q651R3"
"withheld_202002_forest_FALSE","Q646_Q651R4"
"withheld_202002_forest_FALSE","Q646_Q651R5"
"withheld_202002_forest_FALSE","Q652_Q658R1"
"withheld_202002_forest_FALSE","Q652_Q658R2"
"withheld_202002_forest_FALSE","Q652_Q658R3"
"withheld_202002_forest_FALSE","Q652_Q658R4"
"withheld_202002_forest_FALSE","Q652_Q658R5"
"withheld_202002_forest_FALSE","Q652_Q658R6"
"withheld_202002_forest_FALSE","Q652_Q658R7"
"withheld_202002_forest_FALSE","Q659R1"
"withheld_202002_forest_FALSE","Q659R2"
"withheld_202002_forest_FALSE","Q659R3"
"withheld_202002_forest_FALSE","Q659R4"
"withheld_202002_forest_FALSE","Q659R5"
"withheld_202002_forest_FALSE","Q659R6"
"withheld_202002_forest_FALSE","Q659R7"
"withheld_202002_forest_FALSE","Q659R8"
"withheld_202002_forest_FALSE","Q660"
"withheld_202002_forest_FALSE","Q661"
"withheld_202002_forest_FALSE","Q662R1"
"withheld_202002_forest_FALSE","Q662R2"
"withheld_202002_forest_FALSE","Q662R3"
"withheld_202002_forest_FALSE","Q662R4"
"withheld_202002_forest_FALSE","Q662R5"
"withheld_202002_forest_FALSE","Q662R6"
"withheld_202002_forest_FALSE","Q663_Q666R1"
"withheld_202002_forest_FALSE","Q663_Q666R2"
"withheld_202002_forest_FALSE","Q663_Q666R3"
"withheld_202002_forest_FALSE","Q663_Q666R4"
"withheld_202002_forest_FALSE","Q667_Q671R1"
"withheld_202002_forest_FALSE","Q667_Q671R2"
"withheld_202002_forest_FALSE","Q667_Q671R3"
"withheld_202002_forest_FALSE","Q667_Q671R4"
"withheld_202002_forest_FALSE","Q667_Q671R5"
"withheld_202002_forest_FALSE","Q672"
"withheld_202002_forest_FALSE","Q673"
"withheld_202002_forest_FALSE","Q674R1"
"withheld_202002_forest_FALSE","Q675"
"withheld_202002_forest_FALSE","Q676_Q678R1"
"withheld_202002_forest_FALSE","Q676_Q678R2"
"withheld_202002_forest_FALSE","Q676_Q678R3"
"withheld_202002_forest_FALSE","Q679_Q682R1"
"withheld_202002_forest_FALSE","Q679_Q682R2"
"withheld_202002_forest_FALSE","Q679_Q682R3"
"withheld_202002_forest_FALSE","Q679_Q682R4"
"withheld_202002_forest_FALSE","Q683"
"withheld_202002_forest_FALSE","Q685"
"withheld_202002_forest_FALSE","Q686"
"withheld_202002_forest_FALSE","Q687"
"withheld_202002_forest_FALSE","Q688"
"withheld_202002_forest_FALSE","Q689"
"withheld_202002_forest_FALSE","Q690"
"withheld_202002_forest_FALSE","Q691"
"withheld_202002_forest_FALSE","Q692"
"withheld_202002_forest_FALSE","Q693_Q700R1"
"withheld_202002_forest_FALSE","Q693_Q700R2"
"withheld_202002_forest_FALSE","Q693_Q700R3"
"withheld_202002_forest_FALSE","Q693_Q700R4"
"withheld_202002_forest_FALSE","Q693_Q700R5"
"withheld_202002_forest_FALSE","Q693_Q700R6"
"withheld_202002_forest_FALSE","Q693_Q700R7"
"withheld_202002_forest_FALSE","Q693_Q700R8"
"withheld_202002_forest_FALSE","Q701_Q705R1"
"withheld_202002_forest_FALSE","Q701_Q705R2"
"withheld_202002_forest_FALSE","Q701_Q705R3"
"withheld_202002_forest_FALSE","Q701_Q705R4"
"withheld_202002_forest_FALSE","Q701_Q705R5"
"withheld_202002_forest_FALSE","Q706_Q708R1"
"withheld_202002_forest_FALSE","Q706_Q708R2"
"withheld_202002_forest_FALSE","Q706_Q708R3"
"withheld_202002_forest_FALSE","Q709_712R1"
"withheld_202002_forest_FALSE","Q709_712R2"
"withheld_202002_forest_FALSE","Q709_712R3"
"withheld_202002_forest_FALSE","Q709_712R4"
"withheld_202002_forest_FALSE","Q713"
"withheld_202002_forest_FALSE","Q714"
"withheld_202002_forest_FALSE","Q715_718R1"
"withheld_202002_forest_FALSE","Q715_718R2"
"withheld_202002_forest_FALSE","Q715_718R3"
"withheld_202002_forest_FALSE","Q715_718R4"
"withheld_202002_forest_FALSE","Q719"
"withheld_202002_forest_FALSE","Q720_Q722R1"
"withheld_202002_forest_FALSE","Q720_Q722R2"
"withheld_202002_forest_FALSE","Q720_Q722R3"
"withheld_202002_forest_FALSE","Q723_Q725R1"
"withheld_202002_forest_FALSE","Q723_Q725R2"
"withheld_202002_forest_FALSE","Q723_Q725R3"
"withheld_202002_forest_FALSE","Q726"
"withheld_202002_forest_FALSE","Q727_Q731R1"
"withheld_202002_forest_FALSE","Q727_Q731R2"
"withheld_202002_forest_FALSE","Q727_Q731R3"
"withheld_202002_forest_FALSE","Q727_Q731R4"
"withheld_202002_forest_FALSE","Q727_Q731R5"
"withheld_202002_forest_FALSE","Q732_Q737R1"
"withheld_202002_forest_FALSE","Q732_Q737R2"
"withheld_202002_forest_FALSE","Q732_Q737R3"
"withheld_202002_forest_FALSE","Q732_Q737R4"
"withheld_202002_forest_FALSE","Q732_Q737R5"
"withheld_202002_forest_FALSE","Q732_Q737R6"
"withheld_202002_forest_FALSE","Q738_Q740R1"
"withheld_202002_forest_FALSE","Q738_Q740R2"
"withheld_202002_forest_FALSE","Q738_Q740R3"
"withheld_202002_forest_FALSE","Q741"
"withheld_202002_forest_FALSE","Q742"
"withheld_202002_forest_FALSE","Q746A"
"withheld_202002_forest_FALSE","Q746B"
"withheld_202002_forest_FALSE","Q747"
"withheld_202002_forest_FALSE","Q748"
"withheld_202002_forest_FALSE","Q749"
"withheld_202002_forest_FALSE","Q750R1"
"withheld_202002_forest_FALSE","Q750R2"
"withheld_202002_forest_FALSE","Q750R3"
"withheld_202002_forest_FALSE","Q750R4"
"withheld_202002_forest_FALSE","Q750R5"
"withheld_202002_forest_FALSE","Q750R6"
"withheld_202002_forest_FALSE","Q750R7"
"withheld_202002_forest_FALSE","Q751R1"
"withheld_202002_forest_FALSE","Q751R2"
"withheld_202002_forest_FALSE","Q751R3"
"withheld_202002_forest_FALSE","Q751R4"
"withheld_202002_forest_FALSE","Q751R5"
"withheld_202002_forest_FALSE","Q752"
"withheld_202002_forest_FALSE","Q753"
"withheld_202002_forest_FALSE","Q754_Q762R1C1"
"withheld_202002_forest_FALSE","Q754_Q762R1C2"
"withheld_202002_forest_FALSE","Q754_Q762R1C3"
"withheld_202002_forest_FALSE","Q754_Q762R2C1"
"withheld_202002_forest_FALSE","Q754_Q762R2C2"
"withheld_202002_forest_FALSE","Q754_Q762R2C3"
"withheld_202002_forest_FALSE","Q754_Q762R3C1"
"withheld_202002_forest_FALSE","Q754_Q762R3C2"
"withheld_202002_forest_FALSE","Q754_Q762R3C3"
"withheld_202002_forest_FALSE","Q754_Q762R4C1"
"withheld_202002_forest_FALSE","Q754_Q762R4C2"
"withheld_202002_forest_FALSE","Q754_Q762R4C3"
"withheld_202002_forest_FALSE","Q754_Q762R5C1"
"withheld_202002_forest_FALSE","Q754_Q762R5C2"
"withheld_202002_forest_FALSE","Q754_Q762R5C3"
"withheld_202002_forest_FALSE","Q754_Q762R6C1"
"withheld_202002_forest_FALSE","Q754_Q762R6C2"
"withheld_202002_forest_FALSE","Q754_Q762R6C3"
"withheld_202002_forest_FALSE","Q754_Q762R7C1"
"withheld_202002_forest_FALSE","Q754_Q762R7C2"
"withheld_202002_forest_FALSE","Q754_Q762R7C3"
"withheld_202002_forest_FALSE","Q754_Q762R8C1"
"withheld_202002_forest_FALSE","Q754_Q762R8C2"
"withheld_202002_forest_FALSE","Q754_Q762R8C3"
"withheld_202002_forest_FALSE","Q754_Q762R9C1"
"withheld_202002_forest_FALSE","Q754_Q762R9C2"
"withheld_202002_forest_FALSE","Q754_Q762R9C3"
"withheld_202002_forest_FALSE","Q763_Q766R1"
"withheld_202002_forest_FALSE","Q763_Q766R2"
"withheld_202002_forest_FALSE","Q763_Q766R3"
"withheld_202002_forest_FALSE","Q763_Q766R4"
"withheld_202002_forest_FALSE","Q767_Q771R1"
"withheld_202002_forest_FALSE","Q767_Q771R2"
"withheld_202002_forest_FALSE","Q767_Q771R3"
"withheld_202002_forest_FALSE","Q767_Q771R4"
"withheld_202002_forest_FALSE","Q767_Q771R5"
"withheld_202002_forest_FALSE","Q773"
"withheld_202002_forest_FALSE","VQ773"
"withheld_202002_forest_FALSE","Q774"
"withheld_202002_forest_FALSE","VQ774"
"withheld_202002_forest_FALSE","Q775"
"withheld_202002_forest_FALSE","Q777"
"withheld_202002_forest_FALSE","Q779"
"withheld_202002_forest_FALSE","Q782"
"withheld_202002_forest_FALSE","Q785"
"withheld_202002_forest_FALSE","Q788"
"withheld_202002_forest_FALSE","Q790"
"withheld_202002_forest_FALSE","Q793R1"
"withheld_202002_forest_FALSE","Q793R2"
"withheld_202002_forest_FALSE","Q793R3"
"withheld_202002_forest_FALSE","Q793R4"
"withheld_202002_forest_FALSE","Q793R5"
"withheld_202002_forest_FALSE","Q794R1"
"withheld_202002_forest_FALSE","Q794R2"
"withheld_202002_forest_FALSE","Q794R3"
"withheld_202002_forest_FALSE","Q794R4"
"withheld_202002_forest_FALSE","Q794R5"
"withheld_202002_forest_FALSE","Q794R6"
"withheld_202002_forest_FALSE","Q795"
"withheld_202002_forest_FALSE","Q796R1"
"withheld_202002_forest_FALSE","Q796R2"
"withheld_202002_forest_FALSE","Q796R3"
"withheld_202002_forest_FALSE","Q796R4"
"withheld_202002_forest_FALSE","Q796R5"
"withheld_202002_forest_FALSE","Q797R1"
"withheld_202002_forest_FALSE","Q797R2"
"withheld_202002_forest_FALSE","Q797R3"
"withheld_202002_forest_FALSE","Q797R4"
"withheld_202002_forest_FALSE","Q797R5"
"withheld_202002_forest_FALSE","Q797R6"
"withheld_202002_forest_FALSE","Q797R9"
"withheld_202002_forest_FALSE","Q797R10"
"withheld_202002_forest_FALSE","Q798R1"
"withheld_202002_forest_FALSE","Q798R2"
"withheld_202002_forest_FALSE","Q798R3"
"withheld_202002_forest_FALSE","Q798R4"
"withheld_202002_forest_FALSE","Q798R5"
"withheld_202002_forest_FALSE","Q798R6"
"withheld_202002_forest_FALSE","Q798R7"
"withheld_202002_forest_FALSE","Q798R8"
"withheld_202002_forest_FALSE","Q798R9"
"withheld_202002_forest_FALSE","Q798R10"
"withheld_202002_forest_FALSE","Q799R1C1"
"withheld_202002_forest_FALSE","Q799R2C1"
"withheld_202002_forest_FALSE","Q799R3C1"
"withheld_202002_forest_FALSE","Q799R4C1"
"withheld_202002_forest_FALSE","Q799R5C1"
"withheld_202002_forest_FALSE","Q799R6C1"
"withheld_202002_forest_FALSE","Q799R7C1"
"withheld_202002_forest_FALSE","Q799R8C1"
"withheld_202002_forest_FALSE","Q800R1C1"
"withheld_202002_forest_FALSE","Q800R2C1"
"withheld_202002_forest_FALSE","Q800R3C1"
"withheld_202002_forest_FALSE","Q800R4C1"
"withheld_202002_forest_FALSE","Q800R5C1"
"withheld_202002_forest_FALSE","Q800R6C1"
"withheld_202002_forest_FALSE","Q800R7C1"
"withheld_202002_forest_FALSE","Q800R8C1"
"withheld_202002_forest_FALSE","Q801"
"withheld_202002_forest_FALSE","Q802"
"withheld_202002_forest_FALSE","Q803"
"withheld_202002_forest_FALSE","Q804"
"withheld_202002_forest_FALSE","Q805"
"withheld_202002_forest_FALSE","Q806"
"withheld_202002_forest_FALSE","Q808"
"withheld_202002_forest_FALSE","Q809"
"withheld_202002_forest_FALSE","Q810"
"withheld_202002_forest_FALSE","Q811"
"withheld_202002_forest_FALSE","Q812"
"withheld_202002_forest_FALSE","Q813"
"withheld_202002_forest_FALSE","Q814"
"withheld_202002_forest_FALSE","Q815"
"withheld_202002_forest_FALSE","Q816"
"withheld_202002_forest_FALSE","Q818"
"withheld_202002_forest_FALSE","Q819"
"withheld_202002_forest_FALSE","Q820"
"diagnostic_202003_forest_FALSE","S1"
"diagnostic_202003_forest_FALSE","S2_RACER1"
"diagnostic_202003_forest_FALSE","S2_RACER3"
"diagnostic_202003_forest_FALSE","S2_RACE_PRIME"
"diagnostic_202003_forest_FALSE","S2_NATIVER1"
"diagnostic_202003_forest_FALSE","S2_NATIVER2"
"diagnostic_202003_forest_FALSE","S2_NATIVER3"
"diagnostic_202003_forest_FALSE","S2_NATIVER4"
"diagnostic_202003_forest_FALSE","S2_NATIVER5"
"diagnostic_202003_forest_FALSE","S2_AFROLATR1"
"diagnostic_202003_forest_FALSE","S2_AFROLATR2"
"diagnostic_202003_forest_FALSE","S2_AFROLATR3"
"diagnostic_202003_forest_FALSE","S2_AFROLATR4"
"diagnostic_202003_forest_FALSE","S2_AFROLATR5"
"diagnostic_202003_forest_FALSE","S3"
"diagnostic_202003_forest_FALSE","S3B"
"diagnostic_202003_forest_FALSE","S3C"
"diagnostic_202003_forest_FALSE","S4"
"diagnostic_202003_forest_FALSE","S5"
"diagnostic_202003_forest_FALSE","S7"
"diagnostic_202003_forest_FALSE","S10"
"diagnostic_202003_forest_FALSE","S10_MEX"
"diagnostic_202003_forest_FALSE","S11"
"diagnostic_202003_forest_FALSE","S2_M"
"diagnostic_202003_forest_FALSE","S13"
"diagnostic_202003_forest_FALSE","S14"
"diagnostic_202003_forest_FALSE","Q58R1"
"diagnostic_202003_forest_FALSE","Q58R2"
"diagnostic_202003_forest_FALSE","Q58R3"
"diagnostic_202003_forest_FALSE","Q58R4"
"diagnostic_202003_forest_FALSE","Q58R5"
"diagnostic_202003_forest_FALSE","Q58R6"
"diagnostic_202003_forest_FALSE","Q58R7"
"diagnostic_202003_forest_FALSE","Q58R8"
"diagnostic_202003_forest_FALSE","Q58R9"
"diagnostic_202003_forest_FALSE","Q58R10"
"diagnostic_202003_forest_FALSE","Q58R11"
"diagnostic_202003_forest_FALSE","Q58R12"
"diagnostic_202003_forest_FALSE","Q58R13"
"diagnostic_202003_forest_FALSE","Q58R14"
"diagnostic_202003_forest_FALSE","Q58R15"
"diagnostic_202003_forest_FALSE","Q58R16"
"diagnostic_202003_forest_FALSE","Q58R17"
"diagnostic_202003_forest_FALSE","Q1R1"
"diagnostic_202003_forest_FALSE","Q1R2"
"diagnostic_202003_forest_FALSE","Q1R3"
"diagnostic_202003_forest_FALSE","Q1R4"
"diagnostic_202003_forest_FALSE","Q1R5"
"diagnostic_202003_forest_FALSE","Q1R6"
"diagnostic_202003_forest_FALSE","Q1R7"
"diagnostic_202003_forest_FALSE","Q1R8"
"diagnostic_202003_forest_FALSE","Q1R9"
"diagnostic_202003_forest_FALSE","Q1R10"
"diagnostic_202003_forest_FALSE","Q1R11"
"diagnostic_202003_forest_FALSE","Q1R12"
"diagnostic_202003_forest_FALSE","Q1R13"
"diagnostic_202003_forest_FALSE","Q1R14"
"diagnostic_202003_forest_FALSE","Q1R15"
"diagnostic_202003_forest_FALSE","Q1R16"
"diagnostic_202003_forest_FALSE","Q1R17"
"diagnostic_202003_forest_FALSE","Q1R18"
"diagnostic_202003_forest_FALSE","Q1R19"
"diagnostic_202003_forest_FALSE","Q1R20"
"diagnostic_202003_forest_FALSE","Q1R21"
"diagnostic_202003_forest_FALSE","Q1R22"
"diagnostic_202003_forest_FALSE","Q1R23"
"diagnostic_202003_forest_FALSE","Q2R1"
"diagnostic_202003_forest_FALSE","Q2R2"
"diagnostic_202003_forest_FALSE","Q2R3"
"diagnostic_202003_forest_FALSE","Q2R4"
"diagnostic_202003_forest_FALSE","Q2R5"
"diagnostic_202003_forest_FALSE","Q2R6"
"diagnostic_202003_forest_FALSE","Q2R7"
"diagnostic_202003_forest_FALSE","Q2R8"
"diagnostic_202003_forest_FALSE","Q2R9"
"diagnostic_202003_forest_FALSE","Q2R10"
"diagnostic_202003_forest_FALSE","Q13"
"diagnostic_202003_forest_FALSE","Q15"
"diagnostic_202003_forest_FALSE","Q16"
"diagnostic_202003_forest_FALSE","Q17"
"diagnostic_202003_forest_FALSE","Q20"
"diagnostic_202003_forest_FALSE","Q21"
"diagnostic_202003_forest_FALSE","Q22"
"diagnostic_202003_forest_FALSE","Q23"
"diagnostic_202003_forest_FALSE","Q24"
"diagnostic_202003_forest_FALSE","Q25"
"diagnostic_202003_forest_FALSE","Q26"
"diagnostic_202003_forest_FALSE","Q27R1"
"diagnostic_202003_forest_FALSE","Q27R2"
"diagnostic_202003_forest_FALSE","Q27R3"
"diagnostic_202003_forest_FALSE","Q27R4"
"diagnostic_202003_forest_FALSE","Q27R5"
"diagnostic_202003_forest_FALSE","Q27R6"
"diagnostic_202003_forest_FALSE","Q27R7"
"diagnostic_202003_forest_FALSE","Q27R8"
"diagnostic_202003_forest_FALSE","Q27R9"
"diagnostic_202003_forest_FALSE","Q27R10"
"diagnostic_202003_forest_FALSE","Q27R11"
"diagnostic_202003_forest_FALSE","Q27R12"
"diagnostic_202003_forest_FALSE","Q27R13"
"diagnostic_202003_forest_FALSE","Q27R14"
"diagnostic_202003_forest_FALSE","Q27R15"
"diagnostic_202003_forest_FALSE","Q27R16"
"diagnostic_202003_forest_FALSE","Q27R17"
"diagnostic_202003_forest_FALSE","Q27R18"
"diagnostic_202003_forest_FALSE","Q27R19"
"diagnostic_202003_forest_FALSE","Q28R1"
"diagnostic_202003_forest_FALSE","Q28R2"
"diagnostic_202003_forest_FALSE","Q28R3"
"diagnostic_202003_forest_FALSE","Q28R4"
"diagnostic_202003_forest_FALSE","Q28R5"
"diagnostic_202003_forest_FALSE","Q28R6"
"diagnostic_202003_forest_FALSE","Q28R7"
"diagnostic_202003_forest_FALSE","Q28R8"
"diagnostic_202003_forest_FALSE","Q28R9"
"diagnostic_202003_forest_FALSE","Q28R10"
"diagnostic_202003_forest_FALSE","Q28R11"
"diagnostic_202003_forest_FALSE","Q28R12"
"diagnostic_202003_forest_FALSE","Q28R13"
"diagnostic_202003_forest_FALSE","Q28R14"
"diagnostic_202003_forest_FALSE","Q28R15"
"diagnostic_202003_forest_FALSE","Q28R16"
"diagnostic_202003_forest_FALSE","Q28R17"
"diagnostic_202003_forest_FALSE","Q28R18"
"diagnostic_202003_forest_FALSE","Q28R19"
"diagnostic_202003_forest_FALSE","Q29"
"diagnostic_202003_forest_FALSE","Q30"
"diagnostic_202003_forest_FALSE","Q31"
"diagnostic_202003_forest_FALSE","Q32R1"
"diagnostic_202003_forest_FALSE","Q32R2"
"diagnostic_202003_forest_FALSE","Q32R3"
"diagnostic_202003_forest_FALSE","Q32R4"
"diagnostic_202003_forest_FALSE","Q32R5"
"diagnostic_202003_forest_FALSE","Q32R6"
"diagnostic_202003_forest_FALSE","Q32R7"
"diagnostic_202003_forest_FALSE","Q32R8"
"diagnostic_202003_forest_FALSE","Q32R9"
"diagnostic_202003_forest_FALSE","Q33R1"
"diagnostic_202003_forest_FALSE","Q33R2"
"diagnostic_202003_forest_FALSE","Q33R3"
"diagnostic_202003_forest_FALSE","Q33R4"
"diagnostic_202003_forest_FALSE","Q33R5"
"diagnostic_202003_forest_FALSE","Q38R1"
"diagnostic_202003_forest_FALSE","Q38R2"
"diagnostic_202003_forest_FALSE","Q38R3"
"diagnostic_202003_forest_FALSE","Q38R4"
"diagnostic_202003_forest_FALSE","Q39R1"
"diagnostic_202003_forest_FALSE","Q39R2"
"diagnostic_202003_forest_FALSE","Q39R3"
"diagnostic_202003_forest_FALSE","Q39R4"
"diagnostic_202003_forest_FALSE","Q39R5"
"diagnostic_202003_forest_FALSE","Q39R6"
"diagnostic_202003_forest_FALSE","Q39R7"
"diagnostic_202003_forest_FALSE","Q40"
"diagnostic_202003_forest_FALSE","Q41R1"
"diagnostic_202003_forest_FALSE","Q41R2"
"diagnostic_202003_forest_FALSE","Q41R3"
"diagnostic_202003_forest_FALSE","Q41R4"
"diagnostic_202003_forest_FALSE","Q42"
"diagnostic_202003_forest_FALSE","Q43"
"diagnostic_202003_forest_FALSE","Q44"
"diagnostic_202003_forest_FALSE","Q45"
"diagnostic_202003_forest_FALSE","Q46"
"diagnostic_202003_forest_FALSE","Q47"
"diagnostic_202003_forest_FALSE","Q48"
"diagnostic_202003_forest_FALSE","Q49"
"diagnostic_202003_forest_FALSE","Q50"
"diagnostic_202003_forest_FALSE","Q51"
"diagnostic_202003_forest_FALSE","Q52"
"diagnostic_202003_forest_FALSE","Q53"
"diagnostic_202003_forest_FALSE","Q54"
"diagnostic_202003_forest_FALSE","Q55"
"diagnostic_202003_forest_FALSE","Q56"
"diagnostic_202003_forest_FALSE","Q57"
"diagnostic_202003_forest_FALSE","Q59"
"diagnostic_202003_forest_FALSE","Q60R1"
"diagnostic_202003_forest_FALSE","Q60R2"
"diagnostic_202003_forest_FALSE","Q60R3"
"diagnostic_202003_forest_FALSE","Q60R4"
"diagnostic_202003_forest_FALSE","Q60R5"
"diagnostic_202003_forest_FALSE","Q60R6"
"diagnostic_202003_forest_FALSE","Q61"
"diagnostic_202003_forest_FALSE","Q62R1"
"diagnostic_202003_forest_FALSE","Q62R2"
"diagnostic_202003_forest_FALSE","Q62R3"
"diagnostic_202003_forest_FALSE","Q62R4"
"diagnostic_202003_forest_FALSE","Q62R5"
"diagnostic_202003_forest_FALSE","NEWQ67"
"diagnostic_202003_forest_FALSE","Q67"
"diagnostic_202003_forest_FALSE","Q68"
"diagnostic_202003_forest_FALSE","Q69"
"diagnostic_202003_forest_FALSE","Q70R1"
"diagnostic_202003_forest_FALSE","Q70R2"
"diagnostic_202003_forest_FALSE","Q70R3"
"diagnostic_202003_forest_FALSE","Q70R4"
"diagnostic_202003_forest_FALSE","Q70R5"
"diagnostic_202003_forest_FALSE","Q75"
"diagnostic_202003_forest_FALSE","Q76R1"
"diagnostic_202003_forest_FALSE","Q76R2"
"diagnostic_202003_forest_FALSE","Q76R3"
"diagnostic_202003_forest_FALSE","Q76R4"
"diagnostic_202003_forest_FALSE","Q76R5"
"diagnostic_202003_forest_FALSE","Q76R6"
"diagnostic_202003_forest_FALSE","Q77R1"
"diagnostic_202003_forest_FALSE","Q77R2"
"diagnostic_202003_forest_FALSE","Q77R3"
"diagnostic_202003_forest_FALSE","Q77R4"
"diagnostic_202003_forest_FALSE","Q77R5"
"diagnostic_202003_forest_FALSE","Q77R6"
"diagnostic_202003_forest_FALSE","Q77R7"
"diagnostic_202003_forest_FALSE","Q77R8"
"diagnostic_202003_forest_FALSE","Q77R9"
"diagnostic_202003_forest_FALSE","Q78"
"diagnostic_202003_forest_FALSE","Q84"
"diagnostic_202003_forest_FALSE","Q85"
"diagnostic_202003_forest_FALSE","Q85B"
"diagnostic_202003_forest_FALSE","Q86"
"diagnostic_202003_forest_FALSE","Q87"
"diagnostic_202003_forest_FALSE","Q88"
"diagnostic_202003_forest_FALSE","Q93"
"diagnostic_202003_forest_FALSE","Q95"
"diagnostic_202003_forest_FALSE","Q97"
"diagnostic_202003_forest_FALSE","Q98R1"
"diagnostic_202003_forest_FALSE","Q98R2"
"diagnostic_202003_forest_FALSE","Q98R3"
"diagnostic_202003_forest_FALSE","Q98R4"
"diagnostic_202003_forest_FALSE","Q98R5"
"diagnostic_202003_forest_FALSE","Q98R6"
"diagnostic_202003_forest_FALSE","Q98R7"
"diagnostic_202003_forest_FALSE","Q98R8"
"diagnostic_202003_forest_FALSE","Q98R9"
"diagnostic_202003_forest_FALSE","Q98R10"
"diagnostic_202003_forest_FALSE","Q98R11"
"diagnostic_202003_forest_FALSE","Q99R1"
"diagnostic_202003_forest_FALSE","Q99R2"
"diagnostic_202003_forest_FALSE","Q99R3"
"diagnostic_202003_forest_FALSE","Q99R4"
"diagnostic_202003_forest_FALSE","Q99R5"
"diagnostic_202003_forest_FALSE","Q99R6"
"diagnostic_202003_forest_FALSE","Q99R7"
"diagnostic_202003_forest_FALSE","Q99R8"
"diagnostic_202003_forest_FALSE","Q99R9"
"diagnostic_202003_forest_FALSE","Q99R10"
"diagnostic_202003_forest_FALSE","Q99R11"
"diagnostic_202003_forest_FALSE","Q110R2"
"diagnostic_202003_forest_FALSE","Q110R3"
"diagnostic_202003_forest_FALSE","Q110R4"
"diagnostic_202003_forest_FALSE","Q110R5"
"diagnostic_202003_forest_FALSE","Q110R6"
"diagnostic_202003_forest_FALSE","Q110R7"
"diagnostic_202003_forest_FALSE","Q110R8"
"diagnostic_202003_forest_FALSE","Q111R1"
"diagnostic_202003_forest_FALSE","Q111R2"
"diagnostic_202003_forest_FALSE","Q111R3"
"diagnostic_202003_forest_FALSE","Q111R4"
"diagnostic_202003_forest_FALSE","Q111R5"
"diagnostic_202003_forest_FALSE","Q116R1"
"diagnostic_202003_forest_FALSE","Q116R2"
"diagnostic_202003_forest_FALSE","Q116R3"
"diagnostic_202003_forest_FALSE","Q116R4"
"diagnostic_202003_forest_FALSE","Q116R5"
"diagnostic_202003_forest_FALSE","Q116R7"
"diagnostic_202003_forest_FALSE","Q116R10"
"diagnostic_202003_forest_FALSE","Q117R1"
"diagnostic_202003_forest_FALSE","Q117R2"
"diagnostic_202003_forest_FALSE","Q117R3"
"diagnostic_202003_forest_FALSE","Q117R4"
"diagnostic_202003_forest_FALSE","Q117R5"
"diagnostic_202003_forest_FALSE","Q117R6"
"diagnostic_202003_forest_FALSE","Q117R7"
"diagnostic_202003_forest_FALSE","Q117R8"
"diagnostic_202003_forest_FALSE","Q117R9"
"diagnostic_202003_forest_FALSE","Q117R10"
"diagnostic_202003_forest_FALSE","Q117R11"
"diagnostic_202003_forest_FALSE","Q117R12"
"diagnostic_202003_forest_FALSE","Q117R13"
"diagnostic_202003_forest_FALSE","Q130"
"diagnostic_202003_forest_FALSE","Q131R1"
"diagnostic_202003_forest_FALSE","Q131R2"
"diagnostic_202003_forest_FALSE","Q131R3"
"diagnostic_202003_forest_FALSE","Q131R4"
"diagnostic_202003_forest_FALSE","Q131R5"
"diagnostic_202003_forest_FALSE","Q131R6"
"diagnostic_202003_forest_FALSE","Q131R7"
"diagnostic_202003_forest_FALSE","Q131R8"
"diagnostic_202003_forest_FALSE","Q131R9"
"diagnostic_202003_forest_FALSE","Q131R10"
"diagnostic_202003_forest_FALSE","Q131R11"
"diagnostic_202003_forest_FALSE","Q131R12"
"diagnostic_202003_forest_FALSE","Q131R13"
"diagnostic_202003_forest_FALSE","Q144"
"diagnostic_202003_forest_FALSE","Q145"
"diagnostic_202003_forest_FALSE","Q146"
"diagnostic_202003_forest_FALSE","Q147"
"diagnostic_202003_forest_FALSE","Q148"
"diagnostic_202003_forest_FALSE","Q149"
"diagnostic_202003_forest_FALSE","Q150"
"diagnostic_202003_forest_FALSE","Q151"
"diagnostic_202003_forest_FALSE","Q152"
"diagnostic_202003_forest_FALSE","Q153"
"diagnostic_202003_forest_FALSE","Q154R1"
"diagnostic_202003_forest_FALSE","Q154R2"
"diagnostic_202003_forest_FALSE","Q154R3"
"diagnostic_202003_forest_FALSE","Q154R4"
"diagnostic_202003_forest_FALSE","Q154R5"
"diagnostic_202003_forest_FALSE","Q159R1"
"diagnostic_202003_forest_FALSE","Q159R2"
"diagnostic_202003_forest_FALSE","Q159R3"
"diagnostic_202003_forest_FALSE","Q162R1"
"diagnostic_202003_forest_FALSE","Q162R2"
"diagnostic_202003_forest_FALSE","Q162R3"
"diagnostic_202003_forest_FALSE","Q162R4"
"diagnostic_202003_forest_FALSE","Q162R5"
"diagnostic_202003_forest_FALSE","Q162R6"
"diagnostic_202003_forest_FALSE","Q162R7"
"diagnostic_202003_forest_FALSE","Q162R8"
"diagnostic_202003_forest_FALSE","Q170"
"diagnostic_202003_forest_FALSE","Q171R1"
"diagnostic_202003_forest_FALSE","Q171R2"
"diagnostic_202003_forest_FALSE","Q171R3"
"diagnostic_202003_forest_FALSE","Q171R4"
"diagnostic_202003_forest_FALSE","Q171R5"
"diagnostic_202003_forest_FALSE","Q171R6"
"diagnostic_202003_forest_FALSE","Q171R7"
"diagnostic_202003_forest_FALSE","Q171R8"
"diagnostic_202003_forest_FALSE","Q171R9"
"diagnostic_202003_forest_FALSE","Q172R1"
"diagnostic_202003_forest_FALSE","Q172R2"
"diagnostic_202003_forest_FALSE","Q172R3"
"diagnostic_202003_forest_FALSE","Q175R1"
"diagnostic_202003_forest_FALSE","Q175R2"
"diagnostic_202003_forest_FALSE","Q175R3"
"diagnostic_202003_forest_FALSE","Q178R1"
"diagnostic_202003_forest_FALSE","Q178R2"
"diagnostic_202003_forest_FALSE","Q178R3"
"diagnostic_202003_forest_FALSE","Q178R4"
"diagnostic_202003_forest_FALSE","Q182"
"diagnostic_202003_forest_FALSE","Q183"
"diagnostic_202003_forest_FALSE","Q184R1"
"diagnostic_202003_forest_FALSE","Q184R2"
"diagnostic_202003_forest_FALSE","Q184R3"
"diagnostic_202003_forest_FALSE","Q187R1"
"diagnostic_202003_forest_FALSE","Q187R2"
"diagnostic_202003_forest_FALSE","Q187R3"
"diagnostic_202003_forest_FALSE","Q187R4"
"diagnostic_202003_forest_FALSE","Q187R5"
"diagnostic_202003_forest_FALSE","Q192"
"diagnostic_202003_forest_FALSE","Q193"
"diagnostic_202003_forest_FALSE","Q194"
"diagnostic_202003_forest_FALSE","Q195A1R1"
"diagnostic_202003_forest_FALSE","Q195A1R2"
"diagnostic_202003_forest_FALSE","Q195A1R3"
"diagnostic_202003_forest_FALSE","Q195A1R4"
"diagnostic_202003_forest_FALSE","Q195A2R1"
"diagnostic_202003_forest_FALSE","Q195A2R2"
"diagnostic_202003_forest_FALSE","Q195A2R3"
"diagnostic_202003_forest_FALSE","Q195A2R4"
"diagnostic_202003_forest_FALSE","Q195A2R5"
"diagnostic_202003_forest_FALSE","Q195A2R6"
"diagnostic_202003_forest_FALSE","Q195A2R7"
"diagnostic_202003_forest_FALSE","Q195A2R8"
"diagnostic_202003_forest_FALSE","Q195A2R9"
"diagnostic_202003_forest_FALSE","Q195A2R10"
"diagnostic_202003_forest_FALSE","Q195B1R1"
"diagnostic_202003_forest_FALSE","Q195B1R2"
"diagnostic_202003_forest_FALSE","Q195B1R3"
"diagnostic_202003_forest_FALSE","Q195B1R4"
"diagnostic_202003_forest_FALSE","Q195B2R1"
"diagnostic_202003_forest_FALSE","Q195B2R2"
"diagnostic_202003_forest_FALSE","Q195B2R3"
"diagnostic_202003_forest_FALSE","Q195B2R4"
"diagnostic_202003_forest_FALSE","Q195B2R5"
"diagnostic_202003_forest_FALSE","Q195B2R6"
"diagnostic_202003_forest_FALSE","Q195B2R7"
"diagnostic_202003_forest_FALSE","Q195B2R8"
"diagnostic_202003_forest_FALSE","Q195B2R9"
"diagnostic_202003_forest_FALSE","Q195B2R10"
"diagnostic_202003_forest_FALSE","Q196"
"diagnostic_202003_forest_FALSE","Q197A1"
"diagnostic_202003_forest_FALSE","Q197A2"
"diagnostic_202003_forest_FALSE","Q197B1"
"diagnostic_202003_forest_FALSE","Q197B2"
"diagnostic_202003_forest_FALSE","Q198"
"diagnostic_202003_forest_FALSE","Q199"
"diagnostic_202003_forest_FALSE","Q200"
"diagnostic_202003_forest_FALSE","Q201"
"diagnostic_202003_forest_FALSE","Q202R1"
"diagnostic_202003_forest_FALSE","Q202R2"
"diagnostic_202003_forest_FALSE","Q202R3"
"diagnostic_202003_forest_FALSE","Q203"
"diagnostic_202003_forest_FALSE","Q204"
"diagnostic_202003_forest_FALSE","Q205"
"diagnostic_202003_forest_FALSE","Q206"
"diagnostic_202003_forest_FALSE","Q207"
"diagnostic_202003_forest_FALSE","Q208R1"
"diagnostic_202003_forest_FALSE","Q208R2"
"diagnostic_202003_forest_FALSE","Q208R3"
"diagnostic_202003_forest_FALSE","Q208R4"
"diagnostic_202003_forest_FALSE","Q208R5"
"diagnostic_202003_forest_FALSE","Q213R1"
"diagnostic_202003_forest_FALSE","Q213R2"
"diagnostic_202003_forest_FALSE","Q213R3"
"diagnostic_202003_forest_FALSE","Q213R4"
"diagnostic_202003_forest_FALSE","Q217R1"
"diagnostic_202003_forest_FALSE","Q217R2"
"diagnostic_202003_forest_FALSE","Q217R3"
"diagnostic_202003_forest_FALSE","Q217R4"
"diagnostic_202003_forest_FALSE","Q221R1"
"diagnostic_202003_forest_FALSE","Q221R2"
"diagnostic_202003_forest_FALSE","Q221R3"
"diagnostic_202003_forest_FALSE","Q221R4"
"diagnostic_202003_forest_FALSE","Q225R1"
"diagnostic_202003_forest_FALSE","Q225R2"
"diagnostic_202003_forest_FALSE","Q225R3"
"diagnostic_202003_forest_FALSE","Q225R4"
"diagnostic_202003_forest_FALSE","Q225R5"
"diagnostic_202003_forest_FALSE","Q225R6"
"diagnostic_202003_forest_FALSE","Q225R7"
"diagnostic_202003_forest_FALSE","Q225R8"
"diagnostic_202003_forest_FALSE","Q225R9"
"diagnostic_202003_forest_FALSE","Q225R10"
"diagnostic_202003_forest_FALSE","Q225R11"
"diagnostic_202003_forest_FALSE","Q225R12"
"diagnostic_202003_forest_FALSE","Q225R13"
"diagnostic_202003_forest_FALSE","Q225R14"
"diagnostic_202003_forest_FALSE","Q239R1"
"diagnostic_202003_forest_FALSE","Q239R2"
"diagnostic_202003_forest_FALSE","Q239R3"
"diagnostic_202003_forest_FALSE","Q239R4"
"diagnostic_202003_forest_FALSE","Q243R1"
"diagnostic_202003_forest_FALSE","Q243R2"
"diagnostic_202003_forest_FALSE","Q243R3"
"diagnostic_202003_forest_FALSE","Q243R4"
"diagnostic_202003_forest_FALSE","Q247"
"diagnostic_202003_forest_FALSE","Q248"
"diagnostic_202003_forest_FALSE","Q249"
"diagnostic_202003_forest_FALSE","Q250R1"
"diagnostic_202003_forest_FALSE","Q250R2"
"diagnostic_202003_forest_FALSE","Q250R3"
"diagnostic_202003_forest_FALSE","Q250R5"
"diagnostic_202003_forest_FALSE","Q250R8"
"diagnostic_202003_forest_FALSE","Q251"
"diagnostic_202003_forest_FALSE","Q252"
"diagnostic_202003_forest_FALSE","Q253"
"diagnostic_202003_forest_FALSE","Q254"
"diagnostic_202003_forest_FALSE","Q255"
"diagnostic_202003_forest_FALSE","Q256"
"diagnostic_202003_forest_FALSE","Q257AR1"
"diagnostic_202003_forest_FALSE","Q257AR2"
"diagnostic_202003_forest_FALSE","Q257AR3"
"diagnostic_202003_forest_FALSE","Q257AR4"
"diagnostic_202003_forest_FALSE","Q257BR1"
"diagnostic_202003_forest_FALSE","Q257BR2"
"diagnostic_202003_forest_FALSE","Q257BR3"
"diagnostic_202003_forest_FALSE","Q257BR4"
"diagnostic_202003_forest_FALSE","Q257CR1"
"diagnostic_202003_forest_FALSE","Q257CR2"
"diagnostic_202003_forest_FALSE","Q257CR3"
"diagnostic_202003_forest_FALSE","Q257CR4"
"diagnostic_202003_forest_FALSE","Q258"
"diagnostic_202003_forest_FALSE","Q260"
"diagnostic_202003_forest_FALSE","Q261"
"diagnostic_202003_forest_FALSE","Q262"
"diagnostic_202003_forest_FALSE","Q263"
"diagnostic_202003_forest_FALSE","Q264"
"diagnostic_202003_forest_FALSE","Q265"
"diagnostic_202003_forest_FALSE","Q266"
"diagnostic_202003_forest_FALSE","Q267"
"diagnostic_202003_forest_FALSE","Q268"
"diagnostic_202003_forest_FALSE","Q269"
"diagnostic_202003_forest_FALSE","Q270"
"diagnostic_202003_forest_FALSE","Q271"
"diagnostic_202003_forest_FALSE","Q272"
"diagnostic_202003_forest_FALSE","Q273R1"
"diagnostic_202003_forest_FALSE","Q273R2"
"diagnostic_202003_forest_FALSE","Q273R3"
"diagnostic_202003_forest_FALSE","Q273R4"
"diagnostic_202003_forest_FALSE","Q273R5"
"diagnostic_202003_forest_FALSE","Q278"
"diagnostic_202003_forest_FALSE","Q279"
"diagnostic_202003_forest_FALSE","Q280"
"diagnostic_202003_forest_FALSE","Q281R1"
"diagnostic_202003_forest_FALSE","Q281R2"
"diagnostic_202003_forest_FALSE","Q281R3"
"diagnostic_202003_forest_FALSE","Q281R4"
"diagnostic_202003_forest_FALSE","Q281R5"
"diagnostic_202003_forest_FALSE","Q281R6"
"diagnostic_202003_forest_FALSE","Q281R7"
"diagnostic_202003_forest_FALSE","Q281R8"
"diagnostic_202003_forest_FALSE","Q281R9"
"diagnostic_202003_forest_FALSE","Q282"
"diagnostic_202003_forest_FALSE","Q283"
"diagnostic_202003_forest_FALSE","Q285"
"diagnostic_202003_forest_FALSE","Q286"
"diagnostic_202003_forest_FALSE","Q287R1"
"diagnostic_202003_forest_FALSE","Q287R2"
"diagnostic_202003_forest_FALSE","Q287R3"
"diagnostic_202003_forest_FALSE","Q287R4"
"diagnostic_202003_forest_FALSE","Q287R5"
"diagnostic_202003_forest_FALSE","Q287R6"
"diagnostic_202003_forest_FALSE","Q287R7"
"diagnostic_202003_forest_FALSE","Q294"
"diagnostic_202003_forest_FALSE","Q295R1"
"diagnostic_202003_forest_FALSE","Q295R2"
"diagnostic_202003_forest_FALSE","Q295R3"
"diagnostic_202003_forest_FALSE","Q295R4"
"diagnostic_202003_forest_FALSE","Q295R5"
"diagnostic_202003_forest_FALSE","Q295R6"
"diagnostic_202003_forest_FALSE","Q301R1"
"diagnostic_202003_forest_FALSE","Q301R2"
"diagnostic_202003_forest_FALSE","Q301R3"
"diagnostic_202003_forest_FALSE","Q301R4"
"diagnostic_202003_forest_FALSE","Q301R5"
"diagnostic_202003_forest_FALSE","Q301R6"
"diagnostic_202003_forest_FALSE","Q301R7"
"diagnostic_202003_forest_FALSE","Q308R1"
"diagnostic_202003_forest_FALSE","Q308R2"
"diagnostic_202003_forest_FALSE","Q308R3"
"diagnostic_202003_forest_FALSE","Q308R4"
"diagnostic_202003_forest_FALSE","Q308R5"
"diagnostic_202003_forest_FALSE","Q308R6"
"diagnostic_202003_forest_FALSE","Q308R7"
"diagnostic_202003_forest_FALSE","Q315"
"diagnostic_202003_forest_FALSE","Q316R1"
"diagnostic_202003_forest_FALSE","Q316R2"
"diagnostic_202003_forest_FALSE","Q316R3"
"diagnostic_202003_forest_FALSE","Q316R4"
"diagnostic_202003_forest_FALSE","Q316R5"
"diagnostic_202003_forest_FALSE","Q316R6"
"diagnostic_202003_forest_FALSE","Q316R7"
"diagnostic_202003_forest_FALSE","Q323_BLW"
"diagnostic_202003_forest_FALSE","Q324"
"diagnostic_202003_forest_FALSE","Q325_BLW"
"diagnostic_202003_forest_FALSE","Q326R1"
"diagnostic_202003_forest_FALSE","Q326R4"
"diagnostic_202003_forest_FALSE","Q326R5"
"diagnostic_202003_forest_FALSE","Q329R2"
"diagnostic_202003_forest_FALSE","Q329R3"
"diagnostic_202003_forest_FALSE","Q329R4"
"diagnostic_202003_forest_FALSE","Q329R5"
"diagnostic_202003_forest_FALSE","Q329R7"
"diagnostic_202003_forest_FALSE","Q329R8"
"diagnostic_202003_forest_FALSE","Q329R9"
"diagnostic_202003_forest_FALSE","Q329R10"
"diagnostic_202003_forest_FALSE","Q330"
"diagnostic_202003_forest_FALSE","Q331"
"diagnostic_202003_forest_FALSE","Q332"
"diagnostic_202003_forest_FALSE","Q333"
"diagnostic_202003_forest_FALSE","Q334"
"diagnostic_202003_forest_FALSE","Q335"
"diagnostic_202003_forest_FALSE","Q339"
"diagnostic_202003_forest_FALSE","Q340"
"diagnostic_202003_forest_FALSE","Q341R1"
"diagnostic_202003_forest_FALSE","Q341R2"
"diagnostic_202003_forest_FALSE","Q343R1"
"diagnostic_202003_forest_FALSE","Q343R2"
"diagnostic_202003_forest_FALSE","Q343R3"
"diagnostic_202003_forest_FALSE","Q343R4"
"diagnostic_202003_forest_FALSE","Q347"
"diagnostic_202003_forest_FALSE","Q348"
"diagnostic_202003_forest_FALSE","Q349"
"diagnostic_202003_forest_FALSE","Q350"
"diagnostic_202003_forest_FALSE","Q351"
"diagnostic_202003_forest_FALSE","Q352"
"diagnostic_202003_forest_FALSE","Q356"
"diagnostic_202003_forest_FALSE","Q357"
"diagnostic_202003_forest_FALSE","Q358"
"diagnostic_202003_forest_FALSE","Q359R1"
"diagnostic_202003_forest_FALSE","Q359R2"
"diagnostic_202003_forest_FALSE","Q359R3"
"diagnostic_202003_forest_FALSE","Q359R4"
"diagnostic_202003_forest_FALSE","Q363"
"diagnostic_202003_forest_FALSE","Q364"
"diagnostic_202003_forest_FALSE","Q365"
"diagnostic_202003_forest_FALSE","Q366R1"
"diagnostic_202003_forest_FALSE","Q366R2"
"diagnostic_202003_forest_FALSE","Q366R3"
"diagnostic_202003_forest_FALSE","Q366R4"
"diagnostic_202003_forest_FALSE","Q367"
"diagnostic_202003_forest_FALSE","Q368"
"diagnostic_202003_forest_FALSE","Q369"
"diagnostic_202003_forest_FALSE","Q370"
"diagnostic_202003_forest_FALSE","Q371"
"diagnostic_202003_forest_FALSE","Q372"
"diagnostic_202003_forest_FALSE","Q377"
"diagnostic_202003_forest_FALSE","Q378"
"diagnostic_202003_forest_FALSE","Q379"
"diagnostic_202003_forest_FALSE","Q380"
"diagnostic_202003_forest_FALSE","Q381_Q383R1"
"diagnostic_202003_forest_FALSE","Q381_Q383R2"
"diagnostic_202003_forest_FALSE","Q381_Q383R3"
"diagnostic_202003_forest_FALSE","Q384R1"
"diagnostic_202003_forest_FALSE","Q385"
"diagnostic_202003_forest_FALSE","Q386_Q390R1"
"diagnostic_202003_forest_FALSE","Q386_Q390R2"
"diagnostic_202003_forest_FALSE","Q386_Q390R3"
"diagnostic_202003_forest_FALSE","Q386_Q390R4"
"diagnostic_202003_forest_FALSE","Q386_Q390R5"
"diagnostic_202003_forest_FALSE","Q391_Q393R1"
"diagnostic_202003_forest_FALSE","Q391_Q393R2"
"diagnostic_202003_forest_FALSE","Q391_Q393R3"
"diagnostic_202003_forest_FALSE","Q394"
"diagnostic_202003_forest_FALSE","Q395"
"diagnostic_202003_forest_FALSE","Q396_Q398R1"
"diagnostic_202003_forest_FALSE","Q396_Q398R2"
"diagnostic_202003_forest_FALSE","Q396_Q398R3"
"diagnostic_202003_forest_FALSE","Q399"
"diagnostic_202003_forest_FALSE","Q400"
"diagnostic_202003_forest_FALSE","Q401_Q404R1"
"diagnostic_202003_forest_FALSE","Q401_Q404R2"
"diagnostic_202003_forest_FALSE","Q401_Q404R3"
"diagnostic_202003_forest_FALSE","Q401_Q404R4"
"diagnostic_202003_forest_FALSE","Q405"
"diagnostic_202003_forest_FALSE","Q406"
"diagnostic_202003_forest_FALSE","Q407R1"
"diagnostic_202003_forest_FALSE","Q407R2"
"diagnostic_202003_forest_FALSE","Q407R3"
"diagnostic_202003_forest_FALSE","Q407R4"
"diagnostic_202003_forest_FALSE","Q407R5"
"diagnostic_202003_forest_FALSE","Q408"
"diagnostic_202003_forest_FALSE","Q409"
"diagnostic_202003_forest_FALSE","Q410"
"diagnostic_202003_forest_FALSE","Q411_Q416R1"
"diagnostic_202003_forest_FALSE","Q411_Q416R2"
"diagnostic_202003_forest_FALSE","Q411_Q416R3"
"diagnostic_202003_forest_FALSE","Q411_Q416R4"
"diagnostic_202003_forest_FALSE","Q411_Q416R5"
"diagnostic_202003_forest_FALSE","Q411_Q416R6"
"diagnostic_202003_forest_FALSE","Q417_Q424R1"
"diagnostic_202003_forest_FALSE","Q417_Q424R2"
"diagnostic_202003_forest_FALSE","Q417_Q424R3"
"diagnostic_202003_forest_FALSE","Q417_Q424R4"
"diagnostic_202003_forest_FALSE","Q417_Q424R5"
"diagnostic_202003_forest_FALSE","Q417_Q424R6"
"diagnostic_202003_forest_FALSE","Q417_Q424R7"
"diagnostic_202003_forest_FALSE","Q417_Q424R8"
"diagnostic_202003_forest_FALSE","Q425"
"diagnostic_202003_forest_FALSE","Q428R1"
"diagnostic_202003_forest_FALSE","Q428R2"
"diagnostic_202003_forest_FALSE","Q428R3"
"diagnostic_202003_forest_FALSE","Q428R4"
"diagnostic_202003_forest_FALSE","Q428R6"
"diagnostic_202003_forest_FALSE","Q428R5"
"diagnostic_202003_forest_FALSE","Q429_Q440R1"
"diagnostic_202003_forest_FALSE","Q429_Q440R2"
"diagnostic_202003_forest_FALSE","Q429_Q440R3"
"diagnostic_202003_forest_FALSE","Q429_Q440R4"
"diagnostic_202003_forest_FALSE","Q429_Q440R5"
"diagnostic_202003_forest_FALSE","Q429_Q440R6"
"diagnostic_202003_forest_FALSE","Q429_Q440R7"
"diagnostic_202003_forest_FALSE","Q429_Q440R8"
"diagnostic_202003_forest_FALSE","Q429_Q440R9"
"diagnostic_202003_forest_FALSE","Q429_Q440R10"
"diagnostic_202003_forest_FALSE","Q429_Q440R11"
"diagnostic_202003_forest_FALSE","Q429_Q440R12"
"diagnostic_202003_forest_FALSE","Q441_Q452R1"
"diagnostic_202003_forest_FALSE","Q441_Q452R2"
"diagnostic_202003_forest_FALSE","Q441_Q452R3"
"diagnostic_202003_forest_FALSE","Q441_Q452R4"
"diagnostic_202003_forest_FALSE","Q441_Q452R5"
"diagnostic_202003_forest_FALSE","Q441_Q452R6"
"diagnostic_202003_forest_FALSE","Q441_Q452R7"
"diagnostic_202003_forest_FALSE","Q441_Q452R8"
"diagnostic_202003_forest_FALSE","Q441_Q452R9"
"diagnostic_202003_forest_FALSE","Q441_Q452R10"
"diagnostic_202003_forest_FALSE","Q441_Q452R11"
"diagnostic_202003_forest_FALSE","Q441_Q452R12"
"diagnostic_202003_forest_FALSE","Q453"
"diagnostic_202003_forest_FALSE","Q454"
"diagnostic_202003_forest_FALSE","Q455"
"diagnostic_202003_forest_FALSE","Q456_Q461R1"
"diagnostic_202003_forest_FALSE","Q456_Q461R2"
"diagnostic_202003_forest_FALSE","Q456_Q461R3"
"diagnostic_202003_forest_FALSE","Q456_Q461R4"
"diagnostic_202003_forest_FALSE","Q456_Q461R5"
"diagnostic_202003_forest_FALSE","Q456_Q461R6"
"diagnostic_202003_forest_FALSE","Q462"
"diagnostic_202003_forest_FALSE","Q463"
"diagnostic_202003_forest_FALSE","Q466"
"diagnostic_202003_forest_FALSE","Q467_Q469R1"
"diagnostic_202003_forest_FALSE","Q467_Q469R2"
"diagnostic_202003_forest_FALSE","Q467_Q469R3"
"diagnostic_202003_forest_FALSE","Q470"
"diagnostic_202003_forest_FALSE","Q471R6"
"diagnostic_202003_forest_FALSE","Q471R7"
"diagnostic_202003_forest_FALSE","Q471R8"
"diagnostic_202003_forest_FALSE","Q471R9"
"diagnostic_202003_forest_FALSE","Q472_Q474R1"
"diagnostic_202003_forest_FALSE","Q472_Q474R2"
"diagnostic_202003_forest_FALSE","Q472_Q474R3"
"diagnostic_202003_forest_FALSE","Q475R1"
"diagnostic_202003_forest_FALSE","Q475R2"
"diagnostic_202003_forest_FALSE","Q475R3"
"diagnostic_202003_forest_FALSE","Q475R4"
"diagnostic_202003_forest_FALSE","Q475R5"
"diagnostic_202003_forest_FALSE","Q475R6"
"diagnostic_202003_forest_FALSE","Q475R7"
"diagnostic_202003_forest_FALSE","Q476"
"diagnostic_202003_forest_FALSE","Q477"
"diagnostic_202003_forest_FALSE","Q478_Q483R1"
"diagnostic_202003_forest_FALSE","Q478_Q483R2"
"diagnostic_202003_forest_FALSE","Q478_Q483R3"
"diagnostic_202003_forest_FALSE","Q478_Q483R4"
"diagnostic_202003_forest_FALSE","Q478_Q483R5"
"diagnostic_202003_forest_FALSE","Q478_Q483R6"
"diagnostic_202003_forest_FALSE","Q484"
"diagnostic_202003_forest_FALSE","Q485"
"diagnostic_202003_forest_FALSE","Q486"
"diagnostic_202003_forest_FALSE","Q487_Q489R1"
"diagnostic_202003_forest_FALSE","Q487_Q489R2"
"diagnostic_202003_forest_FALSE","Q487_Q489R3"
"diagnostic_202003_forest_FALSE","Q490R1"
"diagnostic_202003_forest_FALSE","Q490R2"
"diagnostic_202003_forest_FALSE","Q490R3"
"diagnostic_202003_forest_FALSE","Q490R4"
"diagnostic_202003_forest_FALSE","Q490R5"
"diagnostic_202003_forest_FALSE","Q490R6"
"diagnostic_202003_forest_FALSE","Q490R7"
"diagnostic_202003_forest_FALSE","Q490R8"
"diagnostic_202003_forest_FALSE","Q491A"
"diagnostic_202003_forest_FALSE","Q491R1"
"diagnostic_202003_forest_FALSE","Q491R2"
"diagnostic_202003_forest_FALSE","Q491R3"
"diagnostic_202003_forest_FALSE","Q491R4"
"diagnostic_202003_forest_FALSE","Q491R5"
"diagnostic_202003_forest_FALSE","Q491R6"
"diagnostic_202003_forest_FALSE","Q491R7"
"diagnostic_202003_forest_FALSE","Q492"
"diagnostic_202003_forest_FALSE","Q493"
"diagnostic_202003_forest_FALSE","Q494_Q503R1"
"diagnostic_202003_forest_FALSE","Q494_Q503R2"
"diagnostic_202003_forest_FALSE","Q494_Q503R3"
"diagnostic_202003_forest_FALSE","Q494_Q503R4"
"diagnostic_202003_forest_FALSE","Q494_Q503R5"
"diagnostic_202003_forest_FALSE","Q494_Q503R6"
"diagnostic_202003_forest_FALSE","Q494_Q503R7"
"diagnostic_202003_forest_FALSE","Q494_Q503R8"
"diagnostic_202003_forest_FALSE","Q494_Q503R9"
"diagnostic_202003_forest_FALSE","Q494_Q503R10"
"diagnostic_202003_forest_FALSE","Q504R1"
"diagnostic_202003_forest_FALSE","Q504R2"
"diagnostic_202003_forest_FALSE","Q504R3"
"diagnostic_202003_forest_FALSE","Q504R4"
"diagnostic_202003_forest_FALSE","Q504R5"
"diagnostic_202003_forest_FALSE","Q504R6"
"diagnostic_202003_forest_FALSE","Q504R7"
"diagnostic_202003_forest_FALSE","Q504R8"
"diagnostic_202003_forest_FALSE","Q504R11"
"diagnostic_202003_forest_FALSE","Q504R12"
"diagnostic_202003_forest_FALSE","Q505_Q508R1"
"diagnostic_202003_forest_FALSE","Q505_Q508R2"
"diagnostic_202003_forest_FALSE","Q505_Q508R3"
"diagnostic_202003_forest_FALSE","Q505_Q508R4"
"diagnostic_202003_forest_FALSE","Q509_Q511R1"
"diagnostic_202003_forest_FALSE","Q509_Q511R2"
"diagnostic_202003_forest_FALSE","Q509_Q511R3"
"diagnostic_202003_forest_FALSE","Q512R1"
"diagnostic_202003_forest_FALSE","Q512R2"
"diagnostic_202003_forest_FALSE","Q512R3"
"diagnostic_202003_forest_FALSE","Q513_Q516R1"
"diagnostic_202003_forest_FALSE","Q513_Q516R2"
"diagnostic_202003_forest_FALSE","Q513_Q516R3"
"diagnostic_202003_forest_FALSE","Q517"
"diagnostic_202003_forest_FALSE","Q518"
"diagnostic_202003_forest_FALSE","Q519"
"diagnostic_202003_forest_FALSE","Q520"
"diagnostic_202003_forest_FALSE","Q521_Q528R1"
"diagnostic_202003_forest_FALSE","Q521_Q528R2"
"diagnostic_202003_forest_FALSE","Q521_Q528R3"
"diagnostic_202003_forest_FALSE","Q521_Q528R4"
"diagnostic_202003_forest_FALSE","Q521_Q528R5"
"diagnostic_202003_forest_FALSE","Q521_Q528R6"
"diagnostic_202003_forest_FALSE","Q521_Q528R7"
"diagnostic_202003_forest_FALSE","Q521_Q528R8"
"diagnostic_202003_forest_FALSE","Q529"
"diagnostic_202003_forest_FALSE","Q530"
"diagnostic_202003_forest_FALSE","Q531"
"diagnostic_202003_forest_FALSE","Q534R1"
"diagnostic_202003_forest_FALSE","Q534R2"
"diagnostic_202003_forest_FALSE","Q534R3"
"diagnostic_202003_forest_FALSE","Q534R4"
"diagnostic_202003_forest_FALSE","Q534R5"
"diagnostic_202003_forest_FALSE","Q535_Q538R1"
"diagnostic_202003_forest_FALSE","Q535_Q538R2"
"diagnostic_202003_forest_FALSE","Q535_Q538R3"
"diagnostic_202003_forest_FALSE","Q535_Q538R4"
"diagnostic_202003_forest_FALSE","Q539R1"
"diagnostic_202003_forest_FALSE","Q539R2"
"diagnostic_202003_forest_FALSE","Q539R3"
"diagnostic_202003_forest_FALSE","Q539R4"
"diagnostic_202003_forest_FALSE","Q539R6"
"diagnostic_202003_forest_FALSE","Q539R5"
"diagnostic_202003_forest_FALSE","Q540R1"
"diagnostic_202003_forest_FALSE","Q541"
"diagnostic_202003_forest_FALSE","Q542"
"diagnostic_202003_forest_FALSE","Q543"
"diagnostic_202003_forest_FALSE","Q544"
"diagnostic_202003_forest_FALSE","Q545R7"
"diagnostic_202003_forest_FALSE","Q546R7"
"diagnostic_202003_forest_FALSE","Q547R7"
"diagnostic_202003_forest_FALSE","Q548R7"
"diagnostic_202003_forest_FALSE","Q549R7"
"diagnostic_202003_forest_FALSE","Q550R1"
"diagnostic_202003_forest_FALSE","Q550R2"
"diagnostic_202003_forest_FALSE","Q550R3"
"diagnostic_202003_forest_FALSE","Q550R4"
"diagnostic_202003_forest_FALSE","Q550R5"
"diagnostic_202003_forest_FALSE","Q550R6"
"diagnostic_202003_forest_FALSE","Q551_Q559R1"
"diagnostic_202003_forest_FALSE","Q551_Q559R2"
"diagnostic_202003_forest_FALSE","Q551_Q559R3"
"diagnostic_202003_forest_FALSE","Q551_Q559R4"
"diagnostic_202003_forest_FALSE","Q551_Q559R5"
"diagnostic_202003_forest_FALSE","Q551_Q559R6"
"diagnostic_202003_forest_FALSE","Q551_Q559R7"
"diagnostic_202003_forest_FALSE","Q551_Q559R8"
"diagnostic_202003_forest_FALSE","Q551_Q559R9"
"diagnostic_202003_forest_FALSE","Q560R1"
"diagnostic_202003_forest_FALSE","Q560R2"
"diagnostic_202003_forest_FALSE","Q560R3"
"diagnostic_202003_forest_FALSE","Q560R4"
"diagnostic_202003_forest_FALSE","Q560R5"
"diagnostic_202003_forest_FALSE","Q560R6"
"diagnostic_202003_forest_FALSE","Q560R7"
"diagnostic_202003_forest_FALSE","Q560R8"
"diagnostic_202003_forest_FALSE","Q561"
"diagnostic_202003_forest_FALSE","Q562"
"diagnostic_202003_forest_FALSE","Q563_Q572R1"
"diagnostic_202003_forest_FALSE","Q563_Q572R2"
"diagnostic_202003_forest_FALSE","Q563_Q572R3"
"diagnostic_202003_forest_FALSE","Q563_Q572R4"
"diagnostic_202003_forest_FALSE","Q563_Q572R5"
"diagnostic_202003_forest_FALSE","Q563_Q572R6"
"diagnostic_202003_forest_FALSE","Q563_Q572R7"
"diagnostic_202003_forest_FALSE","Q563_Q572R8"
"diagnostic_202003_forest_FALSE","Q563_Q572R9"
"diagnostic_202003_forest_FALSE","Q563_Q572R10"
"diagnostic_202003_forest_FALSE","Q573"
"diagnostic_202003_forest_FALSE","Q574"
"diagnostic_202003_forest_FALSE","Q575_Q581R1"
"diagnostic_202003_forest_FALSE","Q575_Q581R2"
"diagnostic_202003_forest_FALSE","Q575_Q581R3"
"diagnostic_202003_forest_FALSE","Q575_Q581R4"
"diagnostic_202003_forest_FALSE","Q575_Q581R5"
"diagnostic_202003_forest_FALSE","Q575_Q581R6"
"diagnostic_202003_forest_FALSE","Q575_Q581R7"
"diagnostic_202003_forest_FALSE","Q582"
"diagnostic_202003_forest_FALSE","Q583"
"diagnostic_202003_forest_FALSE","Q584"
"diagnostic_202003_forest_FALSE","Q585_Q590R1"
"diagnostic_202003_forest_FALSE","Q585_Q590R2"
"diagnostic_202003_forest_FALSE","Q585_Q590R3"
"diagnostic_202003_forest_FALSE","Q585_Q590R4"
"diagnostic_202003_forest_FALSE","Q585_Q590R5"
"diagnostic_202003_forest_FALSE","Q585_Q590R6"
"diagnostic_202003_forest_FALSE","Q591_Q596R1"
"diagnostic_202003_forest_FALSE","Q591_Q596R2"
"diagnostic_202003_forest_FALSE","Q591_Q596R3"
"diagnostic_202003_forest_FALSE","Q591_Q596R4"
"diagnostic_202003_forest_FALSE","Q591_Q596R5"
"diagnostic_202003_forest_FALSE","Q591_Q596R6"
"diagnostic_202003_forest_FALSE","Q597_Q602R1"
"diagnostic_202003_forest_FALSE","Q597_Q602R2"
"diagnostic_202003_forest_FALSE","Q597_Q602R3"
"diagnostic_202003_forest_FALSE","Q597_Q602R4"
"diagnostic_202003_forest_FALSE","Q597_Q602R5"
"diagnostic_202003_forest_FALSE","Q597_Q602R6"
"diagnostic_202003_forest_FALSE","Q603R1"
"diagnostic_202003_forest_FALSE","Q603R2"
"diagnostic_202003_forest_FALSE","Q603R3"
"diagnostic_202003_forest_FALSE","Q603R4"
"diagnostic_202003_forest_FALSE","Q603R5"
"diagnostic_202003_forest_FALSE","Q603R6"
"diagnostic_202003_forest_FALSE","Q603R7"
"diagnostic_202003_forest_FALSE","Q603R8"
"diagnostic_202003_forest_FALSE","Q603R9"
"diagnostic_202003_forest_FALSE","Q603R10"
"diagnostic_202003_forest_FALSE","Q604_Q605R1"
"diagnostic_202003_forest_FALSE","Q604_Q605R2"
"diagnostic_202003_forest_FALSE","Q606R1"
"diagnostic_202003_forest_FALSE","Q606R2"
"diagnostic_202003_forest_FALSE","Q606R3"
"diagnostic_202003_forest_FALSE","Q606R4"
"diagnostic_202003_forest_FALSE","Q606R5"
"diagnostic_202003_forest_FALSE","Q606R6"
"diagnostic_202003_forest_FALSE","Q607_Q610R1"
"diagnostic_202003_forest_FALSE","Q607_Q610R2"
"diagnostic_202003_forest_FALSE","Q607_Q610R3"
"diagnostic_202003_forest_FALSE","Q607_Q610R4"
"diagnostic_202003_forest_FALSE","Q611"
"diagnostic_202003_forest_FALSE","Q613"
"diagnostic_202003_forest_FALSE","Q614"
"diagnostic_202003_forest_FALSE","Q615"
"diagnostic_202003_forest_FALSE","Q616_Q618R1"
"diagnostic_202003_forest_FALSE","Q616_Q618R2"
"diagnostic_202003_forest_FALSE","Q616_Q618R3"
"diagnostic_202003_forest_FALSE","Q619_Q626R1"
"diagnostic_202003_forest_FALSE","Q619_Q626R2"
"diagnostic_202003_forest_FALSE","Q619_Q626R3"
"diagnostic_202003_forest_FALSE","Q619_Q626R4"
"diagnostic_202003_forest_FALSE","Q619_Q626R5"
"diagnostic_202003_forest_FALSE","Q619_Q626R6"
"diagnostic_202003_forest_FALSE","Q619_Q626R7"
"diagnostic_202003_forest_FALSE","Q619_Q626R8"
"diagnostic_202003_forest_FALSE","Q627"
"diagnostic_202003_forest_FALSE","Q628"
"diagnostic_202003_forest_FALSE","Q629R1"
"diagnostic_202003_forest_FALSE","Q629R2"
"diagnostic_202003_forest_FALSE","Q629R3"
"diagnostic_202003_forest_FALSE","Q629R4"
"diagnostic_202003_forest_FALSE","Q629R5"
"diagnostic_202003_forest_FALSE","Q629R6"
"diagnostic_202003_forest_FALSE","Q629R7"
"diagnostic_202003_forest_FALSE","Q630_Q632R1"
"diagnostic_202003_forest_FALSE","Q630_Q632R2"
"diagnostic_202003_forest_FALSE","Q630_Q632R3"
"diagnostic_202003_forest_FALSE","Q633"
"diagnostic_202003_forest_FALSE","Q639"
"diagnostic_202003_forest_FALSE","Q640_Q645R1"
"diagnostic_202003_forest_FALSE","Q640_Q645R2"
"diagnostic_202003_forest_FALSE","Q640_Q645R3"
"diagnostic_202003_forest_FALSE","Q640_Q645R4"
"diagnostic_202003_forest_FALSE","Q640_Q645R5"
"diagnostic_202003_forest_FALSE","Q640_Q645R6"
"diagnostic_202003_forest_FALSE","Q646_Q651R1"
"diagnostic_202003_forest_FALSE","Q646_Q651R2"
"diagnostic_202003_forest_FALSE","Q646_Q651R3"
"diagnostic_202003_forest_FALSE","Q646_Q651R4"
"diagnostic_202003_forest_FALSE","Q646_Q651R5"
"diagnostic_202003_forest_FALSE","Q646_Q651R6"
"diagnostic_202003_forest_FALSE","Q646_Q651R7"
"diagnostic_202003_forest_FALSE","Q646_Q651R8"
"diagnostic_202003_forest_FALSE","Q646_Q651R9"
"diagnostic_202003_forest_FALSE","Q646_Q651R10"
"diagnostic_202003_forest_FALSE","Q646_Q651R11"
"diagnostic_202003_forest_FALSE","Q652_Q658R1"
"diagnostic_202003_forest_FALSE","Q652_Q658R2"
"diagnostic_202003_forest_FALSE","Q652_Q658R3"
"diagnostic_202003_forest_FALSE","Q652_Q658R4"
"diagnostic_202003_forest_FALSE","Q652_Q658R5"
"diagnostic_202003_forest_FALSE","Q652_Q658R6"
"diagnostic_202003_forest_FALSE","Q652_Q658R7"
"diagnostic_202003_forest_FALSE","Q659R1"
"diagnostic_202003_forest_FALSE","Q659R2"
"diagnostic_202003_forest_FALSE","Q659R3"
"diagnostic_202003_forest_FALSE","Q659R4"
"diagnostic_202003_forest_FALSE","Q659R5"
"diagnostic_202003_forest_FALSE","Q659R6"
"diagnostic_202003_forest_FALSE","Q659R7"
"diagnostic_202003_forest_FALSE","Q659R8"
"diagnostic_202003_forest_FALSE","Q660"
"diagnostic_202003_forest_FALSE","Q661"
"diagnostic_202003_forest_FALSE","Q662R1"
"diagnostic_202003_forest_FALSE","Q662R2"
"diagnostic_202003_forest_FALSE","Q662R3"
"diagnostic_202003_forest_FALSE","Q662R4"
"diagnostic_202003_forest_FALSE","Q662R5"
"diagnostic_202003_forest_FALSE","Q662R6"
"diagnostic_202003_forest_FALSE","Q663_Q666R1"
"diagnostic_202003_forest_FALSE","Q663_Q666R2"
"diagnostic_202003_forest_FALSE","Q663_Q666R3"
"diagnostic_202003_forest_FALSE","Q663_Q666R4"
"diagnostic_202003_forest_FALSE","Q667_Q671R1"
"diagnostic_202003_forest_FALSE","Q667_Q671R2"
"diagnostic_202003_forest_FALSE","Q667_Q671R3"
"diagnostic_202003_forest_FALSE","Q667_Q671R4"
"diagnostic_202003_forest_FALSE","Q667_Q671R5"
"diagnostic_202003_forest_FALSE","Q672"
"diagnostic_202003_forest_FALSE","Q673"
"diagnostic_202003_forest_FALSE","Q674R1"
"diagnostic_202003_forest_FALSE","Q675"
"diagnostic_202003_forest_FALSE","Q676_Q678R1"
"diagnostic_202003_forest_FALSE","Q676_Q678R2"
"diagnostic_202003_forest_FALSE","Q676_Q678R3"
"diagnostic_202003_forest_FALSE","Q679_Q682R1"
"diagnostic_202003_forest_FALSE","Q679_Q682R2"
"diagnostic_202003_forest_FALSE","Q679_Q682R3"
"diagnostic_202003_forest_FALSE","Q679_Q682R4"
"diagnostic_202003_forest_FALSE","Q683"
"diagnostic_202003_forest_FALSE","Q684"
"diagnostic_202003_forest_FALSE","Q685"
"diagnostic_202003_forest_FALSE","Q686"
"diagnostic_202003_forest_FALSE","Q687"
"diagnostic_202003_forest_FALSE","Q688"
"diagnostic_202003_forest_FALSE","Q689"
"diagnostic_202003_forest_FALSE","Q690"
"diagnostic_202003_forest_FALSE","Q691"
"diagnostic_202003_forest_FALSE","Q692"
"diagnostic_202003_forest_FALSE","Q693_Q700R1"
"diagnostic_202003_forest_FALSE","Q693_Q700R2"
"diagnostic_202003_forest_FALSE","Q693_Q700R3"
"diagnostic_202003_forest_FALSE","Q693_Q700R4"
"diagnostic_202003_forest_FALSE","Q693_Q700R5"
"diagnostic_202003_forest_FALSE","Q693_Q700R6"
"diagnostic_202003_forest_FALSE","Q693_Q700R7"
"diagnostic_202003_forest_FALSE","Q693_Q700R8"
"diagnostic_202003_forest_FALSE","Q701_Q705R1"
"diagnostic_202003_forest_FALSE","Q701_Q705R2"
"diagnostic_202003_forest_FALSE","Q701_Q705R3"
"diagnostic_202003_forest_FALSE","Q701_Q705R4"
"diagnostic_202003_forest_FALSE","Q701_Q705R5"
"diagnostic_202003_forest_FALSE","Q706_Q708R1"
"diagnostic_202003_forest_FALSE","Q706_Q708R2"
"diagnostic_202003_forest_FALSE","Q706_Q708R3"
"diagnostic_202003_forest_FALSE","Q709_712R1"
"diagnostic_202003_forest_FALSE","Q709_712R2"
"diagnostic_202003_forest_FALSE","Q709_712R3"
"diagnostic_202003_forest_FALSE","Q709_712R4"
"diagnostic_202003_forest_FALSE","Q713"
"diagnostic_202003_forest_FALSE","Q714"
"diagnostic_202003_forest_FALSE","Q715_718R1"
"diagnostic_202003_forest_FALSE","Q715_718R2"
"diagnostic_202003_forest_FALSE","Q715_718R3"
"diagnostic_202003_forest_FALSE","Q715_718R4"
"diagnostic_202003_forest_FALSE","Q719"
"diagnostic_202003_forest_FALSE","Q720_Q722R1"
"diagnostic_202003_forest_FALSE","Q720_Q722R2"
"diagnostic_202003_forest_FALSE","Q720_Q722R3"
"diagnostic_202003_forest_FALSE","Q723_Q725R1"
"diagnostic_202003_forest_FALSE","Q723_Q725R2"
"diagnostic_202003_forest_FALSE","Q723_Q725R3"
"diagnostic_202003_forest_FALSE","Q726"
"diagnostic_202003_forest_FALSE","Q727_Q731R1"
"diagnostic_202003_forest_FALSE","Q727_Q731R2"
"diagnostic_202003_forest_FALSE","Q727_Q731R3"
"diagnostic_202003_forest_FALSE","Q727_Q731R4"
"diagnostic_202003_forest_FALSE","Q727_Q731R5"
"diagnostic_202003_forest_FALSE","Q732_Q737R1"
"diagnostic_202003_forest_FALSE","Q732_Q737R2"
"diagnostic_202003_forest_FALSE","Q732_Q737R3"
"diagnostic_202003_forest_FALSE","Q732_Q737R4"
"diagnostic_202003_forest_FALSE","Q732_Q737R5"
"diagnostic_202003_forest_FALSE","Q732_Q737R6"
"diagnostic_202003_forest_FALSE","Q738_Q740R1"
"diagnostic_202003_forest_FALSE","Q738_Q740R2"
"diagnostic_202003_forest_FALSE","Q738_Q740R3"
"diagnostic_202003_forest_FALSE","Q741"
"diagnostic_202003_forest_FALSE","Q742"
"diagnostic_202003_forest_FALSE","Q743"
"diagnostic_202003_forest_FALSE","Q744"
"diagnostic_202003_forest_FALSE","Q745"
"diagnostic_202003_forest_FALSE","Q746A"
"diagnostic_202003_forest_FALSE","Q746B"
"diagnostic_202003_forest_FALSE","Q747"
"diagnostic_202003_forest_FALSE","Q748"
"diagnostic_202003_forest_FALSE","Q749"
"diagnostic_202003_forest_FALSE","Q750R1"
"diagnostic_202003_forest_FALSE","Q750R2"
"diagnostic_202003_forest_FALSE","Q750R3"
"diagnostic_202003_forest_FALSE","Q750R4"
"diagnostic_202003_forest_FALSE","Q750R5"
"diagnostic_202003_forest_FALSE","Q750R6"
"diagnostic_202003_forest_FALSE","Q750R7"
"diagnostic_202003_forest_FALSE","Q751R1"
"diagnostic_202003_forest_FALSE","Q751R2"
"diagnostic_202003_forest_FALSE","Q751R3"
"diagnostic_202003_forest_FALSE","Q751R4"
"diagnostic_202003_forest_FALSE","Q751R5"
"diagnostic_202003_forest_FALSE","Q752"
"diagnostic_202003_forest_FALSE","Q753"
"diagnostic_202003_forest_FALSE","Q754_Q762R1C1"
"diagnostic_202003_forest_FALSE","Q754_Q762R1C2"
"diagnostic_202003_forest_FALSE","Q754_Q762R1C3"
"diagnostic_202003_forest_FALSE","Q754_Q762R2C1"
"diagnostic_202003_forest_FALSE","Q754_Q762R2C2"
"diagnostic_202003_forest_FALSE","Q754_Q762R2C3"
"diagnostic_202003_forest_FALSE","Q754_Q762R3C1"
"diagnostic_202003_forest_FALSE","Q754_Q762R3C2"
"diagnostic_202003_forest_FALSE","Q754_Q762R3C3"
"diagnostic_202003_forest_FALSE","Q754_Q762R4C1"
"diagnostic_202003_forest_FALSE","Q754_Q762R4C2"
"diagnostic_202003_forest_FALSE","Q754_Q762R4C3"
"diagnostic_202003_forest_FALSE","Q754_Q762R5C1"
"diagnostic_202003_forest_FALSE","Q754_Q762R5C2"
"diagnostic_202003_forest_FALSE","Q754_Q762R5C3"
"diagnostic_202003_forest_FALSE","Q754_Q762R6C1"
"diagnostic_202003_forest_FALSE","Q754_Q762R6C2"
"diagnostic_202003_forest_FALSE","Q754_Q762R6C3"
"diagnostic_202003_forest_FALSE","Q754_Q762R7C1"
"diagnostic_202003_forest_FALSE","Q754_Q762R7C2"
"diagnostic_202003_forest_FALSE","Q754_Q762R7C3"
"diagnostic_202003_forest_FALSE","Q754_Q762R8C1"
"diagnostic_202003_forest_FALSE","Q754_Q762R8C2"
"diagnostic_202003_forest_FALSE","Q754_Q762R8C3"
"diagnostic_202003_forest_FALSE","Q754_Q762R9C1"
"diagnostic_202003_forest_FALSE","Q754_Q762R9C2"
"diagnostic_202003_forest_FALSE","Q754_Q762R9C3"
"diagnostic_202003_forest_FALSE","Q763_Q766R1"
"diagnostic_202003_forest_FALSE","Q763_Q766R2"
"diagnostic_202003_forest_FALSE","Q763_Q766R3"
"diagnostic_202003_forest_FALSE","Q763_Q766R4"
"diagnostic_202003_forest_FALSE","Q767_Q771R1"
"diagnostic_202003_forest_FALSE","Q767_Q771R2"
"diagnostic_202003_forest_FALSE","Q767_Q771R3"
"diagnostic_202003_forest_FALSE","Q767_Q771R4"
"diagnostic_202003_forest_FALSE","Q767_Q771R5"
"diagnostic_202003_forest_FALSE","Q773"
"diagnostic_202003_forest_FALSE","VQ773"
"diagnostic_202003_forest_FALSE","Q774"
"diagnostic_202003_forest_FALSE","VQ774"
"diagnostic_202003_forest_FALSE","Q775"
"diagnostic_202003_forest_FALSE","Q777"
"diagnostic_202003_forest_FALSE","Q779"
"diagnostic_202003_forest_FALSE","Q782"
"diagnostic_202003_forest_FALSE","Q785"
"diagnostic_202003_forest_FALSE","Q788"
"diagnostic_202003_forest_FALSE","Q790"
"diagnostic_202003_forest_FALSE","Q793R1"
"diagnostic_202003_forest_FALSE","Q793R2"
"diagnostic_202003_forest_FALSE","Q793R3"
"diagnostic_202003_forest_FALSE","Q793R4"
"diagnostic_202003_forest_FALSE","Q793R5"
"diagnostic_202003_forest_FALSE","Q794R1"
"diagnostic_202003_forest_FALSE","Q794R2"
"diagnostic_202003_forest_FALSE","Q794R3"
"diagnostic_202003_forest_FALSE","Q794R4"
"diagnostic_202003_forest_FALSE","Q794R5"
"diagnostic_202003_forest_FALSE","Q794R6"
"diagnostic_202003_forest_FALSE","Q795"
"diagnostic_202003_forest_FALSE","Q796R1"
"diagnostic_202003_forest_FALSE","Q796R2"
"diagnostic_202003_forest_FALSE","Q796R3"
"diagnostic_202003_forest_FALSE","Q796R4"
"diagnostic_202003_forest_FALSE","Q796R5"
"diagnostic_202003_forest_FALSE","Q797R1"
"diagnostic_202003_forest_FALSE","Q797R2"
"diagnostic_202003_forest_FALSE","Q797R3"
"diagnostic_202003_forest_FALSE","Q797R4"
"diagnostic_202003_forest_FALSE","Q797R5"
"diagnostic_202003_forest_FALSE","Q797R6"
"diagnostic_202003_forest_FALSE","Q797R7"
"diagnostic_202003_forest_FALSE","Q797R9"
"diagnostic_202003_forest_FALSE","Q797R10"
"diagnostic_202003_forest_FALSE","Q798R1"
"diagnostic_202003_forest_FALSE","Q798R2"
"diagnostic_202003_forest_FALSE","Q798R3"
"diagnostic_202003_forest_FALSE","Q798R4"
"diagnostic_202003_forest_FALSE","Q798R5"
"diagnostic_202003_forest_FALSE","Q798R6"
"diagnostic_202003_forest_FALSE","Q798R7"
"diagnostic_202003_forest_FALSE","Q798R9"
"diagnostic_202003_forest_FALSE","Q798R10"
"diagnostic_202003_forest_FALSE","Q799R1C1"
"diagnostic_202003_forest_FALSE","Q799R2C1"
"diagnostic_202003_forest_FALSE","Q799R3C1"
"diagnostic_202003_forest_FALSE","Q799R4C1"
"diagnostic_202003_forest_FALSE","Q799R5C1"
"diagnostic_202003_forest_FALSE","Q799R6C1"
"diagnostic_202003_forest_FALSE","Q799R7C1"
"diagnostic_202003_forest_FALSE","Q799R8C1"
"diagnostic_202003_forest_FALSE","Q800R1C1"
"diagnostic_202003_forest_FALSE","Q800R2C1"
"diagnostic_202003_forest_FALSE","Q800R3C1"
"diagnostic_202003_forest_FALSE","Q800R4C1"
"diagnostic_202003_forest_FALSE","Q800R5C1"
"diagnostic_202003_forest_FALSE","Q800R6C1"
"diagnostic_202003_forest_FALSE","Q800R7C1"
"diagnostic_202003_forest_FALSE","Q800R8C1"
"diagnostic_202003_forest_FALSE","Q801"
"diagnostic_202003_forest_FALSE","Q802"
"diagnostic_202003_forest_FALSE","Q803"
"diagnostic_202003_forest_FALSE","Q804"
"diagnostic_202003_forest_FALSE","Q805"
"diagnostic_202003_forest_FALSE","Q806"
"diagnostic_202003_forest_FALSE","Q808"
"diagnostic_202003_forest_FALSE","Q809"
"diagnostic_202003_forest_FALSE","Q810"
"diagnostic_202003_forest_FALSE","Q811"
"diagnostic_202003_forest_FALSE","Q812"
"diagnostic_202003_forest_FALSE","Q813"
"diagnostic_202003_forest_FALSE","Q814"
"diagnostic_202003_forest_FALSE","Q815"
"diagnostic_202003_forest_FALSE","Q816"
"diagnostic_202003_forest_FALSE","Q818"
"diagnostic_202003_forest_FALSE","Q819"
"diagnostic_202003_forest_FALSE","Q820"
"primary_202003_forest_FALSE","S1"
"primary_202003_forest_FALSE","S2_RACER1"
"primary_202003_forest_FALSE","S2_RACER3"
"primary_202003_forest_FALSE","S2_RACE_PRIME"
"primary_202003_forest_FALSE","S2_NATIVER1"
"primary_202003_forest_FALSE","S2_NATIVER2"
"primary_202003_forest_FALSE","S2_NATIVER3"
"primary_202003_forest_FALSE","S2_NATIVER4"
"primary_202003_forest_FALSE","S2_NATIVER5"
"primary_202003_forest_FALSE","S2_AFROLATR1"
"primary_202003_forest_FALSE","S2_AFROLATR2"
"primary_202003_forest_FALSE","S2_AFROLATR3"
"primary_202003_forest_FALSE","S2_AFROLATR4"
"primary_202003_forest_FALSE","S2_AFROLATR5"
"primary_202003_forest_FALSE","S3"
"primary_202003_forest_FALSE","S3B"
"primary_202003_forest_FALSE","S3C"
"primary_202003_forest_FALSE","S4"
"primary_202003_forest_FALSE","S5"
"primary_202003_forest_FALSE","S7"
"primary_202003_forest_FALSE","S10"
"primary_202003_forest_FALSE","S10_MEX"
"primary_202003_forest_FALSE","S11"
"primary_202003_forest_FALSE","S2_M"
"primary_202003_forest_FALSE","S13"
"primary_202003_forest_FALSE","S14"
"primary_202003_forest_FALSE","Q58R1"
"primary_202003_forest_FALSE","Q58R2"
"primary_202003_forest_FALSE","Q58R3"
"primary_202003_forest_FALSE","Q58R4"
"primary_202003_forest_FALSE","Q58R5"
"primary_202003_forest_FALSE","Q58R6"
"primary_202003_forest_FALSE","Q58R7"
"primary_202003_forest_FALSE","Q58R8"
"primary_202003_forest_FALSE","Q58R9"
"primary_202003_forest_FALSE","Q58R10"
"primary_202003_forest_FALSE","Q58R11"
"primary_202003_forest_FALSE","Q58R12"
"primary_202003_forest_FALSE","Q58R13"
"primary_202003_forest_FALSE","Q58R14"
"primary_202003_forest_FALSE","Q58R15"
"primary_202003_forest_FALSE","Q58R16"
"primary_202003_forest_FALSE","Q58R17"
"primary_202003_forest_FALSE","Q1R1"
"primary_202003_forest_FALSE","Q1R2"
"primary_202003_forest_FALSE","Q1R3"
"primary_202003_forest_FALSE","Q1R4"
"primary_202003_forest_FALSE","Q1R5"
"primary_202003_forest_FALSE","Q1R6"
"primary_202003_forest_FALSE","Q1R7"
"primary_202003_forest_FALSE","Q1R8"
"primary_202003_forest_FALSE","Q1R9"
"primary_202003_forest_FALSE","Q1R10"
"primary_202003_forest_FALSE","Q1R11"
"primary_202003_forest_FALSE","Q1R12"
"primary_202003_forest_FALSE","Q1R13"
"primary_202003_forest_FALSE","Q1R14"
"primary_202003_forest_FALSE","Q1R15"
"primary_202003_forest_FALSE","Q1R16"
"primary_202003_forest_FALSE","Q1R17"
"primary_202003_forest_FALSE","Q1R18"
"primary_202003_forest_FALSE","Q1R19"
"primary_202003_forest_FALSE","Q1R20"
"primary_202003_forest_FALSE","Q1R21"
"primary_202003_forest_FALSE","Q1R22"
"primary_202003_forest_FALSE","Q1R23"
"primary_202003_forest_FALSE","Q13"
"primary_202003_forest_FALSE","Q16"
"primary_202003_forest_FALSE","Q17"
"primary_202003_forest_FALSE","Q20"
"primary_202003_forest_FALSE","Q21"
"primary_202003_forest_FALSE","Q22"
"primary_202003_forest_FALSE","Q23"
"primary_202003_forest_FALSE","Q24"
"primary_202003_forest_FALSE","Q25"
"primary_202003_forest_FALSE","Q26"
"primary_202003_forest_FALSE","Q27R1"
"primary_202003_forest_FALSE","Q27R2"
"primary_202003_forest_FALSE","Q27R3"
"primary_202003_forest_FALSE","Q27R4"
"primary_202003_forest_FALSE","Q27R5"
"primary_202003_forest_FALSE","Q27R6"
"primary_202003_forest_FALSE","Q27R7"
"primary_202003_forest_FALSE","Q27R8"
"primary_202003_forest_FALSE","Q27R9"
"primary_202003_forest_FALSE","Q27R10"
"primary_202003_forest_FALSE","Q27R11"
"primary_202003_forest_FALSE","Q27R12"
"primary_202003_forest_FALSE","Q27R13"
"primary_202003_forest_FALSE","Q27R14"
"primary_202003_forest_FALSE","Q27R15"
"primary_202003_forest_FALSE","Q27R16"
"primary_202003_forest_FALSE","Q27R17"
"primary_202003_forest_FALSE","Q27R18"
"primary_202003_forest_FALSE","Q27R19"
"primary_202003_forest_FALSE","Q28R1"
"primary_202003_forest_FALSE","Q28R2"
"primary_202003_forest_FALSE","Q28R3"
"primary_202003_forest_FALSE","Q28R4"
"primary_202003_forest_FALSE","Q28R5"
"primary_202003_forest_FALSE","Q28R6"
"primary_202003_forest_FALSE","Q28R7"
"primary_202003_forest_FALSE","Q28R8"
"primary_202003_forest_FALSE","Q28R9"
"primary_202003_forest_FALSE","Q28R10"
"primary_202003_forest_FALSE","Q28R11"
"primary_202003_forest_FALSE","Q28R12"
"primary_202003_forest_FALSE","Q28R13"
"primary_202003_forest_FALSE","Q28R14"
"primary_202003_forest_FALSE","Q28R15"
"primary_202003_forest_FALSE","Q28R16"
"primary_202003_forest_FALSE","Q28R17"
"primary_202003_forest_FALSE","Q28R18"
"primary_202003_forest_FALSE","Q28R19"
"primary_202003_forest_FALSE","Q29"
"primary_202003_forest_FALSE","Q30"
"primary_202003_forest_FALSE","Q31"
"primary_202003_forest_FALSE","Q32R1"
"primary_202003_forest_FALSE","Q32R2"
"primary_202003_forest_FALSE","Q32R3"
"primary_202003_forest_FALSE","Q32R4"
"primary_202003_forest_FALSE","Q32R5"
"primary_202003_forest_FALSE","Q32R6"
"primary_202003_forest_FALSE","Q32R7"
"primary_202003_forest_FALSE","Q32R8"
"primary_202003_forest_FALSE","Q32R9"
"primary_202003_forest_FALSE","Q33R1"
"primary_202003_forest_FALSE","Q33R2"
"primary_202003_forest_FALSE","Q33R3"
"primary_202003_forest_FALSE","Q33R4"
"primary_202003_forest_FALSE","Q33R5"
"primary_202003_forest_FALSE","Q38R1"
"primary_202003_forest_FALSE","Q38R2"
"primary_202003_forest_FALSE","Q38R3"
"primary_202003_forest_FALSE","Q38R4"
"primary_202003_forest_FALSE","Q39R1"
"primary_202003_forest_FALSE","Q39R2"
"primary_202003_forest_FALSE","Q39R3"
"primary_202003_forest_FALSE","Q39R4"
"primary_202003_forest_FALSE","Q39R5"
"primary_202003_forest_FALSE","Q39R6"
"primary_202003_forest_FALSE","Q39R7"
"primary_202003_forest_FALSE","Q40"
"primary_202003_forest_FALSE","Q41R1"
"primary_202003_forest_FALSE","Q41R2"
"primary_202003_forest_FALSE","Q41R3"
"primary_202003_forest_FALSE","Q41R4"
"primary_202003_forest_FALSE","Q42"
"primary_202003_forest_FALSE","Q43"
"primary_202003_forest_FALSE","Q44"
"primary_202003_forest_FALSE","Q45"
"primary_202003_forest_FALSE","Q46"
"primary_202003_forest_FALSE","Q57"
"primary_202003_forest_FALSE","Q59"
"primary_202003_forest_FALSE","Q60R1"
"primary_202003_forest_FALSE","Q60R2"
"primary_202003_forest_FALSE","Q60R3"
"primary_202003_forest_FALSE","Q60R4"
"primary_202003_forest_FALSE","Q60R5"
"primary_202003_forest_FALSE","Q60R6"
"primary_202003_forest_FALSE","Q61"
"primary_202003_forest_FALSE","Q62R1"
"primary_202003_forest_FALSE","Q62R2"
"primary_202003_forest_FALSE","Q62R3"
"primary_202003_forest_FALSE","Q62R4"
"primary_202003_forest_FALSE","Q62R5"
"primary_202003_forest_FALSE","NEWQ67"
"primary_202003_forest_FALSE","Q67"
"primary_202003_forest_FALSE","Q68"
"primary_202003_forest_FALSE","Q69"
"primary_202003_forest_FALSE","Q70R1"
"primary_202003_forest_FALSE","Q70R2"
"primary_202003_forest_FALSE","Q70R3"
"primary_202003_forest_FALSE","Q70R4"
"primary_202003_forest_FALSE","Q70R5"
"primary_202003_forest_FALSE","Q75"
"primary_202003_forest_FALSE","Q76R1"
"primary_202003_forest_FALSE","Q76R2"
"primary_202003_forest_FALSE","Q76R3"
"primary_202003_forest_FALSE","Q76R4"
"primary_202003_forest_FALSE","Q76R5"
"primary_202003_forest_FALSE","Q76R6"
"primary_202003_forest_FALSE","Q77R1"
"primary_202003_forest_FALSE","Q77R2"
"primary_202003_forest_FALSE","Q77R3"
"primary_202003_forest_FALSE","Q77R4"
"primary_202003_forest_FALSE","Q77R5"
"primary_202003_forest_FALSE","Q77R6"
"primary_202003_forest_FALSE","Q77R7"
"primary_202003_forest_FALSE","Q77R8"
"primary_202003_forest_FALSE","Q77R9"
"primary_202003_forest_FALSE","Q78"
"primary_202003_forest_FALSE","Q84"
"primary_202003_forest_FALSE","Q85"
"primary_202003_forest_FALSE","Q85B"
"primary_202003_forest_FALSE","Q86"
"primary_202003_forest_FALSE","Q87"
"primary_202003_forest_FALSE","Q88"
"primary_202003_forest_FALSE","Q93"
"primary_202003_forest_FALSE","Q95"
"primary_202003_forest_FALSE","Q97"
"primary_202003_forest_FALSE","Q98R1"
"primary_202003_forest_FALSE","Q98R2"
"primary_202003_forest_FALSE","Q98R3"
"primary_202003_forest_FALSE","Q98R4"
"primary_202003_forest_FALSE","Q98R5"
"primary_202003_forest_FALSE","Q98R6"
"primary_202003_forest_FALSE","Q98R7"
"primary_202003_forest_FALSE","Q98R10"
"primary_202003_forest_FALSE","Q98R11"
"primary_202003_forest_FALSE","Q99R1"
"primary_202003_forest_FALSE","Q99R2"
"primary_202003_forest_FALSE","Q99R3"
"primary_202003_forest_FALSE","Q99R4"
"primary_202003_forest_FALSE","Q99R5"
"primary_202003_forest_FALSE","Q99R6"
"primary_202003_forest_FALSE","Q99R7"
"primary_202003_forest_FALSE","Q99R8"
"primary_202003_forest_FALSE","Q99R9"
"primary_202003_forest_FALSE","Q99R10"
"primary_202003_forest_FALSE","Q99R11"
"primary_202003_forest_FALSE","Q110R2"
"primary_202003_forest_FALSE","Q110R3"
"primary_202003_forest_FALSE","Q110R4"
"primary_202003_forest_FALSE","Q110R5"
"primary_202003_forest_FALSE","Q110R6"
"primary_202003_forest_FALSE","Q110R7"
"primary_202003_forest_FALSE","Q110R8"
"primary_202003_forest_FALSE","Q111R1"
"primary_202003_forest_FALSE","Q111R2"
"primary_202003_forest_FALSE","Q111R3"
"primary_202003_forest_FALSE","Q111R4"
"primary_202003_forest_FALSE","Q111R5"
"primary_202003_forest_FALSE","Q116R1"
"primary_202003_forest_FALSE","Q116R2"
"primary_202003_forest_FALSE","Q116R3"
"primary_202003_forest_FALSE","Q116R4"
"primary_202003_forest_FALSE","Q116R5"
"primary_202003_forest_FALSE","Q116R7"
"primary_202003_forest_FALSE","Q116R10"
"primary_202003_forest_FALSE","Q117R1"
"primary_202003_forest_FALSE","Q117R2"
"primary_202003_forest_FALSE","Q117R3"
"primary_202003_forest_FALSE","Q117R4"
"primary_202003_forest_FALSE","Q117R5"
"primary_202003_forest_FALSE","Q117R6"
"primary_202003_forest_FALSE","Q117R7"
"primary_202003_forest_FALSE","Q117R8"
"primary_202003_forest_FALSE","Q117R9"
"primary_202003_forest_FALSE","Q117R10"
"primary_202003_forest_FALSE","Q117R11"
"primary_202003_forest_FALSE","Q117R12"
"primary_202003_forest_FALSE","Q117R13"
"primary_202003_forest_FALSE","Q131R1"
"primary_202003_forest_FALSE","Q131R2"
"primary_202003_forest_FALSE","Q131R3"
"primary_202003_forest_FALSE","Q131R4"
"primary_202003_forest_FALSE","Q131R5"
"primary_202003_forest_FALSE","Q131R6"
"primary_202003_forest_FALSE","Q131R7"
"primary_202003_forest_FALSE","Q131R8"
"primary_202003_forest_FALSE","Q131R9"
"primary_202003_forest_FALSE","Q131R10"
"primary_202003_forest_FALSE","Q131R11"
"primary_202003_forest_FALSE","Q131R12"
"primary_202003_forest_FALSE","Q131R13"
"primary_202003_forest_FALSE","Q144"
"primary_202003_forest_FALSE","Q145"
"primary_202003_forest_FALSE","Q146"
"primary_202003_forest_FALSE","Q147"
"primary_202003_forest_FALSE","Q148"
"primary_202003_forest_FALSE","Q149"
"primary_202003_forest_FALSE","Q150"
"primary_202003_forest_FALSE","Q151"
"primary_202003_forest_FALSE","Q152"
"primary_202003_forest_FALSE","Q153"
"primary_202003_forest_FALSE","Q154R1"
"primary_202003_forest_FALSE","Q154R2"
"primary_202003_forest_FALSE","Q154R3"
"primary_202003_forest_FALSE","Q154R4"
"primary_202003_forest_FALSE","Q154R5"
"primary_202003_forest_FALSE","Q159R1"
"primary_202003_forest_FALSE","Q159R2"
"primary_202003_forest_FALSE","Q159R3"
"primary_202003_forest_FALSE","Q162R1"
"primary_202003_forest_FALSE","Q162R2"
"primary_202003_forest_FALSE","Q162R3"
"primary_202003_forest_FALSE","Q162R4"
"primary_202003_forest_FALSE","Q162R5"
"primary_202003_forest_FALSE","Q162R6"
"primary_202003_forest_FALSE","Q162R7"
"primary_202003_forest_FALSE","Q162R8"
"primary_202003_forest_FALSE","Q170"
"primary_202003_forest_FALSE","Q171R1"
"primary_202003_forest_FALSE","Q171R2"
"primary_202003_forest_FALSE","Q171R3"
"primary_202003_forest_FALSE","Q171R4"
"primary_202003_forest_FALSE","Q171R5"
"primary_202003_forest_FALSE","Q171R6"
"primary_202003_forest_FALSE","Q171R7"
"primary_202003_forest_FALSE","Q171R8"
"primary_202003_forest_FALSE","Q171R9"
"primary_202003_forest_FALSE","Q172R1"
"primary_202003_forest_FALSE","Q172R2"
"primary_202003_forest_FALSE","Q172R3"
"primary_202003_forest_FALSE","Q175R1"
"primary_202003_forest_FALSE","Q175R2"
"primary_202003_forest_FALSE","Q175R3"
"primary_202003_forest_FALSE","Q178R1"
"primary_202003_forest_FALSE","Q178R2"
"primary_202003_forest_FALSE","Q178R3"
"primary_202003_forest_FALSE","Q178R4"
"primary_202003_forest_FALSE","Q182"
"primary_202003_forest_FALSE","Q183"
"primary_202003_forest_FALSE","Q184R1"
"primary_202003_forest_FALSE","Q184R2"
"primary_202003_forest_FALSE","Q184R3"
"primary_202003_forest_FALSE","Q187R1"
"primary_202003_forest_FALSE","Q187R2"
"primary_202003_forest_FALSE","Q187R3"
"primary_202003_forest_FALSE","Q187R4"
"primary_202003_forest_FALSE","Q187R5"
"primary_202003_forest_FALSE","Q192"
"primary_202003_forest_FALSE","Q193"
"primary_202003_forest_FALSE","Q194"
"primary_202003_forest_FALSE","Q202R1"
"primary_202003_forest_FALSE","Q202R2"
"primary_202003_forest_FALSE","Q202R3"
"primary_202003_forest_FALSE","Q203"
"primary_202003_forest_FALSE","Q204"
"primary_202003_forest_FALSE","Q205"
"primary_202003_forest_FALSE","Q206"
"primary_202003_forest_FALSE","Q207"
"primary_202003_forest_FALSE","Q208R1"
"primary_202003_forest_FALSE","Q208R2"
"primary_202003_forest_FALSE","Q208R3"
"primary_202003_forest_FALSE","Q208R4"
"primary_202003_forest_FALSE","Q208R5"
"primary_202003_forest_FALSE","Q213R1"
"primary_202003_forest_FALSE","Q213R2"
"primary_202003_forest_FALSE","Q213R3"
"primary_202003_forest_FALSE","Q213R4"
"primary_202003_forest_FALSE","Q217R1"
"primary_202003_forest_FALSE","Q217R2"
"primary_202003_forest_FALSE","Q217R3"
"primary_202003_forest_FALSE","Q217R4"
"primary_202003_forest_FALSE","Q221R1"
"primary_202003_forest_FALSE","Q221R2"
"primary_202003_forest_FALSE","Q221R3"
"primary_202003_forest_FALSE","Q221R4"
"primary_202003_forest_FALSE","Q225R1"
"primary_202003_forest_FALSE","Q225R2"
"primary_202003_forest_FALSE","Q225R3"
"primary_202003_forest_FALSE","Q225R4"
"primary_202003_forest_FALSE","Q225R5"
"primary_202003_forest_FALSE","Q225R6"
"primary_202003_forest_FALSE","Q225R7"
"primary_202003_forest_FALSE","Q225R8"
"primary_202003_forest_FALSE","Q225R9"
"primary_202003_forest_FALSE","Q225R10"
"primary_202003_forest_FALSE","Q225R11"
"primary_202003_forest_FALSE","Q225R12"
"primary_202003_forest_FALSE","Q225R13"
"primary_202003_forest_FALSE","Q225R14"
"primary_202003_forest_FALSE","Q239R1"
"primary_202003_forest_FALSE","Q239R2"
"primary_202003_forest_FALSE","Q239R3"
"primary_202003_forest_FALSE","Q239R4"
"primary_202003_forest_FALSE","Q243R1"
"primary_202003_forest_FALSE","Q243R2"
"primary_202003_forest_FALSE","Q243R3"
"primary_202003_forest_FALSE","Q243R4"
"primary_202003_forest_FALSE","Q247"
"primary_202003_forest_FALSE","Q248"
"primary_202003_forest_FALSE","Q249"
"primary_202003_forest_FALSE","Q250R1"
"primary_202003_forest_FALSE","Q250R2"
"primary_202003_forest_FALSE","Q250R3"
"primary_202003_forest_FALSE","Q250R5"
"primary_202003_forest_FALSE","Q250R8"
"primary_202003_forest_FALSE","Q251"
"primary_202003_forest_FALSE","Q252"
"primary_202003_forest_FALSE","Q253"
"primary_202003_forest_FALSE","Q254"
"primary_202003_forest_FALSE","Q255"
"primary_202003_forest_FALSE","Q256"
"primary_202003_forest_FALSE","Q257AR1"
"primary_202003_forest_FALSE","Q257AR2"
"primary_202003_forest_FALSE","Q257AR3"
"primary_202003_forest_FALSE","Q257AR4"
"primary_202003_forest_FALSE","Q257BR1"
"primary_202003_forest_FALSE","Q257BR2"
"primary_202003_forest_FALSE","Q257BR3"
"primary_202003_forest_FALSE","Q257BR4"
"primary_202003_forest_FALSE","Q257CR1"
"primary_202003_forest_FALSE","Q257CR2"
"primary_202003_forest_FALSE","Q257CR3"
"primary_202003_forest_FALSE","Q257CR4"
"primary_202003_forest_FALSE","Q258"
"primary_202003_forest_FALSE","Q260"
"primary_202003_forest_FALSE","Q261"
"primary_202003_forest_FALSE","Q262"
"primary_202003_forest_FALSE","Q263"
"primary_202003_forest_FALSE","Q264"
"primary_202003_forest_FALSE","Q265"
"primary_202003_forest_FALSE","Q266"
"primary_202003_forest_FALSE","Q267"
"primary_202003_forest_FALSE","Q268"
"primary_202003_forest_FALSE","Q269"
"primary_202003_forest_FALSE","Q270"
"primary_202003_forest_FALSE","Q271"
"primary_202003_forest_FALSE","Q273R1"
"primary_202003_forest_FALSE","Q273R2"
"primary_202003_forest_FALSE","Q273R3"
"primary_202003_forest_FALSE","Q273R4"
"primary_202003_forest_FALSE","Q273R5"
"primary_202003_forest_FALSE","Q278"
"primary_202003_forest_FALSE","Q279"
"primary_202003_forest_FALSE","Q280"
"primary_202003_forest_FALSE","Q281R1"
"primary_202003_forest_FALSE","Q281R2"
"primary_202003_forest_FALSE","Q281R3"
"primary_202003_forest_FALSE","Q281R4"
"primary_202003_forest_FALSE","Q281R5"
"primary_202003_forest_FALSE","Q281R6"
"primary_202003_forest_FALSE","Q281R7"
"primary_202003_forest_FALSE","Q281R8"
"primary_202003_forest_FALSE","Q281R9"
"primary_202003_forest_FALSE","Q282"
"primary_202003_forest_FALSE","Q283"
"primary_202003_forest_FALSE","Q285"
"primary_202003_forest_FALSE","Q286"
"primary_202003_forest_FALSE","Q287R1"
"primary_202003_forest_FALSE","Q287R2"
"primary_202003_forest_FALSE","Q287R3"
"primary_202003_forest_FALSE","Q287R4"
"primary_202003_forest_FALSE","Q287R5"
"primary_202003_forest_FALSE","Q287R6"
"primary_202003_forest_FALSE","Q287R7"
"primary_202003_forest_FALSE","Q294"
"primary_202003_forest_FALSE","Q295R1"
"primary_202003_forest_FALSE","Q295R2"
"primary_202003_forest_FALSE","Q295R3"
"primary_202003_forest_FALSE","Q295R4"
"primary_202003_forest_FALSE","Q295R5"
"primary_202003_forest_FALSE","Q295R6"
"primary_202003_forest_FALSE","Q301R1"
"primary_202003_forest_FALSE","Q301R2"
"primary_202003_forest_FALSE","Q301R3"
"primary_202003_forest_FALSE","Q301R4"
"primary_202003_forest_FALSE","Q301R5"
"primary_202003_forest_FALSE","Q301R6"
"primary_202003_forest_FALSE","Q301R7"
"primary_202003_forest_FALSE","Q308R1"
"primary_202003_forest_FALSE","Q308R2"
"primary_202003_forest_FALSE","Q308R3"
"primary_202003_forest_FALSE","Q308R4"
"primary_202003_forest_FALSE","Q308R5"
"primary_202003_forest_FALSE","Q308R6"
"primary_202003_forest_FALSE","Q308R7"
"primary_202003_forest_FALSE","Q315"
"primary_202003_forest_FALSE","Q316R1"
"primary_202003_forest_FALSE","Q316R2"
"primary_202003_forest_FALSE","Q316R3"
"primary_202003_forest_FALSE","Q316R4"
"primary_202003_forest_FALSE","Q316R5"
"primary_202003_forest_FALSE","Q316R6"
"primary_202003_forest_FALSE","Q316R7"
"primary_202003_forest_FALSE","Q329R2"
"primary_202003_forest_FALSE","Q329R3"
"primary_202003_forest_FALSE","Q329R4"
"primary_202003_forest_FALSE","Q329R5"
"primary_202003_forest_FALSE","Q329R7"
"primary_202003_forest_FALSE","Q329R8"
"primary_202003_forest_FALSE","Q329R9"
"primary_202003_forest_FALSE","Q329R10"
"primary_202003_forest_FALSE","Q330"
"primary_202003_forest_FALSE","Q331"
"primary_202003_forest_FALSE","Q332"
"primary_202003_forest_FALSE","Q333"
"primary_202003_forest_FALSE","Q334"
"primary_202003_forest_FALSE","Q335"
"primary_202003_forest_FALSE","Q339"
"primary_202003_forest_FALSE","Q343R1"
"primary_202003_forest_FALSE","Q343R2"
"primary_202003_forest_FALSE","Q343R3"
"primary_202003_forest_FALSE","Q343R4"
"primary_202003_forest_FALSE","Q347"
"primary_202003_forest_FALSE","Q348"
"primary_202003_forest_FALSE","Q349"
"primary_202003_forest_FALSE","Q350"
"primary_202003_forest_FALSE","Q351"
"primary_202003_forest_FALSE","Q352"
"primary_202003_forest_FALSE","Q356"
"primary_202003_forest_FALSE","Q357"
"primary_202003_forest_FALSE","Q358"
"primary_202003_forest_FALSE","Q359R1"
"primary_202003_forest_FALSE","Q359R2"
"primary_202003_forest_FALSE","Q359R3"
"primary_202003_forest_FALSE","Q359R4"
"primary_202003_forest_FALSE","Q363"
"primary_202003_forest_FALSE","Q364"
"primary_202003_forest_FALSE","Q365"
"primary_202003_forest_FALSE","Q366R1"
"primary_202003_forest_FALSE","Q366R2"
"primary_202003_forest_FALSE","Q366R3"
"primary_202003_forest_FALSE","Q366R4"
"primary_202003_forest_FALSE","Q367"
"primary_202003_forest_FALSE","Q368"
"primary_202003_forest_FALSE","Q369"
"primary_202003_forest_FALSE","Q370"
"primary_202003_forest_FALSE","Q371"
"primary_202003_forest_FALSE","Q372"
"primary_202003_forest_FALSE","Q377"
"primary_202003_forest_FALSE","Q378"
"primary_202003_forest_FALSE","Q379"
"primary_202003_forest_FALSE","Q380"
"primary_202003_forest_FALSE","Q381_Q383R1"
"primary_202003_forest_FALSE","Q381_Q383R2"
"primary_202003_forest_FALSE","Q381_Q383R3"
"primary_202003_forest_FALSE","Q384R1"
"primary_202003_forest_FALSE","Q385"
"primary_202003_forest_FALSE","Q386_Q390R1"
"primary_202003_forest_FALSE","Q386_Q390R2"
"primary_202003_forest_FALSE","Q386_Q390R3"
"primary_202003_forest_FALSE","Q386_Q390R4"
"primary_202003_forest_FALSE","Q386_Q390R5"
"primary_202003_forest_FALSE","Q391_Q393R1"
"primary_202003_forest_FALSE","Q391_Q393R2"
"primary_202003_forest_FALSE","Q391_Q393R3"
"primary_202003_forest_FALSE","Q394"
"primary_202003_forest_FALSE","Q395"
"primary_202003_forest_FALSE","Q396_Q398R1"
"primary_202003_forest_FALSE","Q396_Q398R2"
"primary_202003_forest_FALSE","Q396_Q398R3"
"primary_202003_forest_FALSE","Q399"
"primary_202003_forest_FALSE","Q400"
"primary_202003_forest_FALSE","Q401_Q404R1"
"primary_202003_forest_FALSE","Q401_Q404R2"
"primary_202003_forest_FALSE","Q401_Q404R3"
"primary_202003_forest_FALSE","Q401_Q404R4"
"primary_202003_forest_FALSE","Q405"
"primary_202003_forest_FALSE","Q406"
"primary_202003_forest_FALSE","Q407R1"
"primary_202003_forest_FALSE","Q407R2"
"primary_202003_forest_FALSE","Q407R3"
"primary_202003_forest_FALSE","Q407R4"
"primary_202003_forest_FALSE","Q407R5"
"primary_202003_forest_FALSE","Q408"
"primary_202003_forest_FALSE","Q409"
"primary_202003_forest_FALSE","Q410"
"primary_202003_forest_FALSE","Q411_Q416R1"
"primary_202003_forest_FALSE","Q411_Q416R2"
"primary_202003_forest_FALSE","Q411_Q416R3"
"primary_202003_forest_FALSE","Q411_Q416R4"
"primary_202003_forest_FALSE","Q411_Q416R5"
"primary_202003_forest_FALSE","Q411_Q416R6"
"primary_202003_forest_FALSE","Q417_Q424R1"
"primary_202003_forest_FALSE","Q417_Q424R2"
"primary_202003_forest_FALSE","Q417_Q424R3"
"primary_202003_forest_FALSE","Q417_Q424R4"
"primary_202003_forest_FALSE","Q417_Q424R5"
"primary_202003_forest_FALSE","Q417_Q424R6"
"primary_202003_forest_FALSE","Q417_Q424R7"
"primary_202003_forest_FALSE","Q417_Q424R8"
"primary_202003_forest_FALSE","Q425"
"primary_202003_forest_FALSE","Q428R1"
"primary_202003_forest_FALSE","Q428R2"
"primary_202003_forest_FALSE","Q428R3"
"primary_202003_forest_FALSE","Q428R4"
"primary_202003_forest_FALSE","Q428R6"
"primary_202003_forest_FALSE","Q428R5"
"primary_202003_forest_FALSE","Q429_Q440R1"
"primary_202003_forest_FALSE","Q429_Q440R2"
"primary_202003_forest_FALSE","Q429_Q440R3"
"primary_202003_forest_FALSE","Q429_Q440R4"
"primary_202003_forest_FALSE","Q429_Q440R5"
"primary_202003_forest_FALSE","Q429_Q440R6"
"primary_202003_forest_FALSE","Q429_Q440R7"
"primary_202003_forest_FALSE","Q429_Q440R8"
"primary_202003_forest_FALSE","Q429_Q440R9"
"primary_202003_forest_FALSE","Q429_Q440R10"
"primary_202003_forest_FALSE","Q429_Q440R11"
"primary_202003_forest_FALSE","Q429_Q440R12"
"primary_202003_forest_FALSE","Q441_Q452R1"
"primary_202003_forest_FALSE","Q441_Q452R2"
"primary_202003_forest_FALSE","Q441_Q452R3"
"primary_202003_forest_FALSE","Q441_Q452R4"
"primary_202003_forest_FALSE","Q441_Q452R5"
"primary_202003_forest_FALSE","Q441_Q452R6"
"primary_202003_forest_FALSE","Q441_Q452R7"
"primary_202003_forest_FALSE","Q441_Q452R8"
"primary_202003_forest_FALSE","Q441_Q452R9"
"primary_202003_forest_FALSE","Q441_Q452R10"
"primary_202003_forest_FALSE","Q441_Q452R11"
"primary_202003_forest_FALSE","Q441_Q452R12"
"primary_202003_forest_FALSE","Q453"
"primary_202003_forest_FALSE","Q454"
"primary_202003_forest_FALSE","Q455"
"primary_202003_forest_FALSE","Q456_Q461R1"
"primary_202003_forest_FALSE","Q456_Q461R2"
"primary_202003_forest_FALSE","Q456_Q461R3"
"primary_202003_forest_FALSE","Q456_Q461R4"
"primary_202003_forest_FALSE","Q456_Q461R5"
"primary_202003_forest_FALSE","Q456_Q461R6"
"primary_202003_forest_FALSE","Q462"
"primary_202003_forest_FALSE","Q463"
"primary_202003_forest_FALSE","Q466"
"primary_202003_forest_FALSE","Q467_Q469R1"
"primary_202003_forest_FALSE","Q467_Q469R2"
"primary_202003_forest_FALSE","Q467_Q469R3"
"primary_202003_forest_FALSE","Q470"
"primary_202003_forest_FALSE","Q471R6"
"primary_202003_forest_FALSE","Q471R7"
"primary_202003_forest_FALSE","Q471R8"
"primary_202003_forest_FALSE","Q471R9"
"primary_202003_forest_FALSE","Q472_Q474R1"
"primary_202003_forest_FALSE","Q472_Q474R2"
"primary_202003_forest_FALSE","Q472_Q474R3"
"primary_202003_forest_FALSE","Q475R1"
"primary_202003_forest_FALSE","Q475R2"
"primary_202003_forest_FALSE","Q475R3"
"primary_202003_forest_FALSE","Q475R4"
"primary_202003_forest_FALSE","Q475R5"
"primary_202003_forest_FALSE","Q475R6"
"primary_202003_forest_FALSE","Q475R7"
"primary_202003_forest_FALSE","Q476"
"primary_202003_forest_FALSE","Q477"
"primary_202003_forest_FALSE","Q478_Q483R1"
"primary_202003_forest_FALSE","Q478_Q483R2"
"primary_202003_forest_FALSE","Q478_Q483R3"
"primary_202003_forest_FALSE","Q478_Q483R4"
"primary_202003_forest_FALSE","Q478_Q483R5"
"primary_202003_forest_FALSE","Q478_Q483R6"
"primary_202003_forest_FALSE","Q484"
"primary_202003_forest_FALSE","Q485"
"primary_202003_forest_FALSE","Q486"
"primary_202003_forest_FALSE","Q487_Q489R1"
"primary_202003_forest_FALSE","Q487_Q489R2"
"primary_202003_forest_FALSE","Q487_Q489R3"
"primary_202003_forest_FALSE","Q490R1"
"primary_202003_forest_FALSE","Q490R2"
"primary_202003_forest_FALSE","Q490R3"
"primary_202003_forest_FALSE","Q490R4"
"primary_202003_forest_FALSE","Q490R5"
"primary_202003_forest_FALSE","Q490R6"
"primary_202003_forest_FALSE","Q490R7"
"primary_202003_forest_FALSE","Q490R8"
"primary_202003_forest_FALSE","Q491A"
"primary_202003_forest_FALSE","Q491R1"
"primary_202003_forest_FALSE","Q491R2"
"primary_202003_forest_FALSE","Q491R3"
"primary_202003_forest_FALSE","Q491R4"
"primary_202003_forest_FALSE","Q491R5"
"primary_202003_forest_FALSE","Q491R6"
"primary_202003_forest_FALSE","Q491R7"
"primary_202003_forest_FALSE","Q492"
"primary_202003_forest_FALSE","Q493"
"primary_202003_forest_FALSE","Q494_Q503R1"
"primary_202003_forest_FALSE","Q494_Q503R2"
"primary_202003_forest_FALSE","Q494_Q503R3"
"primary_202003_forest_FALSE","Q494_Q503R4"
"primary_202003_forest_FALSE","Q494_Q503R5"
"primary_202003_forest_FALSE","Q494_Q503R6"
"primary_202003_forest_FALSE","Q494_Q503R7"
"primary_202003_forest_FALSE","Q494_Q503R8"
"primary_202003_forest_FALSE","Q494_Q503R9"
"primary_202003_forest_FALSE","Q494_Q503R10"
"primary_202003_forest_FALSE","Q504R1"
"primary_202003_forest_FALSE","Q504R2"
"primary_202003_forest_FALSE","Q504R3"
"primary_202003_forest_FALSE","Q504R4"
"primary_202003_forest_FALSE","Q504R5"
"primary_202003_forest_FALSE","Q504R6"
"primary_202003_forest_FALSE","Q504R7"
"primary_202003_forest_FALSE","Q504R8"
"primary_202003_forest_FALSE","Q505_Q508R1"
"primary_202003_forest_FALSE","Q505_Q508R2"
"primary_202003_forest_FALSE","Q505_Q508R3"
"primary_202003_forest_FALSE","Q505_Q508R4"
"primary_202003_forest_FALSE","Q509_Q511R1"
"primary_202003_forest_FALSE","Q509_Q511R2"
"primary_202003_forest_FALSE","Q512R1"
"primary_202003_forest_FALSE","Q512R2"
"primary_202003_forest_FALSE","Q512R3"
"primary_202003_forest_FALSE","Q513_Q516R1"
"primary_202003_forest_FALSE","Q513_Q516R2"
"primary_202003_forest_FALSE","Q513_Q516R3"
"primary_202003_forest_FALSE","Q517"
"primary_202003_forest_FALSE","Q518"
"primary_202003_forest_FALSE","Q519"
"primary_202003_forest_FALSE","Q520"
"primary_202003_forest_FALSE","Q521_Q528R1"
"primary_202003_forest_FALSE","Q521_Q528R2"
"primary_202003_forest_FALSE","Q521_Q528R3"
"primary_202003_forest_FALSE","Q521_Q528R4"
"primary_202003_forest_FALSE","Q521_Q528R5"
"primary_202003_forest_FALSE","Q521_Q528R6"
"primary_202003_forest_FALSE","Q521_Q528R7"
"primary_202003_forest_FALSE","Q521_Q528R8"
"primary_202003_forest_FALSE","Q529"
"primary_202003_forest_FALSE","Q530"
"primary_202003_forest_FALSE","Q531"
"primary_202003_forest_FALSE","Q534R1"
"primary_202003_forest_FALSE","Q534R2"
"primary_202003_forest_FALSE","Q534R3"
"primary_202003_forest_FALSE","Q534R4"
"primary_202003_forest_FALSE","Q534R5"
"primary_202003_forest_FALSE","Q535_Q538R1"
"primary_202003_forest_FALSE","Q535_Q538R2"
"primary_202003_forest_FALSE","Q535_Q538R3"
"primary_202003_forest_FALSE","Q535_Q538R4"
"primary_202003_forest_FALSE","Q539R1"
"primary_202003_forest_FALSE","Q539R2"
"primary_202003_forest_FALSE","Q539R3"
"primary_202003_forest_FALSE","Q539R4"
"primary_202003_forest_FALSE","Q539R6"
"primary_202003_forest_FALSE","Q539R5"
"primary_202003_forest_FALSE","Q540R1"
"primary_202003_forest_FALSE","Q541"
"primary_202003_forest_FALSE","Q542"
"primary_202003_forest_FALSE","Q543"
"primary_202003_forest_FALSE","Q544"
"primary_202003_forest_FALSE","Q545R7"
"primary_202003_forest_FALSE","Q546R7"
"primary_202003_forest_FALSE","Q547R7"
"primary_202003_forest_FALSE","Q548R7"
"primary_202003_forest_FALSE","Q549R7"
"primary_202003_forest_FALSE","Q550R1"
"primary_202003_forest_FALSE","Q550R2"
"primary_202003_forest_FALSE","Q550R3"
"primary_202003_forest_FALSE","Q550R4"
"primary_202003_forest_FALSE","Q550R5"
"primary_202003_forest_FALSE","Q550R6"
"primary_202003_forest_FALSE","Q551_Q559R1"
"primary_202003_forest_FALSE","Q551_Q559R2"
"primary_202003_forest_FALSE","Q551_Q559R3"
"primary_202003_forest_FALSE","Q551_Q559R4"
"primary_202003_forest_FALSE","Q551_Q559R5"
"primary_202003_forest_FALSE","Q551_Q559R6"
"primary_202003_forest_FALSE","Q551_Q559R7"
"primary_202003_forest_FALSE","Q551_Q559R8"
"primary_202003_forest_FALSE","Q551_Q559R9"
"primary_202003_forest_FALSE","Q560R1"
"primary_202003_forest_FALSE","Q560R2"
"primary_202003_forest_FALSE","Q560R3"
"primary_202003_forest_FALSE","Q560R4"
"primary_202003_forest_FALSE","Q560R5"
"primary_202003_forest_FALSE","Q560R6"
"primary_202003_forest_FALSE","Q560R7"
"primary_202003_forest_FALSE","Q560R8"
"primary_202003_forest_FALSE","Q561"
"primary_202003_forest_FALSE","Q562"
"primary_202003_forest_FALSE","Q563_Q572R1"
"primary_202003_forest_FALSE","Q563_Q572R2"
"primary_202003_forest_FALSE","Q563_Q572R3"
"primary_202003_forest_FALSE","Q563_Q572R4"
"primary_202003_forest_FALSE","Q563_Q572R5"
"primary_202003_forest_FALSE","Q563_Q572R6"
"primary_202003_forest_FALSE","Q563_Q572R7"
"primary_202003_forest_FALSE","Q563_Q572R8"
"primary_202003_forest_FALSE","Q563_Q572R9"
"primary_202003_forest_FALSE","Q563_Q572R10"
"primary_202003_forest_FALSE","Q573"
"primary_202003_forest_FALSE","Q574"
"primary_202003_forest_FALSE","Q582"
"primary_202003_forest_FALSE","Q583"
"primary_202003_forest_FALSE","Q584"
"primary_202003_forest_FALSE","Q585_Q590R1"
"primary_202003_forest_FALSE","Q585_Q590R2"
"primary_202003_forest_FALSE","Q585_Q590R3"
"primary_202003_forest_FALSE","Q585_Q590R4"
"primary_202003_forest_FALSE","Q585_Q590R5"
"primary_202003_forest_FALSE","Q585_Q590R6"
"primary_202003_forest_FALSE","Q591_Q596R1"
"primary_202003_forest_FALSE","Q591_Q596R2"
"primary_202003_forest_FALSE","Q591_Q596R3"
"primary_202003_forest_FALSE","Q591_Q596R4"
"primary_202003_forest_FALSE","Q591_Q596R5"
"primary_202003_forest_FALSE","Q591_Q596R6"
"primary_202003_forest_FALSE","Q597_Q602R1"
"primary_202003_forest_FALSE","Q597_Q602R2"
"primary_202003_forest_FALSE","Q597_Q602R3"
"primary_202003_forest_FALSE","Q597_Q602R4"
"primary_202003_forest_FALSE","Q597_Q602R5"
"primary_202003_forest_FALSE","Q597_Q602R6"
"primary_202003_forest_FALSE","Q603R1"
"primary_202003_forest_FALSE","Q603R2"
"primary_202003_forest_FALSE","Q603R3"
"primary_202003_forest_FALSE","Q603R4"
"primary_202003_forest_FALSE","Q603R5"
"primary_202003_forest_FALSE","Q603R6"
"primary_202003_forest_FALSE","Q603R7"
"primary_202003_forest_FALSE","Q603R8"
"primary_202003_forest_FALSE","Q603R9"
"primary_202003_forest_FALSE","Q603R10"
"primary_202003_forest_FALSE","Q604_Q605R1"
"primary_202003_forest_FALSE","Q604_Q605R2"
"primary_202003_forest_FALSE","Q606R1"
"primary_202003_forest_FALSE","Q606R2"
"primary_202003_forest_FALSE","Q606R3"
"primary_202003_forest_FALSE","Q606R4"
"primary_202003_forest_FALSE","Q606R5"
"primary_202003_forest_FALSE","Q606R6"
"primary_202003_forest_FALSE","Q607_Q610R1"
"primary_202003_forest_FALSE","Q607_Q610R2"
"primary_202003_forest_FALSE","Q607_Q610R3"
"primary_202003_forest_FALSE","Q607_Q610R4"
"primary_202003_forest_FALSE","Q611"
"primary_202003_forest_FALSE","Q613"
"primary_202003_forest_FALSE","Q616_Q618R1"
"primary_202003_forest_FALSE","Q616_Q618R2"
"primary_202003_forest_FALSE","Q616_Q618R3"
"primary_202003_forest_FALSE","Q619_Q626R1"
"primary_202003_forest_FALSE","Q619_Q626R2"
"primary_202003_forest_FALSE","Q619_Q626R3"
"primary_202003_forest_FALSE","Q619_Q626R4"
"primary_202003_forest_FALSE","Q619_Q626R5"
"primary_202003_forest_FALSE","Q619_Q626R6"
"primary_202003_forest_FALSE","Q619_Q626R7"
"primary_202003_forest_FALSE","Q619_Q626R8"
"primary_202003_forest_FALSE","Q627"
"primary_202003_forest_FALSE","Q628"
"primary_202003_forest_FALSE","Q629R1"
"primary_202003_forest_FALSE","Q629R2"
"primary_202003_forest_FALSE","Q629R3"
"primary_202003_forest_FALSE","Q629R4"
"primary_202003_forest_FALSE","Q629R5"
"primary_202003_forest_FALSE","Q629R6"
"primary_202003_forest_FALSE","Q629R7"
"primary_202003_forest_FALSE","Q630_Q632R1"
"primary_202003_forest_FALSE","Q630_Q632R2"
"primary_202003_forest_FALSE","Q630_Q632R3"
"primary_202003_forest_FALSE","Q633"
"primary_202003_forest_FALSE","Q639"
"primary_202003_forest_FALSE","Q640_Q645R1"
"primary_202003_forest_FALSE","Q640_Q645R2"
"primary_202003_forest_FALSE","Q640_Q645R3"
"primary_202003_forest_FALSE","Q640_Q645R4"
"primary_202003_forest_FALSE","Q640_Q645R5"
"primary_202003_forest_FALSE","Q640_Q645R6"
"primary_202003_forest_FALSE","Q646_Q651R1"
"primary_202003_forest_FALSE","Q646_Q651R2"
"primary_202003_forest_FALSE","Q646_Q651R3"
"primary_202003_forest_FALSE","Q646_Q651R4"
"primary_202003_forest_FALSE","Q646_Q651R5"
"primary_202003_forest_FALSE","Q646_Q651R6"
"primary_202003_forest_FALSE","Q646_Q651R7"
"primary_202003_forest_FALSE","Q646_Q651R8"
"primary_202003_forest_FALSE","Q646_Q651R9"
"primary_202003_forest_FALSE","Q646_Q651R10"
"primary_202003_forest_FALSE","Q646_Q651R11"
"primary_202003_forest_FALSE","Q652_Q658R1"
"primary_202003_forest_FALSE","Q652_Q658R2"
"primary_202003_forest_FALSE","Q652_Q658R3"
"primary_202003_forest_FALSE","Q652_Q658R4"
"primary_202003_forest_FALSE","Q652_Q658R5"
"primary_202003_forest_FALSE","Q652_Q658R6"
"primary_202003_forest_FALSE","Q652_Q658R7"
"primary_202003_forest_FALSE","Q659R1"
"primary_202003_forest_FALSE","Q659R2"
"primary_202003_forest_FALSE","Q659R3"
"primary_202003_forest_FALSE","Q659R4"
"primary_202003_forest_FALSE","Q659R5"
"primary_202003_forest_FALSE","Q659R6"
"primary_202003_forest_FALSE","Q659R7"
"primary_202003_forest_FALSE","Q659R8"
"primary_202003_forest_FALSE","Q660"
"primary_202003_forest_FALSE","Q661"
"primary_202003_forest_FALSE","Q662R1"
"primary_202003_forest_FALSE","Q662R2"
"primary_202003_forest_FALSE","Q662R3"
"primary_202003_forest_FALSE","Q662R4"
"primary_202003_forest_FALSE","Q662R5"
"primary_202003_forest_FALSE","Q662R6"
"primary_202003_forest_FALSE","Q663_Q666R1"
"primary_202003_forest_FALSE","Q663_Q666R2"
"primary_202003_forest_FALSE","Q663_Q666R3"
"primary_202003_forest_FALSE","Q663_Q666R4"
"primary_202003_forest_FALSE","Q667_Q671R1"
"primary_202003_forest_FALSE","Q667_Q671R2"
"primary_202003_forest_FALSE","Q667_Q671R3"
"primary_202003_forest_FALSE","Q667_Q671R4"
"primary_202003_forest_FALSE","Q667_Q671R5"
"primary_202003_forest_FALSE","Q672"
"primary_202003_forest_FALSE","Q673"
"primary_202003_forest_FALSE","Q674R1"
"primary_202003_forest_FALSE","Q675"
"primary_202003_forest_FALSE","Q676_Q678R1"
"primary_202003_forest_FALSE","Q676_Q678R2"
"primary_202003_forest_FALSE","Q676_Q678R3"
"primary_202003_forest_FALSE","Q679_Q682R1"
"primary_202003_forest_FALSE","Q679_Q682R2"
"primary_202003_forest_FALSE","Q679_Q682R3"
"primary_202003_forest_FALSE","Q679_Q682R4"
"primary_202003_forest_FALSE","Q683"
"primary_202003_forest_FALSE","Q685"
"primary_202003_forest_FALSE","Q686"
"primary_202003_forest_FALSE","Q687"
"primary_202003_forest_FALSE","Q688"
"primary_202003_forest_FALSE","Q689"
"primary_202003_forest_FALSE","Q690"
"primary_202003_forest_FALSE","Q691"
"primary_202003_forest_FALSE","Q692"
"primary_202003_forest_FALSE","Q693_Q700R1"
"primary_202003_forest_FALSE","Q693_Q700R2"
"primary_202003_forest_FALSE","Q693_Q700R3"
"primary_202003_forest_FALSE","Q693_Q700R4"
"primary_202003_forest_FALSE","Q693_Q700R5"
"primary_202003_forest_FALSE","Q693_Q700R6"
"primary_202003_forest_FALSE","Q693_Q700R7"
"primary_202003_forest_FALSE","Q693_Q700R8"
"primary_202003_forest_FALSE","Q701_Q705R1"
"primary_202003_forest_FALSE","Q701_Q705R2"
"primary_202003_forest_FALSE","Q701_Q705R3"
"primary_202003_forest_FALSE","Q701_Q705R4"
"primary_202003_forest_FALSE","Q701_Q705R5"
"primary_202003_forest_FALSE","Q706_Q708R1"
"primary_202003_forest_FALSE","Q706_Q708R2"
"primary_202003_forest_FALSE","Q706_Q708R3"
"primary_202003_forest_FALSE","Q709_712R1"
"primary_202003_forest_FALSE","Q709_712R2"
"primary_202003_forest_FALSE","Q709_712R3"
"primary_202003_forest_FALSE","Q709_712R4"
"primary_202003_forest_FALSE","Q713"
"primary_202003_forest_FALSE","Q714"
"primary_202003_forest_FALSE","Q715_718R1"
"primary_202003_forest_FALSE","Q715_718R2"
"primary_202003_forest_FALSE","Q715_718R3"
"primary_202003_forest_FALSE","Q715_718R4"
"primary_202003_forest_FALSE","Q719"
"primary_202003_forest_FALSE","Q720_Q722R1"
"primary_202003_forest_FALSE","Q720_Q722R2"
"primary_202003_forest_FALSE","Q720_Q722R3"
"primary_202003_forest_FALSE","Q723_Q725R1"
"primary_202003_forest_FALSE","Q723_Q725R2"
"primary_202003_forest_FALSE","Q723_Q725R3"
"primary_202003_forest_FALSE","Q726"
"primary_202003_forest_FALSE","Q727_Q731R1"
"primary_202003_forest_FALSE","Q727_Q731R2"
"primary_202003_forest_FALSE","Q727_Q731R3"
"primary_202003_forest_FALSE","Q727_Q731R4"
"primary_202003_forest_FALSE","Q727_Q731R5"
"primary_202003_forest_FALSE","Q732_Q737R1"
"primary_202003_forest_FALSE","Q732_Q737R2"
"primary_202003_forest_FALSE","Q732_Q737R3"
"primary_202003_forest_FALSE","Q732_Q737R4"
"primary_202003_forest_FALSE","Q732_Q737R5"
"primary_202003_forest_FALSE","Q732_Q737R6"
"primary_202003_forest_FALSE","Q738_Q740R1"
"primary_202003_forest_FALSE","Q738_Q740R2"
"primary_202003_forest_FALSE","Q738_Q740R3"
"primary_202003_forest_FALSE","Q741"
"primary_202003_forest_FALSE","Q742"
"primary_202003_forest_FALSE","Q743"
"primary_202003_forest_FALSE","Q744"
"primary_202003_forest_FALSE","Q745"
"primary_202003_forest_FALSE","Q746A"
"primary_202003_forest_FALSE","Q746B"
"primary_202003_forest_FALSE","Q747"
"primary_202003_forest_FALSE","Q748"
"primary_202003_forest_FALSE","Q749"
"primary_202003_forest_FALSE","Q750R1"
"primary_202003_forest_FALSE","Q750R2"
"primary_202003_forest_FALSE","Q750R3"
"primary_202003_forest_FALSE","Q750R4"
"primary_202003_forest_FALSE","Q750R5"
"primary_202003_forest_FALSE","Q750R6"
"primary_202003_forest_FALSE","Q750R7"
"primary_202003_forest_FALSE","Q751R1"
"primary_202003_forest_FALSE","Q751R2"
"primary_202003_forest_FALSE","Q751R3"
"primary_202003_forest_FALSE","Q751R4"
"primary_202003_forest_FALSE","Q751R5"
"primary_202003_forest_FALSE","Q752"
"primary_202003_forest_FALSE","Q753"
"primary_202003_forest_FALSE","Q754_Q762R1C1"
"primary_202003_forest_FALSE","Q754_Q762R1C2"
"primary_202003_forest_FALSE","Q754_Q762R1C3"
"primary_202003_forest_FALSE","Q754_Q762R2C1"
"primary_202003_forest_FALSE","Q754_Q762R2C2"
"primary_202003_forest_FALSE","Q754_Q762R2C3"
"primary_202003_forest_FALSE","Q754_Q762R3C1"
"primary_202003_forest_FALSE","Q754_Q762R3C2"
"primary_202003_forest_FALSE","Q754_Q762R3C3"
"primary_202003_forest_FALSE","Q754_Q762R4C1"
"primary_202003_forest_FALSE","Q754_Q762R4C2"
"primary_202003_forest_FALSE","Q754_Q762R4C3"
"primary_202003_forest_FALSE","Q754_Q762R5C1"
"primary_202003_forest_FALSE","Q754_Q762R5C2"
"primary_202003_forest_FALSE","Q754_Q762R5C3"
"primary_202003_forest_FALSE","Q754_Q762R6C1"
"primary_202003_forest_FALSE","Q754_Q762R6C2"
"primary_202003_forest_FALSE","Q754_Q762R6C3"
"primary_202003_forest_FALSE","Q754_Q762R7C1"
"primary_202003_forest_FALSE","Q754_Q762R7C2"
"primary_202003_forest_FALSE","Q754_Q762R7C3"
"primary_202003_forest_FALSE","Q754_Q762R8C1"
"primary_202003_forest_FALSE","Q754_Q762R8C2"
"primary_202003_forest_FALSE","Q754_Q762R8C3"
"primary_202003_forest_FALSE","Q754_Q762R9C1"
"primary_202003_forest_FALSE","Q754_Q762R9C2"
"primary_202003_forest_FALSE","Q754_Q762R9C3"
"primary_202003_forest_FALSE","Q763_Q766R1"
"primary_202003_forest_FALSE","Q763_Q766R2"
"primary_202003_forest_FALSE","Q763_Q766R3"
"primary_202003_forest_FALSE","Q763_Q766R4"
"primary_202003_forest_FALSE","Q767_Q771R1"
"primary_202003_forest_FALSE","Q767_Q771R2"
"primary_202003_forest_FALSE","Q767_Q771R3"
"primary_202003_forest_FALSE","Q767_Q771R4"
"primary_202003_forest_FALSE","Q767_Q771R5"
"primary_202003_forest_FALSE","Q773"
"primary_202003_forest_FALSE","VQ773"
"primary_202003_forest_FALSE","Q774"
"primary_202003_forest_FALSE","VQ774"
"primary_202003_forest_FALSE","Q775"
"primary_202003_forest_FALSE","Q777"
"primary_202003_forest_FALSE","Q779"
"primary_202003_forest_FALSE","Q782"
"primary_202003_forest_FALSE","Q785"
"primary_202003_forest_FALSE","Q788"
"primary_202003_forest_FALSE","Q790"
"primary_202003_forest_FALSE","Q793R1"
"primary_202003_forest_FALSE","Q793R2"
"primary_202003_forest_FALSE","Q793R3"
"primary_202003_forest_FALSE","Q793R4"
"primary_202003_forest_FALSE","Q793R5"
"primary_202003_forest_FALSE","Q794R1"
"primary_202003_forest_FALSE","Q794R2"
"primary_202003_forest_FALSE","Q794R3"
"primary_202003_forest_FALSE","Q794R4"
"primary_202003_forest_FALSE","Q794R5"
"primary_202003_forest_FALSE","Q794R6"
"primary_202003_forest_FALSE","Q795"
"primary_202003_forest_FALSE","Q796R1"
"primary_202003_forest_FALSE","Q796R2"
"primary_202003_forest_FALSE","Q796R3"
"primary_202003_forest_FALSE","Q796R4"
"primary_202003_forest_FALSE","Q796R5"
"primary_202003_forest_FALSE","Q797R1"
"primary_202003_forest_FALSE","Q797R2"
"primary_202003_forest_FALSE","Q797R3"
"primary_202003_forest_FALSE","Q797R4"
"primary_202003_forest_FALSE","Q797R5"
"primary_202003_forest_FALSE","Q797R6"
"primary_202003_forest_FALSE","Q797R7"
"primary_202003_forest_FALSE","Q797R9"
"primary_202003_forest_FALSE","Q797R10"
"primary_202003_forest_FALSE","Q798R1"
"primary_202003_forest_FALSE","Q798R2"
"primary_202003_forest_FALSE","Q798R3"
"primary_202003_forest_FALSE","Q798R4"
"primary_202003_forest_FALSE","Q798R5"
"primary_202003_forest_FALSE","Q798R6"
"primary_202003_forest_FALSE","Q798R7"
"primary_202003_forest_FALSE","Q798R9"
"primary_202003_forest_FALSE","Q798R10"
"primary_202003_forest_FALSE","Q799R1C1"
"primary_202003_forest_FALSE","Q799R2C1"
"primary_202003_forest_FALSE","Q799R3C1"
"primary_202003_forest_FALSE","Q799R4C1"
"primary_202003_forest_FALSE","Q799R5C1"
"primary_202003_forest_FALSE","Q799R6C1"
"primary_202003_forest_FALSE","Q799R7C1"
"primary_202003_forest_FALSE","Q799R8C1"
"primary_202003_forest_FALSE","Q800R1C1"
"primary_202003_forest_FALSE","Q800R2C1"
"primary_202003_forest_FALSE","Q800R3C1"
"primary_202003_forest_FALSE","Q800R4C1"
"primary_202003_forest_FALSE","Q800R5C1"
"primary_202003_forest_FALSE","Q800R6C1"
"primary_202003_forest_FALSE","Q800R7C1"
"primary_202003_forest_FALSE","Q800R8C1"
"primary_202003_forest_FALSE","Q801"
"primary_202003_forest_FALSE","Q802"
"primary_202003_forest_FALSE","Q803"
"primary_202003_forest_FALSE","Q804"
"primary_202003_forest_FALSE","Q805"
"primary_202003_forest_FALSE","Q806"
"primary_202003_forest_FALSE","Q808"
"primary_202003_forest_FALSE","Q809"
"primary_202003_forest_FALSE","Q810"
"primary_202003_forest_FALSE","Q811"
"primary_202003_forest_FALSE","Q812"
"primary_202003_forest_FALSE","Q813"
"primary_202003_forest_FALSE","Q814"
"primary_202003_forest_FALSE","Q815"
"primary_202003_forest_FALSE","Q816"
"primary_202003_forest_FALSE","Q818"
"primary_202003_forest_FALSE","Q819"
"primary_202003_forest_FALSE","Q820"
"withheld_202003_forest_FALSE","S1"
"withheld_202003_forest_FALSE","S2_RACER1"
"withheld_202003_forest_FALSE","S2_RACER3"
"withheld_202003_forest_FALSE","S2_RACE_PRIME"
"withheld_202003_forest_FALSE","S2_NATIVER1"
"withheld_202003_forest_FALSE","S2_NATIVER2"
"withheld_202003_forest_FALSE","S2_NATIVER3"
"withheld_202003_forest_FALSE","S2_NATIVER4"
"withheld_202003_forest_FALSE","S2_NATIVER5"
"withheld_202003_forest_FALSE","S2_AFROLATR1"
"withheld_202003_forest_FALSE","S2_AFROLATR2"
"withheld_202003_forest_FALSE","S2_AFROLATR3"
"withheld_202003_forest_FALSE","S2_AFROLATR4"
"withheld_202003_forest_FALSE","S2_AFROLATR5"
"withheld_202003_forest_FALSE","S3"
"withheld_202003_forest_FALSE","S3B"
"withheld_202003_forest_FALSE","S3C"
"withheld_202003_forest_FALSE","S4"
"withheld_202003_forest_FALSE","S5"
"withheld_202003_forest_FALSE","S7"
"withheld_202003_forest_FALSE","S10"
"withheld_202003_forest_FALSE","S10_MEX"
"withheld_202003_forest_FALSE","S11"
"withheld_202003_forest_FALSE","S2_M"
"withheld_202003_forest_FALSE","S13"
"withheld_202003_forest_FALSE","S14"
"withheld_202003_forest_FALSE","Q58R1"
"withheld_202003_forest_FALSE","Q58R2"
"withheld_202003_forest_FALSE","Q58R3"
"withheld_202003_forest_FALSE","Q58R4"
"withheld_202003_forest_FALSE","Q58R5"
"withheld_202003_forest_FALSE","Q58R6"
"withheld_202003_forest_FALSE","Q58R7"
"withheld_202003_forest_FALSE","Q58R8"
"withheld_202003_forest_FALSE","Q58R9"
"withheld_202003_forest_FALSE","Q58R10"
"withheld_202003_forest_FALSE","Q58R11"
"withheld_202003_forest_FALSE","Q58R12"
"withheld_202003_forest_FALSE","Q58R13"
"withheld_202003_forest_FALSE","Q58R14"
"withheld_202003_forest_FALSE","Q58R15"
"withheld_202003_forest_FALSE","Q58R16"
"withheld_202003_forest_FALSE","Q58R17"
"withheld_202003_forest_FALSE","Q1R1"
"withheld_202003_forest_FALSE","Q1R2"
"withheld_202003_forest_FALSE","Q1R3"
"withheld_202003_forest_FALSE","Q1R4"
"withheld_202003_forest_FALSE","Q1R5"
"withheld_202003_forest_FALSE","Q1R6"
"withheld_202003_forest_FALSE","Q1R7"
"withheld_202003_forest_FALSE","Q1R8"
"withheld_202003_forest_FALSE","Q1R9"
"withheld_202003_forest_FALSE","Q1R10"
"withheld_202003_forest_FALSE","Q1R11"
"withheld_202003_forest_FALSE","Q1R12"
"withheld_202003_forest_FALSE","Q1R13"
"withheld_202003_forest_FALSE","Q1R14"
"withheld_202003_forest_FALSE","Q1R15"
"withheld_202003_forest_FALSE","Q1R16"
"withheld_202003_forest_FALSE","Q1R19"
"withheld_202003_forest_FALSE","Q1R20"
"withheld_202003_forest_FALSE","Q1R21"
"withheld_202003_forest_FALSE","Q1R22"
"withheld_202003_forest_FALSE","Q1R23"
"withheld_202003_forest_FALSE","Q13"
"withheld_202003_forest_FALSE","Q16"
"withheld_202003_forest_FALSE","Q20"
"withheld_202003_forest_FALSE","Q29"
"withheld_202003_forest_FALSE","Q30"
"withheld_202003_forest_FALSE","Q31"
"withheld_202003_forest_FALSE","Q32R1"
"withheld_202003_forest_FALSE","Q32R2"
"withheld_202003_forest_FALSE","Q32R3"
"withheld_202003_forest_FALSE","Q32R4"
"withheld_202003_forest_FALSE","Q32R5"
"withheld_202003_forest_FALSE","Q32R6"
"withheld_202003_forest_FALSE","Q32R7"
"withheld_202003_forest_FALSE","Q32R8"
"withheld_202003_forest_FALSE","Q32R9"
"withheld_202003_forest_FALSE","Q33R1"
"withheld_202003_forest_FALSE","Q33R2"
"withheld_202003_forest_FALSE","Q33R3"
"withheld_202003_forest_FALSE","Q33R4"
"withheld_202003_forest_FALSE","Q33R5"
"withheld_202003_forest_FALSE","Q38R1"
"withheld_202003_forest_FALSE","Q38R2"
"withheld_202003_forest_FALSE","Q38R3"
"withheld_202003_forest_FALSE","Q38R4"
"withheld_202003_forest_FALSE","Q39R1"
"withheld_202003_forest_FALSE","Q39R2"
"withheld_202003_forest_FALSE","Q39R3"
"withheld_202003_forest_FALSE","Q39R4"
"withheld_202003_forest_FALSE","Q39R5"
"withheld_202003_forest_FALSE","Q39R6"
"withheld_202003_forest_FALSE","Q39R7"
"withheld_202003_forest_FALSE","Q40"
"withheld_202003_forest_FALSE","Q41R1"
"withheld_202003_forest_FALSE","Q41R2"
"withheld_202003_forest_FALSE","Q41R3"
"withheld_202003_forest_FALSE","Q41R4"
"withheld_202003_forest_FALSE","Q42"
"withheld_202003_forest_FALSE","Q43"
"withheld_202003_forest_FALSE","Q44"
"withheld_202003_forest_FALSE","Q45"
"withheld_202003_forest_FALSE","Q46"
"withheld_202003_forest_FALSE","Q57"
"withheld_202003_forest_FALSE","Q59"
"withheld_202003_forest_FALSE","Q60R1"
"withheld_202003_forest_FALSE","Q60R2"
"withheld_202003_forest_FALSE","Q60R3"
"withheld_202003_forest_FALSE","Q60R4"
"withheld_202003_forest_FALSE","Q60R5"
"withheld_202003_forest_FALSE","Q60R6"
"withheld_202003_forest_FALSE","Q61"
"withheld_202003_forest_FALSE","Q62R1"
"withheld_202003_forest_FALSE","Q62R2"
"withheld_202003_forest_FALSE","Q62R3"
"withheld_202003_forest_FALSE","Q62R4"
"withheld_202003_forest_FALSE","Q62R5"
"withheld_202003_forest_FALSE","NEWQ67"
"withheld_202003_forest_FALSE","Q67"
"withheld_202003_forest_FALSE","Q68"
"withheld_202003_forest_FALSE","Q69"
"withheld_202003_forest_FALSE","Q70R1"
"withheld_202003_forest_FALSE","Q70R2"
"withheld_202003_forest_FALSE","Q70R3"
"withheld_202003_forest_FALSE","Q70R4"
"withheld_202003_forest_FALSE","Q70R5"
"withheld_202003_forest_FALSE","Q75"
"withheld_202003_forest_FALSE","Q76R1"
"withheld_202003_forest_FALSE","Q76R2"
"withheld_202003_forest_FALSE","Q76R3"
"withheld_202003_forest_FALSE","Q76R4"
"withheld_202003_forest_FALSE","Q76R5"
"withheld_202003_forest_FALSE","Q76R6"
"withheld_202003_forest_FALSE","Q77R1"
"withheld_202003_forest_FALSE","Q77R2"
"withheld_202003_forest_FALSE","Q77R3"
"withheld_202003_forest_FALSE","Q77R4"
"withheld_202003_forest_FALSE","Q77R5"
"withheld_202003_forest_FALSE","Q77R6"
"withheld_202003_forest_FALSE","Q77R7"
"withheld_202003_forest_FALSE","Q77R8"
"withheld_202003_forest_FALSE","Q77R9"
"withheld_202003_forest_FALSE","Q78"
"withheld_202003_forest_FALSE","Q84"
"withheld_202003_forest_FALSE","Q85"
"withheld_202003_forest_FALSE","Q85B"
"withheld_202003_forest_FALSE","Q86"
"withheld_202003_forest_FALSE","Q87"
"withheld_202003_forest_FALSE","Q88"
"withheld_202003_forest_FALSE","Q93"
"withheld_202003_forest_FALSE","Q95"
"withheld_202003_forest_FALSE","Q97"
"withheld_202003_forest_FALSE","Q98R1"
"withheld_202003_forest_FALSE","Q98R2"
"withheld_202003_forest_FALSE","Q98R3"
"withheld_202003_forest_FALSE","Q98R4"
"withheld_202003_forest_FALSE","Q98R5"
"withheld_202003_forest_FALSE","Q98R6"
"withheld_202003_forest_FALSE","Q98R7"
"withheld_202003_forest_FALSE","Q98R10"
"withheld_202003_forest_FALSE","Q98R11"
"withheld_202003_forest_FALSE","Q99R1"
"withheld_202003_forest_FALSE","Q99R2"
"withheld_202003_forest_FALSE","Q99R3"
"withheld_202003_forest_FALSE","Q99R4"
"withheld_202003_forest_FALSE","Q99R5"
"withheld_202003_forest_FALSE","Q99R6"
"withheld_202003_forest_FALSE","Q99R7"
"withheld_202003_forest_FALSE","Q99R8"
"withheld_202003_forest_FALSE","Q99R9"
"withheld_202003_forest_FALSE","Q99R10"
"withheld_202003_forest_FALSE","Q99R11"
"withheld_202003_forest_FALSE","Q110R2"
"withheld_202003_forest_FALSE","Q110R3"
"withheld_202003_forest_FALSE","Q110R4"
"withheld_202003_forest_FALSE","Q110R5"
"withheld_202003_forest_FALSE","Q110R6"
"withheld_202003_forest_FALSE","Q110R7"
"withheld_202003_forest_FALSE","Q110R8"
"withheld_202003_forest_FALSE","Q111R1"
"withheld_202003_forest_FALSE","Q111R2"
"withheld_202003_forest_FALSE","Q111R3"
"withheld_202003_forest_FALSE","Q111R4"
"withheld_202003_forest_FALSE","Q111R5"
"withheld_202003_forest_FALSE","Q116R1"
"withheld_202003_forest_FALSE","Q116R2"
"withheld_202003_forest_FALSE","Q116R3"
"withheld_202003_forest_FALSE","Q116R4"
"withheld_202003_forest_FALSE","Q116R5"
"withheld_202003_forest_FALSE","Q116R7"
"withheld_202003_forest_FALSE","Q116R10"
"withheld_202003_forest_FALSE","Q117R1"
"withheld_202003_forest_FALSE","Q117R2"
"withheld_202003_forest_FALSE","Q117R3"
"withheld_202003_forest_FALSE","Q117R4"
"withheld_202003_forest_FALSE","Q117R5"
"withheld_202003_forest_FALSE","Q117R6"
"withheld_202003_forest_FALSE","Q117R7"
"withheld_202003_forest_FALSE","Q117R8"
"withheld_202003_forest_FALSE","Q117R9"
"withheld_202003_forest_FALSE","Q117R10"
"withheld_202003_forest_FALSE","Q117R11"
"withheld_202003_forest_FALSE","Q117R12"
"withheld_202003_forest_FALSE","Q117R13"
"withheld_202003_forest_FALSE","Q131R1"
"withheld_202003_forest_FALSE","Q131R2"
"withheld_202003_forest_FALSE","Q131R3"
"withheld_202003_forest_FALSE","Q131R4"
"withheld_202003_forest_FALSE","Q131R5"
"withheld_202003_forest_FALSE","Q131R6"
"withheld_202003_forest_FALSE","Q131R7"
"withheld_202003_forest_FALSE","Q131R8"
"withheld_202003_forest_FALSE","Q131R9"
"withheld_202003_forest_FALSE","Q131R10"
"withheld_202003_forest_FALSE","Q131R11"
"withheld_202003_forest_FALSE","Q131R12"
"withheld_202003_forest_FALSE","Q131R13"
"withheld_202003_forest_FALSE","Q144"
"withheld_202003_forest_FALSE","Q145"
"withheld_202003_forest_FALSE","Q146"
"withheld_202003_forest_FALSE","Q147"
"withheld_202003_forest_FALSE","Q148"
"withheld_202003_forest_FALSE","Q149"
"withheld_202003_forest_FALSE","Q150"
"withheld_202003_forest_FALSE","Q151"
"withheld_202003_forest_FALSE","Q152"
"withheld_202003_forest_FALSE","Q153"
"withheld_202003_forest_FALSE","Q154R1"
"withheld_202003_forest_FALSE","Q154R2"
"withheld_202003_forest_FALSE","Q154R3"
"withheld_202003_forest_FALSE","Q154R4"
"withheld_202003_forest_FALSE","Q154R5"
"withheld_202003_forest_FALSE","Q159R1"
"withheld_202003_forest_FALSE","Q159R2"
"withheld_202003_forest_FALSE","Q159R3"
"withheld_202003_forest_FALSE","Q162R1"
"withheld_202003_forest_FALSE","Q162R2"
"withheld_202003_forest_FALSE","Q162R3"
"withheld_202003_forest_FALSE","Q162R4"
"withheld_202003_forest_FALSE","Q162R5"
"withheld_202003_forest_FALSE","Q162R6"
"withheld_202003_forest_FALSE","Q162R7"
"withheld_202003_forest_FALSE","Q162R8"
"withheld_202003_forest_FALSE","Q170"
"withheld_202003_forest_FALSE","Q171R1"
"withheld_202003_forest_FALSE","Q171R2"
"withheld_202003_forest_FALSE","Q171R3"
"withheld_202003_forest_FALSE","Q171R4"
"withheld_202003_forest_FALSE","Q171R5"
"withheld_202003_forest_FALSE","Q171R6"
"withheld_202003_forest_FALSE","Q171R7"
"withheld_202003_forest_FALSE","Q171R8"
"withheld_202003_forest_FALSE","Q171R9"
"withheld_202003_forest_FALSE","Q172R1"
"withheld_202003_forest_FALSE","Q172R2"
"withheld_202003_forest_FALSE","Q172R3"
"withheld_202003_forest_FALSE","Q175R1"
"withheld_202003_forest_FALSE","Q175R2"
"withheld_202003_forest_FALSE","Q175R3"
"withheld_202003_forest_FALSE","Q178R1"
"withheld_202003_forest_FALSE","Q178R2"
"withheld_202003_forest_FALSE","Q178R3"
"withheld_202003_forest_FALSE","Q178R4"
"withheld_202003_forest_FALSE","Q182"
"withheld_202003_forest_FALSE","Q183"
"withheld_202003_forest_FALSE","Q184R1"
"withheld_202003_forest_FALSE","Q184R2"
"withheld_202003_forest_FALSE","Q184R3"
"withheld_202003_forest_FALSE","Q187R1"
"withheld_202003_forest_FALSE","Q187R2"
"withheld_202003_forest_FALSE","Q187R3"
"withheld_202003_forest_FALSE","Q187R4"
"withheld_202003_forest_FALSE","Q187R5"
"withheld_202003_forest_FALSE","Q192"
"withheld_202003_forest_FALSE","Q193"
"withheld_202003_forest_FALSE","Q194"
"withheld_202003_forest_FALSE","Q202R1"
"withheld_202003_forest_FALSE","Q202R2"
"withheld_202003_forest_FALSE","Q202R3"
"withheld_202003_forest_FALSE","Q203"
"withheld_202003_forest_FALSE","Q204"
"withheld_202003_forest_FALSE","Q205"
"withheld_202003_forest_FALSE","Q206"
"withheld_202003_forest_FALSE","Q207"
"withheld_202003_forest_FALSE","Q208R1"
"withheld_202003_forest_FALSE","Q208R2"
"withheld_202003_forest_FALSE","Q208R3"
"withheld_202003_forest_FALSE","Q208R4"
"withheld_202003_forest_FALSE","Q208R5"
"withheld_202003_forest_FALSE","Q213R1"
"withheld_202003_forest_FALSE","Q213R2"
"withheld_202003_forest_FALSE","Q213R3"
"withheld_202003_forest_FALSE","Q213R4"
"withheld_202003_forest_FALSE","Q217R1"
"withheld_202003_forest_FALSE","Q217R2"
"withheld_202003_forest_FALSE","Q217R3"
"withheld_202003_forest_FALSE","Q217R4"
"withheld_202003_forest_FALSE","Q221R1"
"withheld_202003_forest_FALSE","Q221R2"
"withheld_202003_forest_FALSE","Q221R3"
"withheld_202003_forest_FALSE","Q221R4"
"withheld_202003_forest_FALSE","Q225R1"
"withheld_202003_forest_FALSE","Q225R2"
"withheld_202003_forest_FALSE","Q225R3"
"withheld_202003_forest_FALSE","Q225R4"
"withheld_202003_forest_FALSE","Q225R5"
"withheld_202003_forest_FALSE","Q225R6"
"withheld_202003_forest_FALSE","Q225R7"
"withheld_202003_forest_FALSE","Q225R8"
"withheld_202003_forest_FALSE","Q225R9"
"withheld_202003_forest_FALSE","Q225R12"
"withheld_202003_forest_FALSE","Q225R13"
"withheld_202003_forest_FALSE","Q225R14"
"withheld_202003_forest_FALSE","Q239R1"
"withheld_202003_forest_FALSE","Q239R2"
"withheld_202003_forest_FALSE","Q239R3"
"withheld_202003_forest_FALSE","Q239R4"
"withheld_202003_forest_FALSE","Q243R1"
"withheld_202003_forest_FALSE","Q243R2"
"withheld_202003_forest_FALSE","Q243R3"
"withheld_202003_forest_FALSE","Q243R4"
"withheld_202003_forest_FALSE","Q247"
"withheld_202003_forest_FALSE","Q248"
"withheld_202003_forest_FALSE","Q249"
"withheld_202003_forest_FALSE","Q250R1"
"withheld_202003_forest_FALSE","Q250R2"
"withheld_202003_forest_FALSE","Q250R3"
"withheld_202003_forest_FALSE","Q250R5"
"withheld_202003_forest_FALSE","Q250R8"
"withheld_202003_forest_FALSE","Q251"
"withheld_202003_forest_FALSE","Q252"
"withheld_202003_forest_FALSE","Q253"
"withheld_202003_forest_FALSE","Q254"
"withheld_202003_forest_FALSE","Q255"
"withheld_202003_forest_FALSE","Q256"
"withheld_202003_forest_FALSE","Q257AR1"
"withheld_202003_forest_FALSE","Q257AR2"
"withheld_202003_forest_FALSE","Q257AR3"
"withheld_202003_forest_FALSE","Q257AR4"
"withheld_202003_forest_FALSE","Q257BR1"
"withheld_202003_forest_FALSE","Q257BR2"
"withheld_202003_forest_FALSE","Q257BR3"
"withheld_202003_forest_FALSE","Q257BR4"
"withheld_202003_forest_FALSE","Q257CR1"
"withheld_202003_forest_FALSE","Q257CR2"
"withheld_202003_forest_FALSE","Q257CR3"
"withheld_202003_forest_FALSE","Q257CR4"
"withheld_202003_forest_FALSE","Q258"
"withheld_202003_forest_FALSE","Q260"
"withheld_202003_forest_FALSE","Q261"
"withheld_202003_forest_FALSE","Q262"
"withheld_202003_forest_FALSE","Q263"
"withheld_202003_forest_FALSE","Q264"
"withheld_202003_forest_FALSE","Q265"
"withheld_202003_forest_FALSE","Q266"
"withheld_202003_forest_FALSE","Q267"
"withheld_202003_forest_FALSE","Q268"
"withheld_202003_forest_FALSE","Q269"
"withheld_202003_forest_FALSE","Q270"
"withheld_202003_forest_FALSE","Q271"
"withheld_202003_forest_FALSE","Q273R1"
"withheld_202003_forest_FALSE","Q273R2"
"withheld_202003_forest_FALSE","Q273R3"
"withheld_202003_forest_FALSE","Q273R4"
"withheld_202003_forest_FALSE","Q273R5"
"withheld_202003_forest_FALSE","Q278"
"withheld_202003_forest_FALSE","Q279"
"withheld_202003_forest_FALSE","Q280"
"withheld_202003_forest_FALSE","Q281R1"
"withheld_202003_forest_FALSE","Q281R2"
"withheld_202003_forest_FALSE","Q281R3"
"withheld_202003_forest_FALSE","Q281R4"
"withheld_202003_forest_FALSE","Q281R5"
"withheld_202003_forest_FALSE","Q281R6"
"withheld_202003_forest_FALSE","Q281R7"
"withheld_202003_forest_FALSE","Q281R8"
"withheld_202003_forest_FALSE","Q281R9"
"withheld_202003_forest_FALSE","Q282"
"withheld_202003_forest_FALSE","Q283"
"withheld_202003_forest_FALSE","Q285"
"withheld_202003_forest_FALSE","Q286"
"withheld_202003_forest_FALSE","Q287R1"
"withheld_202003_forest_FALSE","Q287R2"
"withheld_202003_forest_FALSE","Q287R3"
"withheld_202003_forest_FALSE","Q287R4"
"withheld_202003_forest_FALSE","Q287R5"
"withheld_202003_forest_FALSE","Q287R7"
"withheld_202003_forest_FALSE","Q295R1"
"withheld_202003_forest_FALSE","Q295R2"
"withheld_202003_forest_FALSE","Q295R3"
"withheld_202003_forest_FALSE","Q295R4"
"withheld_202003_forest_FALSE","Q295R5"
"withheld_202003_forest_FALSE","Q295R6"
"withheld_202003_forest_FALSE","Q308R1"
"withheld_202003_forest_FALSE","Q308R2"
"withheld_202003_forest_FALSE","Q308R3"
"withheld_202003_forest_FALSE","Q308R4"
"withheld_202003_forest_FALSE","Q308R5"
"withheld_202003_forest_FALSE","Q308R6"
"withheld_202003_forest_FALSE","Q308R7"
"withheld_202003_forest_FALSE","Q316R1"
"withheld_202003_forest_FALSE","Q316R2"
"withheld_202003_forest_FALSE","Q316R3"
"withheld_202003_forest_FALSE","Q316R4"
"withheld_202003_forest_FALSE","Q316R5"
"withheld_202003_forest_FALSE","Q316R6"
"withheld_202003_forest_FALSE","Q329R2"
"withheld_202003_forest_FALSE","Q329R3"
"withheld_202003_forest_FALSE","Q329R4"
"withheld_202003_forest_FALSE","Q329R5"
"withheld_202003_forest_FALSE","Q329R7"
"withheld_202003_forest_FALSE","Q329R8"
"withheld_202003_forest_FALSE","Q329R9"
"withheld_202003_forest_FALSE","Q329R10"
"withheld_202003_forest_FALSE","Q330"
"withheld_202003_forest_FALSE","Q331"
"withheld_202003_forest_FALSE","Q332"
"withheld_202003_forest_FALSE","Q333"
"withheld_202003_forest_FALSE","Q335"
"withheld_202003_forest_FALSE","Q339"
"withheld_202003_forest_FALSE","Q343R1"
"withheld_202003_forest_FALSE","Q343R2"
"withheld_202003_forest_FALSE","Q343R3"
"withheld_202003_forest_FALSE","Q343R4"
"withheld_202003_forest_FALSE","Q347"
"withheld_202003_forest_FALSE","Q348"
"withheld_202003_forest_FALSE","Q349"
"withheld_202003_forest_FALSE","Q350"
"withheld_202003_forest_FALSE","Q351"
"withheld_202003_forest_FALSE","Q352"
"withheld_202003_forest_FALSE","Q356"
"withheld_202003_forest_FALSE","Q357"
"withheld_202003_forest_FALSE","Q358"
"withheld_202003_forest_FALSE","Q359R1"
"withheld_202003_forest_FALSE","Q359R2"
"withheld_202003_forest_FALSE","Q359R3"
"withheld_202003_forest_FALSE","Q359R4"
"withheld_202003_forest_FALSE","Q363"
"withheld_202003_forest_FALSE","Q364"
"withheld_202003_forest_FALSE","Q365"
"withheld_202003_forest_FALSE","Q366R1"
"withheld_202003_forest_FALSE","Q366R2"
"withheld_202003_forest_FALSE","Q366R3"
"withheld_202003_forest_FALSE","Q366R4"
"withheld_202003_forest_FALSE","Q367"
"withheld_202003_forest_FALSE","Q368"
"withheld_202003_forest_FALSE","Q369"
"withheld_202003_forest_FALSE","Q370"
"withheld_202003_forest_FALSE","Q371"
"withheld_202003_forest_FALSE","Q372"
"withheld_202003_forest_FALSE","Q377"
"withheld_202003_forest_FALSE","Q378"
"withheld_202003_forest_FALSE","Q379"
"withheld_202003_forest_FALSE","Q380"
"withheld_202003_forest_FALSE","Q381_Q383R1"
"withheld_202003_forest_FALSE","Q381_Q383R2"
"withheld_202003_forest_FALSE","Q381_Q383R3"
"withheld_202003_forest_FALSE","Q384R1"
"withheld_202003_forest_FALSE","Q385"
"withheld_202003_forest_FALSE","Q386_Q390R1"
"withheld_202003_forest_FALSE","Q386_Q390R2"
"withheld_202003_forest_FALSE","Q386_Q390R3"
"withheld_202003_forest_FALSE","Q386_Q390R4"
"withheld_202003_forest_FALSE","Q386_Q390R5"
"withheld_202003_forest_FALSE","Q391_Q393R1"
"withheld_202003_forest_FALSE","Q391_Q393R2"
"withheld_202003_forest_FALSE","Q391_Q393R3"
"withheld_202003_forest_FALSE","Q394"
"withheld_202003_forest_FALSE","Q395"
"withheld_202003_forest_FALSE","Q396_Q398R1"
"withheld_202003_forest_FALSE","Q396_Q398R2"
"withheld_202003_forest_FALSE","Q396_Q398R3"
"withheld_202003_forest_FALSE","Q399"
"withheld_202003_forest_FALSE","Q400"
"withheld_202003_forest_FALSE","Q401_Q404R1"
"withheld_202003_forest_FALSE","Q401_Q404R2"
"withheld_202003_forest_FALSE","Q401_Q404R3"
"withheld_202003_forest_FALSE","Q401_Q404R4"
"withheld_202003_forest_FALSE","Q405"
"withheld_202003_forest_FALSE","Q406"
"withheld_202003_forest_FALSE","Q407R1"
"withheld_202003_forest_FALSE","Q407R2"
"withheld_202003_forest_FALSE","Q407R3"
"withheld_202003_forest_FALSE","Q407R4"
"withheld_202003_forest_FALSE","Q407R5"
"withheld_202003_forest_FALSE","Q408"
"withheld_202003_forest_FALSE","Q409"
"withheld_202003_forest_FALSE","Q410"
"withheld_202003_forest_FALSE","Q411_Q416R1"
"withheld_202003_forest_FALSE","Q411_Q416R2"
"withheld_202003_forest_FALSE","Q411_Q416R3"
"withheld_202003_forest_FALSE","Q411_Q416R4"
"withheld_202003_forest_FALSE","Q411_Q416R5"
"withheld_202003_forest_FALSE","Q411_Q416R6"
"withheld_202003_forest_FALSE","Q417_Q424R1"
"withheld_202003_forest_FALSE","Q417_Q424R2"
"withheld_202003_forest_FALSE","Q417_Q424R3"
"withheld_202003_forest_FALSE","Q417_Q424R4"
"withheld_202003_forest_FALSE","Q417_Q424R5"
"withheld_202003_forest_FALSE","Q417_Q424R6"
"withheld_202003_forest_FALSE","Q417_Q424R7"
"withheld_202003_forest_FALSE","Q417_Q424R8"
"withheld_202003_forest_FALSE","Q425"
"withheld_202003_forest_FALSE","Q428R1"
"withheld_202003_forest_FALSE","Q428R2"
"withheld_202003_forest_FALSE","Q428R3"
"withheld_202003_forest_FALSE","Q428R4"
"withheld_202003_forest_FALSE","Q428R6"
"withheld_202003_forest_FALSE","Q428R5"
"withheld_202003_forest_FALSE","Q429_Q440R1"
"withheld_202003_forest_FALSE","Q429_Q440R2"
"withheld_202003_forest_FALSE","Q429_Q440R3"
"withheld_202003_forest_FALSE","Q429_Q440R4"
"withheld_202003_forest_FALSE","Q429_Q440R5"
"withheld_202003_forest_FALSE","Q429_Q440R6"
"withheld_202003_forest_FALSE","Q429_Q440R7"
"withheld_202003_forest_FALSE","Q429_Q440R8"
"withheld_202003_forest_FALSE","Q429_Q440R9"
"withheld_202003_forest_FALSE","Q429_Q440R10"
"withheld_202003_forest_FALSE","Q429_Q440R11"
"withheld_202003_forest_FALSE","Q429_Q440R12"
"withheld_202003_forest_FALSE","Q441_Q452R1"
"withheld_202003_forest_FALSE","Q441_Q452R2"
"withheld_202003_forest_FALSE","Q441_Q452R3"
"withheld_202003_forest_FALSE","Q441_Q452R4"
"withheld_202003_forest_FALSE","Q441_Q452R5"
"withheld_202003_forest_FALSE","Q441_Q452R6"
"withheld_202003_forest_FALSE","Q441_Q452R7"
"withheld_202003_forest_FALSE","Q441_Q452R8"
"withheld_202003_forest_FALSE","Q441_Q452R9"
"withheld_202003_forest_FALSE","Q441_Q452R10"
"withheld_202003_forest_FALSE","Q441_Q452R11"
"withheld_202003_forest_FALSE","Q441_Q452R12"
"withheld_202003_forest_FALSE","Q453"
"withheld_202003_forest_FALSE","Q454"
"withheld_202003_forest_FALSE","Q455"
"withheld_202003_forest_FALSE","Q456_Q461R1"
"withheld_202003_forest_FALSE","Q456_Q461R2"
"withheld_202003_forest_FALSE","Q456_Q461R3"
"withheld_202003_forest_FALSE","Q456_Q461R4"
"withheld_202003_forest_FALSE","Q456_Q461R5"
"withheld_202003_forest_FALSE","Q456_Q461R6"
"withheld_202003_forest_FALSE","Q462"
"withheld_202003_forest_FALSE","Q463"
"withheld_202003_forest_FALSE","Q466"
"withheld_202003_forest_FALSE","Q467_Q469R1"
"withheld_202003_forest_FALSE","Q467_Q469R2"
"withheld_202003_forest_FALSE","Q467_Q469R3"
"withheld_202003_forest_FALSE","Q470"
"withheld_202003_forest_FALSE","Q471R6"
"withheld_202003_forest_FALSE","Q471R7"
"withheld_202003_forest_FALSE","Q471R8"
"withheld_202003_forest_FALSE","Q471R9"
"withheld_202003_forest_FALSE","Q472_Q474R1"
"withheld_202003_forest_FALSE","Q472_Q474R2"
"withheld_202003_forest_FALSE","Q472_Q474R3"
"withheld_202003_forest_FALSE","Q475R1"
"withheld_202003_forest_FALSE","Q475R2"
"withheld_202003_forest_FALSE","Q475R3"
"withheld_202003_forest_FALSE","Q475R4"
"withheld_202003_forest_FALSE","Q475R5"
"withheld_202003_forest_FALSE","Q475R6"
"withheld_202003_forest_FALSE","Q475R7"
"withheld_202003_forest_FALSE","Q476"
"withheld_202003_forest_FALSE","Q477"
"withheld_202003_forest_FALSE","Q478_Q483R1"
"withheld_202003_forest_FALSE","Q478_Q483R2"
"withheld_202003_forest_FALSE","Q478_Q483R3"
"withheld_202003_forest_FALSE","Q478_Q483R4"
"withheld_202003_forest_FALSE","Q478_Q483R5"
"withheld_202003_forest_FALSE","Q478_Q483R6"
"withheld_202003_forest_FALSE","Q484"
"withheld_202003_forest_FALSE","Q485"
"withheld_202003_forest_FALSE","Q486"
"withheld_202003_forest_FALSE","Q487_Q489R1"
"withheld_202003_forest_FALSE","Q487_Q489R2"
"withheld_202003_forest_FALSE","Q487_Q489R3"
"withheld_202003_forest_FALSE","Q490R1"
"withheld_202003_forest_FALSE","Q490R2"
"withheld_202003_forest_FALSE","Q490R3"
"withheld_202003_forest_FALSE","Q490R4"
"withheld_202003_forest_FALSE","Q490R5"
"withheld_202003_forest_FALSE","Q490R6"
"withheld_202003_forest_FALSE","Q490R7"
"withheld_202003_forest_FALSE","Q490R8"
"withheld_202003_forest_FALSE","Q491A"
"withheld_202003_forest_FALSE","Q491R1"
"withheld_202003_forest_FALSE","Q491R2"
"withheld_202003_forest_FALSE","Q491R3"
"withheld_202003_forest_FALSE","Q491R4"
"withheld_202003_forest_FALSE","Q491R5"
"withheld_202003_forest_FALSE","Q491R6"
"withheld_202003_forest_FALSE","Q491R7"
"withheld_202003_forest_FALSE","Q492"
"withheld_202003_forest_FALSE","Q493"
"withheld_202003_forest_FALSE","Q494_Q503R1"
"withheld_202003_forest_FALSE","Q494_Q503R2"
"withheld_202003_forest_FALSE","Q494_Q503R3"
"withheld_202003_forest_FALSE","Q494_Q503R4"
"withheld_202003_forest_FALSE","Q494_Q503R5"
"withheld_202003_forest_FALSE","Q494_Q503R6"
"withheld_202003_forest_FALSE","Q494_Q503R7"
"withheld_202003_forest_FALSE","Q494_Q503R8"
"withheld_202003_forest_FALSE","Q494_Q503R9"
"withheld_202003_forest_FALSE","Q494_Q503R10"
"withheld_202003_forest_FALSE","Q504R1"
"withheld_202003_forest_FALSE","Q504R2"
"withheld_202003_forest_FALSE","Q504R3"
"withheld_202003_forest_FALSE","Q504R4"
"withheld_202003_forest_FALSE","Q504R5"
"withheld_202003_forest_FALSE","Q504R6"
"withheld_202003_forest_FALSE","Q504R7"
"withheld_202003_forest_FALSE","Q504R8"
"withheld_202003_forest_FALSE","Q505_Q508R1"
"withheld_202003_forest_FALSE","Q505_Q508R2"
"withheld_202003_forest_FALSE","Q505_Q508R3"
"withheld_202003_forest_FALSE","Q505_Q508R4"
"withheld_202003_forest_FALSE","Q509_Q511R1"
"withheld_202003_forest_FALSE","Q509_Q511R2"
"withheld_202003_forest_FALSE","Q512R1"
"withheld_202003_forest_FALSE","Q512R2"
"withheld_202003_forest_FALSE","Q512R3"
"withheld_202003_forest_FALSE","Q513_Q516R1"
"withheld_202003_forest_FALSE","Q513_Q516R2"
"withheld_202003_forest_FALSE","Q513_Q516R3"
"withheld_202003_forest_FALSE","Q517"
"withheld_202003_forest_FALSE","Q518"
"withheld_202003_forest_FALSE","Q519"
"withheld_202003_forest_FALSE","Q520"
"withheld_202003_forest_FALSE","Q521_Q528R1"
"withheld_202003_forest_FALSE","Q521_Q528R2"
"withheld_202003_forest_FALSE","Q521_Q528R3"
"withheld_202003_forest_FALSE","Q521_Q528R4"
"withheld_202003_forest_FALSE","Q521_Q528R5"
"withheld_202003_forest_FALSE","Q521_Q528R6"
"withheld_202003_forest_FALSE","Q521_Q528R7"
"withheld_202003_forest_FALSE","Q521_Q528R8"
"withheld_202003_forest_FALSE","Q529"
"withheld_202003_forest_FALSE","Q530"
"withheld_202003_forest_FALSE","Q531"
"withheld_202003_forest_FALSE","Q534R1"
"withheld_202003_forest_FALSE","Q534R2"
"withheld_202003_forest_FALSE","Q534R3"
"withheld_202003_forest_FALSE","Q534R4"
"withheld_202003_forest_FALSE","Q534R5"
"withheld_202003_forest_FALSE","Q535_Q538R1"
"withheld_202003_forest_FALSE","Q535_Q538R2"
"withheld_202003_forest_FALSE","Q535_Q538R3"
"withheld_202003_forest_FALSE","Q535_Q538R4"
"withheld_202003_forest_FALSE","Q539R1"
"withheld_202003_forest_FALSE","Q539R2"
"withheld_202003_forest_FALSE","Q539R3"
"withheld_202003_forest_FALSE","Q539R4"
"withheld_202003_forest_FALSE","Q539R6"
"withheld_202003_forest_FALSE","Q539R5"
"withheld_202003_forest_FALSE","Q540R1"
"withheld_202003_forest_FALSE","Q541"
"withheld_202003_forest_FALSE","Q542"
"withheld_202003_forest_FALSE","Q543"
"withheld_202003_forest_FALSE","Q544"
"withheld_202003_forest_FALSE","Q545R7"
"withheld_202003_forest_FALSE","Q546R7"
"withheld_202003_forest_FALSE","Q547R7"
"withheld_202003_forest_FALSE","Q548R7"
"withheld_202003_forest_FALSE","Q549R7"
"withheld_202003_forest_FALSE","Q550R1"
"withheld_202003_forest_FALSE","Q550R2"
"withheld_202003_forest_FALSE","Q550R3"
"withheld_202003_forest_FALSE","Q550R4"
"withheld_202003_forest_FALSE","Q550R5"
"withheld_202003_forest_FALSE","Q550R6"
"withheld_202003_forest_FALSE","Q551_Q559R1"
"withheld_202003_forest_FALSE","Q551_Q559R2"
"withheld_202003_forest_FALSE","Q551_Q559R3"
"withheld_202003_forest_FALSE","Q551_Q559R4"
"withheld_202003_forest_FALSE","Q551_Q559R5"
"withheld_202003_forest_FALSE","Q551_Q559R6"
"withheld_202003_forest_FALSE","Q551_Q559R7"
"withheld_202003_forest_FALSE","Q551_Q559R8"
"withheld_202003_forest_FALSE","Q551_Q559R9"
"withheld_202003_forest_FALSE","Q560R1"
"withheld_202003_forest_FALSE","Q560R2"
"withheld_202003_forest_FALSE","Q560R3"
"withheld_202003_forest_FALSE","Q560R5"
"withheld_202003_forest_FALSE","Q560R6"
"withheld_202003_forest_FALSE","Q560R7"
"withheld_202003_forest_FALSE","Q560R8"
"withheld_202003_forest_FALSE","Q561"
"withheld_202003_forest_FALSE","Q562"
"withheld_202003_forest_FALSE","Q563_Q572R1"
"withheld_202003_forest_FALSE","Q563_Q572R2"
"withheld_202003_forest_FALSE","Q563_Q572R3"
"withheld_202003_forest_FALSE","Q563_Q572R4"
"withheld_202003_forest_FALSE","Q563_Q572R5"
"withheld_202003_forest_FALSE","Q563_Q572R6"
"withheld_202003_forest_FALSE","Q563_Q572R7"
"withheld_202003_forest_FALSE","Q563_Q572R8"
"withheld_202003_forest_FALSE","Q563_Q572R9"
"withheld_202003_forest_FALSE","Q563_Q572R10"
"withheld_202003_forest_FALSE","Q573"
"withheld_202003_forest_FALSE","Q574"
"withheld_202003_forest_FALSE","Q582"
"withheld_202003_forest_FALSE","Q583"
"withheld_202003_forest_FALSE","Q584"
"withheld_202003_forest_FALSE","Q585_Q590R1"
"withheld_202003_forest_FALSE","Q585_Q590R2"
"withheld_202003_forest_FALSE","Q585_Q590R3"
"withheld_202003_forest_FALSE","Q585_Q590R4"
"withheld_202003_forest_FALSE","Q585_Q590R5"
"withheld_202003_forest_FALSE","Q585_Q590R6"
"withheld_202003_forest_FALSE","Q591_Q596R1"
"withheld_202003_forest_FALSE","Q591_Q596R2"
"withheld_202003_forest_FALSE","Q591_Q596R3"
"withheld_202003_forest_FALSE","Q591_Q596R4"
"withheld_202003_forest_FALSE","Q591_Q596R5"
"withheld_202003_forest_FALSE","Q591_Q596R6"
"withheld_202003_forest_FALSE","Q597_Q602R1"
"withheld_202003_forest_FALSE","Q597_Q602R2"
"withheld_202003_forest_FALSE","Q597_Q602R3"
"withheld_202003_forest_FALSE","Q597_Q602R4"
"withheld_202003_forest_FALSE","Q597_Q602R5"
"withheld_202003_forest_FALSE","Q597_Q602R6"
"withheld_202003_forest_FALSE","Q603R1"
"withheld_202003_forest_FALSE","Q603R2"
"withheld_202003_forest_FALSE","Q603R3"
"withheld_202003_forest_FALSE","Q603R4"
"withheld_202003_forest_FALSE","Q603R5"
"withheld_202003_forest_FALSE","Q603R6"
"withheld_202003_forest_FALSE","Q603R7"
"withheld_202003_forest_FALSE","Q603R8"
"withheld_202003_forest_FALSE","Q603R9"
"withheld_202003_forest_FALSE","Q603R10"
"withheld_202003_forest_FALSE","Q604_Q605R1"
"withheld_202003_forest_FALSE","Q604_Q605R2"
"withheld_202003_forest_FALSE","Q606R1"
"withheld_202003_forest_FALSE","Q606R2"
"withheld_202003_forest_FALSE","Q606R3"
"withheld_202003_forest_FALSE","Q606R4"
"withheld_202003_forest_FALSE","Q606R5"
"withheld_202003_forest_FALSE","Q606R6"
"withheld_202003_forest_FALSE","Q607_Q610R1"
"withheld_202003_forest_FALSE","Q607_Q610R2"
"withheld_202003_forest_FALSE","Q607_Q610R3"
"withheld_202003_forest_FALSE","Q607_Q610R4"
"withheld_202003_forest_FALSE","Q611"
"withheld_202003_forest_FALSE","Q613"
"withheld_202003_forest_FALSE","Q616_Q618R1"
"withheld_202003_forest_FALSE","Q616_Q618R2"
"withheld_202003_forest_FALSE","Q616_Q618R3"
"withheld_202003_forest_FALSE","Q619_Q626R1"
"withheld_202003_forest_FALSE","Q619_Q626R2"
"withheld_202003_forest_FALSE","Q619_Q626R3"
"withheld_202003_forest_FALSE","Q619_Q626R4"
"withheld_202003_forest_FALSE","Q619_Q626R5"
"withheld_202003_forest_FALSE","Q619_Q626R6"
"withheld_202003_forest_FALSE","Q619_Q626R7"
"withheld_202003_forest_FALSE","Q619_Q626R8"
"withheld_202003_forest_FALSE","Q627"
"withheld_202003_forest_FALSE","Q628"
"withheld_202003_forest_FALSE","Q629R1"
"withheld_202003_forest_FALSE","Q629R2"
"withheld_202003_forest_FALSE","Q629R3"
"withheld_202003_forest_FALSE","Q629R4"
"withheld_202003_forest_FALSE","Q629R5"
"withheld_202003_forest_FALSE","Q629R6"
"withheld_202003_forest_FALSE","Q629R7"
"withheld_202003_forest_FALSE","Q630_Q632R1"
"withheld_202003_forest_FALSE","Q630_Q632R2"
"withheld_202003_forest_FALSE","Q630_Q632R3"
"withheld_202003_forest_FALSE","Q633"
"withheld_202003_forest_FALSE","Q639"
"withheld_202003_forest_FALSE","Q640_Q645R1"
"withheld_202003_forest_FALSE","Q640_Q645R2"
"withheld_202003_forest_FALSE","Q640_Q645R3"
"withheld_202003_forest_FALSE","Q640_Q645R4"
"withheld_202003_forest_FALSE","Q640_Q645R5"
"withheld_202003_forest_FALSE","Q640_Q645R6"
"withheld_202003_forest_FALSE","Q646_Q651R1"
"withheld_202003_forest_FALSE","Q646_Q651R2"
"withheld_202003_forest_FALSE","Q646_Q651R3"
"withheld_202003_forest_FALSE","Q646_Q651R4"
"withheld_202003_forest_FALSE","Q646_Q651R5"
"withheld_202003_forest_FALSE","Q646_Q651R6"
"withheld_202003_forest_FALSE","Q646_Q651R7"
"withheld_202003_forest_FALSE","Q646_Q651R8"
"withheld_202003_forest_FALSE","Q646_Q651R9"
"withheld_202003_forest_FALSE","Q646_Q651R10"
"withheld_202003_forest_FALSE","Q646_Q651R11"
"withheld_202003_forest_FALSE","Q652_Q658R1"
"withheld_202003_forest_FALSE","Q652_Q658R2"
"withheld_202003_forest_FALSE","Q652_Q658R3"
"withheld_202003_forest_FALSE","Q652_Q658R4"
"withheld_202003_forest_FALSE","Q652_Q658R5"
"withheld_202003_forest_FALSE","Q652_Q658R6"
"withheld_202003_forest_FALSE","Q652_Q658R7"
"withheld_202003_forest_FALSE","Q659R1"
"withheld_202003_forest_FALSE","Q659R2"
"withheld_202003_forest_FALSE","Q659R3"
"withheld_202003_forest_FALSE","Q659R4"
"withheld_202003_forest_FALSE","Q659R5"
"withheld_202003_forest_FALSE","Q659R6"
"withheld_202003_forest_FALSE","Q659R7"
"withheld_202003_forest_FALSE","Q659R8"
"withheld_202003_forest_FALSE","Q660"
"withheld_202003_forest_FALSE","Q661"
"withheld_202003_forest_FALSE","Q662R1"
"withheld_202003_forest_FALSE","Q662R2"
"withheld_202003_forest_FALSE","Q662R3"
"withheld_202003_forest_FALSE","Q662R4"
"withheld_202003_forest_FALSE","Q662R5"
"withheld_202003_forest_FALSE","Q662R6"
"withheld_202003_forest_FALSE","Q663_Q666R1"
"withheld_202003_forest_FALSE","Q663_Q666R2"
"withheld_202003_forest_FALSE","Q663_Q666R3"
"withheld_202003_forest_FALSE","Q663_Q666R4"
"withheld_202003_forest_FALSE","Q667_Q671R1"
"withheld_202003_forest_FALSE","Q667_Q671R2"
"withheld_202003_forest_FALSE","Q667_Q671R3"
"withheld_202003_forest_FALSE","Q667_Q671R4"
"withheld_202003_forest_FALSE","Q667_Q671R5"
"withheld_202003_forest_FALSE","Q672"
"withheld_202003_forest_FALSE","Q673"
"withheld_202003_forest_FALSE","Q674R1"
"withheld_202003_forest_FALSE","Q675"
"withheld_202003_forest_FALSE","Q676_Q678R1"
"withheld_202003_forest_FALSE","Q676_Q678R2"
"withheld_202003_forest_FALSE","Q676_Q678R3"
"withheld_202003_forest_FALSE","Q679_Q682R1"
"withheld_202003_forest_FALSE","Q679_Q682R2"
"withheld_202003_forest_FALSE","Q679_Q682R3"
"withheld_202003_forest_FALSE","Q679_Q682R4"
"withheld_202003_forest_FALSE","Q683"
"withheld_202003_forest_FALSE","Q685"
"withheld_202003_forest_FALSE","Q686"
"withheld_202003_forest_FALSE","Q687"
"withheld_202003_forest_FALSE","Q688"
"withheld_202003_forest_FALSE","Q689"
"withheld_202003_forest_FALSE","Q690"
"withheld_202003_forest_FALSE","Q691"
"withheld_202003_forest_FALSE","Q692"
"withheld_202003_forest_FALSE","Q693_Q700R1"
"withheld_202003_forest_FALSE","Q693_Q700R2"
"withheld_202003_forest_FALSE","Q693_Q700R3"
"withheld_202003_forest_FALSE","Q693_Q700R4"
"withheld_202003_forest_FALSE","Q693_Q700R5"
"withheld_202003_forest_FALSE","Q693_Q700R6"
"withheld_202003_forest_FALSE","Q693_Q700R7"
"withheld_202003_forest_FALSE","Q693_Q700R8"
"withheld_202003_forest_FALSE","Q701_Q705R1"
"withheld_202003_forest_FALSE","Q701_Q705R2"
"withheld_202003_forest_FALSE","Q701_Q705R3"
"withheld_202003_forest_FALSE","Q701_Q705R4"
"withheld_202003_forest_FALSE","Q701_Q705R5"
"withheld_202003_forest_FALSE","Q706_Q708R1"
"withheld_202003_forest_FALSE","Q706_Q708R2"
"withheld_202003_forest_FALSE","Q706_Q708R3"
"withheld_202003_forest_FALSE","Q709_712R1"
"withheld_202003_forest_FALSE","Q709_712R2"
"withheld_202003_forest_FALSE","Q709_712R3"
"withheld_202003_forest_FALSE","Q709_712R4"
"withheld_202003_forest_FALSE","Q713"
"withheld_202003_forest_FALSE","Q714"
"withheld_202003_forest_FALSE","Q715_718R1"
"withheld_202003_forest_FALSE","Q715_718R2"
"withheld_202003_forest_FALSE","Q715_718R3"
"withheld_202003_forest_FALSE","Q715_718R4"
"withheld_202003_forest_FALSE","Q719"
"withheld_202003_forest_FALSE","Q720_Q722R1"
"withheld_202003_forest_FALSE","Q720_Q722R2"
"withheld_202003_forest_FALSE","Q720_Q722R3"
"withheld_202003_forest_FALSE","Q723_Q725R1"
"withheld_202003_forest_FALSE","Q723_Q725R2"
"withheld_202003_forest_FALSE","Q723_Q725R3"
"withheld_202003_forest_FALSE","Q726"
"withheld_202003_forest_FALSE","Q727_Q731R1"
"withheld_202003_forest_FALSE","Q727_Q731R2"
"withheld_202003_forest_FALSE","Q727_Q731R3"
"withheld_202003_forest_FALSE","Q727_Q731R4"
"withheld_202003_forest_FALSE","Q727_Q731R5"
"withheld_202003_forest_FALSE","Q732_Q737R1"
"withheld_202003_forest_FALSE","Q732_Q737R2"
"withheld_202003_forest_FALSE","Q732_Q737R3"
"withheld_202003_forest_FALSE","Q732_Q737R4"
"withheld_202003_forest_FALSE","Q732_Q737R5"
"withheld_202003_forest_FALSE","Q732_Q737R6"
"withheld_202003_forest_FALSE","Q738_Q740R1"
"withheld_202003_forest_FALSE","Q738_Q740R2"
"withheld_202003_forest_FALSE","Q738_Q740R3"
"withheld_202003_forest_FALSE","Q741"
"withheld_202003_forest_FALSE","Q742"
"withheld_202003_forest_FALSE","Q746A"
"withheld_202003_forest_FALSE","Q746B"
"withheld_202003_forest_FALSE","Q747"
"withheld_202003_forest_FALSE","Q748"
"withheld_202003_forest_FALSE","Q749"
"withheld_202003_forest_FALSE","Q750R1"
"withheld_202003_forest_FALSE","Q750R2"
"withheld_202003_forest_FALSE","Q750R3"
"withheld_202003_forest_FALSE","Q750R4"
"withheld_202003_forest_FALSE","Q750R5"
"withheld_202003_forest_FALSE","Q750R6"
"withheld_202003_forest_FALSE","Q750R7"
"withheld_202003_forest_FALSE","Q751R1"
"withheld_202003_forest_FALSE","Q751R2"
"withheld_202003_forest_FALSE","Q751R3"
"withheld_202003_forest_FALSE","Q751R4"
"withheld_202003_forest_FALSE","Q751R5"
"withheld_202003_forest_FALSE","Q752"
"withheld_202003_forest_FALSE","Q753"
"withheld_202003_forest_FALSE","Q754_Q762R1C1"
"withheld_202003_forest_FALSE","Q754_Q762R1C2"
"withheld_202003_forest_FALSE","Q754_Q762R1C3"
"withheld_202003_forest_FALSE","Q754_Q762R2C1"
"withheld_202003_forest_FALSE","Q754_Q762R2C2"
"withheld_202003_forest_FALSE","Q754_Q762R2C3"
"withheld_202003_forest_FALSE","Q754_Q762R3C1"
"withheld_202003_forest_FALSE","Q754_Q762R3C2"
"withheld_202003_forest_FALSE","Q754_Q762R3C3"
"withheld_202003_forest_FALSE","Q754_Q762R4C1"
"withheld_202003_forest_FALSE","Q754_Q762R4C2"
"withheld_202003_forest_FALSE","Q754_Q762R4C3"
"withheld_202003_forest_FALSE","Q754_Q762R5C1"
"withheld_202003_forest_FALSE","Q754_Q762R5C2"
"withheld_202003_forest_FALSE","Q754_Q762R5C3"
"withheld_202003_forest_FALSE","Q754_Q762R6C1"
"withheld_202003_forest_FALSE","Q754_Q762R6C2"
"withheld_202003_forest_FALSE","Q754_Q762R6C3"
"withheld_202003_forest_FALSE","Q754_Q762R7C1"
"withheld_202003_forest_FALSE","Q754_Q762R7C2"
"withheld_202003_forest_FALSE","Q754_Q762R7C3"
"withheld_202003_forest_FALSE","Q754_Q762R8C1"
"withheld_202003_forest_FALSE","Q754_Q762R8C2"
"withheld_202003_forest_FALSE","Q754_Q762R8C3"
"withheld_202003_forest_FALSE","Q754_Q762R9C1"
"withheld_202003_forest_FALSE","Q754_Q762R9C2"
"withheld_202003_forest_FALSE","Q754_Q762R9C3"
"withheld_202003_forest_FALSE","Q763_Q766R1"
"withheld_202003_forest_FALSE","Q763_Q766R2"
"withheld_202003_forest_FALSE","Q763_Q766R3"
"withheld_202003_forest_FALSE","Q763_Q766R4"
"withheld_202003_forest_FALSE","Q767_Q771R1"
"withheld_202003_forest_FALSE","Q767_Q771R2"
"withheld_202003_forest_FALSE","Q767_Q771R3"
"withheld_202003_forest_FALSE","Q767_Q771R4"
"withheld_202003_forest_FALSE","Q767_Q771R5"
"withheld_202003_forest_FALSE","Q773"
"withheld_202003_forest_FALSE","VQ773"
"withheld_202003_forest_FALSE","Q774"
"withheld_202003_forest_FALSE","VQ774"
"withheld_202003_forest_FALSE","Q775"
"withheld_202003_forest_FALSE","Q777"
"withheld_202003_forest_FALSE","Q779"
"withheld_202003_forest_FALSE","Q782"
"withheld_202003_forest_FALSE","Q785"
"withheld_202003_forest_FALSE","Q788"
"withheld_202003_forest_FALSE","Q790"
"withheld_202003_forest_FALSE","Q793R1"
"withheld_202003_forest_FALSE","Q793R2"
"withheld_202003_forest_FALSE","Q793R3"
"withheld_202003_forest_FALSE","Q793R4"
"withheld_202003_forest_FALSE","Q793R5"
"withheld_202003_forest_FALSE","Q794R1"
"withheld_202003_forest_FALSE","Q794R2"
"withheld_202003_forest_FALSE","Q794R3"
"withheld_202003_forest_FALSE","Q794R4"
"withheld_202003_forest_FALSE","Q794R5"
"withheld_202003_forest_FALSE","Q794R6"
"withheld_202003_forest_FALSE","Q795"
"withheld_202003_forest_FALSE","Q796R1"
"withheld_202003_forest_FALSE","Q796R2"
"withheld_202003_forest_FALSE","Q796R3"
"withheld_202003_forest_FALSE","Q796R4"
"withheld_202003_forest_FALSE","Q796R5"
"withheld_202003_forest_FALSE","Q797R1"
"withheld_202003_forest_FALSE","Q797R2"
"withheld_202003_forest_FALSE","Q797R3"
"withheld_202003_forest_FALSE","Q797R4"
"withheld_202003_forest_FALSE","Q797R5"
"withheld_202003_forest_FALSE","Q797R6"
"withheld_202003_forest_FALSE","Q797R7"
"withheld_202003_forest_FALSE","Q797R9"
"withheld_202003_forest_FALSE","Q797R10"
"withheld_202003_forest_FALSE","Q798R1"
"withheld_202003_forest_FALSE","Q798R2"
"withheld_202003_forest_FALSE","Q798R3"
"withheld_202003_forest_FALSE","Q798R4"
"withheld_202003_forest_FALSE","Q798R5"
"withheld_202003_forest_FALSE","Q798R6"
"withheld_202003_forest_FALSE","Q798R7"
"withheld_202003_forest_FALSE","Q798R9"
"withheld_202003_forest_FALSE","Q798R10"
"withheld_202003_forest_FALSE","Q799R1C1"
"withheld_202003_forest_FALSE","Q799R2C1"
"withheld_202003_forest_FALSE","Q799R3C1"
"withheld_202003_forest_FALSE","Q799R4C1"
"withheld_202003_forest_FALSE","Q799R5C1"
"withheld_202003_forest_FALSE","Q799R6C1"
"withheld_202003_forest_FALSE","Q799R7C1"
"withheld_202003_forest_FALSE","Q799R8C1"
"withheld_202003_forest_FALSE","Q800R1C1"
"withheld_202003_forest_FALSE","Q800R2C1"
"withheld_202003_forest_FALSE","Q800R3C1"
"withheld_202003_forest_FALSE","Q800R4C1"
"withheld_202003_forest_FALSE","Q800R5C1"
"withheld_202003_forest_FALSE","Q800R6C1"
"withheld_202003_forest_FALSE","Q800R7C1"
"withheld_202003_forest_FALSE","Q800R8C1"
"withheld_202003_forest_FALSE","Q801"
"withheld_202003_forest_FALSE","Q802"
"withheld_202003_forest_FALSE","Q803"
"withheld_202003_forest_FALSE","Q804"
"withheld_202003_forest_FALSE","Q805"
"withheld_202003_forest_FALSE","Q806"
"withheld_202003_forest_FALSE","Q808"
"withheld_202003_forest_FALSE","Q809"
"withheld_202003_forest_FALSE","Q810"
"withheld_202003_forest_FALSE","Q811"
"withheld_202003_forest_FALSE","Q812"
"withheld_202003_forest_FALSE","Q813"
"withheld_202003_forest_FALSE","Q814"
"withheld_202003_forest_FALSE","Q815"
"withheld_202003_forest_FALSE","Q816"
"withheld_202003_forest_FALSE","Q818"
"withheld_202003_forest_FALSE","Q819"
"withheld_202003_forest_FALSE","Q820"
