"seed","stage","variable","n_train","observed","missing_fraction","distinct","passes_screen"
202001,"inner","S1",1248,1248,0,2,TRUE
202001,"inner","S2_RACER1",1248,1248,0,2,TRUE
202001,"inner","S2_RACER2",1248,1248,0,1,FALSE
202001,"inner","S2_RACER3",1248,1248,0,2,TRUE
202001,"inner","S2_RACER4",1248,1248,0,1,FALSE
202001,"inner","S2_RACER5",1248,1248,0,1,FALSE
202001,"inner","S2_RACER6",1248,1248,0,1,FALSE
202001,"inner","S2_RACER7",1248,1248,0,1,FALSE
202001,"inner","S2_RACER8",1248,1248,0,1,FALSE
202001,"inner","S2_RACE_PRIME",1248,1248,0,3,TRUE
202001,"inner","S2_HISPANICR1",1248,0,1,0,FALSE
202001,"inner","S2_HISPANICR2",1248,0,1,0,FALSE
202001,"inner","S2_HISPANICR3",1248,0,1,0,FALSE
202001,"inner","S2_HISPANICR4",1248,0,1,0,FALSE
202001,"inner","S2_HISPANICR5",1248,0,1,0,FALSE
202001,"inner","S2_NATIVER1",1248,1248,0,2,TRUE
202001,"inner","S2_NATIVER2",1248,1248,0,2,TRUE
202001,"inner","S2_NATIVER3",1248,1248,0,2,TRUE
202001,"inner","S2_NATIVER4",1248,1248,0,2,TRUE
202001,"inner","S2_NATIVER5",1248,1248,0,2,TRUE
202001,"inner","S2_AFROLATR1",1248,1248,0,2,TRUE
202001,"inner","S2_AFROLATR2",1248,1248,0,2,TRUE
202001,"inner","S2_AFROLATR3",1248,1248,0,2,TRUE
202001,"inner","S2_AFROLATR4",1248,1248,0,2,TRUE
202001,"inner","S2_AFROLATR5",1248,1248,0,2,TRUE
202001,"inner","S3",1248,1248,0,6,TRUE
202001,"inner","S3B",1248,1248,0,4,TRUE
202001,"inner","S3C",1248,1248,0,2,TRUE
202001,"inner","S4",1248,1248,0,44,TRUE
202001,"inner","S5",1248,1248,0,67,TRUE
202001,"inner","S7",1248,1248,0,3,TRUE
202001,"inner","S8",1248,0,1,0,FALSE
202001,"inner","S8_PACIFIC",1248,0,1,0,FALSE
202001,"inner","S9",1248,33,0.973557692307692,9,FALSE
202001,"inner","S10",1248,1248,0,22,TRUE
202001,"inner","S10_MEX",1248,161,0.87099358974359,2,TRUE
202001,"inner","S11",1248,190,0.84775641025641,14,TRUE
202001,"inner","S12",1248,0,1,0,FALSE
202001,"inner","S2_M",1248,1248,0,2,TRUE
202001,"inner","S13",1248,1248,0,7,TRUE
202001,"inner","S14",1248,1248,0,5,TRUE
202001,"inner","Q58R1",1248,1247,0.000801282051282051,2,TRUE
202001,"inner","Q58R2",1248,1247,0.000801282051282051,2,TRUE
202001,"inner","Q58R3",1248,1247,0.000801282051282051,2,TRUE
202001,"inner","Q58R4",1248,1247,0.000801282051282051,2,TRUE
202001,"inner","Q58R5",1248,1247,0.000801282051282051,2,TRUE
202001,"inner","Q58R6",1248,1247,0.000801282051282051,2,TRUE
202001,"inner","Q58R7",1248,1247,0.000801282051282051,2,TRUE
202001,"inner","Q58R8",1248,1247,0.000801282051282051,2,TRUE
202001,"inner","Q58R9",1248,1247,0.000801282051282051,2,TRUE
202001,"inner","Q58R10",1248,1247,0.000801282051282051,2,TRUE
202001,"inner","Q58R11",1248,1247,0.000801282051282051,2,TRUE
202001,"inner","Q58R12",1248,1247,0.000801282051282051,2,TRUE
202001,"inner","Q58R13",1248,1247,0.000801282051282051,2,TRUE
202001,"inner","Q58R14",1248,1247,0.000801282051282051,2,TRUE
202001,"inner","Q58R15",1248,1247,0.000801282051282051,2,TRUE
202001,"inner","Q58R16",1248,1247,0.000801282051282051,2,TRUE
202001,"inner","Q58R17",1248,1247,0.000801282051282051,2,TRUE
202001,"inner","Q1R1",1248,1248,0,2,TRUE
202001,"inner","Q1R2",1248,1248,0,2,TRUE
202001,"inner","Q1R3",1248,1248,0,2,TRUE
202001,"inner","Q1R4",1248,1248,0,2,TRUE
202001,"inner","Q1R5",1248,1248,0,2,TRUE
202001,"inner","Q1R6",1248,1248,0,2,TRUE
202001,"inner","Q1R7",1248,1248,0,2,TRUE
202001,"inner","Q1R8",1248,1248,0,2,TRUE
202001,"inner","Q1R9",1248,1248,0,2,TRUE
202001,"inner","Q1R10",1248,1248,0,2,TRUE
202001,"inner","Q1R11",1248,1248,0,2,TRUE
202001,"inner","Q1R12",1248,1248,0,2,TRUE
202001,"inner","Q1R13",1248,1248,0,2,TRUE
202001,"inner","Q1R14",1248,1248,0,2,TRUE
202001,"inner","Q1R15",1248,1248,0,2,TRUE
202001,"inner","Q1R16",1248,1248,0,2,TRUE
202001,"inner","Q1R17",1248,1248,0,2,TRUE
202001,"inner","Q1R18",1248,1248,0,2,TRUE
202001,"inner","Q1R19",1248,1248,0,2,TRUE
202001,"inner","Q1R20",1248,1248,0,2,TRUE
202001,"inner","Q1R21",1248,1248,0,2,TRUE
202001,"inner","Q1R22",1248,1248,0,2,TRUE
202001,"inner","Q1R23",1248,1248,0,2,TRUE
202001,"inner","Q2R1",1248,1248,0,5,TRUE
202001,"inner","Q2R2",1248,1248,0,6,TRUE
202001,"inner","Q2R3",1248,1248,0,6,TRUE
202001,"inner","Q2R4",1248,1248,0,6,TRUE
202001,"inner","Q2R5",1248,1248,0,6,TRUE
202001,"inner","Q2R6",1248,1248,0,6,TRUE
202001,"inner","Q2R7",1248,1248,0,6,TRUE
202001,"inner","Q2R8",1248,1248,0,6,TRUE
202001,"inner","Q2R9",1248,1248,0,6,TRUE
202001,"inner","Q2R10",1248,1248,0,6,TRUE
202001,"inner","Q13",1248,1229,0.015224358974359,4,TRUE
202001,"inner","Q15",1248,1248,0,3,TRUE
202001,"inner","Q16",1248,289,0.768429487179487,2,TRUE
202001,"inner","Q17",1248,289,0.768429487179487,2,TRUE
202001,"inner","Q18",1248,75,0.939903846153846,5,FALSE
202001,"inner","Q19",1248,75,0.939903846153846,4,FALSE
202001,"inner","Q20",1248,289,0.768429487179487,4,TRUE
202001,"inner","Q21",1248,1248,0,4,TRUE
202001,"inner","Q22",1248,933,0.252403846153846,4,TRUE
202001,"inner","Q23",1248,315,0.747596153846154,5,TRUE
202001,"inner","Q24",1248,266,0.786858974358974,4,TRUE
202001,"inner","Q25",1248,667,0.465544871794872,4,TRUE
202001,"inner","Q26",1248,299,0.760416666666667,4,TRUE
202001,"inner","Q27R1",1248,1248,0,2,TRUE
202001,"inner","Q27R2",1248,1248,0,2,TRUE
202001,"inner","Q27R3",1248,1248,0,2,TRUE
202001,"inner","Q27R4",1248,1248,0,2,TRUE
202001,"inner","Q27R5",1248,1248,0,2,TRUE
202001,"inner","Q27R6",1248,1248,0,2,TRUE
202001,"inner","Q27R7",1248,1248,0,2,TRUE
202001,"inner","Q27R8",1248,1248,0,2,TRUE
202001,"inner","Q27R9",1248,1248,0,2,TRUE
202001,"inner","Q27R10",1248,1248,0,2,TRUE
202001,"inner","Q27R11",1248,1248,0,2,TRUE
202001,"inner","Q27R12",1248,1248,0,2,TRUE
202001,"inner","Q27R13",1248,1248,0,2,TRUE
202001,"inner","Q27R14",1248,1248,0,2,TRUE
202001,"inner","Q27R15",1248,1248,0,2,TRUE
202001,"inner","Q27R16",1248,1248,0,2,TRUE
202001,"inner","Q27R17",1248,1248,0,2,TRUE
202001,"inner","Q27R18",1248,1248,0,2,TRUE
202001,"inner","Q27R19",1248,1248,0,2,TRUE
202001,"inner","Q28R1",1248,1248,0,2,TRUE
202001,"inner","Q28R2",1248,1248,0,2,TRUE
202001,"inner","Q28R3",1248,1248,0,2,TRUE
202001,"inner","Q28R4",1248,1248,0,2,TRUE
202001,"inner","Q28R5",1248,1248,0,2,TRUE
202001,"inner","Q28R6",1248,1248,0,2,TRUE
202001,"inner","Q28R7",1248,1248,0,2,TRUE
202001,"inner","Q28R8",1248,1248,0,2,TRUE
202001,"inner","Q28R9",1248,1248,0,2,TRUE
202001,"inner","Q28R10",1248,1248,0,2,TRUE
202001,"inner","Q28R11",1248,1248,0,2,TRUE
202001,"inner","Q28R12",1248,1248,0,2,TRUE
202001,"inner","Q28R13",1248,1248,0,2,TRUE
202001,"inner","Q28R14",1248,1248,0,2,TRUE
202001,"inner","Q28R15",1248,1248,0,2,TRUE
202001,"inner","Q28R16",1248,1248,0,2,TRUE
202001,"inner","Q28R17",1248,1248,0,2,TRUE
202001,"inner","Q28R18",1248,1248,0,2,TRUE
202001,"inner","Q28R19",1248,1248,0,2,TRUE
202001,"inner","Q29",1248,1248,0,4,TRUE
202001,"inner","Q30",1248,991,0.205929487179487,5,TRUE
202001,"inner","Q31",1248,257,0.794070512820513,5,TRUE
202001,"inner","Q32R1",1248,1230,0.0144230769230769,9,TRUE
202001,"inner","Q32R2",1248,1217,0.0248397435897436,9,TRUE
202001,"inner","Q32R3",1248,1168,0.0641025641025641,9,TRUE
202001,"inner","Q32R4",1248,1153,0.0761217948717949,9,TRUE
202001,"inner","Q32R5",1248,1212,0.0288461538461538,9,TRUE
202001,"inner","Q32R6",1248,1209,0.03125,9,TRUE
202001,"inner","Q32R7",1248,1160,0.0705128205128205,9,TRUE
202001,"inner","Q32R8",1248,1183,0.0520833333333333,9,TRUE
202001,"inner","Q32R9",1248,1187,0.0488782051282051,9,TRUE
202001,"inner","Q33R1",1248,1248,0,4,TRUE
202001,"inner","Q33R2",1248,1248,0,4,TRUE
202001,"inner","Q33R3",1248,1248,0,4,TRUE
202001,"inner","Q33R4",1248,1248,0,4,TRUE
202001,"inner","Q33R5",1248,1248,0,4,TRUE
202001,"inner","Q38R1",1248,1248,0,2,TRUE
202001,"inner","Q38R2",1248,1248,0,2,TRUE
202001,"inner","Q38R3",1248,1248,0,2,TRUE
202001,"inner","Q38R4",1248,1248,0,2,TRUE
202001,"inner","Q39R1",1248,726,0.418269230769231,2,TRUE
202001,"inner","Q39R2",1248,726,0.418269230769231,2,TRUE
202001,"inner","Q39R3",1248,726,0.418269230769231,2,TRUE
202001,"inner","Q39R4",1248,726,0.418269230769231,2,TRUE
202001,"inner","Q39R5",1248,726,0.418269230769231,2,TRUE
202001,"inner","Q39R6",1248,726,0.418269230769231,2,TRUE
202001,"inner","Q39R7",1248,726,0.418269230769231,2,TRUE
202001,"inner","Q40",1248,1248,0,4,TRUE
202001,"inner","Q41R1",1248,143,0.885416666666667,2,TRUE
202001,"inner","Q41R2",1248,143,0.885416666666667,2,TRUE
202001,"inner","Q41R3",1248,143,0.885416666666667,2,TRUE
202001,"inner","Q41R4",1248,143,0.885416666666667,2,TRUE
202001,"inner","Q42",1248,1248,0,4,TRUE
202001,"inner","Q43",1248,1248,0,6,TRUE
202001,"inner","Q44",1248,1248,0,4,TRUE
202001,"inner","Q45",1248,1248,0,4,TRUE
202001,"inner","Q46",1248,1248,0,4,TRUE
202001,"inner","Q47",1248,1248,0,4,TRUE
202001,"inner","Q48",1248,410,0.671474358974359,5,TRUE
202001,"inner","Q49",1248,434,0.65224358974359,5,TRUE
202001,"inner","Q50",1248,404,0.676282051282051,5,TRUE
202001,"inner","Q51",1248,614,0.50801282051282,3,TRUE
202001,"inner","Q52",1248,634,0.491987179487179,3,TRUE
202001,"inner","Q53",1248,1248,0,2,TRUE
202001,"inner","Q54",1248,1248,0,3,TRUE
202001,"inner","Q55",1248,1248,0,3,TRUE
202001,"inner","Q56",1248,1248,0,3,TRUE
202001,"inner","Q57",1248,1248,0,4,TRUE
202001,"inner","Q59",1248,1248,0,6,TRUE
202001,"inner","Q60R1",1248,1210,0.030448717948718,2,TRUE
202001,"inner","Q60R2",1248,1210,0.030448717948718,2,TRUE
202001,"inner","Q60R3",1248,1210,0.030448717948718,2,TRUE
202001,"inner","Q60R4",1248,1210,0.030448717948718,2,TRUE
202001,"inner","Q60R5",1248,1210,0.030448717948718,2,TRUE
202001,"inner","Q60R6",1248,1210,0.030448717948718,2,TRUE
202001,"inner","Q61",1248,1248,0,12,TRUE
202001,"inner","Q62R1",1248,1248,0,4,TRUE
202001,"inner","Q62R2",1248,1248,0,4,TRUE
202001,"inner","Q62R3",1248,1248,0,4,TRUE
202001,"inner","Q62R4",1248,1248,0,4,TRUE
202001,"inner","Q62R5",1248,1248,0,4,TRUE
202001,"inner","NEWQ67",1248,1248,0,4,TRUE
202001,"inner","Q67",1248,1248,0,8,TRUE
202001,"inner","Q68",1248,1248,0,4,TRUE
202001,"inner","Q69",1248,1248,0,5,TRUE
202001,"inner","Q70R1",1248,1248,0,5,TRUE
202001,"inner","Q70R2",1248,1248,0,5,TRUE
202001,"inner","Q70R3",1248,1248,0,5,TRUE
202001,"inner","Q70R4",1248,1248,0,5,TRUE
202001,"inner","Q70R5",1248,1248,0,5,TRUE
202001,"inner","Q75",1248,1248,0,5,TRUE
202001,"inner","Q76R1",1248,1248,0,6,TRUE
202001,"inner","Q76R2",1248,1248,0,6,TRUE
202001,"inner","Q76R3",1248,1248,0,6,TRUE
202001,"inner","Q76R4",1248,1248,0,6,TRUE
202001,"inner","Q76R5",1248,1248,0,6,TRUE
202001,"inner","Q76R6",1248,1248,0,6,TRUE
202001,"inner","Q77R1",1248,1248,0,5,TRUE
202001,"inner","Q77R2",1248,1248,0,5,TRUE
202001,"inner","Q77R3",1248,1248,0,5,TRUE
202001,"inner","Q77R4",1248,1248,0,5,TRUE
202001,"inner","Q77R5",1248,1248,0,5,TRUE
202001,"inner","Q77R6",1248,1248,0,5,TRUE
202001,"inner","Q77R7",1248,1248,0,5,TRUE
202001,"inner","Q77R8",1248,1248,0,5,TRUE
202001,"inner","Q77R9",1248,1248,0,5,TRUE
202001,"inner","Q78",1248,1248,0,5,TRUE
202001,"inner","Q79",1248,79,0.936698717948718,2,FALSE
202001,"inner","Q84",1248,1248,0,5,TRUE
202001,"inner","Q85",1248,158,0.873397435897436,5,TRUE
202001,"inner","Q85B",1248,156,0.875,2,TRUE
202001,"inner","Q86",1248,1248,0,5,TRUE
202001,"inner","Q87",1248,154,0.876602564102564,2,TRUE
202001,"inner","Q88",1248,154,0.876602564102564,2,TRUE
202001,"inner","Q93",1248,1248,0,5,TRUE
202001,"inner","Q94",1248,86,0.931089743589744,2,FALSE
202001,"inner","Q95",1248,1248,0,5,TRUE
202001,"inner","Q96R1",1248,85,0.931891025641026,2,FALSE
202001,"inner","Q96R2",1248,85,0.931891025641026,2,FALSE
202001,"inner","Q96R3",1248,85,0.931891025641026,2,FALSE
202001,"inner","Q96R4",1248,85,0.931891025641026,2,FALSE
202001,"inner","Q96R5",1248,85,0.931891025641026,2,FALSE
202001,"inner","Q96R6",1248,85,0.931891025641026,2,FALSE
202001,"inner","Q96R7",1248,85,0.931891025641026,2,FALSE
202001,"inner","Q96R8",1248,85,0.931891025641026,2,FALSE
202001,"inner","Q96R9",1248,85,0.931891025641026,2,FALSE
202001,"inner","Q96R10",1248,85,0.931891025641026,2,FALSE
202001,"inner","Q96R11",1248,85,0.931891025641026,2,FALSE
202001,"inner","Q96R12",1248,85,0.931891025641026,2,FALSE
202001,"inner","Q96R13",1248,85,0.931891025641026,2,FALSE
202001,"inner","Q96R14",1248,85,0.931891025641026,2,FALSE
202001,"inner","Q97",1248,1248,0,3,TRUE
202001,"inner","Q98R1",1248,161,0.87099358974359,2,TRUE
202001,"inner","Q98R2",1248,161,0.87099358974359,2,TRUE
202001,"inner","Q98R3",1248,161,0.87099358974359,2,TRUE
202001,"inner","Q98R4",1248,161,0.87099358974359,2,TRUE
202001,"inner","Q98R5",1248,161,0.87099358974359,2,TRUE
202001,"inner","Q98R6",1248,161,0.87099358974359,2,TRUE
202001,"inner","Q98R7",1248,161,0.87099358974359,2,TRUE
202001,"inner","Q98R8",1248,161,0.87099358974359,2,TRUE
202001,"inner","Q98R9",1248,161,0.87099358974359,2,TRUE
202001,"inner","Q98R10",1248,161,0.87099358974359,2,TRUE
202001,"inner","Q98R11",1248,161,0.87099358974359,2,TRUE
202001,"inner","Q99R1",1248,1248,0,5,TRUE
202001,"inner","Q99R2",1248,1248,0,5,TRUE
202001,"inner","Q99R3",1248,1248,0,5,TRUE
202001,"inner","Q99R4",1248,1248,0,5,TRUE
202001,"inner","Q99R5",1248,1248,0,5,TRUE
202001,"inner","Q99R6",1248,1248,0,5,TRUE
202001,"inner","Q99R7",1248,1248,0,5,TRUE
202001,"inner","Q99R8",1248,1248,0,5,TRUE
202001,"inner","Q99R9",1248,1248,0,5,TRUE
202001,"inner","Q99R10",1248,1248,0,5,TRUE
202001,"inner","Q99R11",1248,1248,0,5,TRUE
202001,"inner","Q110R1",1248,1248,0,1,FALSE
202001,"inner","Q110R2",1248,1248,0,2,TRUE
202001,"inner","Q110R3",1248,1248,0,2,TRUE
202001,"inner","Q110R4",1248,1248,0,2,TRUE
202001,"inner","Q110R5",1248,1248,0,2,TRUE
202001,"inner","Q110R6",1248,1248,0,2,TRUE
202001,"inner","Q110R7",1248,1248,0,2,TRUE
202001,"inner","Q110R8",1248,1248,0,2,TRUE
202001,"inner","Q111R1",1248,1248,0,5,TRUE
202001,"inner","Q111R2",1248,1248,0,5,TRUE
202001,"inner","Q111R3",1248,1248,0,5,TRUE
202001,"inner","Q111R4",1248,1248,0,5,TRUE
202001,"inner","Q111R5",1248,1248,0,5,TRUE
202001,"inner","Q116R1",1248,444,0.644230769230769,3,TRUE
202001,"inner","Q116R2",1248,449,0.640224358974359,3,TRUE
202001,"inner","Q116R3",1248,192,0.846153846153846,3,TRUE
202001,"inner","Q116R4",1248,130,0.895833333333333,3,TRUE
202001,"inner","Q116R5",1248,123,0.901442307692308,3,FALSE
202001,"inner","Q116R6",1248,43,0.965544871794872,3,FALSE
202001,"inner","Q116R7",1248,141,0.887019230769231,3,TRUE
202001,"inner","Q116R8",1248,134,0.892628205128205,3,TRUE
202001,"inner","Q116R9",1248,87,0.930288461538462,3,FALSE
202001,"inner","Q116R10",1248,137,0.890224358974359,3,TRUE
202001,"inner","Q116R11",1248,60,0.951923076923077,3,FALSE
202001,"inner","Q116R12",1248,62,0.950320512820513,3,FALSE
202001,"inner","Q116R13",1248,22,0.982371794871795,3,FALSE
202001,"inner","Q116R14",1248,52,0.958333333333333,3,FALSE
202001,"inner","Q117R1",1248,1248,0,4,TRUE
202001,"inner","Q117R2",1248,1248,0,4,TRUE
202001,"inner","Q117R3",1248,1248,0,4,TRUE
202001,"inner","Q117R4",1248,1248,0,4,TRUE
202001,"inner","Q117R5",1248,1248,0,4,TRUE
202001,"inner","Q117R6",1248,1248,0,4,TRUE
202001,"inner","Q117R7",1248,1248,0,12,TRUE
202001,"inner","Q117R8",1248,1248,0,4,TRUE
202001,"inner","Q117R9",1248,1248,0,4,TRUE
202001,"inner","Q117R10",1248,1248,0,4,TRUE
202001,"inner","Q117R11",1248,1248,0,4,TRUE
202001,"inner","Q117R12",1248,1248,0,4,TRUE
202001,"inner","Q117R13",1248,1248,0,4,TRUE
202001,"inner","Q130",1248,1248,0,2,TRUE
202001,"inner","Q131R1",1248,1248,0,5,TRUE
202001,"inner","Q131R2",1248,644,0.483974358974359,5,TRUE
202001,"inner","Q131R3",1248,604,0.516025641025641,5,TRUE
202001,"inner","Q131R4",1248,644,0.483974358974359,5,TRUE
202001,"inner","Q131R5",1248,604,0.516025641025641,5,TRUE
202001,"inner","Q131R6",1248,644,0.483974358974359,5,TRUE
202001,"inner","Q131R7",1248,604,0.516025641025641,5,TRUE
202001,"inner","Q131R8",1248,644,0.483974358974359,5,TRUE
202001,"inner","Q131R9",1248,604,0.516025641025641,5,TRUE
202001,"inner","Q131R10",1248,644,0.483974358974359,5,TRUE
202001,"inner","Q131R11",1248,604,0.516025641025641,5,TRUE
202001,"inner","Q131R12",1248,644,0.483974358974359,5,TRUE
202001,"inner","Q131R13",1248,604,0.516025641025641,5,TRUE
202001,"inner","Q144",1248,1248,0,4,TRUE
202001,"inner","Q145",1248,1248,0,5,TRUE
202001,"inner","Q146",1248,1248,0,5,TRUE
202001,"inner","Q147",1248,1248,0,5,TRUE
202001,"inner","Q148",1248,1248,0,5,TRUE
202001,"inner","Q149",1248,1248,0,5,TRUE
202001,"inner","Q150",1248,1248,0,5,TRUE
202001,"inner","Q151",1248,1248,0,5,TRUE
202001,"inner","Q152",1248,1248,0,5,TRUE
202001,"inner","Q153",1248,1248,0,5,TRUE
202001,"inner","Q154R1",1248,1248,0,5,TRUE
202001,"inner","Q154R2",1248,1248,0,5,TRUE
202001,"inner","Q154R3",1248,1248,0,5,TRUE
202001,"inner","Q154R4",1248,1248,0,13,TRUE
202001,"inner","Q154R5",1248,1248,0,14,TRUE
202001,"inner","Q159R1",1248,1248,0,13,TRUE
202001,"inner","Q159R2",1248,1248,0,14,TRUE
202001,"inner","Q159R3",1248,1248,0,15,TRUE
202001,"inner","Q162R1",1248,1248,0,7,TRUE
202001,"inner","Q162R2",1248,1248,0,7,TRUE
202001,"inner","Q162R3",1248,1248,0,7,TRUE
202001,"inner","Q162R4",1248,1248,0,7,TRUE
202001,"inner","Q162R5",1248,1248,0,7,TRUE
202001,"inner","Q162R6",1248,1248,0,7,TRUE
202001,"inner","Q162R7",1248,1248,0,7,TRUE
202001,"inner","Q162R8",1248,1248,0,7,TRUE
202001,"inner","Q170",1248,1248,0,2,TRUE
202001,"inner","Q171R1",1248,511,0.590544871794872,2,TRUE
202001,"inner","Q171R2",1248,511,0.590544871794872,2,TRUE
202001,"inner","Q171R3",1248,511,0.590544871794872,2,TRUE
202001,"inner","Q171R4",1248,511,0.590544871794872,2,TRUE
202001,"inner","Q171R5",1248,511,0.590544871794872,2,TRUE
202001,"inner","Q171R6",1248,511,0.590544871794872,2,TRUE
202001,"inner","Q171R7",1248,511,0.590544871794872,2,TRUE
202001,"inner","Q171R8",1248,511,0.590544871794872,2,TRUE
202001,"inner","Q171R9",1248,511,0.590544871794872,2,TRUE
202001,"inner","Q172R1",1248,511,0.590544871794872,2,TRUE
202001,"inner","Q172R2",1248,511,0.590544871794872,2,TRUE
202001,"inner","Q172R3",1248,511,0.590544871794872,2,TRUE
202001,"inner","Q175R1",1248,737,0.409455128205128,2,TRUE
202001,"inner","Q175R2",1248,737,0.409455128205128,2,TRUE
202001,"inner","Q175R3",1248,737,0.409455128205128,2,TRUE
202001,"inner","Q178R1",1248,1248,0,4,TRUE
202001,"inner","Q178R2",1248,1248,0,4,TRUE
202001,"inner","Q178R3",1248,1248,0,4,TRUE
202001,"inner","Q178R4",1248,1248,0,4,TRUE
202001,"inner","Q182",1248,1248,0,3,TRUE
202001,"inner","Q183",1248,1248,0,4,TRUE
202001,"inner","Q184R1",1248,1248,0,5,TRUE
202001,"inner","Q184R2",1248,1248,0,5,TRUE
202001,"inner","Q184R3",1248,1248,0,5,TRUE
202001,"inner","Q187R1",1248,1248,0,5,TRUE
202001,"inner","Q187R2",1248,1248,0,5,TRUE
202001,"inner","Q187R3",1248,1248,0,5,TRUE
202001,"inner","Q187R4",1248,1248,0,5,TRUE
202001,"inner","Q187R5",1248,1248,0,5,TRUE
202001,"inner","Q192",1248,1248,0,2,TRUE
202001,"inner","Q193",1248,652,0.477564102564103,5,TRUE
202001,"inner","Q194",1248,596,0.522435897435897,5,TRUE
202001,"inner","Q195A1R1",1248,227,0.818108974358974,3,TRUE
202001,"inner","Q195A1R2",1248,617,0.505608974358974,3,TRUE
202001,"inner","Q195A1R3",1248,578,0.536858974358974,3,TRUE
202001,"inner","Q195A1R4",1248,489,0.608173076923077,3,TRUE
202001,"inner","Q195A2R1",1248,200,0.83974358974359,5,TRUE
202001,"inner","Q195A2R2",1248,272,0.782051282051282,5,TRUE
202001,"inner","Q195A2R3",1248,229,0.81650641025641,5,TRUE
202001,"inner","Q195A2R4",1248,228,0.817307692307692,5,TRUE
202001,"inner","Q195A2R5",1248,203,0.837339743589744,5,TRUE
202001,"inner","Q195A2R6",1248,416,0.666666666666667,5,TRUE
202001,"inner","Q195A2R7",1248,367,0.705929487179487,5,TRUE
202001,"inner","Q195A2R8",1248,337,0.729967948717949,5,TRUE
202001,"inner","Q195A2R9",1248,365,0.707532051282051,5,TRUE
202001,"inner","Q195A2R10",1248,372,0.701923076923077,5,TRUE
202001,"inner","Q195B1R1",1248,185,0.85176282051282,3,TRUE
202001,"inner","Q195B1R2",1248,592,0.525641025641026,3,TRUE
202001,"inner","Q195B1R3",1248,563,0.548878205128205,3,TRUE
202001,"inner","Q195B1R4",1248,493,0.604967948717949,3,TRUE
202001,"inner","Q195B2R1",1248,158,0.873397435897436,5,TRUE
202001,"inner","Q195B2R2",1248,278,0.77724358974359,5,TRUE
202001,"inner","Q195B2R3",1248,206,0.834935897435897,5,TRUE
202001,"inner","Q195B2R4",1248,211,0.830929487179487,5,TRUE
202001,"inner","Q195B2R5",1248,197,0.842147435897436,5,TRUE
202001,"inner","Q195B2R6",1248,441,0.646634615384615,5,TRUE
202001,"inner","Q195B2R7",1248,390,0.6875,5,TRUE
202001,"inner","Q195B2R8",1248,373,0.701121794871795,5,TRUE
202001,"inner","Q195B2R9",1248,395,0.68349358974359,5,TRUE
202001,"inner","Q195B2R10",1248,406,0.674679487179487,5,TRUE
202001,"inner","Q196",1248,1248,0,11,TRUE
202001,"inner","Q197A1",1248,637,0.489583333333333,4,TRUE
202001,"inner","Q197A2",1248,637,0.489583333333333,10,TRUE
202001,"inner","Q197B1",1248,611,0.510416666666667,4,TRUE
202001,"inner","Q197B2",1248,611,0.510416666666667,10,TRUE
202001,"inner","Q198",1248,1248,0,11,TRUE
202001,"inner","Q199",1248,406,0.674679487179487,2,TRUE
202001,"inner","Q200",1248,405,0.675480769230769,2,TRUE
202001,"inner","Q201",1248,437,0.649839743589744,2,TRUE
202001,"inner","Q202R1",1248,1248,0,2,TRUE
202001,"inner","Q202R2",1248,1248,0,2,TRUE
202001,"inner","Q202R3",1248,1248,0,2,TRUE
202001,"inner","Q203",1248,1248,0,5,TRUE
202001,"inner","Q204",1248,1248,0,5,TRUE
202001,"inner","Q205",1248,1248,0,5,TRUE
202001,"inner","Q206",1248,1248,0,101,TRUE
202001,"inner","Q207",1248,1248,0,101,TRUE
202001,"inner","Q208R1",1248,1248,0,5,TRUE
202001,"inner","Q208R2",1248,1248,0,5,TRUE
202001,"inner","Q208R3",1248,1248,0,5,TRUE
202001,"inner","Q208R4",1248,1248,0,5,TRUE
202001,"inner","Q208R5",1248,1248,0,5,TRUE
202001,"inner","Q213R1",1248,1248,0,5,TRUE
202001,"inner","Q213R2",1248,1248,0,5,TRUE
202001,"inner","Q213R3",1248,1248,0,5,TRUE
202001,"inner","Q213R4",1248,1248,0,5,TRUE
202001,"inner","Q217R1",1248,1248,0,6,TRUE
202001,"inner","Q217R2",1248,1248,0,6,TRUE
202001,"inner","Q217R3",1248,1248,0,6,TRUE
202001,"inner","Q217R4",1248,1248,0,6,TRUE
202001,"inner","Q221R1",1248,1248,0,14,TRUE
202001,"inner","Q221R2",1248,1248,0,15,TRUE
202001,"inner","Q221R3",1248,1248,0,14,TRUE
202001,"inner","Q221R4",1248,1248,0,13,TRUE
202001,"inner","Q225R1",1248,1248,0,7,TRUE
202001,"inner","Q225R2",1248,1248,0,7,TRUE
202001,"inner","Q225R3",1248,1248,0,7,TRUE
202001,"inner","Q225R4",1248,1248,0,7,TRUE
202001,"inner","Q225R5",1248,1248,0,7,TRUE
202001,"inner","Q225R6",1248,1248,0,7,TRUE
202001,"inner","Q225R7",1248,1248,0,7,TRUE
202001,"inner","Q225R8",1248,1248,0,7,TRUE
202001,"inner","Q225R9",1248,1248,0,7,TRUE
202001,"inner","Q225R10",1248,1248,0,7,TRUE
202001,"inner","Q225R11",1248,1248,0,7,TRUE
202001,"inner","Q225R12",1248,1248,0,7,TRUE
202001,"inner","Q225R13",1248,1248,0,7,TRUE
202001,"inner","Q225R14",1248,1248,0,7,TRUE
202001,"inner","Q239R1",1248,1248,0,5,TRUE
202001,"inner","Q239R2",1248,1248,0,5,TRUE
202001,"inner","Q239R3",1248,1248,0,5,TRUE
202001,"inner","Q239R4",1248,1248,0,5,TRUE
202001,"inner","Q243R1",1248,1248,0,5,TRUE
202001,"inner","Q243R2",1248,1248,0,5,TRUE
202001,"inner","Q243R3",1248,1248,0,5,TRUE
202001,"inner","Q243R4",1248,1248,0,5,TRUE
202001,"inner","Q247",1248,1248,0,5,TRUE
202001,"inner","Q248",1248,1248,0,5,TRUE
202001,"inner","Q249",1248,1248,0,5,TRUE
202001,"inner","Q250R1",1248,469,0.624198717948718,5,TRUE
202001,"inner","Q250R2",1248,1248,0,5,TRUE
202001,"inner","Q250R3",1248,137,0.890224358974359,5,TRUE
202001,"inner","Q250R4",1248,0,1,0,FALSE
202001,"inner","Q250R5",1248,190,0.84775641025641,5,TRUE
202001,"inner","Q250R6",1248,0,1,0,FALSE
202001,"inner","Q250R7",1248,6,0.995192307692308,3,FALSE
202001,"inner","Q250R8",1248,133,0.893429487179487,5,TRUE
202001,"inner","Q251",1248,137,0.890224358974359,3,TRUE
202001,"inner","Q252",1248,137,0.890224358974359,2,TRUE
202001,"inner","Q253",1248,137,0.890224358974359,2,TRUE
202001,"inner","Q254",1248,289,0.768429487179487,2,TRUE
202001,"inner","Q255",1248,137,0.890224358974359,2,TRUE
202001,"inner","Q256",1248,1248,0,4,TRUE
202001,"inner","Q257AR1",1248,402,0.677884615384615,5,TRUE
202001,"inner","Q257AR2",1248,402,0.677884615384615,5,TRUE
202001,"inner","Q257AR3",1248,402,0.677884615384615,5,TRUE
202001,"inner","Q257AR4",1248,402,0.677884615384615,5,TRUE
202001,"inner","Q257BR1",1248,440,0.647435897435897,5,TRUE
202001,"inner","Q257BR2",1248,440,0.647435897435897,5,TRUE
202001,"inner","Q257BR3",1248,440,0.647435897435897,5,TRUE
202001,"inner","Q257BR4",1248,440,0.647435897435897,5,TRUE
202001,"inner","Q257CR1",1248,406,0.674679487179487,5,TRUE
202001,"inner","Q257CR2",1248,406,0.674679487179487,5,TRUE
202001,"inner","Q257CR3",1248,406,0.674679487179487,5,TRUE
202001,"inner","Q257CR4",1248,406,0.674679487179487,5,TRUE
202001,"inner","Q258",1248,137,0.890224358974359,20,TRUE
202001,"inner","Q260",1248,137,0.890224358974359,4,TRUE
202001,"inner","Q261",1248,1248,0,10,TRUE
202001,"inner","Q262",1248,190,0.84775641025641,7,TRUE
202001,"inner","Q263",1248,190,0.84775641025641,6,TRUE
202001,"inner","Q264",1248,190,0.84775641025641,7,TRUE
202001,"inner","Q265",1248,190,0.84775641025641,6,TRUE
202001,"inner","Q266",1248,190,0.84775641025641,4,TRUE
202001,"inner","Q267",1248,137,0.890224358974359,5,TRUE
202001,"inner","Q268",1248,1248,0,14,TRUE
202001,"inner","Q269",1248,137,0.890224358974359,5,TRUE
202001,"inner","Q270",1248,137,0.890224358974359,5,TRUE
202001,"inner","Q271",1248,1248,0,14,TRUE
202001,"inner","Q272",1248,1248,0,8,TRUE
202001,"inner","Q273R1",1248,1248,0,7,TRUE
202001,"inner","Q273R2",1248,1248,0,7,TRUE
202001,"inner","Q273R3",1248,1248,0,7,TRUE
202001,"inner","Q273R4",1248,1248,0,7,TRUE
202001,"inner","Q273R5",1248,1248,0,7,TRUE
202001,"inner","Q278",1248,1248,0,4,TRUE
202001,"inner","Q279",1248,1248,0,2,TRUE
202001,"inner","Q280",1248,1248,0,3,TRUE
202001,"inner","Q281R1",1248,1248,0,2,TRUE
202001,"inner","Q281R2",1248,1248,0,2,TRUE
202001,"inner","Q281R3",1248,1248,0,2,TRUE
202001,"inner","Q281R4",1248,1248,0,2,TRUE
202001,"inner","Q281R5",1248,1248,0,2,TRUE
202001,"inner","Q281R6",1248,1248,0,2,TRUE
202001,"inner","Q281R7",1248,1248,0,2,TRUE
202001,"inner","Q281R8",1248,1248,0,2,TRUE
202001,"inner","Q281R9",1248,1248,0,2,TRUE
202001,"inner","Q282",1248,608,0.512820512820513,3,TRUE
202001,"inner","Q283",1248,640,0.487179487179487,3,TRUE
202001,"inner","Q284",1248,85,0.931891025641026,3,FALSE
202001,"inner","Q285",1248,620,0.503205128205128,4,TRUE
202001,"inner","Q286",1248,628,0.496794871794872,5,TRUE
202001,"inner","Q287R1",1248,439,0.64823717948718,11,TRUE
202001,"inner","Q287R2",1248,439,0.64823717948718,5,TRUE
202001,"inner","Q287R3",1248,439,0.64823717948718,5,TRUE
202001,"inner","Q287R4",1248,439,0.64823717948718,5,TRUE
202001,"inner","Q287R5",1248,439,0.64823717948718,5,TRUE
202001,"inner","Q287R6",1248,439,0.64823717948718,30,TRUE
202001,"inner","Q287R7",1248,439,0.64823717948718,5,TRUE
202001,"inner","Q294",1248,439,0.64823717948718,7,TRUE
202001,"inner","Q295R1",1248,428,0.657051282051282,84,TRUE
202001,"inner","Q295R2",1248,428,0.657051282051282,44,TRUE
202001,"inner","Q295R3",1248,428,0.657051282051282,52,TRUE
202001,"inner","Q295R4",1248,427,0.657852564102564,46,TRUE
202001,"inner","Q295R5",1248,428,0.657051282051282,39,TRUE
202001,"inner","Q295R6",1248,197,0.842147435897436,28,TRUE
202001,"inner","Q301R1",1248,381,0.694711538461538,72,TRUE
202001,"inner","Q301R2",1248,381,0.694711538461538,34,TRUE
202001,"inner","Q301R3",1248,381,0.694711538461538,53,TRUE
202001,"inner","Q301R4",1248,381,0.694711538461538,35,TRUE
202001,"inner","Q301R5",1248,381,0.694711538461538,31,TRUE
202001,"inner","Q301R6",1248,381,0.694711538461538,36,TRUE
202001,"inner","Q301R7",1248,381,0.694711538461538,26,TRUE
202001,"inner","Q308R1",1248,1248,0,101,TRUE
202001,"inner","Q308R2",1248,1248,0,100,TRUE
202001,"inner","Q308R3",1248,1248,0,99,TRUE
202001,"inner","Q308R4",1248,1248,0,99,TRUE
202001,"inner","Q308R5",1248,1248,0,99,TRUE
202001,"inner","Q308R6",1248,1248,0,100,TRUE
202001,"inner","Q308R7",1248,1248,0,100,TRUE
202001,"inner","Q315",1248,1248,0,35,TRUE
202001,"inner","Q316R1",1248,1248,0,5,TRUE
202001,"inner","Q316R2",1248,1248,0,5,TRUE
202001,"inner","Q316R3",1248,1248,0,5,TRUE
202001,"inner","Q316R4",1248,1248,0,5,TRUE
202001,"inner","Q316R5",1248,1248,0,5,TRUE
202001,"inner","Q316R6",1248,1248,0,5,TRUE
202001,"inner","Q316R7",1248,1248,0,5,TRUE
202001,"inner","Q323_BLW",1248,1248,0,75,TRUE
202001,"inner","Q323_API",1248,0,1,0,FALSE
202001,"inner","Q323_NINH",1248,0,1,0,FALSE
202001,"inner","Q324",1248,1248,0,75,TRUE
202001,"inner","Q325_BLW",1248,1248,0,75,TRUE
202001,"inner","Q325_API",1248,0,1,0,FALSE
202001,"inner","Q325_NINH",1248,0,1,0,FALSE
202001,"inner","Q326R1",1248,1248,0,60,TRUE
202001,"inner","Q326R2",1248,0,1,0,FALSE
202001,"inner","Q326R3",1248,0,1,0,FALSE
202001,"inner","Q326R4",1248,1248,0,123,TRUE
202001,"inner","Q326R5",1248,1248,0,60,TRUE
202001,"inner","Q326R6",1248,0,1,0,FALSE
202001,"inner","Q326R7",1248,0,1,0,FALSE
202001,"inner","Q329R1",1248,110,0.911858974358974,3,FALSE
202001,"inner","Q329R2",1248,319,0.744391025641026,3,TRUE
202001,"inner","Q329R3",1248,530,0.575320512820513,3,TRUE
202001,"inner","Q329R4",1248,164,0.868589743589744,3,TRUE
202001,"inner","Q329R5",1248,609,0.512019230769231,3,TRUE
202001,"inner","Q329R6",1248,91,0.927083333333333,3,FALSE
202001,"inner","Q329R7",1248,441,0.646634615384615,3,TRUE
202001,"inner","Q329R8",1248,543,0.564903846153846,3,TRUE
202001,"inner","Q329R9",1248,434,0.65224358974359,3,TRUE
202001,"inner","Q329R10",1248,503,0.596955128205128,3,TRUE
202001,"inner","Q330",1248,1248,0,87,TRUE
202001,"inner","Q331",1248,1248,0,84,TRUE
202001,"inner","Q332",1248,1248,0,95,TRUE
202001,"inner","Q333",1248,1248,0,3,TRUE
202001,"inner","Q334",1248,290,0.767628205128205,3,TRUE
202001,"inner","Q335",1248,647,0.481570512820513,3,TRUE
202001,"inner","Q336R1C1",1248,15,0.987980769230769,7,FALSE
202001,"inner","Q336R2C1",1248,15,0.987980769230769,6,FALSE
202001,"inner","Q336R3C1",1248,15,0.987980769230769,7,FALSE
202001,"inner","Q339",1248,1248,0,3,TRUE
202001,"inner","Q340",1248,1248,0,1248,TRUE
202001,"inner","Q341R1",1248,1248,0,1219,TRUE
202001,"inner","Q341R2",1248,1248,0,1220,TRUE
202001,"inner","Q343R1",1248,1248,0,4,TRUE
202001,"inner","Q343R2",1248,1248,0,4,TRUE
202001,"inner","Q343R3",1248,1248,0,4,TRUE
202001,"inner","Q343R4",1248,1248,0,4,TRUE
202001,"inner","Q347",1248,1248,0,12,TRUE
202001,"inner","Q348",1248,1248,0,40,TRUE
202001,"inner","Q349",1248,1248,0,15,TRUE
202001,"inner","Q350",1248,1248,0,4,TRUE
202001,"inner","Q351",1248,1248,0,4,TRUE
202001,"inner","Q352",1248,1248,0,4,TRUE
202001,"inner","Q353",1248,6,0.995192307692308,3,FALSE
202001,"inner","Q354",1248,6,0.995192307692308,3,FALSE
202001,"inner","Q355R1",1248,6,0.995192307692308,2,FALSE
202001,"inner","Q355R2",1248,6,0.995192307692308,2,FALSE
202001,"inner","Q355R3",1248,6,0.995192307692308,2,FALSE
202001,"inner","Q355R4",1248,6,0.995192307692308,2,FALSE
202001,"inner","Q355R5",1248,6,0.995192307692308,2,FALSE
202001,"inner","Q355R6",1248,6,0.995192307692308,2,FALSE
202001,"inner","Q355R7",1248,6,0.995192307692308,2,FALSE
202001,"inner","Q355R8",1248,6,0.995192307692308,1,FALSE
202001,"inner","Q355R9",1248,6,0.995192307692308,2,FALSE
202001,"inner","Q356",1248,1248,0,2,TRUE
202001,"inner","Q357",1248,130,0.895833333333333,4,TRUE
202001,"inner","Q358",1248,1248,0,5,TRUE
202001,"inner","Q359R1",1248,1248,0,15,TRUE
202001,"inner","Q359R2",1248,1248,0,15,TRUE
202001,"inner","Q359R3",1248,1248,0,5,TRUE
202001,"inner","Q359R4",1248,1248,0,5,TRUE
202001,"inner","Q363",1248,1248,0,5,TRUE
202001,"inner","Q364",1248,655,0.475160256410256,4,TRUE
202001,"inner","Q365",1248,593,0.524839743589744,4,TRUE
202001,"inner","Q366R1",1248,1248,0,2,TRUE
202001,"inner","Q366R2",1248,1248,0,2,TRUE
202001,"inner","Q366R3",1248,1248,0,2,TRUE
202001,"inner","Q366R4",1248,1248,0,2,TRUE
202001,"inner","Q367",1248,1248,0,2,TRUE
202001,"inner","Q368",1248,1248,0,5,TRUE
202001,"inner","Q369",1248,421,0.662660256410256,2,TRUE
202001,"inner","Q370",1248,421,0.662660256410256,3,TRUE
202001,"inner","Q371",1248,1248,0,2,TRUE
202001,"inner","Q372",1248,1248,0,4,TRUE
202001,"inner","Q373",1248,6,0.995192307692308,4,FALSE
202001,"inner","Q374",1248,6,0.995192307692308,3,FALSE
202001,"inner","Q375",1248,6,0.995192307692308,3,FALSE
202001,"inner","Q376",1248,6,0.995192307692308,4,FALSE
202001,"inner","Q377",1248,469,0.624198717948718,5,TRUE
202001,"inner","Q378",1248,469,0.624198717948718,5,TRUE
202001,"inner","Q379",1248,469,0.624198717948718,5,TRUE
202001,"inner","Q380",1248,469,0.624198717948718,5,TRUE
202001,"inner","Q381_Q383R1",1248,1248,0,7,TRUE
202001,"inner","Q381_Q383R2",1248,1248,0,7,TRUE
202001,"inner","Q381_Q383R3",1248,1248,0,7,TRUE
202001,"inner","Q384R1",1248,1248,0,7,TRUE
202001,"inner","Q385",1248,1248,0,7,TRUE
202001,"inner","Q386_Q390R1",1248,469,0.624198717948718,5,TRUE
202001,"inner","Q386_Q390R2",1248,469,0.624198717948718,5,TRUE
202001,"inner","Q386_Q390R3",1248,469,0.624198717948718,5,TRUE
202001,"inner","Q386_Q390R4",1248,469,0.624198717948718,5,TRUE
202001,"inner","Q386_Q390R5",1248,469,0.624198717948718,5,TRUE
202001,"inner","Q391_Q393R1",1248,137,0.890224358974359,4,TRUE
202001,"inner","Q391_Q393R2",1248,137,0.890224358974359,4,TRUE
202001,"inner","Q391_Q393R3",1248,137,0.890224358974359,4,TRUE
202001,"inner","Q394",1248,137,0.890224358974359,6,TRUE
202001,"inner","Q395",1248,1248,0,12,TRUE
202001,"inner","Q396_Q398R1",1248,1248,0,5,TRUE
202001,"inner","Q396_Q398R2",1248,1248,0,5,TRUE
202001,"inner","Q396_Q398R3",1248,1248,0,5,TRUE
202001,"inner","Q399",1248,1248,0,3,TRUE
202001,"inner","Q400",1248,1248,0,3,TRUE
202001,"inner","Q401_Q404R1",1248,642,0.485576923076923,5,TRUE
202001,"inner","Q401_Q404R2",1248,642,0.485576923076923,5,TRUE
202001,"inner","Q401_Q404R3",1248,642,0.485576923076923,5,TRUE
202001,"inner","Q401_Q404R4",1248,642,0.485576923076923,5,TRUE
202001,"inner","Q405",1248,137,0.890224358974359,7,TRUE
202001,"inner","Q406",1248,1248,0,3,TRUE
202001,"inner","Q407R1",1248,563,0.548878205128205,2,TRUE
202001,"inner","Q407R2",1248,563,0.548878205128205,2,TRUE
202001,"inner","Q407R3",1248,563,0.548878205128205,2,TRUE
202001,"inner","Q407R4",1248,563,0.548878205128205,2,TRUE
202001,"inner","Q407R5",1248,563,0.548878205128205,2,TRUE
202001,"inner","Q408",1248,1248,0,5,TRUE
202001,"inner","Q409",1248,1248,0,5,TRUE
202001,"inner","Q410",1248,1248,0,5,TRUE
202001,"inner","Q411_Q416R1",1248,1248,0,5,TRUE
202001,"inner","Q411_Q416R2",1248,1248,0,5,TRUE
202001,"inner","Q411_Q416R3",1248,1248,0,5,TRUE
202001,"inner","Q411_Q416R4",1248,1248,0,5,TRUE
202001,"inner","Q411_Q416R5",1248,1248,0,5,TRUE
202001,"inner","Q411_Q416R6",1248,1248,0,5,TRUE
202001,"inner","Q417_Q424R1",1248,227,0.818108974358974,6,TRUE
202001,"inner","Q417_Q424R2",1248,242,0.806089743589744,6,TRUE
202001,"inner","Q417_Q424R3",1248,227,0.818108974358974,6,TRUE
202001,"inner","Q417_Q424R4",1248,242,0.806089743589744,6,TRUE
202001,"inner","Q417_Q424R5",1248,227,0.818108974358974,6,TRUE
202001,"inner","Q417_Q424R6",1248,242,0.806089743589744,6,TRUE
202001,"inner","Q417_Q424R7",1248,227,0.818108974358974,6,TRUE
202001,"inner","Q417_Q424R8",1248,242,0.806089743589744,6,TRUE
202001,"inner","Q425",1248,1248,0,6,TRUE
202001,"inner","Q428R1",1248,845,0.322916666666667,93,TRUE
202001,"inner","Q428R2",1248,845,0.322916666666667,48,TRUE
202001,"inner","Q428R3",1248,845,0.322916666666667,89,TRUE
202001,"inner","Q428R4",1248,845,0.322916666666667,40,TRUE
202001,"inner","Q428R6",1248,845,0.322916666666667,30,TRUE
202001,"inner","Q428R5",1248,845,0.322916666666667,39,TRUE
202001,"inner","Q429_Q440R1",1248,1248,0,4,TRUE
202001,"inner","Q429_Q440R2",1248,1248,0,4,TRUE
202001,"inner","Q429_Q440R3",1248,1248,0,4,TRUE
202001,"inner","Q429_Q440R4",1248,1248,0,4,TRUE
202001,"inner","Q429_Q440R5",1248,1248,0,4,TRUE
202001,"inner","Q429_Q440R6",1248,1248,0,4,TRUE
202001,"inner","Q429_Q440R7",1248,1248,0,4,TRUE
202001,"inner","Q429_Q440R8",1248,1248,0,4,TRUE
202001,"inner","Q429_Q440R9",1248,1248,0,4,TRUE
202001,"inner","Q429_Q440R10",1248,1248,0,4,TRUE
202001,"inner","Q429_Q440R11",1248,1248,0,4,TRUE
202001,"inner","Q429_Q440R12",1248,1248,0,4,TRUE
202001,"inner","Q441_Q452R1",1248,1248,0,3,TRUE
202001,"inner","Q441_Q452R2",1248,1248,0,3,TRUE
202001,"inner","Q441_Q452R3",1248,1248,0,3,TRUE
202001,"inner","Q441_Q452R4",1248,1248,0,3,TRUE
202001,"inner","Q441_Q452R5",1248,1248,0,3,TRUE
202001,"inner","Q441_Q452R6",1248,1248,0,3,TRUE
202001,"inner","Q441_Q452R7",1248,1248,0,3,TRUE
202001,"inner","Q441_Q452R8",1248,1248,0,3,TRUE
202001,"inner","Q441_Q452R9",1248,1248,0,3,TRUE
202001,"inner","Q441_Q452R10",1248,1248,0,3,TRUE
202001,"inner","Q441_Q452R11",1248,1248,0,3,TRUE
202001,"inner","Q441_Q452R12",1248,1248,0,3,TRUE
202001,"inner","Q453",1248,1248,0,6,TRUE
202001,"inner","Q454",1248,821,0.342147435897436,4,TRUE
202001,"inner","Q455",1248,821,0.342147435897436,3,TRUE
202001,"inner","Q456_Q461R1",1248,1248,0,5,TRUE
202001,"inner","Q456_Q461R2",1248,1248,0,5,TRUE
202001,"inner","Q456_Q461R3",1248,1248,0,5,TRUE
202001,"inner","Q456_Q461R4",1248,1248,0,5,TRUE
202001,"inner","Q456_Q461R5",1248,1248,0,5,TRUE
202001,"inner","Q456_Q461R6",1248,1248,0,5,TRUE
202001,"inner","Q462",1248,1248,0,3,TRUE
202001,"inner","Q463",1248,1248,0,4,TRUE
202001,"inner","Q464",1248,116,0.907051282051282,2,FALSE
202001,"inner","Q465R1",1248,116,0.907051282051282,2,FALSE
202001,"inner","Q465R2",1248,116,0.907051282051282,2,FALSE
202001,"inner","Q466",1248,1248,0,4,TRUE
202001,"inner","Q467_Q469R1",1248,1248,0,2,TRUE
202001,"inner","Q467_Q469R2",1248,1248,0,2,TRUE
202001,"inner","Q467_Q469R3",1248,1248,0,2,TRUE
202001,"inner","Q470",1248,1248,0,2,TRUE
202001,"inner","Q471R6",1248,164,0.868589743589744,2,TRUE
202001,"inner","Q471R7",1248,164,0.868589743589744,2,TRUE
202001,"inner","Q471R8",1248,164,0.868589743589744,2,TRUE
202001,"inner","Q471R9",1248,164,0.868589743589744,2,TRUE
202001,"inner","Q472_Q474R1",1248,1248,0,7,TRUE
202001,"inner","Q472_Q474R2",1248,1248,0,7,TRUE
202001,"inner","Q472_Q474R3",1248,1248,0,7,TRUE
202001,"inner","Q475R1",1248,1200,0.0384615384615385,7,TRUE
202001,"inner","Q475R2",1248,1203,0.0360576923076923,7,TRUE
202001,"inner","Q475R3",1248,1224,0.0192307692307692,7,TRUE
202001,"inner","Q475R4",1248,1234,0.0112179487179487,7,TRUE
202001,"inner","Q475R5",1248,1200,0.0384615384615385,7,TRUE
202001,"inner","Q475R6",1248,1217,0.0248397435897436,7,TRUE
202001,"inner","Q475R7",1248,1225,0.0184294871794872,7,TRUE
202001,"inner","Q476",1248,1248,0,4,TRUE
202001,"inner","Q477",1248,1248,0,3,TRUE
202001,"inner","Q478_Q483R1",1248,1248,0,7,TRUE
202001,"inner","Q478_Q483R2",1248,1248,0,7,TRUE
202001,"inner","Q478_Q483R3",1248,1248,0,7,TRUE
202001,"inner","Q478_Q483R4",1248,1248,0,7,TRUE
202001,"inner","Q478_Q483R5",1248,1248,0,7,TRUE
202001,"inner","Q478_Q483R6",1248,1248,0,7,TRUE
202001,"inner","Q484",1248,1248,0,3,TRUE
202001,"inner","Q485",1248,1248,0,4,TRUE
202001,"inner","Q486",1248,644,0.483974358974359,5,TRUE
202001,"inner","Q487_Q489R1",1248,373,0.701121794871795,6,TRUE
202001,"inner","Q487_Q489R2",1248,373,0.701121794871795,6,TRUE
202001,"inner","Q487_Q489R3",1248,373,0.701121794871795,6,TRUE
202001,"inner","Q490R1",1248,1248,0,2,TRUE
202001,"inner","Q490R2",1248,1248,0,2,TRUE
202001,"inner","Q490R3",1248,1248,0,2,TRUE
202001,"inner","Q490R4",1248,1248,0,2,TRUE
202001,"inner","Q490R5",1248,1248,0,2,TRUE
202001,"inner","Q490R6",1248,1248,0,2,TRUE
202001,"inner","Q490R7",1248,1248,0,2,TRUE
202001,"inner","Q490R8",1248,1248,0,2,TRUE
202001,"inner","Q491A",1248,295,0.763621794871795,3,TRUE
202001,"inner","Q491R1",1248,1248,0,2,TRUE
202001,"inner","Q491R2",1248,1248,0,2,TRUE
202001,"inner","Q491R3",1248,1248,0,2,TRUE
202001,"inner","Q491R4",1248,1248,0,2,TRUE
202001,"inner","Q491R5",1248,1248,0,2,TRUE
202001,"inner","Q491R6",1248,1248,0,2,TRUE
202001,"inner","Q491R7",1248,1248,0,2,TRUE
202001,"inner","Q492",1248,1248,0,4,TRUE
202001,"inner","Q493",1248,1248,0,4,TRUE
202001,"inner","Q494_Q503R1",1248,1248,0,3,TRUE
202001,"inner","Q494_Q503R2",1248,1248,0,3,TRUE
202001,"inner","Q494_Q503R3",1248,1248,0,3,TRUE
202001,"inner","Q494_Q503R4",1248,1248,0,3,TRUE
202001,"inner","Q494_Q503R5",1248,1248,0,3,TRUE
202001,"inner","Q494_Q503R6",1248,1248,0,3,TRUE
202001,"inner","Q494_Q503R7",1248,1248,0,3,TRUE
202001,"inner","Q494_Q503R8",1248,1248,0,3,TRUE
202001,"inner","Q494_Q503R9",1248,1248,0,3,TRUE
202001,"inner","Q494_Q503R10",1248,1248,0,3,TRUE
202001,"inner","Q504R1",1248,1248,0,10,TRUE
202001,"inner","Q504R2",1248,1248,0,10,TRUE
202001,"inner","Q504R3",1248,1248,0,10,TRUE
202001,"inner","Q504R4",1248,1248,0,10,TRUE
202001,"inner","Q504R5",1248,1248,0,10,TRUE
202001,"inner","Q504R6",1248,1248,0,10,TRUE
202001,"inner","Q504R7",1248,1248,0,10,TRUE
202001,"inner","Q504R8",1248,1248,0,10,TRUE
202001,"inner","Q504R11",1248,1248,0,10,TRUE
202001,"inner","Q504R12",1248,1248,0,10,TRUE
202001,"inner","Q505_Q508R1",1248,1248,0,4,TRUE
202001,"inner","Q505_Q508R2",1248,1248,0,4,TRUE
202001,"inner","Q505_Q508R3",1248,1248,0,4,TRUE
202001,"inner","Q505_Q508R4",1248,1248,0,4,TRUE
202001,"inner","Q509_Q511R1",1248,1248,0,4,TRUE
202001,"inner","Q509_Q511R2",1248,1248,0,4,TRUE
202001,"inner","Q509_Q511R3",1248,1248,0,4,TRUE
202001,"inner","Q512R1",1248,1248,0,3,TRUE
202001,"inner","Q512R2",1248,1248,0,3,TRUE
202001,"inner","Q512R3",1248,1248,0,3,TRUE
202001,"inner","Q513_Q516R1",1248,1248,0,5,TRUE
202001,"inner","Q513_Q516R2",1248,1248,0,5,TRUE
202001,"inner","Q513_Q516R3",1248,1248,0,5,TRUE
202001,"inner","Q517",1248,614,0.50801282051282,15,TRUE
202001,"inner","Q518",1248,634,0.491987179487179,15,TRUE
202001,"inner","Q519",1248,614,0.50801282051282,15,TRUE
202001,"inner","Q520",1248,634,0.491987179487179,14,TRUE
202001,"inner","Q521_Q528R1",1248,1248,0,5,TRUE
202001,"inner","Q521_Q528R2",1248,1248,0,5,TRUE
202001,"inner","Q521_Q528R3",1248,1248,0,5,TRUE
202001,"inner","Q521_Q528R4",1248,1248,0,5,TRUE
202001,"inner","Q521_Q528R5",1248,1248,0,5,TRUE
202001,"inner","Q521_Q528R6",1248,1248,0,5,TRUE
202001,"inner","Q521_Q528R7",1248,1248,0,5,TRUE
202001,"inner","Q521_Q528R8",1248,1248,0,5,TRUE
202001,"inner","Q529",1248,1248,0,4,TRUE
202001,"inner","Q530",1248,574,0.540064102564103,2,TRUE
202001,"inner","Q531",1248,162,0.870192307692308,2,TRUE
202001,"inner","Q532",1248,138,0.889423076923077,5,TRUE
202001,"inner","Q533",1248,115,0.907852564102564,5,FALSE
202001,"inner","Q534R1",1248,1248,0,2,TRUE
202001,"inner","Q534R2",1248,1248,0,2,TRUE
202001,"inner","Q534R3",1248,1248,0,2,TRUE
202001,"inner","Q534R4",1248,1248,0,2,TRUE
202001,"inner","Q534R5",1248,1248,0,2,TRUE
202001,"inner","Q535_Q538R1",1248,1248,0,5,TRUE
202001,"inner","Q535_Q538R2",1248,1248,0,5,TRUE
202001,"inner","Q535_Q538R3",1248,1248,0,5,TRUE
202001,"inner","Q535_Q538R4",1248,1248,0,5,TRUE
202001,"inner","Q539R1",1248,1248,0,95,TRUE
202001,"inner","Q539R2",1248,1248,0,62,TRUE
202001,"inner","Q539R3",1248,1248,0,91,TRUE
202001,"inner","Q539R4",1248,1248,0,48,TRUE
202001,"inner","Q539R6",1248,1248,0,32,TRUE
202001,"inner","Q539R5",1248,1248,0,33,TRUE
202001,"inner","Q540R1",1248,1248,0,93,TRUE
202001,"inner","Q541",1248,1248,0,2,TRUE
202001,"inner","Q542",1248,1248,0,2,TRUE
202001,"inner","Q543",1248,1248,0,2,TRUE
202001,"inner","Q544",1248,1248,0,2,TRUE
202001,"inner","Q545R7",1248,1248,0,7,TRUE
202001,"inner","Q546R7",1248,1248,0,7,TRUE
202001,"inner","Q547R7",1248,1248,0,7,TRUE
202001,"inner","Q548R7",1248,1248,0,7,TRUE
202001,"inner","Q549R7",1248,1248,0,7,TRUE
202001,"inner","Q550R1",1248,1248,0,2,TRUE
202001,"inner","Q550R2",1248,1248,0,2,TRUE
202001,"inner","Q550R3",1248,1248,0,2,TRUE
202001,"inner","Q550R4",1248,1248,0,2,TRUE
202001,"inner","Q550R5",1248,1248,0,2,TRUE
202001,"inner","Q550R6",1248,1248,0,2,TRUE
202001,"inner","Q551_Q559R1",1248,1248,0,5,TRUE
202001,"inner","Q551_Q559R2",1248,1248,0,5,TRUE
202001,"inner","Q551_Q559R3",1248,1248,0,5,TRUE
202001,"inner","Q551_Q559R4",1248,1248,0,5,TRUE
202001,"inner","Q551_Q559R5",1248,1248,0,5,TRUE
202001,"inner","Q551_Q559R6",1248,1248,0,5,TRUE
202001,"inner","Q551_Q559R7",1248,1248,0,5,TRUE
202001,"inner","Q551_Q559R8",1248,1248,0,5,TRUE
202001,"inner","Q551_Q559R9",1248,1248,0,5,TRUE
202001,"inner","Q560R1",1248,1248,0,8,TRUE
202001,"inner","Q560R2",1248,1248,0,8,TRUE
202001,"inner","Q560R3",1248,1248,0,8,TRUE
202001,"inner","Q560R4",1248,1248,0,8,TRUE
202001,"inner","Q560R5",1248,1248,0,8,TRUE
202001,"inner","Q560R6",1248,1248,0,8,TRUE
202001,"inner","Q560R7",1248,1248,0,8,TRUE
202001,"inner","Q560R8",1248,1248,0,8,TRUE
202001,"inner","Q561",1248,477,0.617788461538462,3,TRUE
202001,"inner","Q562",1248,1248,0,5,TRUE
202001,"inner","Q563_Q572R1",1248,1248,0,3,TRUE
202001,"inner","Q563_Q572R2",1248,1248,0,3,TRUE
202001,"inner","Q563_Q572R3",1248,1248,0,3,TRUE
202001,"inner","Q563_Q572R4",1248,1248,0,3,TRUE
202001,"inner","Q563_Q572R5",1248,1248,0,3,TRUE
202001,"inner","Q563_Q572R6",1248,1248,0,3,TRUE
202001,"inner","Q563_Q572R7",1248,1248,0,3,TRUE
202001,"inner","Q563_Q572R8",1248,1248,0,3,TRUE
202001,"inner","Q563_Q572R9",1248,1248,0,3,TRUE
202001,"inner","Q563_Q572R10",1248,1248,0,3,TRUE
202001,"inner","Q573",1248,1248,0,3,TRUE
202001,"inner","Q574",1248,1248,0,4,TRUE
202001,"inner","Q575_Q581R1",1248,1248,0,100,TRUE
202001,"inner","Q575_Q581R2",1248,1248,0,101,TRUE
202001,"inner","Q575_Q581R3",1248,1248,0,101,TRUE
202001,"inner","Q575_Q581R4",1248,1248,0,101,TRUE
202001,"inner","Q575_Q581R5",1248,1248,0,101,TRUE
202001,"inner","Q575_Q581R6",1248,1248,0,100,TRUE
202001,"inner","Q575_Q581R7",1248,1248,0,100,TRUE
202001,"inner","Q582",1248,1199,0.0392628205128205,5,TRUE
202001,"inner","Q583",1248,137,0.890224358974359,5,TRUE
202001,"inner","Q584",1248,1248,0,4,TRUE
202001,"inner","Q585_Q590R1",1248,137,0.890224358974359,2,TRUE
202001,"inner","Q585_Q590R2",1248,137,0.890224358974359,2,TRUE
202001,"inner","Q585_Q590R3",1248,137,0.890224358974359,2,TRUE
202001,"inner","Q585_Q590R4",1248,137,0.890224358974359,2,TRUE
202001,"inner","Q585_Q590R5",1248,137,0.890224358974359,2,TRUE
202001,"inner","Q585_Q590R6",1248,137,0.890224358974359,2,TRUE
202001,"inner","Q591_Q596R1",1248,1248,0,5,TRUE
202001,"inner","Q591_Q596R2",1248,1248,0,5,TRUE
202001,"inner","Q591_Q596R3",1248,1248,0,5,TRUE
202001,"inner","Q591_Q596R4",1248,1248,0,5,TRUE
202001,"inner","Q591_Q596R5",1248,1248,0,5,TRUE
202001,"inner","Q591_Q596R6",1248,1248,0,5,TRUE
202001,"inner","Q597_Q602R1",1248,1248,0,5,TRUE
202001,"inner","Q597_Q602R2",1248,1248,0,5,TRUE
202001,"inner","Q597_Q602R3",1248,1248,0,5,TRUE
202001,"inner","Q597_Q602R4",1248,1248,0,5,TRUE
202001,"inner","Q597_Q602R5",1248,1248,0,5,TRUE
202001,"inner","Q597_Q602R6",1248,1248,0,5,TRUE
202001,"inner","Q603R1",1248,1248,0,10,TRUE
202001,"inner","Q603R2",1248,1248,0,10,TRUE
202001,"inner","Q603R3",1248,1248,0,10,TRUE
202001,"inner","Q603R4",1248,1248,0,10,TRUE
202001,"inner","Q603R5",1248,1248,0,10,TRUE
202001,"inner","Q603R6",1248,1248,0,10,TRUE
202001,"inner","Q603R7",1248,1248,0,10,TRUE
202001,"inner","Q603R8",1248,1248,0,10,TRUE
202001,"inner","Q603R9",1248,1248,0,10,TRUE
202001,"inner","Q603R10",1248,1248,0,10,TRUE
202001,"inner","Q604_Q605R1",1248,1248,0,4,TRUE
202001,"inner","Q604_Q605R2",1248,1248,0,4,TRUE
202001,"inner","Q606R1",1248,1053,0.15625,3,TRUE
202001,"inner","Q606R2",1248,662,0.469551282051282,3,TRUE
202001,"inner","Q606R3",1248,369,0.704326923076923,3,TRUE
202001,"inner","Q606R4",1248,802,0.357371794871795,3,TRUE
202001,"inner","Q606R5",1248,330,0.735576923076923,3,TRUE
202001,"inner","Q606R6",1248,528,0.576923076923077,3,TRUE
202001,"inner","Q607_Q610R1",1248,1248,0,24,TRUE
202001,"inner","Q607_Q610R2",1248,1248,0,24,TRUE
202001,"inner","Q607_Q610R3",1248,1248,0,24,TRUE
202001,"inner","Q607_Q610R4",1248,1248,0,24,TRUE
202001,"inner","Q611",1248,1248,0,4,TRUE
202001,"inner","Q613",1248,1248,0,2,TRUE
202001,"inner","Q614",1248,1248,0,2,TRUE
202001,"inner","Q615",1248,1248,0,3,TRUE
202001,"inner","Q616_Q618R1",1248,1248,0,4,TRUE
202001,"inner","Q616_Q618R2",1248,1248,0,4,TRUE
202001,"inner","Q616_Q618R3",1248,1248,0,4,TRUE
202001,"inner","Q619_Q626R1",1248,1248,0,5,TRUE
202001,"inner","Q619_Q626R2",1248,1248,0,5,TRUE
202001,"inner","Q619_Q626R3",1248,1248,0,5,TRUE
202001,"inner","Q619_Q626R4",1248,1248,0,5,TRUE
202001,"inner","Q619_Q626R5",1248,1248,0,5,TRUE
202001,"inner","Q619_Q626R6",1248,1248,0,5,TRUE
202001,"inner","Q619_Q626R7",1248,1248,0,5,TRUE
202001,"inner","Q619_Q626R8",1248,1248,0,5,TRUE
202001,"inner","Q627",1248,1248,0,2,TRUE
202001,"inner","Q628",1248,137,0.890224358974359,3,TRUE
202001,"inner","Q629R1",1248,616,0.506410256410256,2,TRUE
202001,"inner","Q629R2",1248,616,0.506410256410256,2,TRUE
202001,"inner","Q629R3",1248,616,0.506410256410256,2,TRUE
202001,"inner","Q629R4",1248,616,0.506410256410256,2,TRUE
202001,"inner","Q629R5",1248,616,0.506410256410256,2,TRUE
202001,"inner","Q629R6",1248,616,0.506410256410256,2,TRUE
202001,"inner","Q629R7",1248,616,0.506410256410256,2,TRUE
202001,"inner","Q630_Q632R1",1248,1248,0,2,TRUE
202001,"inner","Q630_Q632R2",1248,1248,0,2,TRUE
202001,"inner","Q630_Q632R3",1248,1248,0,2,TRUE
202001,"inner","Q633",1248,1248,0,6,TRUE
202001,"inner","Q639",1248,1248,0,5,TRUE
202001,"inner","Q640_Q645R1",1248,145,0.883814102564103,2,TRUE
202001,"inner","Q640_Q645R2",1248,376,0.698717948717949,2,TRUE
202001,"inner","Q640_Q645R3",1248,376,0.698717948717949,2,TRUE
202001,"inner","Q640_Q645R4",1248,376,0.698717948717949,2,TRUE
202001,"inner","Q640_Q645R5",1248,376,0.698717948717949,2,TRUE
202001,"inner","Q640_Q645R6",1248,376,0.698717948717949,2,TRUE
202001,"inner","Q646_Q651R1",1248,456,0.634615384615385,2,TRUE
202001,"inner","Q646_Q651R2",1248,456,0.634615384615385,2,TRUE
202001,"inner","Q646_Q651R3",1248,456,0.634615384615385,2,TRUE
202001,"inner","Q646_Q651R4",1248,456,0.634615384615385,2,TRUE
202001,"inner","Q646_Q651R5",1248,456,0.634615384615385,2,TRUE
202001,"inner","Q646_Q651R6",1248,140,0.887820512820513,2,TRUE
202001,"inner","Q646_Q651R7",1248,140,0.887820512820513,2,TRUE
202001,"inner","Q646_Q651R8",1248,140,0.887820512820513,2,TRUE
202001,"inner","Q646_Q651R9",1248,140,0.887820512820513,2,TRUE
202001,"inner","Q646_Q651R10",1248,140,0.887820512820513,2,TRUE
202001,"inner","Q646_Q651R11",1248,140,0.887820512820513,2,TRUE
202001,"inner","Q652_Q658R1",1248,416,0.666666666666667,2,TRUE
202001,"inner","Q652_Q658R2",1248,416,0.666666666666667,2,TRUE
202001,"inner","Q652_Q658R3",1248,416,0.666666666666667,2,TRUE
202001,"inner","Q652_Q658R4",1248,416,0.666666666666667,2,TRUE
202001,"inner","Q652_Q658R5",1248,416,0.666666666666667,2,TRUE
202001,"inner","Q652_Q658R6",1248,416,0.666666666666667,2,TRUE
202001,"inner","Q652_Q658R7",1248,416,0.666666666666667,2,TRUE
202001,"inner","Q659R1",1248,400,0.67948717948718,2,TRUE
202001,"inner","Q659R2",1248,400,0.67948717948718,2,TRUE
202001,"inner","Q659R3",1248,400,0.67948717948718,2,TRUE
202001,"inner","Q659R4",1248,400,0.67948717948718,2,TRUE
202001,"inner","Q659R5",1248,400,0.67948717948718,2,TRUE
202001,"inner","Q659R6",1248,400,0.67948717948718,2,TRUE
202001,"inner","Q659R7",1248,400,0.67948717948718,2,TRUE
202001,"inner","Q659R8",1248,400,0.67948717948718,2,TRUE
202001,"inner","Q660",1248,1248,0,5,TRUE
202001,"inner","Q661",1248,1248,0,5,TRUE
202001,"inner","Q662R1",1248,1248,0,2,TRUE
202001,"inner","Q662R2",1248,1248,0,2,TRUE
202001,"inner","Q662R3",1248,1248,0,2,TRUE
202001,"inner","Q662R4",1248,1248,0,2,TRUE
202001,"inner","Q662R5",1248,1248,0,2,TRUE
202001,"inner","Q662R6",1248,1248,0,2,TRUE
202001,"inner","Q663_Q666R1",1248,1248,0,5,TRUE
202001,"inner","Q663_Q666R2",1248,1248,0,5,TRUE
202001,"inner","Q663_Q666R3",1248,1248,0,5,TRUE
202001,"inner","Q663_Q666R4",1248,1248,0,5,TRUE
202001,"inner","Q667_Q671R1",1248,1248,0,2,TRUE
202001,"inner","Q667_Q671R2",1248,1248,0,2,TRUE
202001,"inner","Q667_Q671R3",1248,1248,0,2,TRUE
202001,"inner","Q667_Q671R4",1248,1248,0,2,TRUE
202001,"inner","Q667_Q671R5",1248,1248,0,2,TRUE
202001,"inner","Q672",1248,1248,0,4,TRUE
202001,"inner","Q673",1248,1248,0,4,TRUE
202001,"inner","Q674R1",1248,1248,0,11,TRUE
202001,"inner","Q675",1248,1248,0,4,TRUE
202001,"inner","Q676_Q678R1",1248,190,0.84775641025641,5,TRUE
202001,"inner","Q676_Q678R2",1248,190,0.84775641025641,5,TRUE
202001,"inner","Q676_Q678R3",1248,190,0.84775641025641,5,TRUE
202001,"inner","Q679_Q682R1",1248,190,0.84775641025641,5,TRUE
202001,"inner","Q679_Q682R2",1248,190,0.84775641025641,5,TRUE
202001,"inner","Q679_Q682R3",1248,190,0.84775641025641,5,TRUE
202001,"inner","Q679_Q682R4",1248,190,0.84775641025641,5,TRUE
202001,"inner","Q683",1248,1248,0,4,TRUE
202001,"inner","Q684",1248,1248,0,2,TRUE
202001,"inner","Q685",1248,1248,0,3,TRUE
202001,"inner","Q686",1248,1248,0,2,TRUE
202001,"inner","Q687",1248,374,0.700320512820513,2,TRUE
202001,"inner","Q688",1248,362,0.709935897435897,3,TRUE
202001,"inner","Q689",1248,1248,0,3,TRUE
202001,"inner","Q690",1248,1248,0,5,TRUE
202001,"inner","Q691",1248,1248,0,5,TRUE
202001,"inner","Q692",1248,1248,0,2,TRUE
202001,"inner","Q693_Q700R1",1248,1248,0,12,TRUE
202001,"inner","Q693_Q700R2",1248,1248,0,12,TRUE
202001,"inner","Q693_Q700R3",1248,1248,0,12,TRUE
202001,"inner","Q693_Q700R4",1248,1248,0,12,TRUE
202001,"inner","Q693_Q700R5",1248,1248,0,12,TRUE
202001,"inner","Q693_Q700R6",1248,1248,0,12,TRUE
202001,"inner","Q693_Q700R7",1248,1248,0,12,TRUE
202001,"inner","Q693_Q700R8",1248,1248,0,12,TRUE
202001,"inner","Q701_Q705R1",1248,1248,0,6,TRUE
202001,"inner","Q701_Q705R2",1248,1248,0,6,TRUE
202001,"inner","Q701_Q705R3",1248,1248,0,6,TRUE
202001,"inner","Q701_Q705R4",1248,1248,0,6,TRUE
202001,"inner","Q701_Q705R5",1248,1248,0,6,TRUE
202001,"inner","Q706_Q708R1",1248,1248,0,5,TRUE
202001,"inner","Q706_Q708R2",1248,1248,0,5,TRUE
202001,"inner","Q706_Q708R3",1248,1248,0,5,TRUE
202001,"inner","Q709_712R1",1248,1248,0,4,TRUE
202001,"inner","Q709_712R2",1248,1248,0,4,TRUE
202001,"inner","Q709_712R3",1248,1248,0,4,TRUE
202001,"inner","Q709_712R4",1248,1248,0,12,TRUE
202001,"inner","Q713",1248,1248,0,4,TRUE
202001,"inner","Q714",1248,1248,0,4,TRUE
202001,"inner","Q715_718R1",1248,1248,0,3,TRUE
202001,"inner","Q715_718R2",1248,1248,0,6,TRUE
202001,"inner","Q715_718R3",1248,1248,0,3,TRUE
202001,"inner","Q715_718R4",1248,1248,0,3,TRUE
202001,"inner","Q719",1248,1248,0,2,TRUE
202001,"inner","Q720_Q722R1",1248,1248,0,5,TRUE
202001,"inner","Q720_Q722R2",1248,1248,0,5,TRUE
202001,"inner","Q720_Q722R3",1248,1248,0,5,TRUE
202001,"inner","Q723_Q725R1",1248,1248,0,5,TRUE
202001,"inner","Q723_Q725R2",1248,1248,0,5,TRUE
202001,"inner","Q723_Q725R3",1248,1248,0,5,TRUE
202001,"inner","Q726",1248,1248,0,5,TRUE
202001,"inner","Q727_Q731R1",1248,1248,0,8,TRUE
202001,"inner","Q727_Q731R2",1248,1248,0,8,TRUE
202001,"inner","Q727_Q731R3",1248,1248,0,8,TRUE
202001,"inner","Q727_Q731R4",1248,1248,0,8,TRUE
202001,"inner","Q727_Q731R5",1248,1248,0,8,TRUE
202001,"inner","Q732_Q737R1",1248,137,0.890224358974359,7,TRUE
202001,"inner","Q732_Q737R2",1248,137,0.890224358974359,7,TRUE
202001,"inner","Q732_Q737R3",1248,137,0.890224358974359,7,TRUE
202001,"inner","Q732_Q737R4",1248,137,0.890224358974359,7,TRUE
202001,"inner","Q732_Q737R5",1248,137,0.890224358974359,7,TRUE
202001,"inner","Q732_Q737R6",1248,137,0.890224358974359,7,TRUE
202001,"inner","Q738_Q740R1",1248,137,0.890224358974359,7,TRUE
202001,"inner","Q738_Q740R2",1248,137,0.890224358974359,7,TRUE
202001,"inner","Q738_Q740R3",1248,137,0.890224358974359,7,TRUE
202001,"inner","Q741",1248,1248,0,6,TRUE
202001,"inner","Q742",1248,790,0.366987179487179,71,TRUE
202001,"inner","Q743",1248,827,0.337339743589744,4,TRUE
202001,"inner","Q744",1248,627,0.497596153846154,4,TRUE
202001,"inner","Q745",1248,200,0.83974358974359,3,TRUE
202001,"inner","Q746A",1248,134,0.892628205128205,7,TRUE
202001,"inner","Q746B",1248,827,0.337339743589744,7,TRUE
202001,"inner","Q747",1248,961,0.229967948717949,3,TRUE
202001,"inner","Q748",1248,1248,0,5,TRUE
202001,"inner","Q749",1248,1248,0,5,TRUE
202001,"inner","Q750R1",1248,1248,0,2,TRUE
202001,"inner","Q750R2",1248,1248,0,2,TRUE
202001,"inner","Q750R3",1248,1248,0,2,TRUE
202001,"inner","Q750R4",1248,1248,0,2,TRUE
202001,"inner","Q750R5",1248,1248,0,2,TRUE
202001,"inner","Q750R6",1248,1248,0,2,TRUE
202001,"inner","Q750R7",1248,1248,0,2,TRUE
202001,"inner","Q751R1",1248,1248,0,2,TRUE
202001,"inner","Q751R2",1248,1248,0,2,TRUE
202001,"inner","Q751R3",1248,1248,0,2,TRUE
202001,"inner","Q751R4",1248,1248,0,2,TRUE
202001,"inner","Q751R5",1248,1248,0,2,TRUE
202001,"inner","Q752",1248,148,0.881410256410256,4,TRUE
202001,"inner","Q753",1248,662,0.469551282051282,5,TRUE
202001,"inner","Q754_Q762R1C1",1248,1248,0,2,TRUE
202001,"inner","Q754_Q762R1C2",1248,1248,0,2,TRUE
202001,"inner","Q754_Q762R1C3",1248,1248,0,2,TRUE
202001,"inner","Q754_Q762R2C1",1248,1248,0,2,TRUE
202001,"inner","Q754_Q762R2C2",1248,1248,0,2,TRUE
202001,"inner","Q754_Q762R2C3",1248,1248,0,2,TRUE
202001,"inner","Q754_Q762R3C1",1248,1248,0,2,TRUE
202001,"inner","Q754_Q762R3C2",1248,1248,0,2,TRUE
202001,"inner","Q754_Q762R3C3",1248,1248,0,2,TRUE
202001,"inner","Q754_Q762R4C1",1248,1248,0,2,TRUE
202001,"inner","Q754_Q762R4C2",1248,1248,0,2,TRUE
202001,"inner","Q754_Q762R4C3",1248,1248,0,2,TRUE
202001,"inner","Q754_Q762R5C1",1248,1248,0,2,TRUE
202001,"inner","Q754_Q762R5C2",1248,1248,0,2,TRUE
202001,"inner","Q754_Q762R5C3",1248,1248,0,2,TRUE
202001,"inner","Q754_Q762R6C1",1248,1248,0,2,TRUE
202001,"inner","Q754_Q762R6C2",1248,1248,0,2,TRUE
202001,"inner","Q754_Q762R6C3",1248,1248,0,2,TRUE
202001,"inner","Q754_Q762R7C1",1248,1248,0,2,TRUE
202001,"inner","Q754_Q762R7C2",1248,1248,0,2,TRUE
202001,"inner","Q754_Q762R7C3",1248,1248,0,2,TRUE
202001,"inner","Q754_Q762R8C1",1248,1248,0,2,TRUE
202001,"inner","Q754_Q762R8C2",1248,1248,0,2,TRUE
202001,"inner","Q754_Q762R8C3",1248,1248,0,2,TRUE
202001,"inner","Q754_Q762R9C1",1248,1248,0,2,TRUE
202001,"inner","Q754_Q762R9C2",1248,1248,0,2,TRUE
202001,"inner","Q754_Q762R9C3",1248,1248,0,2,TRUE
202001,"inner","Q763_Q766R1",1248,413,0.669070512820513,2,TRUE
202001,"inner","Q763_Q766R2",1248,413,0.669070512820513,2,TRUE
202001,"inner","Q763_Q766R3",1248,413,0.669070512820513,2,TRUE
202001,"inner","Q763_Q766R4",1248,413,0.669070512820513,2,TRUE
202001,"inner","Q767_Q771R1",1248,289,0.768429487179487,2,TRUE
202001,"inner","Q767_Q771R2",1248,289,0.768429487179487,2,TRUE
202001,"inner","Q767_Q771R3",1248,289,0.768429487179487,2,TRUE
202001,"inner","Q767_Q771R4",1248,289,0.768429487179487,2,TRUE
202001,"inner","Q767_Q771R5",1248,289,0.768429487179487,2,TRUE
202001,"inner","Q773",1248,1248,0,105,TRUE
202001,"inner","VQ773",1248,1248,0,74,TRUE
202001,"inner","Q774",1248,1194,0.0432692307692308,82,TRUE
202001,"inner","VQ774",1248,1194,0.0432692307692308,56,TRUE
202001,"inner","Q775",1248,1248,0,4,TRUE
202001,"inner","Q777",1248,355,0.715544871794872,43,TRUE
202001,"inner","Q779",1248,904,0.275641025641026,43,TRUE
202001,"inner","Q782",1248,725,0.419070512820513,41,TRUE
202001,"inner","Q785",1248,289,0.768429487179487,2,TRUE
202001,"inner","Q788",1248,289,0.768429487179487,30,TRUE
202001,"inner","Q790",1248,975,0.21875,42,TRUE
202001,"inner","Q793R1",1248,287,0.770032051282051,5,TRUE
202001,"inner","Q793R2",1248,286,0.770833333333333,5,TRUE
202001,"inner","Q793R3",1248,287,0.770032051282051,5,TRUE
202001,"inner","Q793R4",1248,271,0.782852564102564,5,TRUE
202001,"inner","Q793R5",1248,272,0.782051282051282,5,TRUE
202001,"inner","Q794R1",1248,1248,0,2,TRUE
202001,"inner","Q794R2",1248,1248,0,2,TRUE
202001,"inner","Q794R3",1248,1248,0,2,TRUE
202001,"inner","Q794R4",1248,1248,0,2,TRUE
202001,"inner","Q794R5",1248,1248,0,2,TRUE
202001,"inner","Q794R6",1248,1248,0,2,TRUE
202001,"inner","Q795",1248,1202,0.0368589743589744,4,TRUE
202001,"inner","Q796R1",1248,289,0.768429487179487,2,TRUE
202001,"inner","Q796R2",1248,289,0.768429487179487,2,TRUE
202001,"inner","Q796R3",1248,289,0.768429487179487,2,TRUE
202001,"inner","Q796R4",1248,289,0.768429487179487,2,TRUE
202001,"inner","Q796R5",1248,289,0.768429487179487,2,TRUE
202001,"inner","Q797R1",1248,1248,0,2,TRUE
202001,"inner","Q797R2",1248,1248,0,2,TRUE
202001,"inner","Q797R3",1248,1248,0,2,TRUE
202001,"inner","Q797R4",1248,1248,0,2,TRUE
202001,"inner","Q797R5",1248,1248,0,2,TRUE
202001,"inner","Q797R6",1248,1248,0,2,TRUE
202001,"inner","Q797R7",1248,1248,0,1,FALSE
202001,"inner","Q797R8",1248,1248,0,1,FALSE
202001,"inner","Q797R9",1248,1248,0,2,TRUE
202001,"inner","Q797R10",1248,1248,0,2,TRUE
202001,"inner","Q798R1",1248,1248,0,2,TRUE
202001,"inner","Q798R2",1248,1248,0,2,TRUE
202001,"inner","Q798R3",1248,1248,0,2,TRUE
202001,"inner","Q798R4",1248,1248,0,2,TRUE
202001,"inner","Q798R5",1248,1248,0,2,TRUE
202001,"inner","Q798R6",1248,1248,0,2,TRUE
202001,"inner","Q798R7",1248,1248,0,2,TRUE
202001,"inner","Q798R8",1248,1248,0,1,FALSE
202001,"inner","Q798R9",1248,1248,0,2,TRUE
202001,"inner","Q798R10",1248,1248,0,2,TRUE
202001,"inner","Q799R1C1",1248,463,0.62900641025641,11,TRUE
202001,"inner","Q799R2C1",1248,316,0.746794871794872,8,TRUE
202001,"inner","Q799R3C1",1248,622,0.501602564102564,11,TRUE
202001,"inner","Q799R4C1",1248,286,0.770833333333333,6,TRUE
202001,"inner","Q799R5C1",1248,312,0.75,7,TRUE
202001,"inner","Q799R6C1",1248,282,0.774038461538462,3,TRUE
202001,"inner","Q799R7C1",1248,281,0.774839743589744,3,TRUE
202001,"inner","Q799R8C1",1248,283,0.77323717948718,7,TRUE
202001,"inner","Q800R1C1",1248,430,0.655448717948718,11,TRUE
202001,"inner","Q800R2C1",1248,315,0.747596153846154,7,TRUE
202001,"inner","Q800R3C1",1248,575,0.53926282051282,11,TRUE
202001,"inner","Q800R4C1",1248,293,0.765224358974359,7,TRUE
202001,"inner","Q800R5C1",1248,311,0.750801282051282,6,TRUE
202001,"inner","Q800R6C1",1248,283,0.77323717948718,3,TRUE
202001,"inner","Q800R7C1",1248,281,0.774839743589744,4,TRUE
202001,"inner","Q800R8C1",1248,278,0.77724358974359,5,TRUE
202001,"inner","Q801",1248,1248,0,9,TRUE
202001,"inner","Q802",1248,133,0.893429487179487,9,TRUE
202001,"inner","Q803",1248,1248,0,7,TRUE
202001,"inner","Q804",1248,1248,0,8,TRUE
202001,"inner","Q805",1248,1248,0,8,TRUE
202001,"inner","Q806",1248,289,0.768429487179487,69,TRUE
202001,"inner","Q807",1248,212,0.830128205128205,1,FALSE
202001,"inner","Q808",1248,1046,0.161858974358974,86,TRUE
202001,"inner","Q809",1248,959,0.231570512820513,5,TRUE
202001,"inner","Q810",1248,512,0.58974358974359,92,TRUE
202001,"inner","Q811",1248,512,0.58974358974359,91,TRUE
202001,"inner","Q812",1248,617,0.505608974358974,6,TRUE
202001,"inner","Q813",1248,1248,0,13,TRUE
202001,"inner","Q814",1248,1248,0,6,TRUE
202001,"inner","Q815",1248,1248,0,8,TRUE
202001,"inner","Q816",1248,1248,0,5,TRUE
202001,"inner","Q817",1248,0,1,0,FALSE
202001,"inner","Q818",1248,172,0.862179487179487,4,TRUE
202001,"inner","Q819",1248,190,0.84775641025641,4,TRUE
202001,"inner","Q820",1248,1248,0,5,TRUE
202001,"inner","Q821J",1248,22,0.982371794871795,5,FALSE
202001,"inner","Q825J",1248,22,0.982371794871795,5,FALSE
202001,"inner","Q822J",1248,22,0.982371794871795,4,FALSE
202001,"inner","Q823J",1248,22,0.982371794871795,4,FALSE
202001,"inner","Q824J",1248,22,0.982371794871795,3,FALSE
202001,"inner","Q822K",1248,21,0.983173076923077,4,FALSE
202001,"inner","Q825K",1248,21,0.983173076923077,5,FALSE
202001,"inner","Q821K",1248,21,0.983173076923077,5,FALSE
202001,"inner","Q823K",1248,21,0.983173076923077,4,FALSE
202001,"inner","Q824K",1248,21,0.983173076923077,4,FALSE
202001,"inner","Q823L",1248,23,0.981570512820513,5,FALSE
202001,"inner","Q825L",1248,23,0.981570512820513,5,FALSE
202001,"inner","Q821L",1248,23,0.981570512820513,5,FALSE
202001,"inner","Q822L",1248,23,0.981570512820513,5,FALSE
202001,"inner","Q824L",1248,23,0.981570512820513,3,FALSE
202001,"inner","Q824M",1248,23,0.981570512820513,5,FALSE
202001,"inner","Q825M",1248,23,0.981570512820513,5,FALSE
202001,"inner","Q821M",1248,23,0.981570512820513,4,FALSE
202001,"inner","Q822M",1248,23,0.981570512820513,4,FALSE
202001,"inner","Q823M",1248,23,0.981570512820513,4,FALSE
202001,"inner","Q825N",1248,22,0.982371794871795,5,FALSE
202001,"inner","Q821N",1248,22,0.982371794871795,4,FALSE
202001,"inner","Q822N",1248,22,0.982371794871795,5,FALSE
202001,"inner","Q823N",1248,22,0.982371794871795,4,FALSE
202001,"inner","Q824N",1248,22,0.982371794871795,3,FALSE
202001,"inner","Q821",1248,111,0.911057692307692,5,FALSE
202001,"inner","Q822",1248,111,0.911057692307692,5,FALSE
202001,"inner","Q823",1248,111,0.911057692307692,5,FALSE
202001,"inner","Q824",1248,111,0.911057692307692,5,FALSE
202001,"inner","Q825",1248,0,1,0,FALSE
202001,"inner","Q826R1",1248,111,0.911057692307692,2,FALSE
202001,"inner","Q826R2",1248,111,0.911057692307692,2,FALSE
202001,"inner","Q826R3",1248,111,0.911057692307692,2,FALSE
202001,"inner","Q826R4",1248,111,0.911057692307692,2,FALSE
202001,"inner","Q826R5",1248,111,0.911057692307692,2,FALSE
202001,"inner","Q826R7",1248,111,0.911057692307692,2,FALSE
202001,"inner","Q826R6",1248,111,0.911057692307692,2,FALSE
202001,"inner","Q826A",1248,0,1,0,FALSE
202001,"outer","S1",1561,1561,0,2,TRUE
202001,"outer","S2_RACER1",1561,1561,0,2,TRUE
202001,"outer","S2_RACER2",1561,1561,0,1,FALSE
202001,"outer","S2_RACER3",1561,1561,0,2,TRUE
202001,"outer","S2_RACER4",1561,1561,0,1,FALSE
202001,"outer","S2_RACER5",1561,1561,0,1,FALSE
202001,"outer","S2_RACER6",1561,1561,0,1,FALSE
202001,"outer","S2_RACER7",1561,1561,0,1,FALSE
202001,"outer","S2_RACER8",1561,1561,0,1,FALSE
202001,"outer","S2_RACE_PRIME",1561,1561,0,3,TRUE
202001,"outer","S2_HISPANICR1",1561,0,1,0,FALSE
202001,"outer","S2_HISPANICR2",1561,0,1,0,FALSE
202001,"outer","S2_HISPANICR3",1561,0,1,0,FALSE
202001,"outer","S2_HISPANICR4",1561,0,1,0,FALSE
202001,"outer","S2_HISPANICR5",1561,0,1,0,FALSE
202001,"outer","S2_NATIVER1",1561,1561,0,2,TRUE
202001,"outer","S2_NATIVER2",1561,1561,0,2,TRUE
202001,"outer","S2_NATIVER3",1561,1561,0,2,TRUE
202001,"outer","S2_NATIVER4",1561,1561,0,2,TRUE
202001,"outer","S2_NATIVER5",1561,1561,0,2,TRUE
202001,"outer","S2_AFROLATR1",1561,1561,0,2,TRUE
202001,"outer","S2_AFROLATR2",1561,1561,0,2,TRUE
202001,"outer","S2_AFROLATR3",1561,1561,0,2,TRUE
202001,"outer","S2_AFROLATR4",1561,1561,0,2,TRUE
202001,"outer","S2_AFROLATR5",1561,1561,0,2,TRUE
202001,"outer","S3",1561,1561,0,6,TRUE
202001,"outer","S3B",1561,1561,0,4,TRUE
202001,"outer","S3C",1561,1561,0,3,TRUE
202001,"outer","S4",1561,1561,0,44,TRUE
202001,"outer","S5",1561,1561,0,69,TRUE
202001,"outer","S7",1561,1561,0,3,TRUE
202001,"outer","S8",1561,0,1,0,FALSE
202001,"outer","S8_PACIFIC",1561,0,1,0,FALSE
202001,"outer","S9",1561,46,0.970531710442024,11,FALSE
202001,"outer","S10",1561,1561,0,22,TRUE
202001,"outer","S10_MEX",1561,198,0.873158231902627,2,TRUE
202001,"outer","S11",1561,237,0.848174247277386,14,TRUE
202001,"outer","S12",1561,0,1,0,FALSE
202001,"outer","S2_M",1561,1561,0,2,TRUE
202001,"outer","S13",1561,1561,0,7,TRUE
202001,"outer","S14",1561,1561,0,5,TRUE
202001,"outer","Q58R1",1561,1560,0.000640614990390775,2,TRUE
202001,"outer","Q58R2",1561,1560,0.000640614990390775,2,TRUE
202001,"outer","Q58R3",1561,1560,0.000640614990390775,2,TRUE
202001,"outer","Q58R4",1561,1560,0.000640614990390775,2,TRUE
202001,"outer","Q58R5",1561,1560,0.000640614990390775,2,TRUE
202001,"outer","Q58R6",1561,1560,0.000640614990390775,2,TRUE
202001,"outer","Q58R7",1561,1560,0.000640614990390775,2,TRUE
202001,"outer","Q58R8",1561,1560,0.000640614990390775,2,TRUE
202001,"outer","Q58R9",1561,1560,0.000640614990390775,2,TRUE
202001,"outer","Q58R10",1561,1560,0.000640614990390775,2,TRUE
202001,"outer","Q58R11",1561,1560,0.000640614990390775,2,TRUE
202001,"outer","Q58R12",1561,1560,0.000640614990390775,2,TRUE
202001,"outer","Q58R13",1561,1560,0.000640614990390775,2,TRUE
202001,"outer","Q58R14",1561,1560,0.000640614990390775,2,TRUE
202001,"outer","Q58R15",1561,1560,0.000640614990390775,2,TRUE
202001,"outer","Q58R16",1561,1560,0.000640614990390775,2,TRUE
202001,"outer","Q58R17",1561,1560,0.000640614990390775,2,TRUE
202001,"outer","Q1R1",1561,1561,0,2,TRUE
202001,"outer","Q1R2",1561,1561,0,2,TRUE
202001,"outer","Q1R3",1561,1561,0,2,TRUE
202001,"outer","Q1R4",1561,1561,0,2,TRUE
202001,"outer","Q1R5",1561,1561,0,2,TRUE
202001,"outer","Q1R6",1561,1561,0,2,TRUE
202001,"outer","Q1R7",1561,1561,0,2,TRUE
202001,"outer","Q1R8",1561,1561,0,2,TRUE
202001,"outer","Q1R9",1561,1561,0,2,TRUE
202001,"outer","Q1R10",1561,1561,0,2,TRUE
202001,"outer","Q1R11",1561,1561,0,2,TRUE
202001,"outer","Q1R12",1561,1561,0,2,TRUE
202001,"outer","Q1R13",1561,1561,0,2,TRUE
202001,"outer","Q1R14",1561,1561,0,2,TRUE
202001,"outer","Q1R15",1561,1561,0,2,TRUE
202001,"outer","Q1R16",1561,1561,0,2,TRUE
202001,"outer","Q1R17",1561,1561,0,2,TRUE
202001,"outer","Q1R18",1561,1561,0,2,TRUE
202001,"outer","Q1R19",1561,1561,0,2,TRUE
202001,"outer","Q1R20",1561,1561,0,2,TRUE
202001,"outer","Q1R21",1561,1561,0,2,TRUE
202001,"outer","Q1R22",1561,1561,0,2,TRUE
202001,"outer","Q1R23",1561,1561,0,2,TRUE
202001,"outer","Q2R1",1561,1561,0,6,TRUE
202001,"outer","Q2R2",1561,1561,0,6,TRUE
202001,"outer","Q2R3",1561,1561,0,6,TRUE
202001,"outer","Q2R4",1561,1561,0,6,TRUE
202001,"outer","Q2R5",1561,1561,0,6,TRUE
202001,"outer","Q2R6",1561,1561,0,6,TRUE
202001,"outer","Q2R7",1561,1561,0,6,TRUE
202001,"outer","Q2R8",1561,1561,0,6,TRUE
202001,"outer","Q2R9",1561,1561,0,6,TRUE
202001,"outer","Q2R10",1561,1561,0,6,TRUE
202001,"outer","Q13",1561,1537,0.0153747597693786,4,TRUE
202001,"outer","Q15",1561,1561,0,3,TRUE
202001,"outer","Q16",1561,355,0.772581678411275,2,TRUE
202001,"outer","Q17",1561,355,0.772581678411275,2,TRUE
202001,"outer","Q18",1561,93,0.940422805893658,5,FALSE
202001,"outer","Q19",1561,93,0.940422805893658,4,FALSE
202001,"outer","Q20",1561,355,0.772581678411275,4,TRUE
202001,"outer","Q21",1561,1561,0,4,TRUE
202001,"outer","Q22",1561,1176,0.246636771300448,4,TRUE
202001,"outer","Q23",1561,385,0.753363228699552,5,TRUE
202001,"outer","Q24",1561,333,0.786675208199872,4,TRUE
202001,"outer","Q25",1561,843,0.459961563100577,4,TRUE
202001,"outer","Q26",1561,363,0.767456758488149,4,TRUE
202001,"outer","Q27R1",1561,1561,0,2,TRUE
202001,"outer","Q27R2",1561,1561,0,2,TRUE
202001,"outer","Q27R3",1561,1561,0,2,TRUE
202001,"outer","Q27R4",1561,1561,0,2,TRUE
202001,"outer","Q27R5",1561,1561,0,2,TRUE
202001,"outer","Q27R6",1561,1561,0,2,TRUE
202001,"outer","Q27R7",1561,1561,0,2,TRUE
202001,"outer","Q27R8",1561,1561,0,2,TRUE
202001,"outer","Q27R9",1561,1561,0,2,TRUE
202001,"outer","Q27R10",1561,1561,0,2,TRUE
202001,"outer","Q27R11",1561,1561,0,2,TRUE
202001,"outer","Q27R12",1561,1561,0,2,TRUE
202001,"outer","Q27R13",1561,1561,0,2,TRUE
202001,"outer","Q27R14",1561,1561,0,2,TRUE
202001,"outer","Q27R15",1561,1561,0,2,TRUE
202001,"outer","Q27R16",1561,1561,0,2,TRUE
202001,"outer","Q27R17",1561,1561,0,2,TRUE
202001,"outer","Q27R18",1561,1561,0,2,TRUE
202001,"outer","Q27R19",1561,1561,0,2,TRUE
202001,"outer","Q28R1",1561,1561,0,2,TRUE
202001,"outer","Q28R2",1561,1561,0,2,TRUE
202001,"outer","Q28R3",1561,1561,0,2,TRUE
202001,"outer","Q28R4",1561,1561,0,2,TRUE
202001,"outer","Q28R5",1561,1561,0,2,TRUE
202001,"outer","Q28R6",1561,1561,0,2,TRUE
202001,"outer","Q28R7",1561,1561,0,2,TRUE
202001,"outer","Q28R8",1561,1561,0,2,TRUE
202001,"outer","Q28R9",1561,1561,0,2,TRUE
202001,"outer","Q28R10",1561,1561,0,2,TRUE
202001,"outer","Q28R11",1561,1561,0,2,TRUE
202001,"outer","Q28R12",1561,1561,0,2,TRUE
202001,"outer","Q28R13",1561,1561,0,2,TRUE
202001,"outer","Q28R14",1561,1561,0,2,TRUE
202001,"outer","Q28R15",1561,1561,0,2,TRUE
202001,"outer","Q28R16",1561,1561,0,2,TRUE
202001,"outer","Q28R17",1561,1561,0,2,TRUE
202001,"outer","Q28R18",1561,1561,0,2,TRUE
202001,"outer","Q28R19",1561,1561,0,2,TRUE
202001,"outer","Q29",1561,1561,0,4,TRUE
202001,"outer","Q30",1561,1241,0.204996796925048,5,TRUE
202001,"outer","Q31",1561,320,0.795003203074952,5,TRUE
202001,"outer","Q32R1",1561,1534,0.0172966047405509,9,TRUE
202001,"outer","Q32R2",1561,1520,0.0262652146060218,9,TRUE
202001,"outer","Q32R3",1561,1457,0.0666239590006406,9,TRUE
202001,"outer","Q32R4",1561,1446,0.0736707238949391,9,TRUE
202001,"outer","Q32R5",1561,1518,0.0275464445868033,9,TRUE
202001,"outer","Q32R6",1561,1511,0.0320307495195388,9,TRUE
202001,"outer","Q32R7",1561,1456,0.0672645739910314,9,TRUE
202001,"outer","Q32R8",1561,1488,0.0467648942985266,9,TRUE
202001,"outer","Q32R9",1561,1490,0.045483664317745,9,TRUE
202001,"outer","Q33R1",1561,1561,0,4,TRUE
202001,"outer","Q33R2",1561,1561,0,4,TRUE
202001,"outer","Q33R3",1561,1561,0,4,TRUE
202001,"outer","Q33R4",1561,1561,0,4,TRUE
202001,"outer","Q33R5",1561,1561,0,4,TRUE
202001,"outer","Q38R1",1561,1561,0,2,TRUE
202001,"outer","Q38R2",1561,1561,0,2,TRUE
202001,"outer","Q38R3",1561,1561,0,2,TRUE
202001,"outer","Q38R4",1561,1561,0,2,TRUE
202001,"outer","Q39R1",1561,913,0.415118513773222,2,TRUE
202001,"outer","Q39R2",1561,913,0.415118513773222,2,TRUE
202001,"outer","Q39R3",1561,913,0.415118513773222,2,TRUE
202001,"outer","Q39R4",1561,913,0.415118513773222,2,TRUE
202001,"outer","Q39R5",1561,913,0.415118513773222,2,TRUE
202001,"outer","Q39R6",1561,913,0.415118513773222,2,TRUE
202001,"outer","Q39R7",1561,913,0.415118513773222,2,TRUE
202001,"outer","Q40",1561,1561,0,4,TRUE
202001,"outer","Q41R1",1561,181,0.88404868673927,2,TRUE
202001,"outer","Q41R2",1561,181,0.88404868673927,2,TRUE
202001,"outer","Q41R3",1561,181,0.88404868673927,2,TRUE
202001,"outer","Q41R4",1561,181,0.88404868673927,2,TRUE
202001,"outer","Q42",1561,1561,0,4,TRUE
202001,"outer","Q43",1561,1561,0,6,TRUE
202001,"outer","Q44",1561,1561,0,4,TRUE
202001,"outer","Q45",1561,1561,0,4,TRUE
202001,"outer","Q46",1561,1561,0,4,TRUE
202001,"outer","Q47",1561,1561,0,4,TRUE
202001,"outer","Q48",1561,513,0.671364509929532,5,TRUE
202001,"outer","Q49",1561,539,0.654708520179372,5,TRUE
202001,"outer","Q50",1561,509,0.673926969891095,5,TRUE
202001,"outer","Q51",1561,768,0.508007687379885,3,TRUE
202001,"outer","Q52",1561,793,0.491992312620115,3,TRUE
202001,"outer","Q53",1561,1561,0,2,TRUE
202001,"outer","Q54",1561,1561,0,3,TRUE
202001,"outer","Q55",1561,1561,0,3,TRUE
202001,"outer","Q56",1561,1561,0,3,TRUE
202001,"outer","Q57",1561,1561,0,4,TRUE
202001,"outer","Q59",1561,1561,0,6,TRUE
202001,"outer","Q60R1",1561,1515,0.0294682895579757,2,TRUE
202001,"outer","Q60R2",1561,1515,0.0294682895579757,2,TRUE
202001,"outer","Q60R3",1561,1515,0.0294682895579757,2,TRUE
202001,"outer","Q60R4",1561,1515,0.0294682895579757,2,TRUE
202001,"outer","Q60R5",1561,1515,0.0294682895579757,2,TRUE
202001,"outer","Q60R6",1561,1515,0.0294682895579757,2,TRUE
202001,"outer","Q61",1561,1561,0,14,TRUE
202001,"outer","Q62R1",1561,1561,0,4,TRUE
202001,"outer","Q62R2",1561,1561,0,4,TRUE
202001,"outer","Q62R3",1561,1561,0,4,TRUE
202001,"outer","Q62R4",1561,1561,0,4,TRUE
202001,"outer","Q62R5",1561,1561,0,4,TRUE
202001,"outer","NEWQ67",1561,1561,0,4,TRUE
202001,"outer","Q67",1561,1561,0,8,TRUE
202001,"outer","Q68",1561,1561,0,4,TRUE
202001,"outer","Q69",1561,1561,0,5,TRUE
202001,"outer","Q70R1",1561,1561,0,5,TRUE
202001,"outer","Q70R2",1561,1561,0,5,TRUE
202001,"outer","Q70R3",1561,1561,0,5,TRUE
202001,"outer","Q70R4",1561,1561,0,5,TRUE
202001,"outer","Q70R5",1561,1561,0,5,TRUE
202001,"outer","Q75",1561,1561,0,5,TRUE
202001,"outer","Q76R1",1561,1561,0,6,TRUE
202001,"outer","Q76R2",1561,1561,0,6,TRUE
202001,"outer","Q76R3",1561,1561,0,6,TRUE
202001,"outer","Q76R4",1561,1561,0,6,TRUE
202001,"outer","Q76R5",1561,1561,0,6,TRUE
202001,"outer","Q76R6",1561,1561,0,6,TRUE
202001,"outer","Q77R1",1561,1561,0,5,TRUE
202001,"outer","Q77R2",1561,1561,0,5,TRUE
202001,"outer","Q77R3",1561,1561,0,5,TRUE
202001,"outer","Q77R4",1561,1561,0,5,TRUE
202001,"outer","Q77R5",1561,1561,0,5,TRUE
202001,"outer","Q77R6",1561,1561,0,5,TRUE
202001,"outer","Q77R7",1561,1561,0,5,TRUE
202001,"outer","Q77R8",1561,1561,0,5,TRUE
202001,"outer","Q77R9",1561,1561,0,5,TRUE
202001,"outer","Q78",1561,1561,0,5,TRUE
202001,"outer","Q79",1561,102,0.934657270980141,2,FALSE
202001,"outer","Q84",1561,1561,0,5,TRUE
202001,"outer","Q85",1561,203,0.869955156950673,5,TRUE
202001,"outer","Q85B",1561,201,0.871236386931454,2,TRUE
202001,"outer","Q86",1561,1561,0,5,TRUE
202001,"outer","Q87",1561,189,0.878923766816143,2,TRUE
202001,"outer","Q88",1561,189,0.878923766816143,2,TRUE
202001,"outer","Q93",1561,1561,0,5,TRUE
202001,"outer","Q94",1561,106,0.932094811018578,2,FALSE
202001,"outer","Q95",1561,1561,0,5,TRUE
202001,"outer","Q96R1",1561,114,0.926969891095452,2,FALSE
202001,"outer","Q96R2",1561,114,0.926969891095452,2,FALSE
202001,"outer","Q96R3",1561,114,0.926969891095452,2,FALSE
202001,"outer","Q96R4",1561,114,0.926969891095452,2,FALSE
202001,"outer","Q96R5",1561,114,0.926969891095452,2,FALSE
202001,"outer","Q96R6",1561,114,0.926969891095452,2,FALSE
202001,"outer","Q96R7",1561,114,0.926969891095452,2,FALSE
202001,"outer","Q96R8",1561,114,0.926969891095452,2,FALSE
202001,"outer","Q96R9",1561,114,0.926969891095452,2,FALSE
202001,"outer","Q96R10",1561,114,0.926969891095452,2,FALSE
202001,"outer","Q96R11",1561,114,0.926969891095452,2,FALSE
202001,"outer","Q96R12",1561,114,0.926969891095452,2,FALSE
202001,"outer","Q96R13",1561,114,0.926969891095452,2,FALSE
202001,"outer","Q96R14",1561,114,0.926969891095452,2,FALSE
202001,"outer","Q97",1561,1561,0,3,TRUE
202001,"outer","Q98R1",1561,217,0.860986547085202,2,TRUE
202001,"outer","Q98R2",1561,217,0.860986547085202,2,TRUE
202001,"outer","Q98R3",1561,217,0.860986547085202,2,TRUE
202001,"outer","Q98R4",1561,217,0.860986547085202,2,TRUE
202001,"outer","Q98R5",1561,217,0.860986547085202,2,TRUE
202001,"outer","Q98R6",1561,217,0.860986547085202,2,TRUE
202001,"outer","Q98R7",1561,217,0.860986547085202,2,TRUE
202001,"outer","Q98R8",1561,217,0.860986547085202,2,TRUE
202001,"outer","Q98R9",1561,217,0.860986547085202,2,TRUE
202001,"outer","Q98R10",1561,217,0.860986547085202,2,TRUE
202001,"outer","Q98R11",1561,217,0.860986547085202,2,TRUE
202001,"outer","Q99R1",1561,1561,0,5,TRUE
202001,"outer","Q99R2",1561,1561,0,5,TRUE
202001,"outer","Q99R3",1561,1561,0,5,TRUE
202001,"outer","Q99R4",1561,1561,0,5,TRUE
202001,"outer","Q99R5",1561,1561,0,5,TRUE
202001,"outer","Q99R6",1561,1561,0,5,TRUE
202001,"outer","Q99R7",1561,1561,0,5,TRUE
202001,"outer","Q99R8",1561,1561,0,5,TRUE
202001,"outer","Q99R9",1561,1561,0,5,TRUE
202001,"outer","Q99R10",1561,1561,0,5,TRUE
202001,"outer","Q99R11",1561,1561,0,5,TRUE
202001,"outer","Q110R1",1561,1561,0,1,FALSE
202001,"outer","Q110R2",1561,1561,0,2,TRUE
202001,"outer","Q110R3",1561,1561,0,2,TRUE
202001,"outer","Q110R4",1561,1561,0,2,TRUE
202001,"outer","Q110R5",1561,1561,0,2,TRUE
202001,"outer","Q110R6",1561,1561,0,2,TRUE
202001,"outer","Q110R7",1561,1561,0,2,TRUE
202001,"outer","Q110R8",1561,1561,0,2,TRUE
202001,"outer","Q111R1",1561,1561,0,5,TRUE
202001,"outer","Q111R2",1561,1561,0,5,TRUE
202001,"outer","Q111R3",1561,1561,0,5,TRUE
202001,"outer","Q111R4",1561,1561,0,5,TRUE
202001,"outer","Q111R5",1561,1561,0,5,TRUE
202001,"outer","Q116R1",1561,546,0.650224215246637,3,TRUE
202001,"outer","Q116R2",1561,559,0.641896220371557,3,TRUE
202001,"outer","Q116R3",1561,237,0.848174247277386,3,TRUE
202001,"outer","Q116R4",1561,161,0.896860986547085,3,TRUE
202001,"outer","Q116R5",1561,159,0.898142216527867,3,TRUE
202001,"outer","Q116R6",1561,54,0.965406790518898,3,FALSE
202001,"outer","Q116R7",1561,186,0.880845611787316,3,TRUE
202001,"outer","Q116R8",1561,164,0.894939141575913,3,TRUE
202001,"outer","Q116R9",1561,117,0.925048046124279,3,FALSE
202001,"outer","Q116R10",1561,172,0.889814221652787,3,TRUE
202001,"outer","Q116R11",1561,84,0.946188340807175,3,FALSE
202001,"outer","Q116R12",1561,74,0.952594490711083,3,FALSE
202001,"outer","Q116R13",1561,30,0.980781550288277,3,FALSE
202001,"outer","Q116R14",1561,64,0.95900064061499,3,FALSE
202001,"outer","Q117R1",1561,1561,0,4,TRUE
202001,"outer","Q117R2",1561,1561,0,4,TRUE
202001,"outer","Q117R3",1561,1561,0,4,TRUE
202001,"outer","Q117R4",1561,1561,0,4,TRUE
202001,"outer","Q117R5",1561,1561,0,4,TRUE
202001,"outer","Q117R6",1561,1561,0,4,TRUE
202001,"outer","Q117R7",1561,1561,0,12,TRUE
202001,"outer","Q117R8",1561,1561,0,4,TRUE
202001,"outer","Q117R9",1561,1561,0,4,TRUE
202001,"outer","Q117R10",1561,1561,0,4,TRUE
202001,"outer","Q117R11",1561,1561,0,4,TRUE
202001,"outer","Q117R12",1561,1561,0,4,TRUE
202001,"outer","Q117R13",1561,1561,0,4,TRUE
202001,"outer","Q130",1561,1561,0,2,TRUE
202001,"outer","Q131R1",1561,1561,0,5,TRUE
202001,"outer","Q131R2",1561,802,0.486226777706598,5,TRUE
202001,"outer","Q131R3",1561,759,0.513773222293402,5,TRUE
202001,"outer","Q131R4",1561,802,0.486226777706598,5,TRUE
202001,"outer","Q131R5",1561,759,0.513773222293402,5,TRUE
202001,"outer","Q131R6",1561,802,0.486226777706598,5,TRUE
202001,"outer","Q131R7",1561,759,0.513773222293402,5,TRUE
202001,"outer","Q131R8",1561,802,0.486226777706598,5,TRUE
202001,"outer","Q131R9",1561,759,0.513773222293402,5,TRUE
202001,"outer","Q131R10",1561,802,0.486226777706598,5,TRUE
202001,"outer","Q131R11",1561,759,0.513773222293402,5,TRUE
202001,"outer","Q131R12",1561,802,0.486226777706598,5,TRUE
202001,"outer","Q131R13",1561,759,0.513773222293402,5,TRUE
202001,"outer","Q144",1561,1561,0,4,TRUE
202001,"outer","Q145",1561,1561,0,5,TRUE
202001,"outer","Q146",1561,1561,0,5,TRUE
202001,"outer","Q147",1561,1561,0,5,TRUE
202001,"outer","Q148",1561,1561,0,5,TRUE
202001,"outer","Q149",1561,1561,0,5,TRUE
202001,"outer","Q150",1561,1561,0,5,TRUE
202001,"outer","Q151",1561,1561,0,5,TRUE
202001,"outer","Q152",1561,1561,0,5,TRUE
202001,"outer","Q153",1561,1561,0,5,TRUE
202001,"outer","Q154R1",1561,1561,0,5,TRUE
202001,"outer","Q154R2",1561,1561,0,5,TRUE
202001,"outer","Q154R3",1561,1561,0,5,TRUE
202001,"outer","Q154R4",1561,1561,0,13,TRUE
202001,"outer","Q154R5",1561,1561,0,14,TRUE
202001,"outer","Q159R1",1561,1561,0,14,TRUE
202001,"outer","Q159R2",1561,1561,0,14,TRUE
202001,"outer","Q159R3",1561,1561,0,15,TRUE
202001,"outer","Q162R1",1561,1561,0,7,TRUE
202001,"outer","Q162R2",1561,1561,0,7,TRUE
202001,"outer","Q162R3",1561,1561,0,7,TRUE
202001,"outer","Q162R4",1561,1561,0,7,TRUE
202001,"outer","Q162R5",1561,1561,0,7,TRUE
202001,"outer","Q162R6",1561,1561,0,7,TRUE
202001,"outer","Q162R7",1561,1561,0,7,TRUE
202001,"outer","Q162R8",1561,1561,0,7,TRUE
202001,"outer","Q170",1561,1561,0,2,TRUE
202001,"outer","Q171R1",1561,639,0.590647021140295,2,TRUE
202001,"outer","Q171R2",1561,639,0.590647021140295,2,TRUE
202001,"outer","Q171R3",1561,639,0.590647021140295,2,TRUE
202001,"outer","Q171R4",1561,639,0.590647021140295,2,TRUE
202001,"outer","Q171R5",1561,639,0.590647021140295,2,TRUE
202001,"outer","Q171R6",1561,639,0.590647021140295,2,TRUE
202001,"outer","Q171R7",1561,639,0.590647021140295,2,TRUE
202001,"outer","Q171R8",1561,639,0.590647021140295,2,TRUE
202001,"outer","Q171R9",1561,639,0.590647021140295,2,TRUE
202001,"outer","Q172R1",1561,639,0.590647021140295,2,TRUE
202001,"outer","Q172R2",1561,639,0.590647021140295,2,TRUE
202001,"outer","Q172R3",1561,639,0.590647021140295,2,TRUE
202001,"outer","Q175R1",1561,922,0.409352978859705,2,TRUE
202001,"outer","Q175R2",1561,922,0.409352978859705,2,TRUE
202001,"outer","Q175R3",1561,922,0.409352978859705,2,TRUE
202001,"outer","Q178R1",1561,1561,0,4,TRUE
202001,"outer","Q178R2",1561,1561,0,4,TRUE
202001,"outer","Q178R3",1561,1561,0,4,TRUE
202001,"outer","Q178R4",1561,1561,0,4,TRUE
202001,"outer","Q182",1561,1561,0,3,TRUE
202001,"outer","Q183",1561,1561,0,4,TRUE
202001,"outer","Q184R1",1561,1561,0,5,TRUE
202001,"outer","Q184R2",1561,1561,0,5,TRUE
202001,"outer","Q184R3",1561,1561,0,5,TRUE
202001,"outer","Q187R1",1561,1561,0,5,TRUE
202001,"outer","Q187R2",1561,1561,0,5,TRUE
202001,"outer","Q187R3",1561,1561,0,5,TRUE
202001,"outer","Q187R4",1561,1561,0,5,TRUE
202001,"outer","Q187R5",1561,1561,0,5,TRUE
202001,"outer","Q192",1561,1561,0,2,TRUE
202001,"outer","Q193",1561,815,0.477898782831518,5,TRUE
202001,"outer","Q194",1561,746,0.522101217168482,5,TRUE
202001,"outer","Q195A1R1",1561,281,0.819987187700192,3,TRUE
202001,"outer","Q195A1R2",1561,755,0.516335682254965,3,TRUE
202001,"outer","Q195A1R3",1561,711,0.544522741832159,3,TRUE
202001,"outer","Q195A1R4",1561,608,0.610506085842409,3,TRUE
202001,"outer","Q195A2R1",1561,251,0.839205637411915,5,TRUE
202001,"outer","Q195A2R2",1561,337,0.784112748238309,5,TRUE
202001,"outer","Q195A2R3",1561,280,0.820627802690583,5,TRUE
202001,"outer","Q195A2R4",1561,281,0.819987187700192,5,TRUE
202001,"outer","Q195A2R5",1561,248,0.841127482383088,5,TRUE
202001,"outer","Q195A2R6",1561,516,0.66944266495836,5,TRUE
202001,"outer","Q195A2R7",1561,449,0.712363869314542,5,TRUE
202001,"outer","Q195A2R8",1561,417,0.732863549007047,5,TRUE
202001,"outer","Q195A2R9",1561,453,0.709801409352979,5,TRUE
202001,"outer","Q195A2R10",1561,458,0.706598334401025,5,TRUE
202001,"outer","Q195B1R1",1561,235,0.849455477258168,3,TRUE
202001,"outer","Q195B1R2",1561,751,0.518898142216528,3,TRUE
202001,"outer","Q195B1R3",1561,714,0.542600896860987,3,TRUE
202001,"outer","Q195B1R4",1561,628,0.597693786034593,3,TRUE
202001,"outer","Q195B2R1",1561,202,0.870595771941063,5,TRUE
202001,"outer","Q195B2R2",1561,336,0.7847533632287,5,TRUE
202001,"outer","Q195B2R3",1561,260,0.833440102498399,5,TRUE
202001,"outer","Q195B2R4",1561,257,0.835361947469571,5,TRUE
202001,"outer","Q195B2R5",1561,241,0.845611787315823,5,TRUE
202001,"outer","Q195B2R6",1561,564,0.638693145419603,5,TRUE
202001,"outer","Q195B2R7",1561,502,0.678411274823831,5,TRUE
202001,"outer","Q195B2R8",1561,483,0.690582959641256,5,TRUE
202001,"outer","Q195B2R9",1561,514,0.670723894939142,5,TRUE
202001,"outer","Q195B2R10",1561,521,0.666239590006406,5,TRUE
202001,"outer","Q196",1561,1561,0,11,TRUE
202001,"outer","Q197A1",1561,785,0.497117232543242,4,TRUE
202001,"outer","Q197A2",1561,785,0.497117232543242,10,TRUE
202001,"outer","Q197B1",1561,776,0.502882767456759,4,TRUE
202001,"outer","Q197B2",1561,776,0.502882767456759,10,TRUE
202001,"outer","Q198",1561,1561,0,11,TRUE
202001,"outer","Q199",1561,518,0.668161434977579,2,TRUE
202001,"outer","Q200",1561,498,0.680973734785394,2,TRUE
202001,"outer","Q201",1561,545,0.650864830237028,2,TRUE
202001,"outer","Q202R1",1561,1561,0,2,TRUE
202001,"outer","Q202R2",1561,1561,0,2,TRUE
202001,"outer","Q202R3",1561,1561,0,2,TRUE
202001,"outer","Q203",1561,1561,0,5,TRUE
202001,"outer","Q204",1561,1561,0,5,TRUE
202001,"outer","Q205",1561,1561,0,5,TRUE
202001,"outer","Q206",1561,1561,0,101,TRUE
202001,"outer","Q207",1561,1561,0,101,TRUE
202001,"outer","Q208R1",1561,1561,0,5,TRUE
202001,"outer","Q208R2",1561,1561,0,5,TRUE
202001,"outer","Q208R3",1561,1561,0,5,TRUE
202001,"outer","Q208R4",1561,1561,0,5,TRUE
202001,"outer","Q208R5",1561,1561,0,5,TRUE
202001,"outer","Q213R1",1561,1561,0,5,TRUE
202001,"outer","Q213R2",1561,1561,0,5,TRUE
202001,"outer","Q213R3",1561,1561,0,5,TRUE
202001,"outer","Q213R4",1561,1561,0,5,TRUE
202001,"outer","Q217R1",1561,1561,0,6,TRUE
202001,"outer","Q217R2",1561,1561,0,6,TRUE
202001,"outer","Q217R3",1561,1561,0,6,TRUE
202001,"outer","Q217R4",1561,1561,0,6,TRUE
202001,"outer","Q221R1",1561,1561,0,15,TRUE
202001,"outer","Q221R2",1561,1561,0,15,TRUE
202001,"outer","Q221R3",1561,1561,0,15,TRUE
202001,"outer","Q221R4",1561,1561,0,13,TRUE
202001,"outer","Q225R1",1561,1561,0,7,TRUE
202001,"outer","Q225R2",1561,1561,0,7,TRUE
202001,"outer","Q225R3",1561,1561,0,7,TRUE
202001,"outer","Q225R4",1561,1561,0,7,TRUE
202001,"outer","Q225R5",1561,1561,0,7,TRUE
202001,"outer","Q225R6",1561,1561,0,7,TRUE
202001,"outer","Q225R7",1561,1561,0,7,TRUE
202001,"outer","Q225R8",1561,1561,0,7,TRUE
202001,"outer","Q225R9",1561,1561,0,7,TRUE
202001,"outer","Q225R10",1561,1561,0,7,TRUE
202001,"outer","Q225R11",1561,1561,0,7,TRUE
202001,"outer","Q225R12",1561,1561,0,7,TRUE
202001,"outer","Q225R13",1561,1561,0,7,TRUE
202001,"outer","Q225R14",1561,1561,0,7,TRUE
202001,"outer","Q239R1",1561,1561,0,5,TRUE
202001,"outer","Q239R2",1561,1561,0,5,TRUE
202001,"outer","Q239R3",1561,1561,0,5,TRUE
202001,"outer","Q239R4",1561,1561,0,5,TRUE
202001,"outer","Q243R1",1561,1561,0,5,TRUE
202001,"outer","Q243R2",1561,1561,0,5,TRUE
202001,"outer","Q243R3",1561,1561,0,5,TRUE
202001,"outer","Q243R4",1561,1561,0,5,TRUE
202001,"outer","Q247",1561,1561,0,5,TRUE
202001,"outer","Q248",1561,1561,0,5,TRUE
202001,"outer","Q249",1561,1561,0,5,TRUE
202001,"outer","Q250R1",1561,580,0.62844330557335,5,TRUE
202001,"outer","Q250R2",1561,1561,0,5,TRUE
202001,"outer","Q250R3",1561,176,0.887251761691224,5,TRUE
202001,"outer","Q250R4",1561,0,1,0,FALSE
202001,"outer","Q250R5",1561,237,0.848174247277386,5,TRUE
202001,"outer","Q250R6",1561,0,1,0,FALSE
202001,"outer","Q250R7",1561,6,0.996156310057655,3,FALSE
202001,"outer","Q250R8",1561,170,0.891095451633568,5,TRUE
202001,"outer","Q251",1561,176,0.887251761691224,3,TRUE
202001,"outer","Q252",1561,176,0.887251761691224,2,TRUE
202001,"outer","Q253",1561,176,0.887251761691224,2,TRUE
202001,"outer","Q254",1561,355,0.772581678411275,2,TRUE
202001,"outer","Q255",1561,176,0.887251761691224,2,TRUE
202001,"outer","Q256",1561,1561,0,4,TRUE
202001,"outer","Q257AR1",1561,494,0.683536194746957,5,TRUE
202001,"outer","Q257AR2",1561,494,0.683536194746957,5,TRUE
202001,"outer","Q257AR3",1561,494,0.683536194746957,5,TRUE
202001,"outer","Q257AR4",1561,494,0.683536194746957,5,TRUE
202001,"outer","Q257BR1",1561,546,0.650224215246637,5,TRUE
202001,"outer","Q257BR2",1561,546,0.650224215246637,5,TRUE
202001,"outer","Q257BR3",1561,546,0.650224215246637,5,TRUE
202001,"outer","Q257BR4",1561,546,0.650224215246637,5,TRUE
202001,"outer","Q257CR1",1561,521,0.666239590006406,5,TRUE
202001,"outer","Q257CR2",1561,521,0.666239590006406,5,TRUE
202001,"outer","Q257CR3",1561,521,0.666239590006406,5,TRUE
202001,"outer","Q257CR4",1561,521,0.666239590006406,5,TRUE
202001,"outer","Q258",1561,176,0.887251761691224,20,TRUE
202001,"outer","Q260",1561,176,0.887251761691224,4,TRUE
202001,"outer","Q261",1561,1561,0,10,TRUE
202001,"outer","Q262",1561,237,0.848174247277386,7,TRUE
202001,"outer","Q263",1561,237,0.848174247277386,6,TRUE
202001,"outer","Q264",1561,237,0.848174247277386,7,TRUE
202001,"outer","Q265",1561,237,0.848174247277386,6,TRUE
202001,"outer","Q266",1561,237,0.848174247277386,4,TRUE
202001,"outer","Q267",1561,176,0.887251761691224,5,TRUE
202001,"outer","Q268",1561,1561,0,14,TRUE
202001,"outer","Q269",1561,176,0.887251761691224,5,TRUE
202001,"outer","Q270",1561,176,0.887251761691224,5,TRUE
202001,"outer","Q271",1561,1561,0,15,TRUE
202001,"outer","Q272",1561,1561,0,8,TRUE
202001,"outer","Q273R1",1561,1561,0,7,TRUE
202001,"outer","Q273R2",1561,1561,0,7,TRUE
202001,"outer","Q273R3",1561,1561,0,7,TRUE
202001,"outer","Q273R4",1561,1561,0,7,TRUE
202001,"outer","Q273R5",1561,1561,0,7,TRUE
202001,"outer","Q278",1561,1561,0,4,TRUE
202001,"outer","Q279",1561,1561,0,2,TRUE
202001,"outer","Q280",1561,1561,0,3,TRUE
202001,"outer","Q281R1",1561,1561,0,2,TRUE
202001,"outer","Q281R2",1561,1561,0,2,TRUE
202001,"outer","Q281R3",1561,1561,0,2,TRUE
202001,"outer","Q281R4",1561,1561,0,2,TRUE
202001,"outer","Q281R5",1561,1561,0,2,TRUE
202001,"outer","Q281R6",1561,1561,0,2,TRUE
202001,"outer","Q281R7",1561,1561,0,2,TRUE
202001,"outer","Q281R8",1561,1561,0,2,TRUE
202001,"outer","Q281R9",1561,1561,0,2,TRUE
202001,"outer","Q282",1561,758,0.514413837283792,3,TRUE
202001,"outer","Q283",1561,803,0.485586162716208,3,TRUE
202001,"outer","Q284",1561,107,0.931454196028187,3,FALSE
202001,"outer","Q285",1561,783,0.498398462524023,4,TRUE
202001,"outer","Q286",1561,778,0.501601537475977,5,TRUE
202001,"outer","Q287R1",1561,548,0.648942985265855,12,TRUE
202001,"outer","Q287R2",1561,548,0.648942985265855,5,TRUE
202001,"outer","Q287R3",1561,548,0.648942985265855,5,TRUE
202001,"outer","Q287R4",1561,548,0.648942985265855,5,TRUE
202001,"outer","Q287R5",1561,548,0.648942985265855,5,TRUE
202001,"outer","Q287R6",1561,548,0.648942985265855,31,TRUE
202001,"outer","Q287R7",1561,548,0.648942985265855,5,TRUE
202001,"outer","Q294",1561,548,0.648942985265855,7,TRUE
202001,"outer","Q295R1",1561,538,0.655349135169763,91,TRUE
202001,"outer","Q295R2",1561,538,0.655349135169763,46,TRUE
202001,"outer","Q295R3",1561,538,0.655349135169763,62,TRUE
202001,"outer","Q295R4",1561,537,0.655989750160154,52,TRUE
202001,"outer","Q295R5",1561,538,0.655349135169763,43,TRUE
202001,"outer","Q295R6",1561,248,0.841127482383088,31,TRUE
202001,"outer","Q301R1",1561,475,0.695707879564382,79,TRUE
202001,"outer","Q301R2",1561,475,0.695707879564382,40,TRUE
202001,"outer","Q301R3",1561,475,0.695707879564382,55,TRUE
202001,"outer","Q301R4",1561,475,0.695707879564382,37,TRUE
202001,"outer","Q301R5",1561,475,0.695707879564382,33,TRUE
202001,"outer","Q301R6",1561,475,0.695707879564382,37,TRUE
202001,"outer","Q301R7",1561,475,0.695707879564382,30,TRUE
202001,"outer","Q308R1",1561,1561,0,101,TRUE
202001,"outer","Q308R2",1561,1561,0,101,TRUE
202001,"outer","Q308R3",1561,1561,0,100,TRUE
202001,"outer","Q308R4",1561,1561,0,100,TRUE
202001,"outer","Q308R5",1561,1561,0,101,TRUE
202001,"outer","Q308R6",1561,1561,0,101,TRUE
202001,"outer","Q308R7",1561,1561,0,101,TRUE
202001,"outer","Q315",1561,1561,0,36,TRUE
202001,"outer","Q316R1",1561,1561,0,5,TRUE
202001,"outer","Q316R2",1561,1561,0,5,TRUE
202001,"outer","Q316R3",1561,1561,0,5,TRUE
202001,"outer","Q316R4",1561,1561,0,5,TRUE
202001,"outer","Q316R5",1561,1561,0,5,TRUE
202001,"outer","Q316R6",1561,1561,0,5,TRUE
202001,"outer","Q316R7",1561,1561,0,5,TRUE
202001,"outer","Q323_BLW",1561,1561,0,75,TRUE
202001,"outer","Q323_API",1561,0,1,0,FALSE
202001,"outer","Q323_NINH",1561,0,1,0,FALSE
202001,"outer","Q324",1561,1561,0,75,TRUE
202001,"outer","Q325_BLW",1561,1561,0,75,TRUE
202001,"outer","Q325_API",1561,0,1,0,FALSE
202001,"outer","Q325_NINH",1561,0,1,0,FALSE
202001,"outer","Q326R1",1561,1561,0,60,TRUE
202001,"outer","Q326R2",1561,0,1,0,FALSE
202001,"outer","Q326R3",1561,0,1,0,FALSE
202001,"outer","Q326R4",1561,1561,0,130,TRUE
202001,"outer","Q326R5",1561,1561,0,60,TRUE
202001,"outer","Q326R6",1561,0,1,0,FALSE
202001,"outer","Q326R7",1561,0,1,0,FALSE
202001,"outer","Q329R1",1561,133,0.914798206278027,3,FALSE
202001,"outer","Q329R2",1561,408,0.738629083920564,3,TRUE
202001,"outer","Q329R3",1561,672,0.569506726457399,3,TRUE
202001,"outer","Q329R4",1561,197,0.873798846893017,3,TRUE
202001,"outer","Q329R5",1561,771,0.506085842408712,3,TRUE
202001,"outer","Q329R6",1561,112,0.928251121076233,3,FALSE
202001,"outer","Q329R7",1561,554,0.645099295323511,3,TRUE
202001,"outer","Q329R8",1561,672,0.569506726457399,3,TRUE
202001,"outer","Q329R9",1561,533,0.658552210121717,3,TRUE
202001,"outer","Q329R10",1561,631,0.595771941063421,3,TRUE
202001,"outer","Q330",1561,1561,0,91,TRUE
202001,"outer","Q331",1561,1561,0,87,TRUE
202001,"outer","Q332",1561,1561,0,96,TRUE
202001,"outer","Q333",1561,1561,0,3,TRUE
202001,"outer","Q334",1561,370,0.762972453555413,3,TRUE
202001,"outer","Q335",1561,798,0.488789237668161,3,TRUE
202001,"outer","Q336R1C1",1561,18,0.988468930172966,8,FALSE
202001,"outer","Q336R2C1",1561,18,0.988468930172966,7,FALSE
202001,"outer","Q336R3C1",1561,18,0.988468930172966,8,FALSE
202001,"outer","Q339",1561,1561,0,3,TRUE
202001,"outer","Q340",1561,1561,0,1561,TRUE
202001,"outer","Q341R1",1561,1561,0,1514,TRUE
202001,"outer","Q341R2",1561,1561,0,1510,TRUE
202001,"outer","Q343R1",1561,1561,0,4,TRUE
202001,"outer","Q343R2",1561,1561,0,4,TRUE
202001,"outer","Q343R3",1561,1561,0,4,TRUE
202001,"outer","Q343R4",1561,1561,0,4,TRUE
202001,"outer","Q347",1561,1561,0,12,TRUE
202001,"outer","Q348",1561,1561,0,40,TRUE
202001,"outer","Q349",1561,1561,0,15,TRUE
202001,"outer","Q350",1561,1561,0,4,TRUE
202001,"outer","Q351",1561,1561,0,4,TRUE
202001,"outer","Q352",1561,1561,0,4,TRUE
202001,"outer","Q353",1561,6,0.996156310057655,3,FALSE
202001,"outer","Q354",1561,6,0.996156310057655,3,FALSE
202001,"outer","Q355R1",1561,6,0.996156310057655,2,FALSE
202001,"outer","Q355R2",1561,6,0.996156310057655,2,FALSE
202001,"outer","Q355R3",1561,6,0.996156310057655,2,FALSE
202001,"outer","Q355R4",1561,6,0.996156310057655,2,FALSE
202001,"outer","Q355R5",1561,6,0.996156310057655,2,FALSE
202001,"outer","Q355R6",1561,6,0.996156310057655,2,FALSE
202001,"outer","Q355R7",1561,6,0.996156310057655,2,FALSE
202001,"outer","Q355R8",1561,6,0.996156310057655,1,FALSE
202001,"outer","Q355R9",1561,6,0.996156310057655,2,FALSE
202001,"outer","Q356",1561,1561,0,2,TRUE
202001,"outer","Q357",1561,169,0.891736066623959,4,TRUE
202001,"outer","Q358",1561,1561,0,5,TRUE
202001,"outer","Q359R1",1561,1561,0,15,TRUE
202001,"outer","Q359R2",1561,1561,0,15,TRUE
202001,"outer","Q359R3",1561,1561,0,5,TRUE
202001,"outer","Q359R4",1561,1561,0,5,TRUE
202001,"outer","Q363",1561,1561,0,5,TRUE
202001,"outer","Q364",1561,810,0.481101857783472,4,TRUE
202001,"outer","Q365",1561,751,0.518898142216528,4,TRUE
202001,"outer","Q366R1",1561,1561,0,2,TRUE
202001,"outer","Q366R2",1561,1561,0,2,TRUE
202001,"outer","Q366R3",1561,1561,0,2,TRUE
202001,"outer","Q366R4",1561,1561,0,2,TRUE
202001,"outer","Q367",1561,1561,0,2,TRUE
202001,"outer","Q368",1561,1561,0,5,TRUE
202001,"outer","Q369",1561,539,0.654708520179372,2,TRUE
202001,"outer","Q370",1561,539,0.654708520179372,3,TRUE
202001,"outer","Q371",1561,1561,0,2,TRUE
202001,"outer","Q372",1561,1561,0,4,TRUE
202001,"outer","Q373",1561,6,0.996156310057655,4,FALSE
202001,"outer","Q374",1561,6,0.996156310057655,3,FALSE
202001,"outer","Q375",1561,6,0.996156310057655,3,FALSE
202001,"outer","Q376",1561,6,0.996156310057655,4,FALSE
202001,"outer","Q377",1561,580,0.62844330557335,5,TRUE
202001,"outer","Q378",1561,580,0.62844330557335,5,TRUE
202001,"outer","Q379",1561,580,0.62844330557335,5,TRUE
202001,"outer","Q380",1561,580,0.62844330557335,5,TRUE
202001,"outer","Q381_Q383R1",1561,1561,0,7,TRUE
202001,"outer","Q381_Q383R2",1561,1561,0,7,TRUE
202001,"outer","Q381_Q383R3",1561,1561,0,7,TRUE
202001,"outer","Q384R1",1561,1561,0,7,TRUE
202001,"outer","Q385",1561,1561,0,7,TRUE
202001,"outer","Q386_Q390R1",1561,580,0.62844330557335,5,TRUE
202001,"outer","Q386_Q390R2",1561,580,0.62844330557335,5,TRUE
202001,"outer","Q386_Q390R3",1561,580,0.62844330557335,5,TRUE
202001,"outer","Q386_Q390R4",1561,580,0.62844330557335,5,TRUE
202001,"outer","Q386_Q390R5",1561,580,0.62844330557335,5,TRUE
202001,"outer","Q391_Q393R1",1561,176,0.887251761691224,4,TRUE
202001,"outer","Q391_Q393R2",1561,176,0.887251761691224,4,TRUE
202001,"outer","Q391_Q393R3",1561,176,0.887251761691224,4,TRUE
202001,"outer","Q394",1561,176,0.887251761691224,6,TRUE
202001,"outer","Q395",1561,1561,0,12,TRUE
202001,"outer","Q396_Q398R1",1561,1561,0,5,TRUE
202001,"outer","Q396_Q398R2",1561,1561,0,5,TRUE
202001,"outer","Q396_Q398R3",1561,1561,0,5,TRUE
202001,"outer","Q399",1561,1561,0,3,TRUE
202001,"outer","Q400",1561,1561,0,3,TRUE
202001,"outer","Q401_Q404R1",1561,797,0.489429852658552,5,TRUE
202001,"outer","Q401_Q404R2",1561,797,0.489429852658552,5,TRUE
202001,"outer","Q401_Q404R3",1561,797,0.489429852658552,5,TRUE
202001,"outer","Q401_Q404R4",1561,797,0.489429852658552,5,TRUE
202001,"outer","Q405",1561,176,0.887251761691224,7,TRUE
202001,"outer","Q406",1561,1561,0,3,TRUE
202001,"outer","Q407R1",1561,719,0.539397821909033,2,TRUE
202001,"outer","Q407R2",1561,719,0.539397821909033,2,TRUE
202001,"outer","Q407R3",1561,719,0.539397821909033,2,TRUE
202001,"outer","Q407R4",1561,719,0.539397821909033,2,TRUE
202001,"outer","Q407R5",1561,719,0.539397821909033,2,TRUE
202001,"outer","Q408",1561,1561,0,5,TRUE
202001,"outer","Q409",1561,1561,0,5,TRUE
202001,"outer","Q410",1561,1561,0,5,TRUE
202001,"outer","Q411_Q416R1",1561,1561,0,5,TRUE
202001,"outer","Q411_Q416R2",1561,1561,0,5,TRUE
202001,"outer","Q411_Q416R3",1561,1561,0,5,TRUE
202001,"outer","Q411_Q416R4",1561,1561,0,5,TRUE
202001,"outer","Q411_Q416R5",1561,1561,0,5,TRUE
202001,"outer","Q411_Q416R6",1561,1561,0,5,TRUE
202001,"outer","Q417_Q424R1",1561,280,0.820627802690583,6,TRUE
202001,"outer","Q417_Q424R2",1561,300,0.807815502882767,6,TRUE
202001,"outer","Q417_Q424R3",1561,280,0.820627802690583,6,TRUE
202001,"outer","Q417_Q424R4",1561,300,0.807815502882767,6,TRUE
202001,"outer","Q417_Q424R5",1561,280,0.820627802690583,6,TRUE
202001,"outer","Q417_Q424R6",1561,300,0.807815502882767,6,TRUE
202001,"outer","Q417_Q424R7",1561,280,0.820627802690583,6,TRUE
202001,"outer","Q417_Q424R8",1561,300,0.807815502882767,6,TRUE
202001,"outer","Q425",1561,1561,0,6,TRUE
202001,"outer","Q428R1",1561,1055,0.324151185137732,97,TRUE
202001,"outer","Q428R2",1561,1055,0.324151185137732,56,TRUE
202001,"outer","Q428R3",1561,1055,0.324151185137732,94,TRUE
202001,"outer","Q428R4",1561,1055,0.324151185137732,43,TRUE
202001,"outer","Q428R6",1561,1055,0.324151185137732,31,TRUE
202001,"outer","Q428R5",1561,1055,0.324151185137732,42,TRUE
202001,"outer","Q429_Q440R1",1561,1561,0,4,TRUE
202001,"outer","Q429_Q440R2",1561,1561,0,4,TRUE
202001,"outer","Q429_Q440R3",1561,1561,0,4,TRUE
202001,"outer","Q429_Q440R4",1561,1561,0,4,TRUE
202001,"outer","Q429_Q440R5",1561,1561,0,4,TRUE
202001,"outer","Q429_Q440R6",1561,1561,0,4,TRUE
202001,"outer","Q429_Q440R7",1561,1561,0,4,TRUE
202001,"outer","Q429_Q440R8",1561,1561,0,4,TRUE
202001,"outer","Q429_Q440R9",1561,1561,0,4,TRUE
202001,"outer","Q429_Q440R10",1561,1561,0,4,TRUE
202001,"outer","Q429_Q440R11",1561,1561,0,4,TRUE
202001,"outer","Q429_Q440R12",1561,1561,0,4,TRUE
202001,"outer","Q441_Q452R1",1561,1561,0,3,TRUE
202001,"outer","Q441_Q452R2",1561,1561,0,3,TRUE
202001,"outer","Q441_Q452R3",1561,1561,0,3,TRUE
202001,"outer","Q441_Q452R4",1561,1561,0,3,TRUE
202001,"outer","Q441_Q452R5",1561,1561,0,3,TRUE
202001,"outer","Q441_Q452R6",1561,1561,0,3,TRUE
202001,"outer","Q441_Q452R7",1561,1561,0,3,TRUE
202001,"outer","Q441_Q452R8",1561,1561,0,3,TRUE
202001,"outer","Q441_Q452R9",1561,1561,0,3,TRUE
202001,"outer","Q441_Q452R10",1561,1561,0,3,TRUE
202001,"outer","Q441_Q452R11",1561,1561,0,3,TRUE
202001,"outer","Q441_Q452R12",1561,1561,0,3,TRUE
202001,"outer","Q453",1561,1561,0,6,TRUE
202001,"outer","Q454",1561,1024,0.344010249839846,4,TRUE
202001,"outer","Q455",1561,1024,0.344010249839846,3,TRUE
202001,"outer","Q456_Q461R1",1561,1561,0,5,TRUE
202001,"outer","Q456_Q461R2",1561,1561,0,5,TRUE
202001,"outer","Q456_Q461R3",1561,1561,0,5,TRUE
202001,"outer","Q456_Q461R4",1561,1561,0,5,TRUE
202001,"outer","Q456_Q461R5",1561,1561,0,5,TRUE
202001,"outer","Q456_Q461R6",1561,1561,0,5,TRUE
202001,"outer","Q462",1561,1561,0,3,TRUE
202001,"outer","Q463",1561,1561,0,4,TRUE
202001,"outer","Q464",1561,147,0.905829596412556,2,FALSE
202001,"outer","Q465R1",1561,147,0.905829596412556,2,FALSE
202001,"outer","Q465R2",1561,147,0.905829596412556,2,FALSE
202001,"outer","Q466",1561,1561,0,4,TRUE
202001,"outer","Q467_Q469R1",1561,1561,0,2,TRUE
202001,"outer","Q467_Q469R2",1561,1561,0,2,TRUE
202001,"outer","Q467_Q469R3",1561,1561,0,2,TRUE
202001,"outer","Q470",1561,1561,0,2,TRUE
202001,"outer","Q471R6",1561,192,0.877001921844971,2,TRUE
202001,"outer","Q471R7",1561,192,0.877001921844971,2,TRUE
202001,"outer","Q471R8",1561,192,0.877001921844971,2,TRUE
202001,"outer","Q471R9",1561,192,0.877001921844971,2,TRUE
202001,"outer","Q472_Q474R1",1561,1561,0,7,TRUE
202001,"outer","Q472_Q474R2",1561,1561,0,7,TRUE
202001,"outer","Q472_Q474R3",1561,1561,0,7,TRUE
202001,"outer","Q475R1",1561,1501,0.0384368994234465,7,TRUE
202001,"outer","Q475R2",1561,1504,0.0365150544522742,7,TRUE
202001,"outer","Q475R3",1561,1535,0.0166559897501602,7,TRUE
202001,"outer","Q475R4",1561,1545,0.0102498398462524,7,TRUE
202001,"outer","Q475R5",1561,1499,0.0397181294042281,7,TRUE
202001,"outer","Q475R6",1561,1521,0.025624599615631,7,TRUE
202001,"outer","Q475R7",1561,1530,0.019859064702114,7,TRUE
202001,"outer","Q476",1561,1561,0,4,TRUE
202001,"outer","Q477",1561,1561,0,3,TRUE
202001,"outer","Q478_Q483R1",1561,1561,0,7,TRUE
202001,"outer","Q478_Q483R2",1561,1561,0,7,TRUE
202001,"outer","Q478_Q483R3",1561,1561,0,7,TRUE
202001,"outer","Q478_Q483R4",1561,1561,0,7,TRUE
202001,"outer","Q478_Q483R5",1561,1561,0,7,TRUE
202001,"outer","Q478_Q483R6",1561,1561,0,7,TRUE
202001,"outer","Q484",1561,1561,0,3,TRUE
202001,"outer","Q485",1561,1561,0,4,TRUE
202001,"outer","Q486",1561,797,0.489429852658552,5,TRUE
202001,"outer","Q487_Q489R1",1561,455,0.708520179372197,6,TRUE
202001,"outer","Q487_Q489R2",1561,455,0.708520179372197,6,TRUE
202001,"outer","Q487_Q489R3",1561,455,0.708520179372197,6,TRUE
202001,"outer","Q490R1",1561,1561,0,2,TRUE
202001,"outer","Q490R2",1561,1561,0,2,TRUE
202001,"outer","Q490R3",1561,1561,0,2,TRUE
202001,"outer","Q490R4",1561,1561,0,2,TRUE
202001,"outer","Q490R5",1561,1561,0,2,TRUE
202001,"outer","Q490R6",1561,1561,0,2,TRUE
202001,"outer","Q490R7",1561,1561,0,2,TRUE
202001,"outer","Q490R8",1561,1561,0,2,TRUE
202001,"outer","Q491A",1561,359,0.770019218449712,3,TRUE
202001,"outer","Q491R1",1561,1561,0,2,TRUE
202001,"outer","Q491R2",1561,1561,0,2,TRUE
202001,"outer","Q491R3",1561,1561,0,2,TRUE
202001,"outer","Q491R4",1561,1561,0,2,TRUE
202001,"outer","Q491R5",1561,1561,0,2,TRUE
202001,"outer","Q491R6",1561,1561,0,2,TRUE
202001,"outer","Q491R7",1561,1561,0,2,TRUE
202001,"outer","Q492",1561,1561,0,4,TRUE
202001,"outer","Q493",1561,1561,0,4,TRUE
202001,"outer","Q494_Q503R1",1561,1561,0,3,TRUE
202001,"outer","Q494_Q503R2",1561,1561,0,3,TRUE
202001,"outer","Q494_Q503R3",1561,1561,0,3,TRUE
202001,"outer","Q494_Q503R4",1561,1561,0,3,TRUE
202001,"outer","Q494_Q503R5",1561,1561,0,3,TRUE
202001,"outer","Q494_Q503R6",1561,1561,0,3,TRUE
202001,"outer","Q494_Q503R7",1561,1561,0,3,TRUE
202001,"outer","Q494_Q503R8",1561,1561,0,3,TRUE
202001,"outer","Q494_Q503R9",1561,1561,0,3,TRUE
202001,"outer","Q494_Q503R10",1561,1561,0,3,TRUE
202001,"outer","Q504R1",1561,1561,0,10,TRUE
202001,"outer","Q504R2",1561,1561,0,10,TRUE
202001,"outer","Q504R3",1561,1561,0,10,TRUE
202001,"outer","Q504R4",1561,1561,0,10,TRUE
202001,"outer","Q504R5",1561,1561,0,10,TRUE
202001,"outer","Q504R6",1561,1561,0,10,TRUE
202001,"outer","Q504R7",1561,1561,0,10,TRUE
202001,"outer","Q504R8",1561,1561,0,10,TRUE
202001,"outer","Q504R11",1561,1561,0,10,TRUE
202001,"outer","Q504R12",1561,1561,0,10,TRUE
202001,"outer","Q505_Q508R1",1561,1561,0,4,TRUE
202001,"outer","Q505_Q508R2",1561,1561,0,4,TRUE
202001,"outer","Q505_Q508R3",1561,1561,0,4,TRUE
202001,"outer","Q505_Q508R4",1561,1561,0,4,TRUE
202001,"outer","Q509_Q511R1",1561,1561,0,4,TRUE
202001,"outer","Q509_Q511R2",1561,1561,0,4,TRUE
202001,"outer","Q509_Q511R3",1561,1561,0,4,TRUE
202001,"outer","Q512R1",1561,1561,0,3,TRUE
202001,"outer","Q512R2",1561,1561,0,3,TRUE
202001,"outer","Q512R3",1561,1561,0,3,TRUE
202001,"outer","Q513_Q516R1",1561,1561,0,5,TRUE
202001,"outer","Q513_Q516R2",1561,1561,0,5,TRUE
202001,"outer","Q513_Q516R3",1561,1561,0,5,TRUE
202001,"outer","Q517",1561,770,0.506726457399103,15,TRUE
202001,"outer","Q518",1561,791,0.493273542600897,15,TRUE
202001,"outer","Q519",1561,770,0.506726457399103,15,TRUE
202001,"outer","Q520",1561,791,0.493273542600897,15,TRUE
202001,"outer","Q521_Q528R1",1561,1561,0,5,TRUE
202001,"outer","Q521_Q528R2",1561,1561,0,5,TRUE
202001,"outer","Q521_Q528R3",1561,1561,0,5,TRUE
202001,"outer","Q521_Q528R4",1561,1561,0,5,TRUE
202001,"outer","Q521_Q528R5",1561,1561,0,5,TRUE
202001,"outer","Q521_Q528R6",1561,1561,0,5,TRUE
202001,"outer","Q521_Q528R7",1561,1561,0,5,TRUE
202001,"outer","Q521_Q528R8",1561,1561,0,5,TRUE
202001,"outer","Q529",1561,1561,0,4,TRUE
202001,"outer","Q530",1561,708,0.546444586803331,2,TRUE
202001,"outer","Q531",1561,192,0.877001921844971,2,TRUE
202001,"outer","Q532",1561,162,0.896220371556694,5,TRUE
202001,"outer","Q533",1561,136,0.912876361306855,5,FALSE
202001,"outer","Q534R1",1561,1561,0,2,TRUE
202001,"outer","Q534R2",1561,1561,0,2,TRUE
202001,"outer","Q534R3",1561,1561,0,2,TRUE
202001,"outer","Q534R4",1561,1561,0,2,TRUE
202001,"outer","Q534R5",1561,1561,0,2,TRUE
202001,"outer","Q535_Q538R1",1561,1561,0,5,TRUE
202001,"outer","Q535_Q538R2",1561,1561,0,5,TRUE
202001,"outer","Q535_Q538R3",1561,1561,0,5,TRUE
202001,"outer","Q535_Q538R4",1561,1561,0,5,TRUE
202001,"outer","Q539R1",1561,1561,0,97,TRUE
202001,"outer","Q539R2",1561,1561,0,65,TRUE
202001,"outer","Q539R3",1561,1561,0,93,TRUE
202001,"outer","Q539R4",1561,1561,0,49,TRUE
202001,"outer","Q539R6",1561,1561,0,33,TRUE
202001,"outer","Q539R5",1561,1561,0,35,TRUE
202001,"outer","Q540R1",1561,1561,0,94,TRUE
202001,"outer","Q541",1561,1561,0,2,TRUE
202001,"outer","Q542",1561,1561,0,2,TRUE
202001,"outer","Q543",1561,1561,0,2,TRUE
202001,"outer","Q544",1561,1561,0,2,TRUE
202001,"outer","Q545R7",1561,1561,0,7,TRUE
202001,"outer","Q546R7",1561,1561,0,7,TRUE
202001,"outer","Q547R7",1561,1561,0,7,TRUE
202001,"outer","Q548R7",1561,1561,0,7,TRUE
202001,"outer","Q549R7",1561,1561,0,7,TRUE
202001,"outer","Q550R1",1561,1561,0,2,TRUE
202001,"outer","Q550R2",1561,1561,0,2,TRUE
202001,"outer","Q550R3",1561,1561,0,2,TRUE
202001,"outer","Q550R4",1561,1561,0,2,TRUE
202001,"outer","Q550R5",1561,1561,0,2,TRUE
202001,"outer","Q550R6",1561,1561,0,2,TRUE
202001,"outer","Q551_Q559R1",1561,1561,0,5,TRUE
202001,"outer","Q551_Q559R2",1561,1561,0,5,TRUE
202001,"outer","Q551_Q559R3",1561,1561,0,5,TRUE
202001,"outer","Q551_Q559R4",1561,1561,0,5,TRUE
202001,"outer","Q551_Q559R5",1561,1561,0,5,TRUE
202001,"outer","Q551_Q559R6",1561,1561,0,5,TRUE
202001,"outer","Q551_Q559R7",1561,1561,0,5,TRUE
202001,"outer","Q551_Q559R8",1561,1561,0,5,TRUE
202001,"outer","Q551_Q559R9",1561,1561,0,5,TRUE
202001,"outer","Q560R1",1561,1561,0,8,TRUE
202001,"outer","Q560R2",1561,1561,0,8,TRUE
202001,"outer","Q560R3",1561,1561,0,8,TRUE
202001,"outer","Q560R4",1561,1561,0,8,TRUE
202001,"outer","Q560R5",1561,1561,0,8,TRUE
202001,"outer","Q560R6",1561,1561,0,8,TRUE
202001,"outer","Q560R7",1561,1561,0,8,TRUE
202001,"outer","Q560R8",1561,1561,0,8,TRUE
202001,"outer","Q561",1561,598,0.616912235746316,3,TRUE
202001,"outer","Q562",1561,1561,0,5,TRUE
202001,"outer","Q563_Q572R1",1561,1561,0,3,TRUE
202001,"outer","Q563_Q572R2",1561,1561,0,3,TRUE
202001,"outer","Q563_Q572R3",1561,1561,0,3,TRUE
202001,"outer","Q563_Q572R4",1561,1561,0,3,TRUE
202001,"outer","Q563_Q572R5",1561,1561,0,3,TRUE
202001,"outer","Q563_Q572R6",1561,1561,0,3,TRUE
202001,"outer","Q563_Q572R7",1561,1561,0,3,TRUE
202001,"outer","Q563_Q572R8",1561,1561,0,3,TRUE
202001,"outer","Q563_Q572R9",1561,1561,0,3,TRUE
202001,"outer","Q563_Q572R10",1561,1561,0,3,TRUE
202001,"outer","Q573",1561,1561,0,3,TRUE
202001,"outer","Q574",1561,1561,0,4,TRUE
202001,"outer","Q575_Q581R1",1561,1561,0,100,TRUE
202001,"outer","Q575_Q581R2",1561,1561,0,101,TRUE
202001,"outer","Q575_Q581R3",1561,1561,0,101,TRUE
202001,"outer","Q575_Q581R4",1561,1561,0,101,TRUE
202001,"outer","Q575_Q581R5",1561,1561,0,101,TRUE
202001,"outer","Q575_Q581R6",1561,1561,0,100,TRUE
202001,"outer","Q575_Q581R7",1561,1561,0,101,TRUE
202001,"outer","Q582",1561,1505,0.0358744394618834,5,TRUE
202001,"outer","Q583",1561,176,0.887251761691224,5,TRUE
202001,"outer","Q584",1561,1561,0,4,TRUE
202001,"outer","Q585_Q590R1",1561,176,0.887251761691224,2,TRUE
202001,"outer","Q585_Q590R2",1561,176,0.887251761691224,2,TRUE
202001,"outer","Q585_Q590R3",1561,176,0.887251761691224,2,TRUE
202001,"outer","Q585_Q590R4",1561,176,0.887251761691224,2,TRUE
202001,"outer","Q585_Q590R5",1561,176,0.887251761691224,2,TRUE
202001,"outer","Q585_Q590R6",1561,176,0.887251761691224,2,TRUE
202001,"outer","Q591_Q596R1",1561,1561,0,5,TRUE
202001,"outer","Q591_Q596R2",1561,1561,0,5,TRUE
202001,"outer","Q591_Q596R3",1561,1561,0,5,TRUE
202001,"outer","Q591_Q596R4",1561,1561,0,5,TRUE
202001,"outer","Q591_Q596R5",1561,1561,0,5,TRUE
202001,"outer","Q591_Q596R6",1561,1561,0,5,TRUE
202001,"outer","Q597_Q602R1",1561,1561,0,5,TRUE
202001,"outer","Q597_Q602R2",1561,1561,0,5,TRUE
202001,"outer","Q597_Q602R3",1561,1561,0,5,TRUE
202001,"outer","Q597_Q602R4",1561,1561,0,5,TRUE
202001,"outer","Q597_Q602R5",1561,1561,0,5,TRUE
202001,"outer","Q597_Q602R6",1561,1561,0,5,TRUE
202001,"outer","Q603R1",1561,1561,0,10,TRUE
202001,"outer","Q603R2",1561,1561,0,10,TRUE
202001,"outer","Q603R3",1561,1561,0,10,TRUE
202001,"outer","Q603R4",1561,1561,0,10,TRUE
202001,"outer","Q603R5",1561,1561,0,10,TRUE
202001,"outer","Q603R6",1561,1561,0,10,TRUE
202001,"outer","Q603R7",1561,1561,0,10,TRUE
202001,"outer","Q603R8",1561,1561,0,10,TRUE
202001,"outer","Q603R9",1561,1561,0,10,TRUE
202001,"outer","Q603R10",1561,1561,0,10,TRUE
202001,"outer","Q604_Q605R1",1561,1561,0,4,TRUE
202001,"outer","Q604_Q605R2",1561,1561,0,4,TRUE
202001,"outer","Q606R1",1561,1323,0.152466367713004,3,TRUE
202001,"outer","Q606R2",1561,811,0.480461242793081,3,TRUE
202001,"outer","Q606R3",1561,464,0.70275464445868,3,TRUE
202001,"outer","Q606R4",1561,1004,0.356822549647662,3,TRUE
202001,"outer","Q606R5",1561,413,0.73542600896861,3,TRUE
202001,"outer","Q606R6",1561,668,0.572069186418962,3,TRUE
202001,"outer","Q607_Q610R1",1561,1561,0,24,TRUE
202001,"outer","Q607_Q610R2",1561,1561,0,24,TRUE
202001,"outer","Q607_Q610R3",1561,1561,0,24,TRUE
202001,"outer","Q607_Q610R4",1561,1561,0,24,TRUE
202001,"outer","Q611",1561,1561,0,4,TRUE
202001,"outer","Q613",1561,1561,0,2,TRUE
202001,"outer","Q614",1561,1561,0,2,TRUE
202001,"outer","Q615",1561,1561,0,3,TRUE
202001,"outer","Q616_Q618R1",1561,1561,0,4,TRUE
202001,"outer","Q616_Q618R2",1561,1561,0,4,TRUE
202001,"outer","Q616_Q618R3",1561,1561,0,4,TRUE
202001,"outer","Q619_Q626R1",1561,1561,0,5,TRUE
202001,"outer","Q619_Q626R2",1561,1561,0,5,TRUE
202001,"outer","Q619_Q626R3",1561,1561,0,5,TRUE
202001,"outer","Q619_Q626R4",1561,1561,0,5,TRUE
202001,"outer","Q619_Q626R5",1561,1561,0,5,TRUE
202001,"outer","Q619_Q626R6",1561,1561,0,5,TRUE
202001,"outer","Q619_Q626R7",1561,1561,0,5,TRUE
202001,"outer","Q619_Q626R8",1561,1561,0,5,TRUE
202001,"outer","Q627",1561,1561,0,2,TRUE
202001,"outer","Q628",1561,163,0.895579756566304,3,TRUE
202001,"outer","Q629R1",1561,756,0.515695067264574,2,TRUE
202001,"outer","Q629R2",1561,756,0.515695067264574,2,TRUE
202001,"outer","Q629R3",1561,756,0.515695067264574,2,TRUE
202001,"outer","Q629R4",1561,756,0.515695067264574,2,TRUE
202001,"outer","Q629R5",1561,756,0.515695067264574,2,TRUE
202001,"outer","Q629R6",1561,756,0.515695067264574,2,TRUE
202001,"outer","Q629R7",1561,756,0.515695067264574,2,TRUE
202001,"outer","Q630_Q632R1",1561,1561,0,2,TRUE
202001,"outer","Q630_Q632R2",1561,1561,0,2,TRUE
202001,"outer","Q630_Q632R3",1561,1561,0,2,TRUE
202001,"outer","Q633",1561,1561,0,6,TRUE
202001,"outer","Q639",1561,1561,0,5,TRUE
202001,"outer","Q640_Q645R1",1561,191,0.877642536835362,2,TRUE
202001,"outer","Q640_Q645R2",1561,486,0.688661114670083,2,TRUE
202001,"outer","Q640_Q645R3",1561,486,0.688661114670083,2,TRUE
202001,"outer","Q640_Q645R4",1561,486,0.688661114670083,2,TRUE
202001,"outer","Q640_Q645R5",1561,486,0.688661114670083,2,TRUE
202001,"outer","Q640_Q645R6",1561,486,0.688661114670083,2,TRUE
202001,"outer","Q646_Q651R1",1561,537,0.655989750160154,2,TRUE
202001,"outer","Q646_Q651R2",1561,537,0.655989750160154,2,TRUE
202001,"outer","Q646_Q651R3",1561,537,0.655989750160154,2,TRUE
202001,"outer","Q646_Q651R4",1561,537,0.655989750160154,2,TRUE
202001,"outer","Q646_Q651R5",1561,537,0.655989750160154,2,TRUE
202001,"outer","Q646_Q651R6",1561,162,0.896220371556694,2,TRUE
202001,"outer","Q646_Q651R7",1561,162,0.896220371556694,2,TRUE
202001,"outer","Q646_Q651R8",1561,162,0.896220371556694,2,TRUE
202001,"outer","Q646_Q651R9",1561,162,0.896220371556694,2,TRUE
202001,"outer","Q646_Q651R10",1561,162,0.896220371556694,2,TRUE
202001,"outer","Q646_Q651R11",1561,162,0.896220371556694,2,TRUE
202001,"outer","Q652_Q658R1",1561,538,0.655349135169763,2,TRUE
202001,"outer","Q652_Q658R2",1561,538,0.655349135169763,2,TRUE
202001,"outer","Q652_Q658R3",1561,538,0.655349135169763,2,TRUE
202001,"outer","Q652_Q658R4",1561,538,0.655349135169763,2,TRUE
202001,"outer","Q652_Q658R5",1561,538,0.655349135169763,2,TRUE
202001,"outer","Q652_Q658R6",1561,538,0.655349135169763,2,TRUE
202001,"outer","Q652_Q658R7",1561,538,0.655349135169763,2,TRUE
202001,"outer","Q659R1",1561,486,0.688661114670083,2,TRUE
202001,"outer","Q659R2",1561,486,0.688661114670083,2,TRUE
202001,"outer","Q659R3",1561,486,0.688661114670083,2,TRUE
202001,"outer","Q659R4",1561,486,0.688661114670083,2,TRUE
202001,"outer","Q659R5",1561,486,0.688661114670083,2,TRUE
202001,"outer","Q659R6",1561,486,0.688661114670083,2,TRUE
202001,"outer","Q659R7",1561,486,0.688661114670083,2,TRUE
202001,"outer","Q659R8",1561,486,0.688661114670083,2,TRUE
202001,"outer","Q660",1561,1561,0,5,TRUE
202001,"outer","Q661",1561,1561,0,5,TRUE
202001,"outer","Q662R1",1561,1561,0,2,TRUE
202001,"outer","Q662R2",1561,1561,0,2,TRUE
202001,"outer","Q662R3",1561,1561,0,2,TRUE
202001,"outer","Q662R4",1561,1561,0,2,TRUE
202001,"outer","Q662R5",1561,1561,0,2,TRUE
202001,"outer","Q662R6",1561,1561,0,2,TRUE
202001,"outer","Q663_Q666R1",1561,1561,0,5,TRUE
202001,"outer","Q663_Q666R2",1561,1561,0,5,TRUE
202001,"outer","Q663_Q666R3",1561,1561,0,5,TRUE
202001,"outer","Q663_Q666R4",1561,1561,0,5,TRUE
202001,"outer","Q667_Q671R1",1561,1561,0,2,TRUE
202001,"outer","Q667_Q671R2",1561,1561,0,2,TRUE
202001,"outer","Q667_Q671R3",1561,1561,0,2,TRUE
202001,"outer","Q667_Q671R4",1561,1561,0,2,TRUE
202001,"outer","Q667_Q671R5",1561,1561,0,2,TRUE
202001,"outer","Q672",1561,1561,0,4,TRUE
202001,"outer","Q673",1561,1561,0,4,TRUE
202001,"outer","Q674R1",1561,1561,0,11,TRUE
202001,"outer","Q675",1561,1561,0,4,TRUE
202001,"outer","Q676_Q678R1",1561,237,0.848174247277386,5,TRUE
202001,"outer","Q676_Q678R2",1561,237,0.848174247277386,5,TRUE
202001,"outer","Q676_Q678R3",1561,237,0.848174247277386,5,TRUE
202001,"outer","Q679_Q682R1",1561,237,0.848174247277386,5,TRUE
202001,"outer","Q679_Q682R2",1561,237,0.848174247277386,5,TRUE
202001,"outer","Q679_Q682R3",1561,237,0.848174247277386,5,TRUE
202001,"outer","Q679_Q682R4",1561,237,0.848174247277386,5,TRUE
202001,"outer","Q683",1561,1561,0,4,TRUE
202001,"outer","Q684",1561,1561,0,2,TRUE
202001,"outer","Q685",1561,1561,0,3,TRUE
202001,"outer","Q686",1561,1561,0,2,TRUE
202001,"outer","Q687",1561,466,0.701473414477899,2,TRUE
202001,"outer","Q688",1561,448,0.713004484304933,3,TRUE
202001,"outer","Q689",1561,1561,0,3,TRUE
202001,"outer","Q690",1561,1561,0,5,TRUE
202001,"outer","Q691",1561,1561,0,5,TRUE
202001,"outer","Q692",1561,1561,0,2,TRUE
202001,"outer","Q693_Q700R1",1561,1561,0,12,TRUE
202001,"outer","Q693_Q700R2",1561,1561,0,12,TRUE
202001,"outer","Q693_Q700R3",1561,1561,0,12,TRUE
202001,"outer","Q693_Q700R4",1561,1561,0,12,TRUE
202001,"outer","Q693_Q700R5",1561,1561,0,12,TRUE
202001,"outer","Q693_Q700R6",1561,1561,0,12,TRUE
202001,"outer","Q693_Q700R7",1561,1561,0,12,TRUE
202001,"outer","Q693_Q700R8",1561,1561,0,12,TRUE
202001,"outer","Q701_Q705R1",1561,1561,0,6,TRUE
202001,"outer","Q701_Q705R2",1561,1561,0,6,TRUE
202001,"outer","Q701_Q705R3",1561,1561,0,6,TRUE
202001,"outer","Q701_Q705R4",1561,1561,0,6,TRUE
202001,"outer","Q701_Q705R5",1561,1561,0,6,TRUE
202001,"outer","Q706_Q708R1",1561,1561,0,5,TRUE
202001,"outer","Q706_Q708R2",1561,1561,0,5,TRUE
202001,"outer","Q706_Q708R3",1561,1561,0,5,TRUE
202001,"outer","Q709_712R1",1561,1561,0,4,TRUE
202001,"outer","Q709_712R2",1561,1561,0,4,TRUE
202001,"outer","Q709_712R3",1561,1561,0,4,TRUE
202001,"outer","Q709_712R4",1561,1561,0,12,TRUE
202001,"outer","Q713",1561,1561,0,4,TRUE
202001,"outer","Q714",1561,1561,0,4,TRUE
202001,"outer","Q715_718R1",1561,1561,0,3,TRUE
202001,"outer","Q715_718R2",1561,1561,0,6,TRUE
202001,"outer","Q715_718R3",1561,1561,0,3,TRUE
202001,"outer","Q715_718R4",1561,1561,0,3,TRUE
202001,"outer","Q719",1561,1561,0,2,TRUE
202001,"outer","Q720_Q722R1",1561,1561,0,5,TRUE
202001,"outer","Q720_Q722R2",1561,1561,0,5,TRUE
202001,"outer","Q720_Q722R3",1561,1561,0,5,TRUE
202001,"outer","Q723_Q725R1",1561,1561,0,5,TRUE
202001,"outer","Q723_Q725R2",1561,1561,0,5,TRUE
202001,"outer","Q723_Q725R3",1561,1561,0,5,TRUE
202001,"outer","Q726",1561,1561,0,5,TRUE
202001,"outer","Q727_Q731R1",1561,1561,0,8,TRUE
202001,"outer","Q727_Q731R2",1561,1561,0,8,TRUE
202001,"outer","Q727_Q731R3",1561,1561,0,8,TRUE
202001,"outer","Q727_Q731R4",1561,1561,0,8,TRUE
202001,"outer","Q727_Q731R5",1561,1561,0,8,TRUE
202001,"outer","Q732_Q737R1",1561,176,0.887251761691224,7,TRUE
202001,"outer","Q732_Q737R2",1561,176,0.887251761691224,7,TRUE
202001,"outer","Q732_Q737R3",1561,176,0.887251761691224,7,TRUE
202001,"outer","Q732_Q737R4",1561,176,0.887251761691224,7,TRUE
202001,"outer","Q732_Q737R5",1561,176,0.887251761691224,7,TRUE
202001,"outer","Q732_Q737R6",1561,176,0.887251761691224,7,TRUE
202001,"outer","Q738_Q740R1",1561,176,0.887251761691224,7,TRUE
202001,"outer","Q738_Q740R2",1561,176,0.887251761691224,7,TRUE
202001,"outer","Q738_Q740R3",1561,176,0.887251761691224,7,TRUE
202001,"outer","Q741",1561,1561,0,6,TRUE
202001,"outer","Q742",1561,985,0.368994234465087,77,TRUE
202001,"outer","Q743",1561,1023,0.344650864830237,4,TRUE
202001,"outer","Q744",1561,779,0.500960922485586,4,TRUE
202001,"outer","Q745",1561,244,0.843689942344651,3,TRUE
202001,"outer","Q746A",1561,171,0.890454836643177,7,TRUE
202001,"outer","Q746B",1561,1023,0.344650864830237,7,TRUE
202001,"outer","Q747",1561,1194,0.235105701473414,3,TRUE
202001,"outer","Q748",1561,1561,0,5,TRUE
202001,"outer","Q749",1561,1561,0,5,TRUE
202001,"outer","Q750R1",1561,1561,0,2,TRUE
202001,"outer","Q750R2",1561,1561,0,2,TRUE
202001,"outer","Q750R3",1561,1561,0,2,TRUE
202001,"outer","Q750R4",1561,1561,0,2,TRUE
202001,"outer","Q750R5",1561,1561,0,2,TRUE
202001,"outer","Q750R6",1561,1561,0,2,TRUE
202001,"outer","Q750R7",1561,1561,0,2,TRUE
202001,"outer","Q751R1",1561,1561,0,2,TRUE
202001,"outer","Q751R2",1561,1561,0,2,TRUE
202001,"outer","Q751R3",1561,1561,0,2,TRUE
202001,"outer","Q751R4",1561,1561,0,2,TRUE
202001,"outer","Q751R5",1561,1561,0,2,TRUE
202001,"outer","Q752",1561,187,0.880204996796925,4,TRUE
202001,"outer","Q753",1561,824,0.472133247918001,5,TRUE
202001,"outer","Q754_Q762R1C1",1561,1561,0,2,TRUE
202001,"outer","Q754_Q762R1C2",1561,1561,0,2,TRUE
202001,"outer","Q754_Q762R1C3",1561,1561,0,2,TRUE
202001,"outer","Q754_Q762R2C1",1561,1561,0,2,TRUE
202001,"outer","Q754_Q762R2C2",1561,1561,0,2,TRUE
202001,"outer","Q754_Q762R2C3",1561,1561,0,2,TRUE
202001,"outer","Q754_Q762R3C1",1561,1561,0,2,TRUE
202001,"outer","Q754_Q762R3C2",1561,1561,0,2,TRUE
202001,"outer","Q754_Q762R3C3",1561,1561,0,2,TRUE
202001,"outer","Q754_Q762R4C1",1561,1561,0,2,TRUE
202001,"outer","Q754_Q762R4C2",1561,1561,0,2,TRUE
202001,"outer","Q754_Q762R4C3",1561,1561,0,2,TRUE
202001,"outer","Q754_Q762R5C1",1561,1561,0,2,TRUE
202001,"outer","Q754_Q762R5C2",1561,1561,0,2,TRUE
202001,"outer","Q754_Q762R5C3",1561,1561,0,2,TRUE
202001,"outer","Q754_Q762R6C1",1561,1561,0,2,TRUE
202001,"outer","Q754_Q762R6C2",1561,1561,0,2,TRUE
202001,"outer","Q754_Q762R6C3",1561,1561,0,2,TRUE
202001,"outer","Q754_Q762R7C1",1561,1561,0,2,TRUE
202001,"outer","Q754_Q762R7C2",1561,1561,0,2,TRUE
202001,"outer","Q754_Q762R7C3",1561,1561,0,2,TRUE
202001,"outer","Q754_Q762R8C1",1561,1561,0,2,TRUE
202001,"outer","Q754_Q762R8C2",1561,1561,0,2,TRUE
202001,"outer","Q754_Q762R8C3",1561,1561,0,2,TRUE
202001,"outer","Q754_Q762R9C1",1561,1561,0,2,TRUE
202001,"outer","Q754_Q762R9C2",1561,1561,0,2,TRUE
202001,"outer","Q754_Q762R9C3",1561,1561,0,2,TRUE
202001,"outer","Q763_Q766R1",1561,512,0.672005124919923,2,TRUE
202001,"outer","Q763_Q766R2",1561,512,0.672005124919923,2,TRUE
202001,"outer","Q763_Q766R3",1561,512,0.672005124919923,2,TRUE
202001,"outer","Q763_Q766R4",1561,512,0.672005124919923,2,TRUE
202001,"outer","Q767_Q771R1",1561,355,0.772581678411275,2,TRUE
202001,"outer","Q767_Q771R2",1561,355,0.772581678411275,2,TRUE
202001,"outer","Q767_Q771R3",1561,355,0.772581678411275,2,TRUE
202001,"outer","Q767_Q771R4",1561,355,0.772581678411275,2,TRUE
202001,"outer","Q767_Q771R5",1561,355,0.772581678411275,2,TRUE
202001,"outer","Q773",1561,1561,0,112,TRUE
202001,"outer","VQ773",1561,1561,0,75,TRUE
202001,"outer","Q774",1561,1493,0.0435618193465727,87,TRUE
202001,"outer","VQ774",1561,1493,0.0435618193465727,59,TRUE
202001,"outer","Q775",1561,1561,0,4,TRUE
202001,"outer","Q777",1561,442,0.716848174247277,45,TRUE
202001,"outer","Q779",1561,1123,0.28058936579116,43,TRUE
202001,"outer","Q782",1561,906,0.419602818705958,45,TRUE
202001,"outer","Q785",1561,355,0.772581678411275,2,TRUE
202001,"outer","Q788",1561,355,0.772581678411275,33,TRUE
202001,"outer","Q790",1561,1210,0.224855861627162,43,TRUE
202001,"outer","Q793R1",1561,352,0.774503523382447,5,TRUE
202001,"outer","Q793R2",1561,350,0.775784753363229,5,TRUE
202001,"outer","Q793R3",1561,353,0.773862908392056,5,TRUE
202001,"outer","Q793R4",1561,335,0.78539397821909,5,TRUE
202001,"outer","Q793R5",1561,335,0.78539397821909,5,TRUE
202001,"outer","Q794R1",1561,1561,0,2,TRUE
202001,"outer","Q794R2",1561,1561,0,2,TRUE
202001,"outer","Q794R3",1561,1561,0,2,TRUE
202001,"outer","Q794R4",1561,1561,0,2,TRUE
202001,"outer","Q794R5",1561,1561,0,2,TRUE
202001,"outer","Q794R6",1561,1561,0,2,TRUE
202001,"outer","Q795",1561,1508,0.0339525944907111,4,TRUE
202001,"outer","Q796R1",1561,355,0.772581678411275,2,TRUE
202001,"outer","Q796R2",1561,355,0.772581678411275,2,TRUE
202001,"outer","Q796R3",1561,355,0.772581678411275,2,TRUE
202001,"outer","Q796R4",1561,355,0.772581678411275,2,TRUE
202001,"outer","Q796R5",1561,355,0.772581678411275,2,TRUE
202001,"outer","Q797R1",1561,1561,0,2,TRUE
202001,"outer","Q797R2",1561,1561,0,2,TRUE
202001,"outer","Q797R3",1561,1561,0,2,TRUE
202001,"outer","Q797R4",1561,1561,0,2,TRUE
202001,"outer","Q797R5",1561,1561,0,2,TRUE
202001,"outer","Q797R6",1561,1561,0,2,TRUE
202001,"outer","Q797R7",1561,1561,0,2,TRUE
202001,"outer","Q797R8",1561,1561,0,1,FALSE
202001,"outer","Q797R9",1561,1561,0,2,TRUE
202001,"outer","Q797R10",1561,1561,0,2,TRUE
202001,"outer","Q798R1",1561,1561,0,2,TRUE
202001,"outer","Q798R2",1561,1561,0,2,TRUE
202001,"outer","Q798R3",1561,1561,0,2,TRUE
202001,"outer","Q798R4",1561,1561,0,2,TRUE
202001,"outer","Q798R5",1561,1561,0,2,TRUE
202001,"outer","Q798R6",1561,1561,0,2,TRUE
202001,"outer","Q798R7",1561,1561,0,2,TRUE
202001,"outer","Q798R8",1561,1561,0,2,TRUE
202001,"outer","Q798R9",1561,1561,0,2,TRUE
202001,"outer","Q798R10",1561,1561,0,2,TRUE
202001,"outer","Q799R1C1",1561,580,0.62844330557335,11,TRUE
202001,"outer","Q799R2C1",1561,402,0.742472773862908,9,TRUE
202001,"outer","Q799R3C1",1561,774,0.50416399743754,11,TRUE
202001,"outer","Q799R4C1",1561,366,0.765534913516976,6,TRUE
202001,"outer","Q799R5C1",1561,398,0.745035233824471,7,TRUE
202001,"outer","Q799R6C1",1561,364,0.766816143497758,4,TRUE
202001,"outer","Q799R7C1",1561,361,0.76873798846893,5,TRUE
202001,"outer","Q799R8C1",1561,359,0.770019218449712,7,TRUE
202001,"outer","Q800R1C1",1561,541,0.653427290198591,11,TRUE
202001,"outer","Q800R2C1",1561,412,0.736066623959001,9,TRUE
202001,"outer","Q800R3C1",1561,734,0.529788597053171,11,TRUE
202001,"outer","Q800R4C1",1561,378,0.757847533632287,7,TRUE
202001,"outer","Q800R5C1",1561,398,0.745035233824471,6,TRUE
202001,"outer","Q800R6C1",1561,369,0.763613068545804,4,TRUE
202001,"outer","Q800R7C1",1561,366,0.765534913516976,4,TRUE
202001,"outer","Q800R8C1",1561,362,0.768097373478539,5,TRUE
202001,"outer","Q801",1561,1561,0,9,TRUE
202001,"outer","Q802",1561,170,0.891095451633568,9,TRUE
202001,"outer","Q803",1561,1561,0,7,TRUE
202001,"outer","Q804",1561,1561,0,8,TRUE
202001,"outer","Q805",1561,1561,0,8,TRUE
202001,"outer","Q806",1561,355,0.772581678411275,70,TRUE
202001,"outer","Q807",1561,257,0.835361947469571,1,FALSE
202001,"outer","Q808",1561,1306,0.163356822549648,89,TRUE
202001,"outer","Q809",1561,1206,0.227418321588725,5,TRUE
202001,"outer","Q810",1561,645,0.58680333119795,95,TRUE
202001,"outer","Q811",1561,645,0.58680333119795,97,TRUE
202001,"outer","Q812",1561,779,0.500960922485586,6,TRUE
202001,"outer","Q813",1561,1561,0,13,TRUE
202001,"outer","Q814",1561,1561,0,6,TRUE
202001,"outer","Q815",1561,1561,0,8,TRUE
202001,"outer","Q816",1561,1561,0,5,TRUE
202001,"outer","Q817",1561,0,1,0,FALSE
202001,"outer","Q818",1561,225,0.855861627162076,4,TRUE
202001,"outer","Q819",1561,237,0.848174247277386,4,TRUE
202001,"outer","Q820",1561,1561,0,5,TRUE
202001,"outer","Q821J",1561,26,0.98334401024984,5,FALSE
202001,"outer","Q825J",1561,26,0.98334401024984,5,FALSE
202001,"outer","Q822J",1561,26,0.98334401024984,4,FALSE
202001,"outer","Q823J",1561,26,0.98334401024984,4,FALSE
202001,"outer","Q824J",1561,26,0.98334401024984,3,FALSE
202001,"outer","Q822K",1561,24,0.984625240230621,5,FALSE
202001,"outer","Q825K",1561,24,0.984625240230621,5,FALSE
202001,"outer","Q821K",1561,24,0.984625240230621,5,FALSE
202001,"outer","Q823K",1561,24,0.984625240230621,4,FALSE
202001,"outer","Q824K",1561,24,0.984625240230621,4,FALSE
202001,"outer","Q823L",1561,28,0.982062780269058,5,FALSE
202001,"outer","Q825L",1561,28,0.982062780269058,5,FALSE
202001,"outer","Q821L",1561,28,0.982062780269058,5,FALSE
202001,"outer","Q822L",1561,28,0.982062780269058,5,FALSE
202001,"outer","Q824L",1561,28,0.982062780269058,4,FALSE
202001,"outer","Q824M",1561,26,0.98334401024984,5,FALSE
202001,"outer","Q825M",1561,26,0.98334401024984,5,FALSE
202001,"outer","Q821M",1561,26,0.98334401024984,5,FALSE
202001,"outer","Q822M",1561,26,0.98334401024984,5,FALSE
202001,"outer","Q823M",1561,26,0.98334401024984,4,FALSE
202001,"outer","Q825N",1561,27,0.982703395259449,5,FALSE
202001,"outer","Q821N",1561,27,0.982703395259449,4,FALSE
202001,"outer","Q822N",1561,27,0.982703395259449,5,FALSE
202001,"outer","Q823N",1561,27,0.982703395259449,4,FALSE
202001,"outer","Q824N",1561,27,0.982703395259449,3,FALSE
202001,"outer","Q821",1561,131,0.916079436258808,5,FALSE
202001,"outer","Q822",1561,131,0.916079436258808,5,FALSE
202001,"outer","Q823",1561,131,0.916079436258808,5,FALSE
202001,"outer","Q824",1561,131,0.916079436258808,5,FALSE
202001,"outer","Q825",1561,0,1,0,FALSE
202001,"outer","Q826R1",1561,131,0.916079436258808,2,FALSE
202001,"outer","Q826R2",1561,131,0.916079436258808,2,FALSE
202001,"outer","Q826R3",1561,131,0.916079436258808,2,FALSE
202001,"outer","Q826R4",1561,131,0.916079436258808,2,FALSE
202001,"outer","Q826R5",1561,131,0.916079436258808,2,FALSE
202001,"outer","Q826R7",1561,131,0.916079436258808,2,FALSE
202001,"outer","Q826R6",1561,131,0.916079436258808,2,FALSE
202001,"outer","Q826A",1561,0,1,0,FALSE
202002,"inner","S1",1248,1248,0,2,TRUE
202002,"inner","S2_RACER1",1248,1248,0,2,TRUE
202002,"inner","S2_RACER2",1248,1248,0,1,FALSE
202002,"inner","S2_RACER3",1248,1248,0,2,TRUE
202002,"inner","S2_RACER4",1248,1248,0,1,FALSE
202002,"inner","S2_RACER5",1248,1248,0,1,FALSE
202002,"inner","S2_RACER6",1248,1248,0,1,FALSE
202002,"inner","S2_RACER7",1248,1248,0,1,FALSE
202002,"inner","S2_RACER8",1248,1248,0,1,FALSE
202002,"inner","S2_RACE_PRIME",1248,1248,0,3,TRUE
202002,"inner","S2_HISPANICR1",1248,0,1,0,FALSE
202002,"inner","S2_HISPANICR2",1248,0,1,0,FALSE
202002,"inner","S2_HISPANICR3",1248,0,1,0,FALSE
202002,"inner","S2_HISPANICR4",1248,0,1,0,FALSE
202002,"inner","S2_HISPANICR5",1248,0,1,0,FALSE
202002,"inner","S2_NATIVER1",1248,1248,0,2,TRUE
202002,"inner","S2_NATIVER2",1248,1248,0,2,TRUE
202002,"inner","S2_NATIVER3",1248,1248,0,2,TRUE
202002,"inner","S2_NATIVER4",1248,1248,0,2,TRUE
202002,"inner","S2_NATIVER5",1248,1248,0,2,TRUE
202002,"inner","S2_AFROLATR1",1248,1248,0,2,TRUE
202002,"inner","S2_AFROLATR2",1248,1248,0,2,TRUE
202002,"inner","S2_AFROLATR3",1248,1248,0,2,TRUE
202002,"inner","S2_AFROLATR4",1248,1248,0,2,TRUE
202002,"inner","S2_AFROLATR5",1248,1248,0,2,TRUE
202002,"inner","S3",1248,1248,0,6,TRUE
202002,"inner","S3B",1248,1248,0,4,TRUE
202002,"inner","S3C",1248,1248,0,3,TRUE
202002,"inner","S4",1248,1248,0,45,TRUE
202002,"inner","S5",1248,1248,0,69,TRUE
202002,"inner","S7",1248,1248,0,3,TRUE
202002,"inner","S8",1248,0,1,0,FALSE
202002,"inner","S8_PACIFIC",1248,0,1,0,FALSE
202002,"inner","S9",1248,43,0.965544871794872,11,FALSE
202002,"inner","S10",1248,1248,0,22,TRUE
202002,"inner","S10_MEX",1248,159,0.872596153846154,2,TRUE
202002,"inner","S11",1248,179,0.856570512820513,14,TRUE
202002,"inner","S12",1248,0,1,0,FALSE
202002,"inner","S2_M",1248,1248,0,2,TRUE
202002,"inner","S13",1248,1248,0,7,TRUE
202002,"inner","S14",1248,1248,0,5,TRUE
202002,"inner","Q58R1",1248,1247,0.000801282051282051,2,TRUE
202002,"inner","Q58R2",1248,1247,0.000801282051282051,2,TRUE
202002,"inner","Q58R3",1248,1247,0.000801282051282051,2,TRUE
202002,"inner","Q58R4",1248,1247,0.000801282051282051,2,TRUE
202002,"inner","Q58R5",1248,1247,0.000801282051282051,2,TRUE
202002,"inner","Q58R6",1248,1247,0.000801282051282051,2,TRUE
202002,"inner","Q58R7",1248,1247,0.000801282051282051,2,TRUE
202002,"inner","Q58R8",1248,1247,0.000801282051282051,2,TRUE
202002,"inner","Q58R9",1248,1247,0.000801282051282051,2,TRUE
202002,"inner","Q58R10",1248,1247,0.000801282051282051,2,TRUE
202002,"inner","Q58R11",1248,1247,0.000801282051282051,1,FALSE
202002,"inner","Q58R12",1248,1247,0.000801282051282051,2,TRUE
202002,"inner","Q58R13",1248,1247,0.000801282051282051,2,TRUE
202002,"inner","Q58R14",1248,1247,0.000801282051282051,2,TRUE
202002,"inner","Q58R15",1248,1247,0.000801282051282051,2,TRUE
202002,"inner","Q58R16",1248,1247,0.000801282051282051,2,TRUE
202002,"inner","Q58R17",1248,1247,0.000801282051282051,2,TRUE
202002,"inner","Q1R1",1248,1248,0,2,TRUE
202002,"inner","Q1R2",1248,1248,0,2,TRUE
202002,"inner","Q1R3",1248,1248,0,2,TRUE
202002,"inner","Q1R4",1248,1248,0,2,TRUE
202002,"inner","Q1R5",1248,1248,0,2,TRUE
202002,"inner","Q1R6",1248,1248,0,2,TRUE
202002,"inner","Q1R7",1248,1248,0,2,TRUE
202002,"inner","Q1R8",1248,1248,0,2,TRUE
202002,"inner","Q1R9",1248,1248,0,2,TRUE
202002,"inner","Q1R10",1248,1248,0,2,TRUE
202002,"inner","Q1R11",1248,1248,0,2,TRUE
202002,"inner","Q1R12",1248,1248,0,2,TRUE
202002,"inner","Q1R13",1248,1248,0,2,TRUE
202002,"inner","Q1R14",1248,1248,0,2,TRUE
202002,"inner","Q1R15",1248,1248,0,2,TRUE
202002,"inner","Q1R16",1248,1248,0,2,TRUE
202002,"inner","Q1R17",1248,1248,0,2,TRUE
202002,"inner","Q1R18",1248,1248,0,2,TRUE
202002,"inner","Q1R19",1248,1248,0,2,TRUE
202002,"inner","Q1R20",1248,1248,0,2,TRUE
202002,"inner","Q1R21",1248,1248,0,2,TRUE
202002,"inner","Q1R22",1248,1248,0,2,TRUE
202002,"inner","Q1R23",1248,1248,0,2,TRUE
202002,"inner","Q2R1",1248,1248,0,6,TRUE
202002,"inner","Q2R2",1248,1248,0,6,TRUE
202002,"inner","Q2R3",1248,1248,0,6,TRUE
202002,"inner","Q2R4",1248,1248,0,6,TRUE
202002,"inner","Q2R5",1248,1248,0,6,TRUE
202002,"inner","Q2R6",1248,1248,0,6,TRUE
202002,"inner","Q2R7",1248,1248,0,6,TRUE
202002,"inner","Q2R8",1248,1248,0,6,TRUE
202002,"inner","Q2R9",1248,1248,0,6,TRUE
202002,"inner","Q2R10",1248,1248,0,6,TRUE
202002,"inner","Q13",1248,1232,0.0128205128205128,4,TRUE
202002,"inner","Q15",1248,1248,0,3,TRUE
202002,"inner","Q16",1248,298,0.761217948717949,2,TRUE
202002,"inner","Q17",1248,298,0.761217948717949,2,TRUE
202002,"inner","Q18",1248,90,0.927884615384615,5,FALSE
202002,"inner","Q19",1248,90,0.927884615384615,4,FALSE
202002,"inner","Q20",1248,298,0.761217948717949,4,TRUE
202002,"inner","Q21",1248,1248,0,4,TRUE
202002,"inner","Q22",1248,922,0.261217948717949,4,TRUE
202002,"inner","Q23",1248,326,0.738782051282051,5,TRUE
202002,"inner","Q24",1248,264,0.788461538461538,4,TRUE
202002,"inner","Q25",1248,658,0.47275641025641,4,TRUE
202002,"inner","Q26",1248,300,0.759615384615385,4,TRUE
202002,"inner","Q27R1",1248,1248,0,2,TRUE
202002,"inner","Q27R2",1248,1248,0,2,TRUE
202002,"inner","Q27R3",1248,1248,0,2,TRUE
202002,"inner","Q27R4",1248,1248,0,2,TRUE
202002,"inner","Q27R5",1248,1248,0,2,TRUE
202002,"inner","Q27R6",1248,1248,0,2,TRUE
202002,"inner","Q27R7",1248,1248,0,2,TRUE
202002,"inner","Q27R8",1248,1248,0,2,TRUE
202002,"inner","Q27R9",1248,1248,0,2,TRUE
202002,"inner","Q27R10",1248,1248,0,2,TRUE
202002,"inner","Q27R11",1248,1248,0,2,TRUE
202002,"inner","Q27R12",1248,1248,0,2,TRUE
202002,"inner","Q27R13",1248,1248,0,2,TRUE
202002,"inner","Q27R14",1248,1248,0,2,TRUE
202002,"inner","Q27R15",1248,1248,0,2,TRUE
202002,"inner","Q27R16",1248,1248,0,2,TRUE
202002,"inner","Q27R17",1248,1248,0,2,TRUE
202002,"inner","Q27R18",1248,1248,0,2,TRUE
202002,"inner","Q27R19",1248,1248,0,2,TRUE
202002,"inner","Q28R1",1248,1248,0,2,TRUE
202002,"inner","Q28R2",1248,1248,0,2,TRUE
202002,"inner","Q28R3",1248,1248,0,2,TRUE
202002,"inner","Q28R4",1248,1248,0,2,TRUE
202002,"inner","Q28R5",1248,1248,0,2,TRUE
202002,"inner","Q28R6",1248,1248,0,2,TRUE
202002,"inner","Q28R7",1248,1248,0,2,TRUE
202002,"inner","Q28R8",1248,1248,0,2,TRUE
202002,"inner","Q28R9",1248,1248,0,2,TRUE
202002,"inner","Q28R10",1248,1248,0,2,TRUE
202002,"inner","Q28R11",1248,1248,0,2,TRUE
202002,"inner","Q28R12",1248,1248,0,2,TRUE
202002,"inner","Q28R13",1248,1248,0,2,TRUE
202002,"inner","Q28R14",1248,1248,0,2,TRUE
202002,"inner","Q28R15",1248,1248,0,2,TRUE
202002,"inner","Q28R16",1248,1248,0,2,TRUE
202002,"inner","Q28R17",1248,1248,0,2,TRUE
202002,"inner","Q28R18",1248,1248,0,2,TRUE
202002,"inner","Q28R19",1248,1248,0,2,TRUE
202002,"inner","Q29",1248,1248,0,4,TRUE
202002,"inner","Q30",1248,990,0.206730769230769,5,TRUE
202002,"inner","Q31",1248,258,0.793269230769231,5,TRUE
202002,"inner","Q32R1",1248,1222,0.0208333333333333,9,TRUE
202002,"inner","Q32R2",1248,1217,0.0248397435897436,9,TRUE
202002,"inner","Q32R3",1248,1156,0.0737179487179487,9,TRUE
202002,"inner","Q32R4",1248,1155,0.0745192307692308,9,TRUE
202002,"inner","Q32R5",1248,1217,0.0248397435897436,9,TRUE
202002,"inner","Q32R6",1248,1210,0.030448717948718,9,TRUE
202002,"inner","Q32R7",1248,1156,0.0737179487179487,9,TRUE
202002,"inner","Q32R8",1248,1188,0.0480769230769231,9,TRUE
202002,"inner","Q32R9",1248,1191,0.0456730769230769,9,TRUE
202002,"inner","Q33R1",1248,1248,0,4,TRUE
202002,"inner","Q33R2",1248,1248,0,4,TRUE
202002,"inner","Q33R3",1248,1248,0,4,TRUE
202002,"inner","Q33R4",1248,1248,0,4,TRUE
202002,"inner","Q33R5",1248,1248,0,4,TRUE
202002,"inner","Q38R1",1248,1248,0,2,TRUE
202002,"inner","Q38R2",1248,1248,0,2,TRUE
202002,"inner","Q38R3",1248,1248,0,2,TRUE
202002,"inner","Q38R4",1248,1248,0,2,TRUE
202002,"inner","Q39R1",1248,723,0.420673076923077,2,TRUE
202002,"inner","Q39R2",1248,723,0.420673076923077,2,TRUE
202002,"inner","Q39R3",1248,723,0.420673076923077,2,TRUE
202002,"inner","Q39R4",1248,723,0.420673076923077,2,TRUE
202002,"inner","Q39R5",1248,723,0.420673076923077,2,TRUE
202002,"inner","Q39R6",1248,723,0.420673076923077,2,TRUE
202002,"inner","Q39R7",1248,723,0.420673076923077,2,TRUE
202002,"inner","Q40",1248,1248,0,4,TRUE
202002,"inner","Q41R1",1248,150,0.879807692307692,2,TRUE
202002,"inner","Q41R2",1248,150,0.879807692307692,2,TRUE
202002,"inner","Q41R3",1248,150,0.879807692307692,2,TRUE
202002,"inner","Q41R4",1248,150,0.879807692307692,2,TRUE
202002,"inner","Q42",1248,1248,0,4,TRUE
202002,"inner","Q43",1248,1248,0,6,TRUE
202002,"inner","Q44",1248,1248,0,4,TRUE
202002,"inner","Q45",1248,1248,0,4,TRUE
202002,"inner","Q46",1248,1248,0,4,TRUE
202002,"inner","Q47",1248,1248,0,4,TRUE
202002,"inner","Q48",1248,418,0.665064102564103,5,TRUE
202002,"inner","Q49",1248,420,0.663461538461538,5,TRUE
202002,"inner","Q50",1248,410,0.671474358974359,5,TRUE
202002,"inner","Q51",1248,612,0.509615384615385,3,TRUE
202002,"inner","Q52",1248,636,0.490384615384615,3,TRUE
202002,"inner","Q53",1248,1248,0,2,TRUE
202002,"inner","Q54",1248,1248,0,3,TRUE
202002,"inner","Q55",1248,1248,0,3,TRUE
202002,"inner","Q56",1248,1248,0,3,TRUE
202002,"inner","Q57",1248,1248,0,4,TRUE
202002,"inner","Q59",1248,1248,0,6,TRUE
202002,"inner","Q60R1",1248,1215,0.0264423076923077,2,TRUE
202002,"inner","Q60R2",1248,1215,0.0264423076923077,2,TRUE
202002,"inner","Q60R3",1248,1215,0.0264423076923077,2,TRUE
202002,"inner","Q60R4",1248,1215,0.0264423076923077,2,TRUE
202002,"inner","Q60R5",1248,1215,0.0264423076923077,2,TRUE
202002,"inner","Q60R6",1248,1215,0.0264423076923077,2,TRUE
202002,"inner","Q61",1248,1248,0,14,TRUE
202002,"inner","Q62R1",1248,1248,0,4,TRUE
202002,"inner","Q62R2",1248,1248,0,4,TRUE
202002,"inner","Q62R3",1248,1248,0,4,TRUE
202002,"inner","Q62R4",1248,1248,0,4,TRUE
202002,"inner","Q62R5",1248,1248,0,4,TRUE
202002,"inner","NEWQ67",1248,1248,0,4,TRUE
202002,"inner","Q67",1248,1248,0,8,TRUE
202002,"inner","Q68",1248,1248,0,4,TRUE
202002,"inner","Q69",1248,1248,0,5,TRUE
202002,"inner","Q70R1",1248,1248,0,5,TRUE
202002,"inner","Q70R2",1248,1248,0,5,TRUE
202002,"inner","Q70R3",1248,1248,0,5,TRUE
202002,"inner","Q70R4",1248,1248,0,5,TRUE
202002,"inner","Q70R5",1248,1248,0,5,TRUE
202002,"inner","Q75",1248,1248,0,5,TRUE
202002,"inner","Q76R1",1248,1248,0,6,TRUE
202002,"inner","Q76R2",1248,1248,0,6,TRUE
202002,"inner","Q76R3",1248,1248,0,6,TRUE
202002,"inner","Q76R4",1248,1248,0,6,TRUE
202002,"inner","Q76R5",1248,1248,0,6,TRUE
202002,"inner","Q76R6",1248,1248,0,6,TRUE
202002,"inner","Q77R1",1248,1248,0,5,TRUE
202002,"inner","Q77R2",1248,1248,0,5,TRUE
202002,"inner","Q77R3",1248,1248,0,5,TRUE
202002,"inner","Q77R4",1248,1248,0,5,TRUE
202002,"inner","Q77R5",1248,1248,0,5,TRUE
202002,"inner","Q77R6",1248,1248,0,5,TRUE
202002,"inner","Q77R7",1248,1248,0,5,TRUE
202002,"inner","Q77R8",1248,1248,0,5,TRUE
202002,"inner","Q77R9",1248,1248,0,5,TRUE
202002,"inner","Q78",1248,1248,0,5,TRUE
202002,"inner","Q79",1248,80,0.935897435897436,2,FALSE
202002,"inner","Q84",1248,1248,0,5,TRUE
202002,"inner","Q85",1248,157,0.874198717948718,5,TRUE
202002,"inner","Q85B",1248,154,0.876602564102564,2,TRUE
202002,"inner","Q86",1248,1248,0,5,TRUE
202002,"inner","Q87",1248,164,0.868589743589744,2,TRUE
202002,"inner","Q88",1248,164,0.868589743589744,2,TRUE
202002,"inner","Q93",1248,1248,0,5,TRUE
202002,"inner","Q94",1248,91,0.927083333333333,2,FALSE
202002,"inner","Q95",1248,1248,0,5,TRUE
202002,"inner","Q96R1",1248,91,0.927083333333333,2,FALSE
202002,"inner","Q96R2",1248,91,0.927083333333333,2,FALSE
202002,"inner","Q96R3",1248,91,0.927083333333333,2,FALSE
202002,"inner","Q96R4",1248,91,0.927083333333333,2,FALSE
202002,"inner","Q96R5",1248,91,0.927083333333333,2,FALSE
202002,"inner","Q96R6",1248,91,0.927083333333333,2,FALSE
202002,"inner","Q96R7",1248,91,0.927083333333333,2,FALSE
202002,"inner","Q96R8",1248,91,0.927083333333333,2,FALSE
202002,"inner","Q96R9",1248,91,0.927083333333333,2,FALSE
202002,"inner","Q96R10",1248,91,0.927083333333333,2,FALSE
202002,"inner","Q96R11",1248,91,0.927083333333333,2,FALSE
202002,"inner","Q96R12",1248,91,0.927083333333333,2,FALSE
202002,"inner","Q96R13",1248,91,0.927083333333333,2,FALSE
202002,"inner","Q96R14",1248,91,0.927083333333333,2,FALSE
202002,"inner","Q97",1248,1248,0,3,TRUE
202002,"inner","Q98R1",1248,176,0.858974358974359,2,TRUE
202002,"inner","Q98R2",1248,176,0.858974358974359,2,TRUE
202002,"inner","Q98R3",1248,176,0.858974358974359,2,TRUE
202002,"inner","Q98R4",1248,176,0.858974358974359,2,TRUE
202002,"inner","Q98R5",1248,176,0.858974358974359,2,TRUE
202002,"inner","Q98R6",1248,176,0.858974358974359,2,TRUE
202002,"inner","Q98R7",1248,176,0.858974358974359,2,TRUE
202002,"inner","Q98R8",1248,176,0.858974358974359,2,TRUE
202002,"inner","Q98R9",1248,176,0.858974358974359,2,TRUE
202002,"inner","Q98R10",1248,176,0.858974358974359,2,TRUE
202002,"inner","Q98R11",1248,176,0.858974358974359,2,TRUE
202002,"inner","Q99R1",1248,1248,0,5,TRUE
202002,"inner","Q99R2",1248,1248,0,5,TRUE
202002,"inner","Q99R3",1248,1248,0,5,TRUE
202002,"inner","Q99R4",1248,1248,0,5,TRUE
202002,"inner","Q99R5",1248,1248,0,5,TRUE
202002,"inner","Q99R6",1248,1248,0,5,TRUE
202002,"inner","Q99R7",1248,1248,0,5,TRUE
202002,"inner","Q99R8",1248,1248,0,5,TRUE
202002,"inner","Q99R9",1248,1248,0,5,TRUE
202002,"inner","Q99R10",1248,1248,0,5,TRUE
202002,"inner","Q99R11",1248,1248,0,5,TRUE
202002,"inner","Q110R1",1248,1248,0,1,FALSE
202002,"inner","Q110R2",1248,1248,0,2,TRUE
202002,"inner","Q110R3",1248,1248,0,2,TRUE
202002,"inner","Q110R4",1248,1248,0,2,TRUE
202002,"inner","Q110R5",1248,1248,0,2,TRUE
202002,"inner","Q110R6",1248,1248,0,2,TRUE
202002,"inner","Q110R7",1248,1248,0,2,TRUE
202002,"inner","Q110R8",1248,1248,0,2,TRUE
202002,"inner","Q111R1",1248,1248,0,5,TRUE
202002,"inner","Q111R2",1248,1248,0,5,TRUE
202002,"inner","Q111R3",1248,1248,0,5,TRUE
202002,"inner","Q111R4",1248,1248,0,5,TRUE
202002,"inner","Q111R5",1248,1248,0,5,TRUE
202002,"inner","Q116R1",1248,428,0.657051282051282,3,TRUE
202002,"inner","Q116R2",1248,441,0.646634615384615,3,TRUE
202002,"inner","Q116R3",1248,193,0.845352564102564,3,TRUE
202002,"inner","Q116R4",1248,128,0.897435897435897,3,TRUE
202002,"inner","Q116R5",1248,123,0.901442307692308,3,FALSE
202002,"inner","Q116R6",1248,45,0.963942307692308,3,FALSE
202002,"inner","Q116R7",1248,146,0.88301282051282,3,TRUE
202002,"inner","Q116R8",1248,125,0.899839743589744,3,TRUE
202002,"inner","Q116R9",1248,100,0.919871794871795,3,FALSE
202002,"inner","Q116R10",1248,128,0.897435897435897,3,TRUE
202002,"inner","Q116R11",1248,62,0.950320512820513,3,FALSE
202002,"inner","Q116R12",1248,57,0.954326923076923,3,FALSE
202002,"inner","Q116R13",1248,31,0.975160256410256,3,FALSE
202002,"inner","Q116R14",1248,54,0.956730769230769,3,FALSE
202002,"inner","Q117R1",1248,1248,0,4,TRUE
202002,"inner","Q117R2",1248,1248,0,4,TRUE
202002,"inner","Q117R3",1248,1248,0,4,TRUE
202002,"inner","Q117R4",1248,1248,0,4,TRUE
202002,"inner","Q117R5",1248,1248,0,4,TRUE
202002,"inner","Q117R6",1248,1248,0,4,TRUE
202002,"inner","Q117R7",1248,1248,0,12,TRUE
202002,"inner","Q117R8",1248,1248,0,4,TRUE
202002,"inner","Q117R9",1248,1248,0,4,TRUE
202002,"inner","Q117R10",1248,1248,0,4,TRUE
202002,"inner","Q117R11",1248,1248,0,4,TRUE
202002,"inner","Q117R12",1248,1248,0,4,TRUE
202002,"inner","Q117R13",1248,1248,0,4,TRUE
202002,"inner","Q130",1248,1248,0,2,TRUE
202002,"inner","Q131R1",1248,1248,0,5,TRUE
202002,"inner","Q131R2",1248,676,0.458333333333333,5,TRUE
202002,"inner","Q131R3",1248,572,0.541666666666667,5,TRUE
202002,"inner","Q131R4",1248,676,0.458333333333333,5,TRUE
202002,"inner","Q131R5",1248,572,0.541666666666667,5,TRUE
202002,"inner","Q131R6",1248,676,0.458333333333333,5,TRUE
202002,"inner","Q131R7",1248,572,0.541666666666667,5,TRUE
202002,"inner","Q131R8",1248,676,0.458333333333333,5,TRUE
202002,"inner","Q131R9",1248,572,0.541666666666667,5,TRUE
202002,"inner","Q131R10",1248,676,0.458333333333333,5,TRUE
202002,"inner","Q131R11",1248,572,0.541666666666667,5,TRUE
202002,"inner","Q131R12",1248,676,0.458333333333333,5,TRUE
202002,"inner","Q131R13",1248,572,0.541666666666667,5,TRUE
202002,"inner","Q144",1248,1248,0,4,TRUE
202002,"inner","Q145",1248,1248,0,5,TRUE
202002,"inner","Q146",1248,1248,0,5,TRUE
202002,"inner","Q147",1248,1248,0,5,TRUE
202002,"inner","Q148",1248,1248,0,5,TRUE
202002,"inner","Q149",1248,1248,0,5,TRUE
202002,"inner","Q150",1248,1248,0,5,TRUE
202002,"inner","Q151",1248,1248,0,5,TRUE
202002,"inner","Q152",1248,1248,0,5,TRUE
202002,"inner","Q153",1248,1248,0,5,TRUE
202002,"inner","Q154R1",1248,1248,0,5,TRUE
202002,"inner","Q154R2",1248,1248,0,5,TRUE
202002,"inner","Q154R3",1248,1248,0,5,TRUE
202002,"inner","Q154R4",1248,1248,0,13,TRUE
202002,"inner","Q154R5",1248,1248,0,15,TRUE
202002,"inner","Q159R1",1248,1248,0,14,TRUE
202002,"inner","Q159R2",1248,1248,0,15,TRUE
202002,"inner","Q159R3",1248,1248,0,15,TRUE
202002,"inner","Q162R1",1248,1248,0,7,TRUE
202002,"inner","Q162R2",1248,1248,0,7,TRUE
202002,"inner","Q162R3",1248,1248,0,7,TRUE
202002,"inner","Q162R4",1248,1248,0,7,TRUE
202002,"inner","Q162R5",1248,1248,0,7,TRUE
202002,"inner","Q162R6",1248,1248,0,7,TRUE
202002,"inner","Q162R7",1248,1248,0,7,TRUE
202002,"inner","Q162R8",1248,1248,0,7,TRUE
202002,"inner","Q170",1248,1248,0,2,TRUE
202002,"inner","Q171R1",1248,518,0.584935897435897,2,TRUE
202002,"inner","Q171R2",1248,518,0.584935897435897,2,TRUE
202002,"inner","Q171R3",1248,518,0.584935897435897,2,TRUE
202002,"inner","Q171R4",1248,518,0.584935897435897,2,TRUE
202002,"inner","Q171R5",1248,518,0.584935897435897,2,TRUE
202002,"inner","Q171R6",1248,518,0.584935897435897,2,TRUE
202002,"inner","Q171R7",1248,518,0.584935897435897,2,TRUE
202002,"inner","Q171R8",1248,518,0.584935897435897,2,TRUE
202002,"inner","Q171R9",1248,518,0.584935897435897,2,TRUE
202002,"inner","Q172R1",1248,518,0.584935897435897,2,TRUE
202002,"inner","Q172R2",1248,518,0.584935897435897,2,TRUE
202002,"inner","Q172R3",1248,518,0.584935897435897,2,TRUE
202002,"inner","Q175R1",1248,730,0.415064102564103,2,TRUE
202002,"inner","Q175R2",1248,730,0.415064102564103,2,TRUE
202002,"inner","Q175R3",1248,730,0.415064102564103,2,TRUE
202002,"inner","Q178R1",1248,1248,0,4,TRUE
202002,"inner","Q178R2",1248,1248,0,4,TRUE
202002,"inner","Q178R3",1248,1248,0,4,TRUE
202002,"inner","Q178R4",1248,1248,0,4,TRUE
202002,"inner","Q182",1248,1248,0,3,TRUE
202002,"inner","Q183",1248,1248,0,4,TRUE
202002,"inner","Q184R1",1248,1248,0,5,TRUE
202002,"inner","Q184R2",1248,1248,0,5,TRUE
202002,"inner","Q184R3",1248,1248,0,5,TRUE
202002,"inner","Q187R1",1248,1248,0,5,TRUE
202002,"inner","Q187R2",1248,1248,0,5,TRUE
202002,"inner","Q187R3",1248,1248,0,5,TRUE
202002,"inner","Q187R4",1248,1248,0,5,TRUE
202002,"inner","Q187R5",1248,1248,0,5,TRUE
202002,"inner","Q192",1248,1248,0,2,TRUE
202002,"inner","Q193",1248,637,0.489583333333333,5,TRUE
202002,"inner","Q194",1248,611,0.510416666666667,5,TRUE
202002,"inner","Q195A1R1",1248,230,0.815705128205128,3,TRUE
202002,"inner","Q195A1R2",1248,600,0.519230769230769,3,TRUE
202002,"inner","Q195A1R3",1248,565,0.547275641025641,3,TRUE
202002,"inner","Q195A1R4",1248,489,0.608173076923077,3,TRUE
202002,"inner","Q195A2R1",1248,201,0.838942307692308,5,TRUE
202002,"inner","Q195A2R2",1248,280,0.775641025641026,5,TRUE
202002,"inner","Q195A2R3",1248,225,0.819711538461538,5,TRUE
202002,"inner","Q195A2R4",1248,214,0.828525641025641,5,TRUE
202002,"inner","Q195A2R5",1248,196,0.842948717948718,5,TRUE
202002,"inner","Q195A2R6",1248,418,0.665064102564103,5,TRUE
202002,"inner","Q195A2R7",1248,361,0.71073717948718,5,TRUE
202002,"inner","Q195A2R8",1248,325,0.739583333333333,5,TRUE
202002,"inner","Q195A2R9",1248,369,0.704326923076923,5,TRUE
202002,"inner","Q195A2R10",1248,371,0.702724358974359,5,TRUE
202002,"inner","Q195B1R1",1248,181,0.854967948717949,3,TRUE
202002,"inner","Q195B1R2",1248,598,0.520833333333333,3,TRUE
202002,"inner","Q195B1R3",1248,588,0.528846153846154,3,TRUE
202002,"inner","Q195B1R4",1248,493,0.604967948717949,3,TRUE
202002,"inner","Q195B2R1",1248,156,0.875,5,TRUE
202002,"inner","Q195B2R2",1248,270,0.783653846153846,5,TRUE
202002,"inner","Q195B2R3",1248,200,0.83974358974359,5,TRUE
202002,"inner","Q195B2R4",1248,198,0.841346153846154,5,TRUE
202002,"inner","Q195B2R5",1248,196,0.842948717948718,5,TRUE
202002,"inner","Q195B2R6",1248,454,0.636217948717949,5,TRUE
202002,"inner","Q195B2R7",1248,399,0.680288461538462,5,TRUE
202002,"inner","Q195B2R8",1248,384,0.692307692307692,5,TRUE
202002,"inner","Q195B2R9",1248,422,0.661858974358974,5,TRUE
202002,"inner","Q195B2R10",1248,421,0.662660256410256,5,TRUE
202002,"inner","Q196",1248,1248,0,11,TRUE
202002,"inner","Q197A1",1248,628,0.496794871794872,4,TRUE
202002,"inner","Q197A2",1248,628,0.496794871794872,10,TRUE
202002,"inner","Q197B1",1248,620,0.503205128205128,4,TRUE
202002,"inner","Q197B2",1248,620,0.503205128205128,10,TRUE
202002,"inner","Q198",1248,1248,0,11,TRUE
202002,"inner","Q199",1248,417,0.665865384615385,2,TRUE
202002,"inner","Q200",1248,390,0.6875,2,TRUE
202002,"inner","Q201",1248,441,0.646634615384615,2,TRUE
202002,"inner","Q202R1",1248,1248,0,2,TRUE
202002,"inner","Q202R2",1248,1248,0,2,TRUE
202002,"inner","Q202R3",1248,1248,0,2,TRUE
202002,"inner","Q203",1248,1248,0,5,TRUE
202002,"inner","Q204",1248,1248,0,5,TRUE
202002,"inner","Q205",1248,1248,0,5,TRUE
202002,"inner","Q206",1248,1248,0,101,TRUE
202002,"inner","Q207",1248,1248,0,101,TRUE
202002,"inner","Q208R1",1248,1248,0,5,TRUE
202002,"inner","Q208R2",1248,1248,0,5,TRUE
202002,"inner","Q208R3",1248,1248,0,5,TRUE
202002,"inner","Q208R4",1248,1248,0,5,TRUE
202002,"inner","Q208R5",1248,1248,0,5,TRUE
202002,"inner","Q213R1",1248,1248,0,5,TRUE
202002,"inner","Q213R2",1248,1248,0,5,TRUE
202002,"inner","Q213R3",1248,1248,0,5,TRUE
202002,"inner","Q213R4",1248,1248,0,5,TRUE
202002,"inner","Q217R1",1248,1248,0,6,TRUE
202002,"inner","Q217R2",1248,1248,0,6,TRUE
202002,"inner","Q217R3",1248,1248,0,6,TRUE
202002,"inner","Q217R4",1248,1248,0,6,TRUE
202002,"inner","Q221R1",1248,1248,0,15,TRUE
202002,"inner","Q221R2",1248,1248,0,15,TRUE
202002,"inner","Q221R3",1248,1248,0,14,TRUE
202002,"inner","Q221R4",1248,1248,0,14,TRUE
202002,"inner","Q225R1",1248,1248,0,7,TRUE
202002,"inner","Q225R2",1248,1248,0,7,TRUE
202002,"inner","Q225R3",1248,1248,0,7,TRUE
202002,"inner","Q225R4",1248,1248,0,7,TRUE
202002,"inner","Q225R5",1248,1248,0,7,TRUE
202002,"inner","Q225R6",1248,1248,0,7,TRUE
202002,"inner","Q225R7",1248,1248,0,7,TRUE
202002,"inner","Q225R8",1248,1248,0,7,TRUE
202002,"inner","Q225R9",1248,1248,0,7,TRUE
202002,"inner","Q225R10",1248,1248,0,7,TRUE
202002,"inner","Q225R11",1248,1248,0,7,TRUE
202002,"inner","Q225R12",1248,1248,0,7,TRUE
202002,"inner","Q225R13",1248,1248,0,7,TRUE
202002,"inner","Q225R14",1248,1248,0,7,TRUE
202002,"inner","Q239R1",1248,1248,0,5,TRUE
202002,"inner","Q239R2",1248,1248,0,5,TRUE
202002,"inner","Q239R3",1248,1248,0,5,TRUE
202002,"inner","Q239R4",1248,1248,0,5,TRUE
202002,"inner","Q243R1",1248,1248,0,5,TRUE
202002,"inner","Q243R2",1248,1248,0,5,TRUE
202002,"inner","Q243R3",1248,1248,0,5,TRUE
202002,"inner","Q243R4",1248,1248,0,5,TRUE
202002,"inner","Q247",1248,1248,0,5,TRUE
202002,"inner","Q248",1248,1248,0,5,TRUE
202002,"inner","Q249",1248,1248,0,5,TRUE
202002,"inner","Q250R1",1248,480,0.615384615384615,5,TRUE
202002,"inner","Q250R2",1248,1248,0,5,TRUE
202002,"inner","Q250R3",1248,144,0.884615384615385,5,TRUE
202002,"inner","Q250R4",1248,0,1,0,FALSE
202002,"inner","Q250R5",1248,179,0.856570512820513,5,TRUE
202002,"inner","Q250R6",1248,0,1,0,FALSE
202002,"inner","Q250R7",1248,6,0.995192307692308,2,FALSE
202002,"inner","Q250R8",1248,137,0.890224358974359,5,TRUE
202002,"inner","Q251",1248,144,0.884615384615385,3,TRUE
202002,"inner","Q252",1248,144,0.884615384615385,2,TRUE
202002,"inner","Q253",1248,144,0.884615384615385,2,TRUE
202002,"inner","Q254",1248,298,0.761217948717949,2,TRUE
202002,"inner","Q255",1248,144,0.884615384615385,2,TRUE
202002,"inner","Q256",1248,1248,0,4,TRUE
202002,"inner","Q257AR1",1248,419,0.66426282051282,5,TRUE
202002,"inner","Q257AR2",1248,419,0.66426282051282,5,TRUE
202002,"inner","Q257AR3",1248,419,0.66426282051282,5,TRUE
202002,"inner","Q257AR4",1248,419,0.66426282051282,5,TRUE
202002,"inner","Q257BR1",1248,430,0.655448717948718,5,TRUE
202002,"inner","Q257BR2",1248,430,0.655448717948718,5,TRUE
202002,"inner","Q257BR3",1248,430,0.655448717948718,5,TRUE
202002,"inner","Q257BR4",1248,430,0.655448717948718,5,TRUE
202002,"inner","Q257CR1",1248,399,0.680288461538462,5,TRUE
202002,"inner","Q257CR2",1248,399,0.680288461538462,5,TRUE
202002,"inner","Q257CR3",1248,399,0.680288461538462,5,TRUE
202002,"inner","Q257CR4",1248,399,0.680288461538462,5,TRUE
202002,"inner","Q258",1248,144,0.884615384615385,20,TRUE
202002,"inner","Q260",1248,144,0.884615384615385,4,TRUE
202002,"inner","Q261",1248,1248,0,10,TRUE
202002,"inner","Q262",1248,179,0.856570512820513,7,TRUE
202002,"inner","Q263",1248,179,0.856570512820513,6,TRUE
202002,"inner","Q264",1248,179,0.856570512820513,7,TRUE
202002,"inner","Q265",1248,179,0.856570512820513,6,TRUE
202002,"inner","Q266",1248,179,0.856570512820513,4,TRUE
202002,"inner","Q267",1248,144,0.884615384615385,5,TRUE
202002,"inner","Q268",1248,1248,0,14,TRUE
202002,"inner","Q269",1248,144,0.884615384615385,5,TRUE
202002,"inner","Q270",1248,144,0.884615384615385,5,TRUE
202002,"inner","Q271",1248,1248,0,15,TRUE
202002,"inner","Q272",1248,1248,0,8,TRUE
202002,"inner","Q273R1",1248,1248,0,7,TRUE
202002,"inner","Q273R2",1248,1248,0,7,TRUE
202002,"inner","Q273R3",1248,1248,0,7,TRUE
202002,"inner","Q273R4",1248,1248,0,7,TRUE
202002,"inner","Q273R5",1248,1248,0,7,TRUE
202002,"inner","Q278",1248,1248,0,4,TRUE
202002,"inner","Q279",1248,1248,0,2,TRUE
202002,"inner","Q280",1248,1248,0,3,TRUE
202002,"inner","Q281R1",1248,1248,0,2,TRUE
202002,"inner","Q281R2",1248,1248,0,2,TRUE
202002,"inner","Q281R3",1248,1248,0,2,TRUE
202002,"inner","Q281R4",1248,1248,0,2,TRUE
202002,"inner","Q281R5",1248,1248,0,2,TRUE
202002,"inner","Q281R6",1248,1248,0,2,TRUE
202002,"inner","Q281R7",1248,1248,0,2,TRUE
202002,"inner","Q281R8",1248,1248,0,2,TRUE
202002,"inner","Q281R9",1248,1248,0,2,TRUE
202002,"inner","Q282",1248,610,0.511217948717949,3,TRUE
202002,"inner","Q283",1248,638,0.488782051282051,3,TRUE
202002,"inner","Q284",1248,93,0.925480769230769,3,FALSE
202002,"inner","Q285",1248,625,0.499198717948718,4,TRUE
202002,"inner","Q286",1248,623,0.500801282051282,5,TRUE
202002,"inner","Q287R1",1248,448,0.641025641025641,12,TRUE
202002,"inner","Q287R2",1248,448,0.641025641025641,5,TRUE
202002,"inner","Q287R3",1248,448,0.641025641025641,5,TRUE
202002,"inner","Q287R4",1248,448,0.641025641025641,5,TRUE
202002,"inner","Q287R5",1248,448,0.641025641025641,5,TRUE
202002,"inner","Q287R6",1248,448,0.641025641025641,34,TRUE
202002,"inner","Q287R7",1248,448,0.641025641025641,5,TRUE
202002,"inner","Q294",1248,448,0.641025641025641,7,TRUE
202002,"inner","Q295R1",1248,433,0.653044871794872,89,TRUE
202002,"inner","Q295R2",1248,433,0.653044871794872,44,TRUE
202002,"inner","Q295R3",1248,433,0.653044871794872,60,TRUE
202002,"inner","Q295R4",1248,432,0.653846153846154,50,TRUE
202002,"inner","Q295R5",1248,433,0.653044871794872,37,TRUE
202002,"inner","Q295R6",1248,199,0.840544871794872,28,TRUE
202002,"inner","Q301R1",1248,367,0.705929487179487,80,TRUE
202002,"inner","Q301R2",1248,367,0.705929487179487,37,TRUE
202002,"inner","Q301R3",1248,367,0.705929487179487,53,TRUE
202002,"inner","Q301R4",1248,367,0.705929487179487,38,TRUE
202002,"inner","Q301R5",1248,367,0.705929487179487,31,TRUE
202002,"inner","Q301R6",1248,367,0.705929487179487,36,TRUE
202002,"inner","Q301R7",1248,367,0.705929487179487,28,TRUE
202002,"inner","Q308R1",1248,1248,0,101,TRUE
202002,"inner","Q308R2",1248,1248,0,101,TRUE
202002,"inner","Q308R3",1248,1248,0,98,TRUE
202002,"inner","Q308R4",1248,1248,0,100,TRUE
202002,"inner","Q308R5",1248,1248,0,100,TRUE
202002,"inner","Q308R6",1248,1248,0,101,TRUE
202002,"inner","Q308R7",1248,1248,0,101,TRUE
202002,"inner","Q315",1248,1248,0,35,TRUE
202002,"inner","Q316R1",1248,1248,0,5,TRUE
202002,"inner","Q316R2",1248,1248,0,5,TRUE
202002,"inner","Q316R3",1248,1248,0,5,TRUE
202002,"inner","Q316R4",1248,1248,0,5,TRUE
202002,"inner","Q316R5",1248,1248,0,5,TRUE
202002,"inner","Q316R6",1248,1248,0,5,TRUE
202002,"inner","Q316R7",1248,1248,0,5,TRUE
202002,"inner","Q323_BLW",1248,1248,0,75,TRUE
202002,"inner","Q323_API",1248,0,1,0,FALSE
202002,"inner","Q323_NINH",1248,0,1,0,FALSE
202002,"inner","Q324",1248,1248,0,75,TRUE
202002,"inner","Q325_BLW",1248,1248,0,75,TRUE
202002,"inner","Q325_API",1248,0,1,0,FALSE
202002,"inner","Q325_NINH",1248,0,1,0,FALSE
202002,"inner","Q326R1",1248,1248,0,60,TRUE
202002,"inner","Q326R2",1248,0,1,0,FALSE
202002,"inner","Q326R3",1248,0,1,0,FALSE
202002,"inner","Q326R4",1248,1248,0,133,TRUE
202002,"inner","Q326R5",1248,1248,0,60,TRUE
202002,"inner","Q326R6",1248,0,1,0,FALSE
202002,"inner","Q326R7",1248,0,1,0,FALSE
202002,"inner","Q329R1",1248,109,0.912660256410256,3,FALSE
202002,"inner","Q329R2",1248,327,0.737980769230769,3,TRUE
202002,"inner","Q329R3",1248,526,0.578525641025641,3,TRUE
202002,"inner","Q329R4",1248,137,0.890224358974359,3,TRUE
202002,"inner","Q329R5",1248,597,0.521634615384615,3,TRUE
202002,"inner","Q329R6",1248,93,0.925480769230769,3,FALSE
202002,"inner","Q329R7",1248,464,0.628205128205128,3,TRUE
202002,"inner","Q329R8",1248,534,0.572115384615385,3,TRUE
202002,"inner","Q329R9",1248,435,0.651442307692308,3,TRUE
202002,"inner","Q329R10",1248,522,0.581730769230769,3,TRUE
202002,"inner","Q330",1248,1248,0,85,TRUE
202002,"inner","Q331",1248,1248,0,86,TRUE
202002,"inner","Q332",1248,1248,0,95,TRUE
202002,"inner","Q333",1248,1248,0,3,TRUE
202002,"inner","Q334",1248,285,0.771634615384615,3,TRUE
202002,"inner","Q335",1248,666,0.466346153846154,3,TRUE
202002,"inner","Q336R1C1",1248,14,0.988782051282051,7,FALSE
202002,"inner","Q336R2C1",1248,14,0.988782051282051,5,FALSE
202002,"inner","Q336R3C1",1248,14,0.988782051282051,8,FALSE
202002,"inner","Q339",1248,1248,0,3,TRUE
202002,"inner","Q340",1248,1248,0,1248,TRUE
202002,"inner","Q341R1",1248,1248,0,1216,TRUE
202002,"inner","Q341R2",1248,1248,0,1208,TRUE
202002,"inner","Q343R1",1248,1248,0,4,TRUE
202002,"inner","Q343R2",1248,1248,0,4,TRUE
202002,"inner","Q343R3",1248,1248,0,4,TRUE
202002,"inner","Q343R4",1248,1248,0,4,TRUE
202002,"inner","Q347",1248,1248,0,12,TRUE
202002,"inner","Q348",1248,1248,0,41,TRUE
202002,"inner","Q349",1248,1248,0,15,TRUE
202002,"inner","Q350",1248,1248,0,4,TRUE
202002,"inner","Q351",1248,1248,0,4,TRUE
202002,"inner","Q352",1248,1248,0,4,TRUE
202002,"inner","Q353",1248,6,0.995192307692308,2,FALSE
202002,"inner","Q354",1248,6,0.995192307692308,3,FALSE
202002,"inner","Q355R1",1248,6,0.995192307692308,2,FALSE
202002,"inner","Q355R2",1248,6,0.995192307692308,2,FALSE
202002,"inner","Q355R3",1248,6,0.995192307692308,2,FALSE
202002,"inner","Q355R4",1248,6,0.995192307692308,2,FALSE
202002,"inner","Q355R5",1248,6,0.995192307692308,2,FALSE
202002,"inner","Q355R6",1248,6,0.995192307692308,2,FALSE
202002,"inner","Q355R7",1248,6,0.995192307692308,2,FALSE
202002,"inner","Q355R8",1248,6,0.995192307692308,1,FALSE
202002,"inner","Q355R9",1248,6,0.995192307692308,2,FALSE
202002,"inner","Q356",1248,1248,0,2,TRUE
202002,"inner","Q357",1248,136,0.891025641025641,4,TRUE
202002,"inner","Q358",1248,1248,0,5,TRUE
202002,"inner","Q359R1",1248,1248,0,15,TRUE
202002,"inner","Q359R2",1248,1248,0,14,TRUE
202002,"inner","Q359R3",1248,1248,0,5,TRUE
202002,"inner","Q359R4",1248,1248,0,5,TRUE
202002,"inner","Q363",1248,1248,0,5,TRUE
202002,"inner","Q364",1248,663,0.46875,4,TRUE
202002,"inner","Q365",1248,585,0.53125,4,TRUE
202002,"inner","Q366R1",1248,1248,0,2,TRUE
202002,"inner","Q366R2",1248,1248,0,2,TRUE
202002,"inner","Q366R3",1248,1248,0,2,TRUE
202002,"inner","Q366R4",1248,1248,0,2,TRUE
202002,"inner","Q367",1248,1248,0,2,TRUE
202002,"inner","Q368",1248,1248,0,5,TRUE
202002,"inner","Q369",1248,417,0.665865384615385,2,TRUE
202002,"inner","Q370",1248,417,0.665865384615385,3,TRUE
202002,"inner","Q371",1248,1248,0,2,TRUE
202002,"inner","Q372",1248,1248,0,4,TRUE
202002,"inner","Q373",1248,6,0.995192307692308,4,FALSE
202002,"inner","Q374",1248,6,0.995192307692308,3,FALSE
202002,"inner","Q375",1248,6,0.995192307692308,3,FALSE
202002,"inner","Q376",1248,6,0.995192307692308,3,FALSE
202002,"inner","Q377",1248,480,0.615384615384615,5,TRUE
202002,"inner","Q378",1248,480,0.615384615384615,5,TRUE
202002,"inner","Q379",1248,480,0.615384615384615,5,TRUE
202002,"inner","Q380",1248,480,0.615384615384615,5,TRUE
202002,"inner","Q381_Q383R1",1248,1248,0,7,TRUE
202002,"inner","Q381_Q383R2",1248,1248,0,7,TRUE
202002,"inner","Q381_Q383R3",1248,1248,0,7,TRUE
202002,"inner","Q384R1",1248,1248,0,7,TRUE
202002,"inner","Q385",1248,1248,0,7,TRUE
202002,"inner","Q386_Q390R1",1248,480,0.615384615384615,5,TRUE
202002,"inner","Q386_Q390R2",1248,480,0.615384615384615,5,TRUE
202002,"inner","Q386_Q390R3",1248,480,0.615384615384615,5,TRUE
202002,"inner","Q386_Q390R4",1248,480,0.615384615384615,5,TRUE
202002,"inner","Q386_Q390R5",1248,480,0.615384615384615,5,TRUE
202002,"inner","Q391_Q393R1",1248,144,0.884615384615385,4,TRUE
202002,"inner","Q391_Q393R2",1248,144,0.884615384615385,4,TRUE
202002,"inner","Q391_Q393R3",1248,144,0.884615384615385,4,TRUE
202002,"inner","Q394",1248,144,0.884615384615385,6,TRUE
202002,"inner","Q395",1248,1248,0,12,TRUE
202002,"inner","Q396_Q398R1",1248,1248,0,5,TRUE
202002,"inner","Q396_Q398R2",1248,1248,0,5,TRUE
202002,"inner","Q396_Q398R3",1248,1248,0,5,TRUE
202002,"inner","Q399",1248,1248,0,3,TRUE
202002,"inner","Q400",1248,1248,0,3,TRUE
202002,"inner","Q401_Q404R1",1248,651,0.478365384615385,5,TRUE
202002,"inner","Q401_Q404R2",1248,651,0.478365384615385,5,TRUE
202002,"inner","Q401_Q404R3",1248,651,0.478365384615385,5,TRUE
202002,"inner","Q401_Q404R4",1248,651,0.478365384615385,5,TRUE
202002,"inner","Q405",1248,144,0.884615384615385,7,TRUE
202002,"inner","Q406",1248,1248,0,3,TRUE
202002,"inner","Q407R1",1248,555,0.555288461538462,2,TRUE
202002,"inner","Q407R2",1248,555,0.555288461538462,2,TRUE
202002,"inner","Q407R3",1248,555,0.555288461538462,2,TRUE
202002,"inner","Q407R4",1248,555,0.555288461538462,2,TRUE
202002,"inner","Q407R5",1248,555,0.555288461538462,2,TRUE
202002,"inner","Q408",1248,1248,0,5,TRUE
202002,"inner","Q409",1248,1248,0,5,TRUE
202002,"inner","Q410",1248,1248,0,5,TRUE
202002,"inner","Q411_Q416R1",1248,1248,0,5,TRUE
202002,"inner","Q411_Q416R2",1248,1248,0,5,TRUE
202002,"inner","Q411_Q416R3",1248,1248,0,5,TRUE
202002,"inner","Q411_Q416R4",1248,1248,0,5,TRUE
202002,"inner","Q411_Q416R5",1248,1248,0,5,TRUE
202002,"inner","Q411_Q416R6",1248,1248,0,5,TRUE
202002,"inner","Q417_Q424R1",1248,235,0.811698717948718,6,TRUE
202002,"inner","Q417_Q424R2",1248,245,0.803685897435897,6,TRUE
202002,"inner","Q417_Q424R3",1248,235,0.811698717948718,6,TRUE
202002,"inner","Q417_Q424R4",1248,245,0.803685897435897,6,TRUE
202002,"inner","Q417_Q424R5",1248,235,0.811698717948718,6,TRUE
202002,"inner","Q417_Q424R6",1248,245,0.803685897435897,6,TRUE
202002,"inner","Q417_Q424R7",1248,235,0.811698717948718,6,TRUE
202002,"inner","Q417_Q424R8",1248,245,0.803685897435897,6,TRUE
202002,"inner","Q425",1248,1248,0,6,TRUE
202002,"inner","Q428R1",1248,845,0.322916666666667,95,TRUE
202002,"inner","Q428R2",1248,845,0.322916666666667,54,TRUE
202002,"inner","Q428R3",1248,845,0.322916666666667,92,TRUE
202002,"inner","Q428R4",1248,845,0.322916666666667,43,TRUE
202002,"inner","Q428R6",1248,845,0.322916666666667,31,TRUE
202002,"inner","Q428R5",1248,845,0.322916666666667,37,TRUE
202002,"inner","Q429_Q440R1",1248,1248,0,4,TRUE
202002,"inner","Q429_Q440R2",1248,1248,0,4,TRUE
202002,"inner","Q429_Q440R3",1248,1248,0,4,TRUE
202002,"inner","Q429_Q440R4",1248,1248,0,4,TRUE
202002,"inner","Q429_Q440R5",1248,1248,0,4,TRUE
202002,"inner","Q429_Q440R6",1248,1248,0,4,TRUE
202002,"inner","Q429_Q440R7",1248,1248,0,4,TRUE
202002,"inner","Q429_Q440R8",1248,1248,0,4,TRUE
202002,"inner","Q429_Q440R9",1248,1248,0,4,TRUE
202002,"inner","Q429_Q440R10",1248,1248,0,4,TRUE
202002,"inner","Q429_Q440R11",1248,1248,0,4,TRUE
202002,"inner","Q429_Q440R12",1248,1248,0,4,TRUE
202002,"inner","Q441_Q452R1",1248,1248,0,3,TRUE
202002,"inner","Q441_Q452R2",1248,1248,0,3,TRUE
202002,"inner","Q441_Q452R3",1248,1248,0,3,TRUE
202002,"inner","Q441_Q452R4",1248,1248,0,3,TRUE
202002,"inner","Q441_Q452R5",1248,1248,0,3,TRUE
202002,"inner","Q441_Q452R6",1248,1248,0,3,TRUE
202002,"inner","Q441_Q452R7",1248,1248,0,3,TRUE
202002,"inner","Q441_Q452R8",1248,1248,0,3,TRUE
202002,"inner","Q441_Q452R9",1248,1248,0,3,TRUE
202002,"inner","Q441_Q452R10",1248,1248,0,3,TRUE
202002,"inner","Q441_Q452R11",1248,1248,0,3,TRUE
202002,"inner","Q441_Q452R12",1248,1248,0,3,TRUE
202002,"inner","Q453",1248,1248,0,6,TRUE
202002,"inner","Q454",1248,813,0.348557692307692,4,TRUE
202002,"inner","Q455",1248,813,0.348557692307692,3,TRUE
202002,"inner","Q456_Q461R1",1248,1248,0,5,TRUE
202002,"inner","Q456_Q461R2",1248,1248,0,5,TRUE
202002,"inner","Q456_Q461R3",1248,1248,0,5,TRUE
202002,"inner","Q456_Q461R4",1248,1248,0,5,TRUE
202002,"inner","Q456_Q461R5",1248,1248,0,5,TRUE
202002,"inner","Q456_Q461R6",1248,1248,0,5,TRUE
202002,"inner","Q462",1248,1248,0,3,TRUE
202002,"inner","Q463",1248,1248,0,4,TRUE
202002,"inner","Q464",1248,111,0.911057692307692,2,FALSE
202002,"inner","Q465R1",1248,111,0.911057692307692,2,FALSE
202002,"inner","Q465R2",1248,111,0.911057692307692,2,FALSE
202002,"inner","Q466",1248,1248,0,4,TRUE
202002,"inner","Q467_Q469R1",1248,1248,0,2,TRUE
202002,"inner","Q467_Q469R2",1248,1248,0,2,TRUE
202002,"inner","Q467_Q469R3",1248,1248,0,2,TRUE
202002,"inner","Q470",1248,1248,0,2,TRUE
202002,"inner","Q471R6",1248,145,0.883814102564103,2,TRUE
202002,"inner","Q471R7",1248,145,0.883814102564103,2,TRUE
202002,"inner","Q471R8",1248,145,0.883814102564103,2,TRUE
202002,"inner","Q471R9",1248,145,0.883814102564103,2,TRUE
202002,"inner","Q472_Q474R1",1248,1248,0,7,TRUE
202002,"inner","Q472_Q474R2",1248,1248,0,7,TRUE
202002,"inner","Q472_Q474R3",1248,1248,0,7,TRUE
202002,"inner","Q475R1",1248,1195,0.0424679487179487,7,TRUE
202002,"inner","Q475R2",1248,1199,0.0392628205128205,7,TRUE
202002,"inner","Q475R3",1248,1228,0.016025641025641,7,TRUE
202002,"inner","Q475R4",1248,1234,0.0112179487179487,7,TRUE
202002,"inner","Q475R5",1248,1196,0.0416666666666667,7,TRUE
202002,"inner","Q475R6",1248,1215,0.0264423076923077,7,TRUE
202002,"inner","Q475R7",1248,1224,0.0192307692307692,7,TRUE
202002,"inner","Q476",1248,1248,0,4,TRUE
202002,"inner","Q477",1248,1248,0,3,TRUE
202002,"inner","Q478_Q483R1",1248,1248,0,7,TRUE
202002,"inner","Q478_Q483R2",1248,1248,0,7,TRUE
202002,"inner","Q478_Q483R3",1248,1248,0,7,TRUE
202002,"inner","Q478_Q483R4",1248,1248,0,7,TRUE
202002,"inner","Q478_Q483R5",1248,1248,0,7,TRUE
202002,"inner","Q478_Q483R6",1248,1248,0,7,TRUE
202002,"inner","Q484",1248,1248,0,3,TRUE
202002,"inner","Q485",1248,1248,0,4,TRUE
202002,"inner","Q486",1248,619,0.50400641025641,5,TRUE
202002,"inner","Q487_Q489R1",1248,356,0.71474358974359,6,TRUE
202002,"inner","Q487_Q489R2",1248,356,0.71474358974359,6,TRUE
202002,"inner","Q487_Q489R3",1248,356,0.71474358974359,6,TRUE
202002,"inner","Q490R1",1248,1248,0,2,TRUE
202002,"inner","Q490R2",1248,1248,0,2,TRUE
202002,"inner","Q490R3",1248,1248,0,2,TRUE
202002,"inner","Q490R4",1248,1248,0,2,TRUE
202002,"inner","Q490R5",1248,1248,0,2,TRUE
202002,"inner","Q490R6",1248,1248,0,2,TRUE
202002,"inner","Q490R7",1248,1248,0,2,TRUE
202002,"inner","Q490R8",1248,1248,0,2,TRUE
202002,"inner","Q491A",1248,277,0.778044871794872,3,TRUE
202002,"inner","Q491R1",1248,1248,0,2,TRUE
202002,"inner","Q491R2",1248,1248,0,2,TRUE
202002,"inner","Q491R3",1248,1248,0,2,TRUE
202002,"inner","Q491R4",1248,1248,0,2,TRUE
202002,"inner","Q491R5",1248,1248,0,2,TRUE
202002,"inner","Q491R6",1248,1248,0,2,TRUE
202002,"inner","Q491R7",1248,1248,0,2,TRUE
202002,"inner","Q492",1248,1248,0,4,TRUE
202002,"inner","Q493",1248,1248,0,4,TRUE
202002,"inner","Q494_Q503R1",1248,1248,0,3,TRUE
202002,"inner","Q494_Q503R2",1248,1248,0,3,TRUE
202002,"inner","Q494_Q503R3",1248,1248,0,3,TRUE
202002,"inner","Q494_Q503R4",1248,1248,0,3,TRUE
202002,"inner","Q494_Q503R5",1248,1248,0,3,TRUE
202002,"inner","Q494_Q503R6",1248,1248,0,3,TRUE
202002,"inner","Q494_Q503R7",1248,1248,0,3,TRUE
202002,"inner","Q494_Q503R8",1248,1248,0,3,TRUE
202002,"inner","Q494_Q503R9",1248,1248,0,3,TRUE
202002,"inner","Q494_Q503R10",1248,1248,0,3,TRUE
202002,"inner","Q504R1",1248,1248,0,10,TRUE
202002,"inner","Q504R2",1248,1248,0,10,TRUE
202002,"inner","Q504R3",1248,1248,0,10,TRUE
202002,"inner","Q504R4",1248,1248,0,10,TRUE
202002,"inner","Q504R5",1248,1248,0,10,TRUE
202002,"inner","Q504R6",1248,1248,0,10,TRUE
202002,"inner","Q504R7",1248,1248,0,10,TRUE
202002,"inner","Q504R8",1248,1248,0,10,TRUE
202002,"inner","Q504R11",1248,1248,0,10,TRUE
202002,"inner","Q504R12",1248,1248,0,10,TRUE
202002,"inner","Q505_Q508R1",1248,1248,0,4,TRUE
202002,"inner","Q505_Q508R2",1248,1248,0,4,TRUE
202002,"inner","Q505_Q508R3",1248,1248,0,4,TRUE
202002,"inner","Q505_Q508R4",1248,1248,0,4,TRUE
202002,"inner","Q509_Q511R1",1248,1248,0,4,TRUE
202002,"inner","Q509_Q511R2",1248,1248,0,4,TRUE
202002,"inner","Q509_Q511R3",1248,1248,0,4,TRUE
202002,"inner","Q512R1",1248,1248,0,3,TRUE
202002,"inner","Q512R2",1248,1248,0,3,TRUE
202002,"inner","Q512R3",1248,1248,0,3,TRUE
202002,"inner","Q513_Q516R1",1248,1248,0,5,TRUE
202002,"inner","Q513_Q516R2",1248,1248,0,5,TRUE
202002,"inner","Q513_Q516R3",1248,1248,0,5,TRUE
202002,"inner","Q517",1248,611,0.510416666666667,15,TRUE
202002,"inner","Q518",1248,637,0.489583333333333,15,TRUE
202002,"inner","Q519",1248,611,0.510416666666667,15,TRUE
202002,"inner","Q520",1248,637,0.489583333333333,15,TRUE
202002,"inner","Q521_Q528R1",1248,1248,0,5,TRUE
202002,"inner","Q521_Q528R2",1248,1248,0,5,TRUE
202002,"inner","Q521_Q528R3",1248,1248,0,5,TRUE
202002,"inner","Q521_Q528R4",1248,1248,0,5,TRUE
202002,"inner","Q521_Q528R5",1248,1248,0,5,TRUE
202002,"inner","Q521_Q528R6",1248,1248,0,5,TRUE
202002,"inner","Q521_Q528R7",1248,1248,0,5,TRUE
202002,"inner","Q521_Q528R8",1248,1248,0,5,TRUE
202002,"inner","Q529",1248,1248,0,4,TRUE
202002,"inner","Q530",1248,527,0.577724358974359,2,TRUE
202002,"inner","Q531",1248,141,0.887019230769231,2,TRUE
202002,"inner","Q532",1248,114,0.908653846153846,5,FALSE
202002,"inner","Q533",1248,101,0.919070512820513,5,FALSE
202002,"inner","Q534R1",1248,1248,0,2,TRUE
202002,"inner","Q534R2",1248,1248,0,2,TRUE
202002,"inner","Q534R3",1248,1248,0,2,TRUE
202002,"inner","Q534R4",1248,1248,0,2,TRUE
202002,"inner","Q534R5",1248,1248,0,2,TRUE
202002,"inner","Q535_Q538R1",1248,1248,0,5,TRUE
202002,"inner","Q535_Q538R2",1248,1248,0,5,TRUE
202002,"inner","Q535_Q538R3",1248,1248,0,5,TRUE
202002,"inner","Q535_Q538R4",1248,1248,0,5,TRUE
202002,"inner","Q539R1",1248,1248,0,98,TRUE
202002,"inner","Q539R2",1248,1248,0,66,TRUE
202002,"inner","Q539R3",1248,1248,0,90,TRUE
202002,"inner","Q539R4",1248,1248,0,45,TRUE
202002,"inner","Q539R6",1248,1248,0,32,TRUE
202002,"inner","Q539R5",1248,1248,0,32,TRUE
202002,"inner","Q540R1",1248,1248,0,95,TRUE
202002,"inner","Q541",1248,1248,0,2,TRUE
202002,"inner","Q542",1248,1248,0,2,TRUE
202002,"inner","Q543",1248,1248,0,2,TRUE
202002,"inner","Q544",1248,1248,0,2,TRUE
202002,"inner","Q545R7",1248,1248,0,7,TRUE
202002,"inner","Q546R7",1248,1248,0,7,TRUE
202002,"inner","Q547R7",1248,1248,0,7,TRUE
202002,"inner","Q548R7",1248,1248,0,7,TRUE
202002,"inner","Q549R7",1248,1248,0,7,TRUE
202002,"inner","Q550R1",1248,1248,0,2,TRUE
202002,"inner","Q550R2",1248,1248,0,2,TRUE
202002,"inner","Q550R3",1248,1248,0,2,TRUE
202002,"inner","Q550R4",1248,1248,0,2,TRUE
202002,"inner","Q550R5",1248,1248,0,2,TRUE
202002,"inner","Q550R6",1248,1248,0,2,TRUE
202002,"inner","Q551_Q559R1",1248,1248,0,5,TRUE
202002,"inner","Q551_Q559R2",1248,1248,0,5,TRUE
202002,"inner","Q551_Q559R3",1248,1248,0,5,TRUE
202002,"inner","Q551_Q559R4",1248,1248,0,5,TRUE
202002,"inner","Q551_Q559R5",1248,1248,0,5,TRUE
202002,"inner","Q551_Q559R6",1248,1248,0,5,TRUE
202002,"inner","Q551_Q559R7",1248,1248,0,5,TRUE
202002,"inner","Q551_Q559R8",1248,1248,0,5,TRUE
202002,"inner","Q551_Q559R9",1248,1248,0,5,TRUE
202002,"inner","Q560R1",1248,1248,0,8,TRUE
202002,"inner","Q560R2",1248,1248,0,8,TRUE
202002,"inner","Q560R3",1248,1248,0,8,TRUE
202002,"inner","Q560R4",1248,1248,0,8,TRUE
202002,"inner","Q560R5",1248,1248,0,8,TRUE
202002,"inner","Q560R6",1248,1248,0,8,TRUE
202002,"inner","Q560R7",1248,1248,0,8,TRUE
202002,"inner","Q560R8",1248,1248,0,8,TRUE
202002,"inner","Q561",1248,451,0.638621794871795,3,TRUE
202002,"inner","Q562",1248,1248,0,5,TRUE
202002,"inner","Q563_Q572R1",1248,1248,0,3,TRUE
202002,"inner","Q563_Q572R2",1248,1248,0,3,TRUE
202002,"inner","Q563_Q572R3",1248,1248,0,3,TRUE
202002,"inner","Q563_Q572R4",1248,1248,0,3,TRUE
202002,"inner","Q563_Q572R5",1248,1248,0,3,TRUE
202002,"inner","Q563_Q572R6",1248,1248,0,3,TRUE
202002,"inner","Q563_Q572R7",1248,1248,0,3,TRUE
202002,"inner","Q563_Q572R8",1248,1248,0,3,TRUE
202002,"inner","Q563_Q572R9",1248,1248,0,3,TRUE
202002,"inner","Q563_Q572R10",1248,1248,0,3,TRUE
202002,"inner","Q573",1248,1248,0,3,TRUE
202002,"inner","Q574",1248,1248,0,4,TRUE
202002,"inner","Q575_Q581R1",1248,1248,0,101,TRUE
202002,"inner","Q575_Q581R2",1248,1248,0,101,TRUE
202002,"inner","Q575_Q581R3",1248,1248,0,101,TRUE
202002,"inner","Q575_Q581R4",1248,1248,0,101,TRUE
202002,"inner","Q575_Q581R5",1248,1248,0,101,TRUE
202002,"inner","Q575_Q581R6",1248,1248,0,101,TRUE
202002,"inner","Q575_Q581R7",1248,1248,0,99,TRUE
202002,"inner","Q582",1248,1201,0.0376602564102564,5,TRUE
202002,"inner","Q583",1248,144,0.884615384615385,5,TRUE
202002,"inner","Q584",1248,1248,0,4,TRUE
202002,"inner","Q585_Q590R1",1248,144,0.884615384615385,2,TRUE
202002,"inner","Q585_Q590R2",1248,144,0.884615384615385,2,TRUE
202002,"inner","Q585_Q590R3",1248,144,0.884615384615385,2,TRUE
202002,"inner","Q585_Q590R4",1248,144,0.884615384615385,2,TRUE
202002,"inner","Q585_Q590R5",1248,144,0.884615384615385,2,TRUE
202002,"inner","Q585_Q590R6",1248,144,0.884615384615385,2,TRUE
202002,"inner","Q591_Q596R1",1248,1248,0,5,TRUE
202002,"inner","Q591_Q596R2",1248,1248,0,5,TRUE
202002,"inner","Q591_Q596R3",1248,1248,0,5,TRUE
202002,"inner","Q591_Q596R4",1248,1248,0,5,TRUE
202002,"inner","Q591_Q596R5",1248,1248,0,5,TRUE
202002,"inner","Q591_Q596R6",1248,1248,0,5,TRUE
202002,"inner","Q597_Q602R1",1248,1248,0,5,TRUE
202002,"inner","Q597_Q602R2",1248,1248,0,5,TRUE
202002,"inner","Q597_Q602R3",1248,1248,0,5,TRUE
202002,"inner","Q597_Q602R4",1248,1248,0,5,TRUE
202002,"inner","Q597_Q602R5",1248,1248,0,5,TRUE
202002,"inner","Q597_Q602R6",1248,1248,0,5,TRUE
202002,"inner","Q603R1",1248,1248,0,10,TRUE
202002,"inner","Q603R2",1248,1248,0,10,TRUE
202002,"inner","Q603R3",1248,1248,0,10,TRUE
202002,"inner","Q603R4",1248,1248,0,10,TRUE
202002,"inner","Q603R5",1248,1248,0,10,TRUE
202002,"inner","Q603R6",1248,1248,0,10,TRUE
202002,"inner","Q603R7",1248,1248,0,10,TRUE
202002,"inner","Q603R8",1248,1248,0,10,TRUE
202002,"inner","Q603R9",1248,1248,0,10,TRUE
202002,"inner","Q603R10",1248,1248,0,10,TRUE
202002,"inner","Q604_Q605R1",1248,1248,0,4,TRUE
202002,"inner","Q604_Q605R2",1248,1248,0,4,TRUE
202002,"inner","Q606R1",1248,1047,0.161057692307692,3,TRUE
202002,"inner","Q606R2",1248,658,0.47275641025641,3,TRUE
202002,"inner","Q606R3",1248,373,0.701121794871795,3,TRUE
202002,"inner","Q606R4",1248,808,0.352564102564103,3,TRUE
202002,"inner","Q606R5",1248,333,0.733173076923077,3,TRUE
202002,"inner","Q606R6",1248,525,0.579326923076923,3,TRUE
202002,"inner","Q607_Q610R1",1248,1248,0,24,TRUE
202002,"inner","Q607_Q610R2",1248,1248,0,24,TRUE
202002,"inner","Q607_Q610R3",1248,1248,0,24,TRUE
202002,"inner","Q607_Q610R4",1248,1248,0,24,TRUE
202002,"inner","Q611",1248,1248,0,4,TRUE
202002,"inner","Q613",1248,1248,0,2,TRUE
202002,"inner","Q614",1248,1248,0,2,TRUE
202002,"inner","Q615",1248,1248,0,3,TRUE
202002,"inner","Q616_Q618R1",1248,1248,0,4,TRUE
202002,"inner","Q616_Q618R2",1248,1248,0,4,TRUE
202002,"inner","Q616_Q618R3",1248,1248,0,4,TRUE
202002,"inner","Q619_Q626R1",1248,1248,0,5,TRUE
202002,"inner","Q619_Q626R2",1248,1248,0,5,TRUE
202002,"inner","Q619_Q626R3",1248,1248,0,5,TRUE
202002,"inner","Q619_Q626R4",1248,1248,0,5,TRUE
202002,"inner","Q619_Q626R5",1248,1248,0,5,TRUE
202002,"inner","Q619_Q626R6",1248,1248,0,5,TRUE
202002,"inner","Q619_Q626R7",1248,1248,0,5,TRUE
202002,"inner","Q619_Q626R8",1248,1248,0,5,TRUE
202002,"inner","Q627",1248,1248,0,2,TRUE
202002,"inner","Q628",1248,148,0.881410256410256,3,TRUE
202002,"inner","Q629R1",1248,596,0.522435897435897,2,TRUE
202002,"inner","Q629R2",1248,596,0.522435897435897,2,TRUE
202002,"inner","Q629R3",1248,596,0.522435897435897,2,TRUE
202002,"inner","Q629R4",1248,596,0.522435897435897,2,TRUE
202002,"inner","Q629R5",1248,596,0.522435897435897,2,TRUE
202002,"inner","Q629R6",1248,596,0.522435897435897,2,TRUE
202002,"inner","Q629R7",1248,596,0.522435897435897,2,TRUE
202002,"inner","Q630_Q632R1",1248,1248,0,2,TRUE
202002,"inner","Q630_Q632R2",1248,1248,0,2,TRUE
202002,"inner","Q630_Q632R3",1248,1248,0,2,TRUE
202002,"inner","Q633",1248,1248,0,6,TRUE
202002,"inner","Q639",1248,1248,0,5,TRUE
202002,"inner","Q640_Q645R1",1248,160,0.871794871794872,2,TRUE
202002,"inner","Q640_Q645R2",1248,404,0.676282051282051,2,TRUE
202002,"inner","Q640_Q645R3",1248,404,0.676282051282051,2,TRUE
202002,"inner","Q640_Q645R4",1248,404,0.676282051282051,2,TRUE
202002,"inner","Q640_Q645R5",1248,404,0.676282051282051,2,TRUE
202002,"inner","Q640_Q645R6",1248,404,0.676282051282051,2,TRUE
202002,"inner","Q646_Q651R1",1248,423,0.661057692307692,2,TRUE
202002,"inner","Q646_Q651R2",1248,423,0.661057692307692,2,TRUE
202002,"inner","Q646_Q651R3",1248,423,0.661057692307692,2,TRUE
202002,"inner","Q646_Q651R4",1248,423,0.661057692307692,2,TRUE
202002,"inner","Q646_Q651R5",1248,423,0.661057692307692,2,TRUE
202002,"inner","Q646_Q651R6",1248,119,0.904647435897436,2,FALSE
202002,"inner","Q646_Q651R7",1248,119,0.904647435897436,2,FALSE
202002,"inner","Q646_Q651R8",1248,119,0.904647435897436,2,FALSE
202002,"inner","Q646_Q651R9",1248,119,0.904647435897436,2,FALSE
202002,"inner","Q646_Q651R10",1248,119,0.904647435897436,2,FALSE
202002,"inner","Q646_Q651R11",1248,119,0.904647435897436,2,FALSE
202002,"inner","Q652_Q658R1",1248,421,0.662660256410256,2,TRUE
202002,"inner","Q652_Q658R2",1248,421,0.662660256410256,2,TRUE
202002,"inner","Q652_Q658R3",1248,421,0.662660256410256,2,TRUE
202002,"inner","Q652_Q658R4",1248,421,0.662660256410256,2,TRUE
202002,"inner","Q652_Q658R5",1248,421,0.662660256410256,2,TRUE
202002,"inner","Q652_Q658R6",1248,421,0.662660256410256,2,TRUE
202002,"inner","Q652_Q658R7",1248,421,0.662660256410256,2,TRUE
202002,"inner","Q659R1",1248,396,0.682692307692308,2,TRUE
202002,"inner","Q659R2",1248,396,0.682692307692308,2,TRUE
202002,"inner","Q659R3",1248,396,0.682692307692308,2,TRUE
202002,"inner","Q659R4",1248,396,0.682692307692308,2,TRUE
202002,"inner","Q659R5",1248,396,0.682692307692308,2,TRUE
202002,"inner","Q659R6",1248,396,0.682692307692308,2,TRUE
202002,"inner","Q659R7",1248,396,0.682692307692308,2,TRUE
202002,"inner","Q659R8",1248,396,0.682692307692308,2,TRUE
202002,"inner","Q660",1248,1248,0,5,TRUE
202002,"inner","Q661",1248,1248,0,5,TRUE
202002,"inner","Q662R1",1248,1248,0,2,TRUE
202002,"inner","Q662R2",1248,1248,0,2,TRUE
202002,"inner","Q662R3",1248,1248,0,2,TRUE
202002,"inner","Q662R4",1248,1248,0,2,TRUE
202002,"inner","Q662R5",1248,1248,0,2,TRUE
202002,"inner","Q662R6",1248,1248,0,2,TRUE
202002,"inner","Q663_Q666R1",1248,1248,0,5,TRUE
202002,"inner","Q663_Q666R2",1248,1248,0,5,TRUE
202002,"inner","Q663_Q666R3",1248,1248,0,5,TRUE
202002,"inner","Q663_Q666R4",1248,1248,0,5,TRUE
202002,"inner","Q667_Q671R1",1248,1248,0,2,TRUE
202002,"inner","Q667_Q671R2",1248,1248,0,2,TRUE
202002,"inner","Q667_Q671R3",1248,1248,0,2,TRUE
202002,"inner","Q667_Q671R4",1248,1248,0,2,TRUE
202002,"inner","Q667_Q671R5",1248,1248,0,2,TRUE
202002,"inner","Q672",1248,1248,0,4,TRUE
202002,"inner","Q673",1248,1248,0,4,TRUE
202002,"inner","Q674R1",1248,1248,0,11,TRUE
202002,"inner","Q675",1248,1248,0,4,TRUE
202002,"inner","Q676_Q678R1",1248,179,0.856570512820513,5,TRUE
202002,"inner","Q676_Q678R2",1248,179,0.856570512820513,5,TRUE
202002,"inner","Q676_Q678R3",1248,179,0.856570512820513,5,TRUE
202002,"inner","Q679_Q682R1",1248,179,0.856570512820513,5,TRUE
202002,"inner","Q679_Q682R2",1248,179,0.856570512820513,5,TRUE
202002,"inner","Q679_Q682R3",1248,179,0.856570512820513,5,TRUE
202002,"inner","Q679_Q682R4",1248,179,0.856570512820513,5,TRUE
202002,"inner","Q683",1248,1248,0,4,TRUE
202002,"inner","Q684",1248,1248,0,2,TRUE
202002,"inner","Q685",1248,1248,0,3,TRUE
202002,"inner","Q686",1248,1248,0,2,TRUE
202002,"inner","Q687",1248,381,0.694711538461538,2,TRUE
202002,"inner","Q688",1248,354,0.716346153846154,3,TRUE
202002,"inner","Q689",1248,1248,0,3,TRUE
202002,"inner","Q690",1248,1248,0,5,TRUE
202002,"inner","Q691",1248,1248,0,5,TRUE
202002,"inner","Q692",1248,1248,0,2,TRUE
202002,"inner","Q693_Q700R1",1248,1248,0,12,TRUE
202002,"inner","Q693_Q700R2",1248,1248,0,12,TRUE
202002,"inner","Q693_Q700R3",1248,1248,0,12,TRUE
202002,"inner","Q693_Q700R4",1248,1248,0,12,TRUE
202002,"inner","Q693_Q700R5",1248,1248,0,12,TRUE
202002,"inner","Q693_Q700R6",1248,1248,0,12,TRUE
202002,"inner","Q693_Q700R7",1248,1248,0,12,TRUE
202002,"inner","Q693_Q700R8",1248,1248,0,12,TRUE
202002,"inner","Q701_Q705R1",1248,1248,0,6,TRUE
202002,"inner","Q701_Q705R2",1248,1248,0,6,TRUE
202002,"inner","Q701_Q705R3",1248,1248,0,6,TRUE
202002,"inner","Q701_Q705R4",1248,1248,0,6,TRUE
202002,"inner","Q701_Q705R5",1248,1248,0,6,TRUE
202002,"inner","Q706_Q708R1",1248,1248,0,5,TRUE
202002,"inner","Q706_Q708R2",1248,1248,0,5,TRUE
202002,"inner","Q706_Q708R3",1248,1248,0,5,TRUE
202002,"inner","Q709_712R1",1248,1248,0,4,TRUE
202002,"inner","Q709_712R2",1248,1248,0,4,TRUE
202002,"inner","Q709_712R3",1248,1248,0,4,TRUE
202002,"inner","Q709_712R4",1248,1248,0,12,TRUE
202002,"inner","Q713",1248,1248,0,4,TRUE
202002,"inner","Q714",1248,1248,0,4,TRUE
202002,"inner","Q715_718R1",1248,1248,0,3,TRUE
202002,"inner","Q715_718R2",1248,1248,0,6,TRUE
202002,"inner","Q715_718R3",1248,1248,0,3,TRUE
202002,"inner","Q715_718R4",1248,1248,0,3,TRUE
202002,"inner","Q719",1248,1248,0,2,TRUE
202002,"inner","Q720_Q722R1",1248,1248,0,5,TRUE
202002,"inner","Q720_Q722R2",1248,1248,0,5,TRUE
202002,"inner","Q720_Q722R3",1248,1248,0,5,TRUE
202002,"inner","Q723_Q725R1",1248,1248,0,5,TRUE
202002,"inner","Q723_Q725R2",1248,1248,0,5,TRUE
202002,"inner","Q723_Q725R3",1248,1248,0,5,TRUE
202002,"inner","Q726",1248,1248,0,5,TRUE
202002,"inner","Q727_Q731R1",1248,1248,0,8,TRUE
202002,"inner","Q727_Q731R2",1248,1248,0,8,TRUE
202002,"inner","Q727_Q731R3",1248,1248,0,8,TRUE
202002,"inner","Q727_Q731R4",1248,1248,0,8,TRUE
202002,"inner","Q727_Q731R5",1248,1248,0,8,TRUE
202002,"inner","Q732_Q737R1",1248,144,0.884615384615385,7,TRUE
202002,"inner","Q732_Q737R2",1248,144,0.884615384615385,7,TRUE
202002,"inner","Q732_Q737R3",1248,144,0.884615384615385,7,TRUE
202002,"inner","Q732_Q737R4",1248,144,0.884615384615385,7,TRUE
202002,"inner","Q732_Q737R5",1248,144,0.884615384615385,7,TRUE
202002,"inner","Q732_Q737R6",1248,144,0.884615384615385,7,TRUE
202002,"inner","Q738_Q740R1",1248,144,0.884615384615385,7,TRUE
202002,"inner","Q738_Q740R2",1248,144,0.884615384615385,7,TRUE
202002,"inner","Q738_Q740R3",1248,144,0.884615384615385,7,TRUE
202002,"inner","Q741",1248,1248,0,6,TRUE
202002,"inner","Q742",1248,815,0.346955128205128,72,TRUE
202002,"inner","Q743",1248,806,0.354166666666667,4,TRUE
202002,"inner","Q744",1248,608,0.512820512820513,4,TRUE
202002,"inner","Q745",1248,198,0.841346153846154,3,TRUE
202002,"inner","Q746A",1248,147,0.882211538461538,5,TRUE
202002,"inner","Q746B",1248,806,0.354166666666667,7,TRUE
202002,"inner","Q747",1248,953,0.236378205128205,3,TRUE
202002,"inner","Q748",1248,1248,0,5,TRUE
202002,"inner","Q749",1248,1248,0,5,TRUE
202002,"inner","Q750R1",1248,1248,0,2,TRUE
202002,"inner","Q750R2",1248,1248,0,2,TRUE
202002,"inner","Q750R3",1248,1248,0,2,TRUE
202002,"inner","Q750R4",1248,1248,0,2,TRUE
202002,"inner","Q750R5",1248,1248,0,2,TRUE
202002,"inner","Q750R6",1248,1248,0,2,TRUE
202002,"inner","Q750R7",1248,1248,0,2,TRUE
202002,"inner","Q751R1",1248,1248,0,2,TRUE
202002,"inner","Q751R2",1248,1248,0,2,TRUE
202002,"inner","Q751R3",1248,1248,0,2,TRUE
202002,"inner","Q751R4",1248,1248,0,2,TRUE
202002,"inner","Q751R5",1248,1248,0,2,TRUE
202002,"inner","Q752",1248,159,0.872596153846154,4,TRUE
202002,"inner","Q753",1248,668,0.46474358974359,5,TRUE
202002,"inner","Q754_Q762R1C1",1248,1248,0,2,TRUE
202002,"inner","Q754_Q762R1C2",1248,1248,0,2,TRUE
202002,"inner","Q754_Q762R1C3",1248,1248,0,2,TRUE
202002,"inner","Q754_Q762R2C1",1248,1248,0,2,TRUE
202002,"inner","Q754_Q762R2C2",1248,1248,0,2,TRUE
202002,"inner","Q754_Q762R2C3",1248,1248,0,2,TRUE
202002,"inner","Q754_Q762R3C1",1248,1248,0,2,TRUE
202002,"inner","Q754_Q762R3C2",1248,1248,0,2,TRUE
202002,"inner","Q754_Q762R3C3",1248,1248,0,2,TRUE
202002,"inner","Q754_Q762R4C1",1248,1248,0,2,TRUE
202002,"inner","Q754_Q762R4C2",1248,1248,0,2,TRUE
202002,"inner","Q754_Q762R4C3",1248,1248,0,2,TRUE
202002,"inner","Q754_Q762R5C1",1248,1248,0,2,TRUE
202002,"inner","Q754_Q762R5C2",1248,1248,0,2,TRUE
202002,"inner","Q754_Q762R5C3",1248,1248,0,2,TRUE
202002,"inner","Q754_Q762R6C1",1248,1248,0,2,TRUE
202002,"inner","Q754_Q762R6C2",1248,1248,0,2,TRUE
202002,"inner","Q754_Q762R6C3",1248,1248,0,2,TRUE
202002,"inner","Q754_Q762R7C1",1248,1248,0,2,TRUE
202002,"inner","Q754_Q762R7C2",1248,1248,0,2,TRUE
202002,"inner","Q754_Q762R7C3",1248,1248,0,2,TRUE
202002,"inner","Q754_Q762R8C1",1248,1248,0,2,TRUE
202002,"inner","Q754_Q762R8C2",1248,1248,0,2,TRUE
202002,"inner","Q754_Q762R8C3",1248,1248,0,2,TRUE
202002,"inner","Q754_Q762R9C1",1248,1248,0,2,TRUE
202002,"inner","Q754_Q762R9C2",1248,1248,0,2,TRUE
202002,"inner","Q754_Q762R9C3",1248,1248,0,2,TRUE
202002,"inner","Q763_Q766R1",1248,393,0.685096153846154,2,TRUE
202002,"inner","Q763_Q766R2",1248,393,0.685096153846154,2,TRUE
202002,"inner","Q763_Q766R3",1248,393,0.685096153846154,2,TRUE
202002,"inner","Q763_Q766R4",1248,393,0.685096153846154,2,TRUE
202002,"inner","Q767_Q771R1",1248,298,0.761217948717949,2,TRUE
202002,"inner","Q767_Q771R2",1248,298,0.761217948717949,2,TRUE
202002,"inner","Q767_Q771R3",1248,298,0.761217948717949,2,TRUE
202002,"inner","Q767_Q771R4",1248,298,0.761217948717949,2,TRUE
202002,"inner","Q767_Q771R5",1248,298,0.761217948717949,2,TRUE
202002,"inner","Q773",1248,1248,0,106,TRUE
202002,"inner","VQ773",1248,1248,0,75,TRUE
202002,"inner","Q774",1248,1192,0.0448717948717949,81,TRUE
202002,"inner","VQ774",1248,1192,0.0448717948717949,57,TRUE
202002,"inner","Q775",1248,1248,0,4,TRUE
202002,"inner","Q777",1248,355,0.715544871794872,45,TRUE
202002,"inner","Q779",1248,888,0.288461538461538,39,TRUE
202002,"inner","Q782",1248,712,0.429487179487179,44,TRUE
202002,"inner","Q785",1248,298,0.761217948717949,2,TRUE
202002,"inner","Q788",1248,298,0.761217948717949,27,TRUE
202002,"inner","Q790",1248,967,0.225160256410256,42,TRUE
202002,"inner","Q793R1",1248,295,0.763621794871795,5,TRUE
202002,"inner","Q793R2",1248,296,0.762820512820513,5,TRUE
202002,"inner","Q793R3",1248,298,0.761217948717949,5,TRUE
202002,"inner","Q793R4",1248,286,0.770833333333333,5,TRUE
202002,"inner","Q793R5",1248,284,0.772435897435897,5,TRUE
202002,"inner","Q794R1",1248,1248,0,2,TRUE
202002,"inner","Q794R2",1248,1248,0,2,TRUE
202002,"inner","Q794R3",1248,1248,0,2,TRUE
202002,"inner","Q794R4",1248,1248,0,2,TRUE
202002,"inner","Q794R5",1248,1248,0,2,TRUE
202002,"inner","Q794R6",1248,1248,0,2,TRUE
202002,"inner","Q795",1248,1202,0.0368589743589744,4,TRUE
202002,"inner","Q796R1",1248,298,0.761217948717949,2,TRUE
202002,"inner","Q796R2",1248,298,0.761217948717949,2,TRUE
202002,"inner","Q796R3",1248,298,0.761217948717949,2,TRUE
202002,"inner","Q796R4",1248,298,0.761217948717949,2,TRUE
202002,"inner","Q796R5",1248,298,0.761217948717949,2,TRUE
202002,"inner","Q797R1",1248,1248,0,2,TRUE
202002,"inner","Q797R2",1248,1248,0,2,TRUE
202002,"inner","Q797R3",1248,1248,0,2,TRUE
202002,"inner","Q797R4",1248,1248,0,2,TRUE
202002,"inner","Q797R5",1248,1248,0,2,TRUE
202002,"inner","Q797R6",1248,1248,0,2,TRUE
202002,"inner","Q797R7",1248,1248,0,1,FALSE
202002,"inner","Q797R8",1248,1248,0,1,FALSE
202002,"inner","Q797R9",1248,1248,0,2,TRUE
202002,"inner","Q797R10",1248,1248,0,2,TRUE
202002,"inner","Q798R1",1248,1248,0,2,TRUE
202002,"inner","Q798R2",1248,1248,0,2,TRUE
202002,"inner","Q798R3",1248,1248,0,2,TRUE
202002,"inner","Q798R4",1248,1248,0,2,TRUE
202002,"inner","Q798R5",1248,1248,0,2,TRUE
202002,"inner","Q798R6",1248,1248,0,2,TRUE
202002,"inner","Q798R7",1248,1248,0,2,TRUE
202002,"inner","Q798R8",1248,1248,0,2,TRUE
202002,"inner","Q798R9",1248,1248,0,2,TRUE
202002,"inner","Q798R10",1248,1248,0,2,TRUE
202002,"inner","Q799R1C1",1248,465,0.627403846153846,11,TRUE
202002,"inner","Q799R2C1",1248,328,0.737179487179487,10,TRUE
202002,"inner","Q799R3C1",1248,618,0.504807692307692,11,TRUE
202002,"inner","Q799R4C1",1248,294,0.764423076923077,6,TRUE
202002,"inner","Q799R5C1",1248,316,0.746794871794872,6,TRUE
202002,"inner","Q799R6C1",1248,288,0.769230769230769,3,TRUE
202002,"inner","Q799R7C1",1248,287,0.770032051282051,5,TRUE
202002,"inner","Q799R8C1",1248,286,0.770833333333333,4,TRUE
202002,"inner","Q800R1C1",1248,437,0.649839743589744,11,TRUE
202002,"inner","Q800R2C1",1248,321,0.742788461538462,9,TRUE
202002,"inner","Q800R3C1",1248,584,0.532051282051282,11,TRUE
202002,"inner","Q800R4C1",1248,296,0.762820512820513,5,TRUE
202002,"inner","Q800R5C1",1248,309,0.752403846153846,6,TRUE
202002,"inner","Q800R6C1",1248,290,0.767628205128205,4,TRUE
202002,"inner","Q800R7C1",1248,290,0.767628205128205,3,TRUE
202002,"inner","Q800R8C1",1248,285,0.771634615384615,5,TRUE
202002,"inner","Q801",1248,1248,0,9,TRUE
202002,"inner","Q802",1248,137,0.890224358974359,9,TRUE
202002,"inner","Q803",1248,1248,0,7,TRUE
202002,"inner","Q804",1248,1248,0,8,TRUE
202002,"inner","Q805",1248,1248,0,8,TRUE
202002,"inner","Q806",1248,298,0.761217948717949,67,TRUE
202002,"inner","Q807",1248,219,0.824519230769231,1,FALSE
202002,"inner","Q808",1248,1048,0.16025641025641,86,TRUE
202002,"inner","Q809",1248,950,0.238782051282051,5,TRUE
202002,"inner","Q810",1248,514,0.588141025641026,89,TRUE
202002,"inner","Q811",1248,514,0.588141025641026,100,TRUE
202002,"inner","Q812",1248,614,0.50801282051282,6,TRUE
202002,"inner","Q813",1248,1248,0,13,TRUE
202002,"inner","Q814",1248,1248,0,6,TRUE
202002,"inner","Q815",1248,1248,0,8,TRUE
202002,"inner","Q816",1248,1248,0,5,TRUE
202002,"inner","Q817",1248,0,1,0,FALSE
202002,"inner","Q818",1248,182,0.854166666666667,4,TRUE
202002,"inner","Q819",1248,179,0.856570512820513,4,TRUE
202002,"inner","Q820",1248,1248,0,5,TRUE
202002,"inner","Q821J",1248,23,0.981570512820513,4,FALSE
202002,"inner","Q825J",1248,23,0.981570512820513,5,FALSE
202002,"inner","Q822J",1248,23,0.981570512820513,4,FALSE
202002,"inner","Q823J",1248,23,0.981570512820513,4,FALSE
202002,"inner","Q824J",1248,23,0.981570512820513,3,FALSE
202002,"inner","Q822K",1248,18,0.985576923076923,5,FALSE
202002,"inner","Q825K",1248,18,0.985576923076923,5,FALSE
202002,"inner","Q821K",1248,18,0.985576923076923,4,FALSE
202002,"inner","Q823K",1248,18,0.985576923076923,4,FALSE
202002,"inner","Q824K",1248,18,0.985576923076923,4,FALSE
202002,"inner","Q823L",1248,18,0.985576923076923,4,FALSE
202002,"inner","Q825L",1248,18,0.985576923076923,5,FALSE
202002,"inner","Q821L",1248,18,0.985576923076923,4,FALSE
202002,"inner","Q822L",1248,18,0.985576923076923,4,FALSE
202002,"inner","Q824L",1248,18,0.985576923076923,5,FALSE
202002,"inner","Q824M",1248,20,0.983974358974359,3,FALSE
202002,"inner","Q825M",1248,20,0.983974358974359,4,FALSE
202002,"inner","Q821M",1248,20,0.983974358974359,4,FALSE
202002,"inner","Q822M",1248,20,0.983974358974359,4,FALSE
202002,"inner","Q823M",1248,20,0.983974358974359,3,FALSE
202002,"inner","Q825N",1248,23,0.981570512820513,5,FALSE
202002,"inner","Q821N",1248,23,0.981570512820513,4,FALSE
202002,"inner","Q822N",1248,23,0.981570512820513,5,FALSE
202002,"inner","Q823N",1248,23,0.981570512820513,5,FALSE
202002,"inner","Q824N",1248,23,0.981570512820513,4,FALSE
202002,"inner","Q821",1248,102,0.918269230769231,5,FALSE
202002,"inner","Q822",1248,102,0.918269230769231,5,FALSE
202002,"inner","Q823",1248,102,0.918269230769231,5,FALSE
202002,"inner","Q824",1248,102,0.918269230769231,5,FALSE
202002,"inner","Q825",1248,0,1,0,FALSE
202002,"inner","Q826R1",1248,102,0.918269230769231,2,FALSE
202002,"inner","Q826R2",1248,102,0.918269230769231,2,FALSE
202002,"inner","Q826R3",1248,102,0.918269230769231,2,FALSE
202002,"inner","Q826R4",1248,102,0.918269230769231,2,FALSE
202002,"inner","Q826R5",1248,102,0.918269230769231,2,FALSE
202002,"inner","Q826R7",1248,102,0.918269230769231,2,FALSE
202002,"inner","Q826R6",1248,102,0.918269230769231,2,FALSE
202002,"inner","Q826A",1248,0,1,0,FALSE
202002,"outer","S1",1561,1561,0,2,TRUE
202002,"outer","S2_RACER1",1561,1561,0,2,TRUE
202002,"outer","S2_RACER2",1561,1561,0,1,FALSE
202002,"outer","S2_RACER3",1561,1561,0,2,TRUE
202002,"outer","S2_RACER4",1561,1561,0,1,FALSE
202002,"outer","S2_RACER5",1561,1561,0,1,FALSE
202002,"outer","S2_RACER6",1561,1561,0,1,FALSE
202002,"outer","S2_RACER7",1561,1561,0,1,FALSE
202002,"outer","S2_RACER8",1561,1561,0,1,FALSE
202002,"outer","S2_RACE_PRIME",1561,1561,0,3,TRUE
202002,"outer","S2_HISPANICR1",1561,0,1,0,FALSE
202002,"outer","S2_HISPANICR2",1561,0,1,0,FALSE
202002,"outer","S2_HISPANICR3",1561,0,1,0,FALSE
202002,"outer","S2_HISPANICR4",1561,0,1,0,FALSE
202002,"outer","S2_HISPANICR5",1561,0,1,0,FALSE
202002,"outer","S2_NATIVER1",1561,1561,0,2,TRUE
202002,"outer","S2_NATIVER2",1561,1561,0,2,TRUE
202002,"outer","S2_NATIVER3",1561,1561,0,2,TRUE
202002,"outer","S2_NATIVER4",1561,1561,0,2,TRUE
202002,"outer","S2_NATIVER5",1561,1561,0,2,TRUE
202002,"outer","S2_AFROLATR1",1561,1561,0,2,TRUE
202002,"outer","S2_AFROLATR2",1561,1561,0,2,TRUE
202002,"outer","S2_AFROLATR3",1561,1561,0,2,TRUE
202002,"outer","S2_AFROLATR4",1561,1561,0,2,TRUE
202002,"outer","S2_AFROLATR5",1561,1561,0,2,TRUE
202002,"outer","S3",1561,1561,0,6,TRUE
202002,"outer","S3B",1561,1561,0,4,TRUE
202002,"outer","S3C",1561,1561,0,3,TRUE
202002,"outer","S4",1561,1561,0,45,TRUE
202002,"outer","S5",1561,1561,0,70,TRUE
202002,"outer","S7",1561,1561,0,3,TRUE
202002,"outer","S8",1561,0,1,0,FALSE
202002,"outer","S8_PACIFIC",1561,0,1,0,FALSE
202002,"outer","S9",1561,52,0.96668802049968,12,FALSE
202002,"outer","S10",1561,1561,0,22,TRUE
202002,"outer","S10_MEX",1561,201,0.871236386931454,2,TRUE
202002,"outer","S11",1561,224,0.856502242152466,15,TRUE
202002,"outer","S12",1561,0,1,0,FALSE
202002,"outer","S2_M",1561,1561,0,2,TRUE
202002,"outer","S13",1561,1561,0,7,TRUE
202002,"outer","S14",1561,1561,0,5,TRUE
202002,"outer","Q58R1",1561,1560,0.000640614990390775,2,TRUE
202002,"outer","Q58R2",1561,1560,0.000640614990390775,2,TRUE
202002,"outer","Q58R3",1561,1560,0.000640614990390775,2,TRUE
202002,"outer","Q58R4",1561,1560,0.000640614990390775,2,TRUE
202002,"outer","Q58R5",1561,1560,0.000640614990390775,2,TRUE
202002,"outer","Q58R6",1561,1560,0.000640614990390775,2,TRUE
202002,"outer","Q58R7",1561,1560,0.000640614990390775,2,TRUE
202002,"outer","Q58R8",1561,1560,0.000640614990390775,2,TRUE
202002,"outer","Q58R9",1561,1560,0.000640614990390775,2,TRUE
202002,"outer","Q58R10",1561,1560,0.000640614990390775,2,TRUE
202002,"outer","Q58R11",1561,1560,0.000640614990390775,1,FALSE
202002,"outer","Q58R12",1561,1560,0.000640614990390775,2,TRUE
202002,"outer","Q58R13",1561,1560,0.000640614990390775,2,TRUE
202002,"outer","Q58R14",1561,1560,0.000640614990390775,2,TRUE
202002,"outer","Q58R15",1561,1560,0.000640614990390775,2,TRUE
202002,"outer","Q58R16",1561,1560,0.000640614990390775,2,TRUE
202002,"outer","Q58R17",1561,1560,0.000640614990390775,2,TRUE
202002,"outer","Q1R1",1561,1561,0,2,TRUE
202002,"outer","Q1R2",1561,1561,0,2,TRUE
202002,"outer","Q1R3",1561,1561,0,2,TRUE
202002,"outer","Q1R4",1561,1561,0,2,TRUE
202002,"outer","Q1R5",1561,1561,0,2,TRUE
202002,"outer","Q1R6",1561,1561,0,2,TRUE
202002,"outer","Q1R7",1561,1561,0,2,TRUE
202002,"outer","Q1R8",1561,1561,0,2,TRUE
202002,"outer","Q1R9",1561,1561,0,2,TRUE
202002,"outer","Q1R10",1561,1561,0,2,TRUE
202002,"outer","Q1R11",1561,1561,0,2,TRUE
202002,"outer","Q1R12",1561,1561,0,2,TRUE
202002,"outer","Q1R13",1561,1561,0,2,TRUE
202002,"outer","Q1R14",1561,1561,0,2,TRUE
202002,"outer","Q1R15",1561,1561,0,2,TRUE
202002,"outer","Q1R16",1561,1561,0,2,TRUE
202002,"outer","Q1R17",1561,1561,0,2,TRUE
202002,"outer","Q1R18",1561,1561,0,2,TRUE
202002,"outer","Q1R19",1561,1561,0,2,TRUE
202002,"outer","Q1R20",1561,1561,0,2,TRUE
202002,"outer","Q1R21",1561,1561,0,2,TRUE
202002,"outer","Q1R22",1561,1561,0,2,TRUE
202002,"outer","Q1R23",1561,1561,0,2,TRUE
202002,"outer","Q2R1",1561,1561,0,6,TRUE
202002,"outer","Q2R2",1561,1561,0,6,TRUE
202002,"outer","Q2R3",1561,1561,0,6,TRUE
202002,"outer","Q2R4",1561,1561,0,6,TRUE
202002,"outer","Q2R5",1561,1561,0,6,TRUE
202002,"outer","Q2R6",1561,1561,0,6,TRUE
202002,"outer","Q2R7",1561,1561,0,6,TRUE
202002,"outer","Q2R8",1561,1561,0,6,TRUE
202002,"outer","Q2R9",1561,1561,0,6,TRUE
202002,"outer","Q2R10",1561,1561,0,6,TRUE
202002,"outer","Q13",1561,1537,0.0153747597693786,4,TRUE
202002,"outer","Q15",1561,1561,0,3,TRUE
202002,"outer","Q16",1561,364,0.766816143497758,2,TRUE
202002,"outer","Q17",1561,364,0.766816143497758,2,TRUE
202002,"outer","Q18",1561,108,0.930813581037796,5,FALSE
202002,"outer","Q19",1561,108,0.930813581037796,4,FALSE
202002,"outer","Q20",1561,364,0.766816143497758,4,TRUE
202002,"outer","Q21",1561,1561,0,4,TRUE
202002,"outer","Q22",1561,1145,0.266495836002562,4,TRUE
202002,"outer","Q23",1561,416,0.733504163997438,5,TRUE
202002,"outer","Q24",1561,330,0.788597053171044,4,TRUE
202002,"outer","Q25",1561,815,0.477898782831518,4,TRUE
202002,"outer","Q26",1561,384,0.754003843689942,4,TRUE
202002,"outer","Q27R1",1561,1561,0,2,TRUE
202002,"outer","Q27R2",1561,1561,0,2,TRUE
202002,"outer","Q27R3",1561,1561,0,2,TRUE
202002,"outer","Q27R4",1561,1561,0,2,TRUE
202002,"outer","Q27R5",1561,1561,0,2,TRUE
202002,"outer","Q27R6",1561,1561,0,2,TRUE
202002,"outer","Q27R7",1561,1561,0,2,TRUE
202002,"outer","Q27R8",1561,1561,0,2,TRUE
202002,"outer","Q27R9",1561,1561,0,2,TRUE
202002,"outer","Q27R10",1561,1561,0,2,TRUE
202002,"outer","Q27R11",1561,1561,0,2,TRUE
202002,"outer","Q27R12",1561,1561,0,2,TRUE
202002,"outer","Q27R13",1561,1561,0,2,TRUE
202002,"outer","Q27R14",1561,1561,0,2,TRUE
202002,"outer","Q27R15",1561,1561,0,2,TRUE
202002,"outer","Q27R16",1561,1561,0,2,TRUE
202002,"outer","Q27R17",1561,1561,0,2,TRUE
202002,"outer","Q27R18",1561,1561,0,2,TRUE
202002,"outer","Q27R19",1561,1561,0,2,TRUE
202002,"outer","Q28R1",1561,1561,0,2,TRUE
202002,"outer","Q28R2",1561,1561,0,2,TRUE
202002,"outer","Q28R3",1561,1561,0,2,TRUE
202002,"outer","Q28R4",1561,1561,0,2,TRUE
202002,"outer","Q28R5",1561,1561,0,2,TRUE
202002,"outer","Q28R6",1561,1561,0,2,TRUE
202002,"outer","Q28R7",1561,1561,0,2,TRUE
202002,"outer","Q28R8",1561,1561,0,2,TRUE
202002,"outer","Q28R9",1561,1561,0,2,TRUE
202002,"outer","Q28R10",1561,1561,0,2,TRUE
202002,"outer","Q28R11",1561,1561,0,2,TRUE
202002,"outer","Q28R12",1561,1561,0,2,TRUE
202002,"outer","Q28R13",1561,1561,0,2,TRUE
202002,"outer","Q28R14",1561,1561,0,2,TRUE
202002,"outer","Q28R15",1561,1561,0,2,TRUE
202002,"outer","Q28R16",1561,1561,0,2,TRUE
202002,"outer","Q28R17",1561,1561,0,2,TRUE
202002,"outer","Q28R18",1561,1561,0,2,TRUE
202002,"outer","Q28R19",1561,1561,0,2,TRUE
202002,"outer","Q29",1561,1561,0,4,TRUE
202002,"outer","Q30",1561,1224,0.215887251761691,5,TRUE
202002,"outer","Q31",1561,337,0.784112748238309,5,TRUE
202002,"outer","Q32R1",1561,1529,0.0204996796925048,9,TRUE
202002,"outer","Q32R2",1561,1518,0.0275464445868033,9,TRUE
202002,"outer","Q32R3",1561,1453,0.0691864189622037,9,TRUE
202002,"outer","Q32R4",1561,1444,0.0749519538757207,9,TRUE
202002,"outer","Q32R5",1561,1518,0.0275464445868033,9,TRUE
202002,"outer","Q32R6",1561,1509,0.0333119795003203,9,TRUE
202002,"outer","Q32R7",1561,1452,0.0698270339525945,9,TRUE
202002,"outer","Q32R8",1561,1484,0.0493273542600897,9,TRUE
202002,"outer","Q32R9",1561,1487,0.0474055092889174,9,TRUE
202002,"outer","Q33R1",1561,1561,0,4,TRUE
202002,"outer","Q33R2",1561,1561,0,4,TRUE
202002,"outer","Q33R3",1561,1561,0,4,TRUE
202002,"outer","Q33R4",1561,1561,0,4,TRUE
202002,"outer","Q33R5",1561,1561,0,4,TRUE
202002,"outer","Q38R1",1561,1561,0,2,TRUE
202002,"outer","Q38R2",1561,1561,0,2,TRUE
202002,"outer","Q38R3",1561,1561,0,2,TRUE
202002,"outer","Q38R4",1561,1561,0,2,TRUE
202002,"outer","Q39R1",1561,900,0.423446508648302,2,TRUE
202002,"outer","Q39R2",1561,900,0.423446508648302,2,TRUE
202002,"outer","Q39R3",1561,900,0.423446508648302,2,TRUE
202002,"outer","Q39R4",1561,900,0.423446508648302,2,TRUE
202002,"outer","Q39R5",1561,900,0.423446508648302,2,TRUE
202002,"outer","Q39R6",1561,900,0.423446508648302,2,TRUE
202002,"outer","Q39R7",1561,900,0.423446508648302,2,TRUE
202002,"outer","Q40",1561,1561,0,4,TRUE
202002,"outer","Q41R1",1561,181,0.88404868673927,2,TRUE
202002,"outer","Q41R2",1561,181,0.88404868673927,2,TRUE
202002,"outer","Q41R3",1561,181,0.88404868673927,2,TRUE
202002,"outer","Q41R4",1561,181,0.88404868673927,2,TRUE
202002,"outer","Q42",1561,1561,0,4,TRUE
202002,"outer","Q43",1561,1561,0,6,TRUE
202002,"outer","Q44",1561,1561,0,4,TRUE
202002,"outer","Q45",1561,1561,0,4,TRUE
202002,"outer","Q46",1561,1561,0,4,TRUE
202002,"outer","Q47",1561,1561,0,4,TRUE
202002,"outer","Q48",1561,520,0.666880204996797,5,TRUE
202002,"outer","Q49",1561,526,0.663036515054452,5,TRUE
202002,"outer","Q50",1561,515,0.670083279948751,5,TRUE
202002,"outer","Q51",1561,766,0.509288917360666,3,TRUE
202002,"outer","Q52",1561,795,0.490711082639334,3,TRUE
202002,"outer","Q53",1561,1561,0,2,TRUE
202002,"outer","Q54",1561,1561,0,3,TRUE
202002,"outer","Q55",1561,1561,0,3,TRUE
202002,"outer","Q56",1561,1561,0,3,TRUE
202002,"outer","Q57",1561,1561,0,4,TRUE
202002,"outer","Q59",1561,1561,0,6,TRUE
202002,"outer","Q60R1",1561,1517,0.0281870595771941,2,TRUE
202002,"outer","Q60R2",1561,1517,0.0281870595771941,2,TRUE
202002,"outer","Q60R3",1561,1517,0.0281870595771941,2,TRUE
202002,"outer","Q60R4",1561,1517,0.0281870595771941,2,TRUE
202002,"outer","Q60R5",1561,1517,0.0281870595771941,2,TRUE
202002,"outer","Q60R6",1561,1517,0.0281870595771941,2,TRUE
202002,"outer","Q61",1561,1561,0,14,TRUE
202002,"outer","Q62R1",1561,1561,0,4,TRUE
202002,"outer","Q62R2",1561,1561,0,4,TRUE
202002,"outer","Q62R3",1561,1561,0,4,TRUE
202002,"outer","Q62R4",1561,1561,0,4,TRUE
202002,"outer","Q62R5",1561,1561,0,4,TRUE
202002,"outer","NEWQ67",1561,1561,0,4,TRUE
202002,"outer","Q67",1561,1561,0,8,TRUE
202002,"outer","Q68",1561,1561,0,4,TRUE
202002,"outer","Q69",1561,1561,0,5,TRUE
202002,"outer","Q70R1",1561,1561,0,5,TRUE
202002,"outer","Q70R2",1561,1561,0,5,TRUE
202002,"outer","Q70R3",1561,1561,0,5,TRUE
202002,"outer","Q70R4",1561,1561,0,5,TRUE
202002,"outer","Q70R5",1561,1561,0,5,TRUE
202002,"outer","Q75",1561,1561,0,5,TRUE
202002,"outer","Q76R1",1561,1561,0,6,TRUE
202002,"outer","Q76R2",1561,1561,0,6,TRUE
202002,"outer","Q76R3",1561,1561,0,6,TRUE
202002,"outer","Q76R4",1561,1561,0,6,TRUE
202002,"outer","Q76R5",1561,1561,0,6,TRUE
202002,"outer","Q76R6",1561,1561,0,6,TRUE
202002,"outer","Q77R1",1561,1561,0,5,TRUE
202002,"outer","Q77R2",1561,1561,0,5,TRUE
202002,"outer","Q77R3",1561,1561,0,5,TRUE
202002,"outer","Q77R4",1561,1561,0,5,TRUE
202002,"outer","Q77R5",1561,1561,0,5,TRUE
202002,"outer","Q77R6",1561,1561,0,5,TRUE
202002,"outer","Q77R7",1561,1561,0,5,TRUE
202002,"outer","Q77R8",1561,1561,0,5,TRUE
202002,"outer","Q77R9",1561,1561,0,5,TRUE
202002,"outer","Q78",1561,1561,0,5,TRUE
202002,"outer","Q79",1561,99,0.936579115951313,2,FALSE
202002,"outer","Q84",1561,1561,0,5,TRUE
202002,"outer","Q85",1561,196,0.874439461883408,5,TRUE
202002,"outer","Q85B",1561,193,0.87636130685458,2,TRUE
202002,"outer","Q86",1561,1561,0,5,TRUE
202002,"outer","Q87",1561,201,0.871236386931454,2,TRUE
202002,"outer","Q88",1561,201,0.871236386931454,2,TRUE
202002,"outer","Q93",1561,1561,0,5,TRUE
202002,"outer","Q94",1561,106,0.932094811018578,2,FALSE
202002,"outer","Q95",1561,1561,0,5,TRUE
202002,"outer","Q96R1",1561,110,0.929532351057015,2,FALSE
202002,"outer","Q96R2",1561,110,0.929532351057015,2,FALSE
202002,"outer","Q96R3",1561,110,0.929532351057015,2,FALSE
202002,"outer","Q96R4",1561,110,0.929532351057015,2,FALSE
202002,"outer","Q96R5",1561,110,0.929532351057015,2,FALSE
202002,"outer","Q96R6",1561,110,0.929532351057015,2,FALSE
202002,"outer","Q96R7",1561,110,0.929532351057015,2,FALSE
202002,"outer","Q96R8",1561,110,0.929532351057015,2,FALSE
202002,"outer","Q96R9",1561,110,0.929532351057015,2,FALSE
202002,"outer","Q96R10",1561,110,0.929532351057015,2,FALSE
202002,"outer","Q96R11",1561,110,0.929532351057015,2,FALSE
202002,"outer","Q96R12",1561,110,0.929532351057015,2,FALSE
202002,"outer","Q96R13",1561,110,0.929532351057015,2,FALSE
202002,"outer","Q96R14",1561,110,0.929532351057015,2,FALSE
202002,"outer","Q97",1561,1561,0,3,TRUE
202002,"outer","Q98R1",1561,211,0.864830237027546,2,TRUE
202002,"outer","Q98R2",1561,211,0.864830237027546,2,TRUE
202002,"outer","Q98R3",1561,211,0.864830237027546,2,TRUE
202002,"outer","Q98R4",1561,211,0.864830237027546,2,TRUE
202002,"outer","Q98R5",1561,211,0.864830237027546,2,TRUE
202002,"outer","Q98R6",1561,211,0.864830237027546,2,TRUE
202002,"outer","Q98R7",1561,211,0.864830237027546,2,TRUE
202002,"outer","Q98R8",1561,211,0.864830237027546,2,TRUE
202002,"outer","Q98R9",1561,211,0.864830237027546,2,TRUE
202002,"outer","Q98R10",1561,211,0.864830237027546,2,TRUE
202002,"outer","Q98R11",1561,211,0.864830237027546,2,TRUE
202002,"outer","Q99R1",1561,1561,0,5,TRUE
202002,"outer","Q99R2",1561,1561,0,5,TRUE
202002,"outer","Q99R3",1561,1561,0,5,TRUE
202002,"outer","Q99R4",1561,1561,0,5,TRUE
202002,"outer","Q99R5",1561,1561,0,5,TRUE
202002,"outer","Q99R6",1561,1561,0,5,TRUE
202002,"outer","Q99R7",1561,1561,0,5,TRUE
202002,"outer","Q99R8",1561,1561,0,5,TRUE
202002,"outer","Q99R9",1561,1561,0,5,TRUE
202002,"outer","Q99R10",1561,1561,0,5,TRUE
202002,"outer","Q99R11",1561,1561,0,5,TRUE
202002,"outer","Q110R1",1561,1561,0,1,FALSE
202002,"outer","Q110R2",1561,1561,0,2,TRUE
202002,"outer","Q110R3",1561,1561,0,2,TRUE
202002,"outer","Q110R4",1561,1561,0,2,TRUE
202002,"outer","Q110R5",1561,1561,0,2,TRUE
202002,"outer","Q110R6",1561,1561,0,2,TRUE
202002,"outer","Q110R7",1561,1561,0,2,TRUE
202002,"outer","Q110R8",1561,1561,0,2,TRUE
202002,"outer","Q111R1",1561,1561,0,5,TRUE
202002,"outer","Q111R2",1561,1561,0,5,TRUE
202002,"outer","Q111R3",1561,1561,0,5,TRUE
202002,"outer","Q111R4",1561,1561,0,5,TRUE
202002,"outer","Q111R5",1561,1561,0,5,TRUE
202002,"outer","Q116R1",1561,530,0.660474055092889,3,TRUE
202002,"outer","Q116R2",1561,545,0.650864830237028,3,TRUE
202002,"outer","Q116R3",1561,246,0.842408712363869,3,TRUE
202002,"outer","Q116R4",1561,165,0.894298526585522,3,TRUE
202002,"outer","Q116R5",1561,152,0.902626521460602,3,FALSE
202002,"outer","Q116R6",1561,54,0.965406790518898,3,FALSE
202002,"outer","Q116R7",1561,185,0.881486226777707,3,TRUE
202002,"outer","Q116R8",1561,159,0.898142216527867,3,TRUE
202002,"outer","Q116R9",1561,118,0.924407431133889,3,FALSE
202002,"outer","Q116R10",1561,169,0.891736066623959,3,TRUE
202002,"outer","Q116R11",1561,79,0.949391415759129,3,FALSE
202002,"outer","Q116R12",1561,77,0.95067264573991,3,FALSE
202002,"outer","Q116R13",1561,38,0.97565663036515,3,FALSE
202002,"outer","Q116R14",1561,69,0.955797565663037,3,FALSE
202002,"outer","Q117R1",1561,1561,0,4,TRUE
202002,"outer","Q117R2",1561,1561,0,4,TRUE
202002,"outer","Q117R3",1561,1561,0,4,TRUE
202002,"outer","Q117R4",1561,1561,0,4,TRUE
202002,"outer","Q117R5",1561,1561,0,4,TRUE
202002,"outer","Q117R6",1561,1561,0,4,TRUE
202002,"outer","Q117R7",1561,1561,0,12,TRUE
202002,"outer","Q117R8",1561,1561,0,4,TRUE
202002,"outer","Q117R9",1561,1561,0,4,TRUE
202002,"outer","Q117R10",1561,1561,0,4,TRUE
202002,"outer","Q117R11",1561,1561,0,4,TRUE
202002,"outer","Q117R12",1561,1561,0,4,TRUE
202002,"outer","Q117R13",1561,1561,0,4,TRUE
202002,"outer","Q130",1561,1561,0,2,TRUE
202002,"outer","Q131R1",1561,1561,0,5,TRUE
202002,"outer","Q131R2",1561,830,0.468289557975657,5,TRUE
202002,"outer","Q131R3",1561,731,0.531710442024343,5,TRUE
202002,"outer","Q131R4",1561,830,0.468289557975657,5,TRUE
202002,"outer","Q131R5",1561,731,0.531710442024343,5,TRUE
202002,"outer","Q131R6",1561,830,0.468289557975657,5,TRUE
202002,"outer","Q131R7",1561,731,0.531710442024343,5,TRUE
202002,"outer","Q131R8",1561,830,0.468289557975657,5,TRUE
202002,"outer","Q131R9",1561,731,0.531710442024343,5,TRUE
202002,"outer","Q131R10",1561,830,0.468289557975657,5,TRUE
202002,"outer","Q131R11",1561,731,0.531710442024343,5,TRUE
202002,"outer","Q131R12",1561,830,0.468289557975657,5,TRUE
202002,"outer","Q131R13",1561,731,0.531710442024343,5,TRUE
202002,"outer","Q144",1561,1561,0,4,TRUE
202002,"outer","Q145",1561,1561,0,5,TRUE
202002,"outer","Q146",1561,1561,0,5,TRUE
202002,"outer","Q147",1561,1561,0,5,TRUE
202002,"outer","Q148",1561,1561,0,5,TRUE
202002,"outer","Q149",1561,1561,0,5,TRUE
202002,"outer","Q150",1561,1561,0,5,TRUE
202002,"outer","Q151",1561,1561,0,5,TRUE
202002,"outer","Q152",1561,1561,0,5,TRUE
202002,"outer","Q153",1561,1561,0,5,TRUE
202002,"outer","Q154R1",1561,1561,0,5,TRUE
202002,"outer","Q154R2",1561,1561,0,5,TRUE
202002,"outer","Q154R3",1561,1561,0,5,TRUE
202002,"outer","Q154R4",1561,1561,0,13,TRUE
202002,"outer","Q154R5",1561,1561,0,15,TRUE
202002,"outer","Q159R1",1561,1561,0,14,TRUE
202002,"outer","Q159R2",1561,1561,0,15,TRUE
202002,"outer","Q159R3",1561,1561,0,15,TRUE
202002,"outer","Q162R1",1561,1561,0,7,TRUE
202002,"outer","Q162R2",1561,1561,0,7,TRUE
202002,"outer","Q162R3",1561,1561,0,7,TRUE
202002,"outer","Q162R4",1561,1561,0,7,TRUE
202002,"outer","Q162R5",1561,1561,0,7,TRUE
202002,"outer","Q162R6",1561,1561,0,7,TRUE
202002,"outer","Q162R7",1561,1561,0,7,TRUE
202002,"outer","Q162R8",1561,1561,0,7,TRUE
202002,"outer","Q170",1561,1561,0,2,TRUE
202002,"outer","Q171R1",1561,630,0.596412556053812,2,TRUE
202002,"outer","Q171R2",1561,630,0.596412556053812,2,TRUE
202002,"outer","Q171R3",1561,630,0.596412556053812,2,TRUE
202002,"outer","Q171R4",1561,630,0.596412556053812,2,TRUE
202002,"outer","Q171R5",1561,630,0.596412556053812,2,TRUE
202002,"outer","Q171R6",1561,630,0.596412556053812,2,TRUE
202002,"outer","Q171R7",1561,630,0.596412556053812,2,TRUE
202002,"outer","Q171R8",1561,630,0.596412556053812,2,TRUE
202002,"outer","Q171R9",1561,630,0.596412556053812,2,TRUE
202002,"outer","Q172R1",1561,630,0.596412556053812,2,TRUE
202002,"outer","Q172R2",1561,630,0.596412556053812,2,TRUE
202002,"outer","Q172R3",1561,630,0.596412556053812,2,TRUE
202002,"outer","Q175R1",1561,931,0.403587443946188,2,TRUE
202002,"outer","Q175R2",1561,931,0.403587443946188,2,TRUE
202002,"outer","Q175R3",1561,931,0.403587443946188,2,TRUE
202002,"outer","Q178R1",1561,1561,0,4,TRUE
202002,"outer","Q178R2",1561,1561,0,4,TRUE
202002,"outer","Q178R3",1561,1561,0,4,TRUE
202002,"outer","Q178R4",1561,1561,0,4,TRUE
202002,"outer","Q182",1561,1561,0,3,TRUE
202002,"outer","Q183",1561,1561,0,4,TRUE
202002,"outer","Q184R1",1561,1561,0,5,TRUE
202002,"outer","Q184R2",1561,1561,0,5,TRUE
202002,"outer","Q184R3",1561,1561,0,5,TRUE
202002,"outer","Q187R1",1561,1561,0,5,TRUE
202002,"outer","Q187R2",1561,1561,0,5,TRUE
202002,"outer","Q187R3",1561,1561,0,5,TRUE
202002,"outer","Q187R4",1561,1561,0,5,TRUE
202002,"outer","Q187R5",1561,1561,0,5,TRUE
202002,"outer","Q192",1561,1561,0,2,TRUE
202002,"outer","Q193",1561,800,0.48750800768738,5,TRUE
202002,"outer","Q194",1561,761,0.51249199231262,5,TRUE
202002,"outer","Q195A1R1",1561,289,0.814862267777066,3,TRUE
202002,"outer","Q195A1R2",1561,759,0.513773222293402,3,TRUE
202002,"outer","Q195A1R3",1561,708,0.546444586803331,3,TRUE
202002,"outer","Q195A1R4",1561,614,0.606662395900064,3,TRUE
202002,"outer","Q195A2R1",1561,252,0.838565022421525,5,TRUE
202002,"outer","Q195A2R2",1561,349,0.77642536835362,5,TRUE
202002,"outer","Q195A2R3",1561,288,0.815502882767457,5,TRUE
202002,"outer","Q195A2R4",1561,281,0.819987187700192,5,TRUE
202002,"outer","Q195A2R5",1561,250,0.839846252402306,5,TRUE
202002,"outer","Q195A2R6",1561,523,0.664958360025625,5,TRUE
202002,"outer","Q195A2R7",1561,446,0.714285714285714,5,TRUE
202002,"outer","Q195A2R8",1561,407,0.739269698910955,5,TRUE
202002,"outer","Q195A2R9",1561,458,0.706598334401025,5,TRUE
202002,"outer","Q195A2R10",1561,452,0.71044202434337,5,TRUE
202002,"outer","Q195B1R1",1561,227,0.854580397181294,3,TRUE
202002,"outer","Q195B1R2",1561,747,0.521460602178091,3,TRUE
202002,"outer","Q195B1R3",1561,722,0.53747597693786,3,TRUE
202002,"outer","Q195B1R4",1561,617,0.604740550928892,3,TRUE
202002,"outer","Q195B2R1",1561,198,0.873158231902627,5,TRUE
202002,"outer","Q195B2R2",1561,329,0.789237668161435,5,TRUE
202002,"outer","Q195B2R3",1561,248,0.841127482383088,5,TRUE
202002,"outer","Q195B2R4",1561,246,0.842408712363869,5,TRUE
202002,"outer","Q195B2R5",1561,235,0.849455477258168,5,TRUE
202002,"outer","Q195B2R6",1561,564,0.638693145419603,5,TRUE
202002,"outer","Q195B2R7",1561,500,0.679692504804612,5,TRUE
202002,"outer","Q195B2R8",1561,489,0.686739269698911,5,TRUE
202002,"outer","Q195B2R9",1561,522,0.665598975016015,5,TRUE
202002,"outer","Q195B2R10",1561,524,0.664317745035234,5,TRUE
202002,"outer","Q196",1561,1561,0,11,TRUE
202002,"outer","Q197A1",1561,790,0.493914157591288,4,TRUE
202002,"outer","Q197A2",1561,790,0.493914157591288,10,TRUE
202002,"outer","Q197B1",1561,771,0.506085842408712,4,TRUE
202002,"outer","Q197B2",1561,771,0.506085842408712,10,TRUE
202002,"outer","Q198",1561,1561,0,11,TRUE
202002,"outer","Q199",1561,516,0.66944266495836,2,TRUE
202002,"outer","Q200",1561,490,0.68609865470852,2,TRUE
202002,"outer","Q201",1561,555,0.64445868033312,2,TRUE
202002,"outer","Q202R1",1561,1561,0,2,TRUE
202002,"outer","Q202R2",1561,1561,0,2,TRUE
202002,"outer","Q202R3",1561,1561,0,2,TRUE
202002,"outer","Q203",1561,1561,0,5,TRUE
202002,"outer","Q204",1561,1561,0,5,TRUE
202002,"outer","Q205",1561,1561,0,5,TRUE
202002,"outer","Q206",1561,1561,0,101,TRUE
202002,"outer","Q207",1561,1561,0,101,TRUE
202002,"outer","Q208R1",1561,1561,0,5,TRUE
202002,"outer","Q208R2",1561,1561,0,5,TRUE
202002,"outer","Q208R3",1561,1561,0,5,TRUE
202002,"outer","Q208R4",1561,1561,0,5,TRUE
202002,"outer","Q208R5",1561,1561,0,5,TRUE
202002,"outer","Q213R1",1561,1561,0,5,TRUE
202002,"outer","Q213R2",1561,1561,0,5,TRUE
202002,"outer","Q213R3",1561,1561,0,5,TRUE
202002,"outer","Q213R4",1561,1561,0,5,TRUE
202002,"outer","Q217R1",1561,1561,0,6,TRUE
202002,"outer","Q217R2",1561,1561,0,6,TRUE
202002,"outer","Q217R3",1561,1561,0,6,TRUE
202002,"outer","Q217R4",1561,1561,0,6,TRUE
202002,"outer","Q221R1",1561,1561,0,15,TRUE
202002,"outer","Q221R2",1561,1561,0,15,TRUE
202002,"outer","Q221R3",1561,1561,0,15,TRUE
202002,"outer","Q221R4",1561,1561,0,14,TRUE
202002,"outer","Q225R1",1561,1561,0,7,TRUE
202002,"outer","Q225R2",1561,1561,0,7,TRUE
202002,"outer","Q225R3",1561,1561,0,7,TRUE
202002,"outer","Q225R4",1561,1561,0,7,TRUE
202002,"outer","Q225R5",1561,1561,0,7,TRUE
202002,"outer","Q225R6",1561,1561,0,7,TRUE
202002,"outer","Q225R7",1561,1561,0,7,TRUE
202002,"outer","Q225R8",1561,1561,0,7,TRUE
202002,"outer","Q225R9",1561,1561,0,7,TRUE
202002,"outer","Q225R10",1561,1561,0,7,TRUE
202002,"outer","Q225R11",1561,1561,0,7,TRUE
202002,"outer","Q225R12",1561,1561,0,7,TRUE
202002,"outer","Q225R13",1561,1561,0,7,TRUE
202002,"outer","Q225R14",1561,1561,0,7,TRUE
202002,"outer","Q239R1",1561,1561,0,5,TRUE
202002,"outer","Q239R2",1561,1561,0,5,TRUE
202002,"outer","Q239R3",1561,1561,0,5,TRUE
202002,"outer","Q239R4",1561,1561,0,5,TRUE
202002,"outer","Q243R1",1561,1561,0,5,TRUE
202002,"outer","Q243R2",1561,1561,0,5,TRUE
202002,"outer","Q243R3",1561,1561,0,5,TRUE
202002,"outer","Q243R4",1561,1561,0,5,TRUE
202002,"outer","Q247",1561,1561,0,5,TRUE
202002,"outer","Q248",1561,1561,0,5,TRUE
202002,"outer","Q249",1561,1561,0,5,TRUE
202002,"outer","Q250R1",1561,602,0.614349775784753,5,TRUE
202002,"outer","Q250R2",1561,1561,0,5,TRUE
202002,"outer","Q250R3",1561,180,0.88468930172966,5,TRUE
202002,"outer","Q250R4",1561,0,1,0,FALSE
202002,"outer","Q250R5",1561,224,0.856502242152466,5,TRUE
202002,"outer","Q250R6",1561,0,1,0,FALSE
202002,"outer","Q250R7",1561,6,0.996156310057655,2,FALSE
202002,"outer","Q250R8",1561,172,0.889814221652787,5,TRUE
202002,"outer","Q251",1561,180,0.88468930172966,3,TRUE
202002,"outer","Q252",1561,180,0.88468930172966,2,TRUE
202002,"outer","Q253",1561,180,0.88468930172966,2,TRUE
202002,"outer","Q254",1561,364,0.766816143497758,2,TRUE
202002,"outer","Q255",1561,180,0.88468930172966,2,TRUE
202002,"outer","Q256",1561,1561,0,4,TRUE
202002,"outer","Q257AR1",1561,511,0.672645739910314,5,TRUE
202002,"outer","Q257AR2",1561,511,0.672645739910314,5,TRUE
202002,"outer","Q257AR3",1561,511,0.672645739910314,5,TRUE
202002,"outer","Q257AR4",1561,511,0.672645739910314,5,TRUE
202002,"outer","Q257BR1",1561,538,0.655349135169763,5,TRUE
202002,"outer","Q257BR2",1561,538,0.655349135169763,5,TRUE
202002,"outer","Q257BR3",1561,538,0.655349135169763,5,TRUE
202002,"outer","Q257BR4",1561,538,0.655349135169763,5,TRUE
202002,"outer","Q257CR1",1561,512,0.672005124919923,5,TRUE
202002,"outer","Q257CR2",1561,512,0.672005124919923,5,TRUE
202002,"outer","Q257CR3",1561,512,0.672005124919923,5,TRUE
202002,"outer","Q257CR4",1561,512,0.672005124919923,5,TRUE
202002,"outer","Q258",1561,180,0.88468930172966,20,TRUE
202002,"outer","Q260",1561,180,0.88468930172966,4,TRUE
202002,"outer","Q261",1561,1561,0,10,TRUE
202002,"outer","Q262",1561,224,0.856502242152466,7,TRUE
202002,"outer","Q263",1561,224,0.856502242152466,6,TRUE
202002,"outer","Q264",1561,224,0.856502242152466,7,TRUE
202002,"outer","Q265",1561,224,0.856502242152466,6,TRUE
202002,"outer","Q266",1561,224,0.856502242152466,4,TRUE
202002,"outer","Q267",1561,180,0.88468930172966,5,TRUE
202002,"outer","Q268",1561,1561,0,14,TRUE
202002,"outer","Q269",1561,180,0.88468930172966,5,TRUE
202002,"outer","Q270",1561,180,0.88468930172966,5,TRUE
202002,"outer","Q271",1561,1561,0,15,TRUE
202002,"outer","Q272",1561,1561,0,8,TRUE
202002,"outer","Q273R1",1561,1561,0,7,TRUE
202002,"outer","Q273R2",1561,1561,0,7,TRUE
202002,"outer","Q273R3",1561,1561,0,7,TRUE
202002,"outer","Q273R4",1561,1561,0,7,TRUE
202002,"outer","Q273R5",1561,1561,0,7,TRUE
202002,"outer","Q278",1561,1561,0,4,TRUE
202002,"outer","Q279",1561,1561,0,2,TRUE
202002,"outer","Q280",1561,1561,0,3,TRUE
202002,"outer","Q281R1",1561,1561,0,2,TRUE
202002,"outer","Q281R2",1561,1561,0,2,TRUE
202002,"outer","Q281R3",1561,1561,0,2,TRUE
202002,"outer","Q281R4",1561,1561,0,2,TRUE
202002,"outer","Q281R5",1561,1561,0,2,TRUE
202002,"outer","Q281R6",1561,1561,0,2,TRUE
202002,"outer","Q281R7",1561,1561,0,2,TRUE
202002,"outer","Q281R8",1561,1561,0,2,TRUE
202002,"outer","Q281R9",1561,1561,0,2,TRUE
202002,"outer","Q282",1561,770,0.506726457399103,3,TRUE
202002,"outer","Q283",1561,791,0.493273542600897,3,TRUE
202002,"outer","Q284",1561,115,0.926329276105061,3,FALSE
202002,"outer","Q285",1561,780,0.500320307495195,4,TRUE
202002,"outer","Q286",1561,781,0.499679692504805,5,TRUE
202002,"outer","Q287R1",1561,561,0.640614990390775,14,TRUE
202002,"outer","Q287R2",1561,561,0.640614990390775,5,TRUE
202002,"outer","Q287R3",1561,561,0.640614990390775,5,TRUE
202002,"outer","Q287R4",1561,561,0.640614990390775,5,TRUE
202002,"outer","Q287R5",1561,561,0.640614990390775,5,TRUE
202002,"outer","Q287R6",1561,561,0.640614990390775,36,TRUE
202002,"outer","Q287R7",1561,561,0.640614990390775,5,TRUE
202002,"outer","Q294",1561,561,0.640614990390775,7,TRUE
202002,"outer","Q295R1",1561,533,0.658552210121717,96,TRUE
202002,"outer","Q295R2",1561,533,0.658552210121717,48,TRUE
202002,"outer","Q295R3",1561,533,0.658552210121717,63,TRUE
202002,"outer","Q295R4",1561,532,0.659192825112108,51,TRUE
202002,"outer","Q295R5",1561,533,0.658552210121717,40,TRUE
202002,"outer","Q295R6",1561,250,0.839846252402306,30,TRUE
202002,"outer","Q301R1",1561,467,0.700832799487508,85,TRUE
202002,"outer","Q301R2",1561,467,0.700832799487508,41,TRUE
202002,"outer","Q301R3",1561,467,0.700832799487508,56,TRUE
202002,"outer","Q301R4",1561,467,0.700832799487508,40,TRUE
202002,"outer","Q301R5",1561,467,0.700832799487508,32,TRUE
202002,"outer","Q301R6",1561,467,0.700832799487508,38,TRUE
202002,"outer","Q301R7",1561,467,0.700832799487508,32,TRUE
202002,"outer","Q308R1",1561,1561,0,101,TRUE
202002,"outer","Q308R2",1561,1561,0,101,TRUE
202002,"outer","Q308R3",1561,1561,0,99,TRUE
202002,"outer","Q308R4",1561,1561,0,100,TRUE
202002,"outer","Q308R5",1561,1561,0,101,TRUE
202002,"outer","Q308R6",1561,1561,0,101,TRUE
202002,"outer","Q308R7",1561,1561,0,101,TRUE
202002,"outer","Q315",1561,1561,0,36,TRUE
202002,"outer","Q316R1",1561,1561,0,5,TRUE
202002,"outer","Q316R2",1561,1561,0,5,TRUE
202002,"outer","Q316R3",1561,1561,0,5,TRUE
202002,"outer","Q316R4",1561,1561,0,5,TRUE
202002,"outer","Q316R5",1561,1561,0,5,TRUE
202002,"outer","Q316R6",1561,1561,0,5,TRUE
202002,"outer","Q316R7",1561,1561,0,5,TRUE
202002,"outer","Q323_BLW",1561,1561,0,75,TRUE
202002,"outer","Q323_API",1561,0,1,0,FALSE
202002,"outer","Q323_NINH",1561,0,1,0,FALSE
202002,"outer","Q324",1561,1561,0,75,TRUE
202002,"outer","Q325_BLW",1561,1561,0,75,TRUE
202002,"outer","Q325_API",1561,0,1,0,FALSE
202002,"outer","Q325_NINH",1561,0,1,0,FALSE
202002,"outer","Q326R1",1561,1561,0,60,TRUE
202002,"outer","Q326R2",1561,0,1,0,FALSE
202002,"outer","Q326R3",1561,0,1,0,FALSE
202002,"outer","Q326R4",1561,1561,0,138,TRUE
202002,"outer","Q326R5",1561,1561,0,60,TRUE
202002,"outer","Q326R6",1561,0,1,0,FALSE
202002,"outer","Q326R7",1561,0,1,0,FALSE
202002,"outer","Q329R1",1561,133,0.914798206278027,3,FALSE
202002,"outer","Q329R2",1561,405,0.740550928891736,3,TRUE
202002,"outer","Q329R3",1561,666,0.573350416399744,3,TRUE
202002,"outer","Q329R4",1561,181,0.88404868673927,3,TRUE
202002,"outer","Q329R5",1561,749,0.520179372197309,3,TRUE
202002,"outer","Q329R6",1561,112,0.928251121076233,3,FALSE
202002,"outer","Q329R7",1561,572,0.633568225496477,3,TRUE
202002,"outer","Q329R8",1561,677,0.566303651505445,3,TRUE
202002,"outer","Q329R9",1561,544,0.651505445227418,3,TRUE
202002,"outer","Q329R10",1561,644,0.587443946188341,3,TRUE
202002,"outer","Q330",1561,1561,0,90,TRUE
202002,"outer","Q331",1561,1561,0,89,TRUE
202002,"outer","Q332",1561,1561,0,97,TRUE
202002,"outer","Q333",1561,1561,0,3,TRUE
202002,"outer","Q334",1561,358,0.770659833440102,3,TRUE
202002,"outer","Q335",1561,826,0.47085201793722,3,TRUE
202002,"outer","Q336R1C1",1561,18,0.988468930172966,8,FALSE
202002,"outer","Q336R2C1",1561,18,0.988468930172966,7,FALSE
202002,"outer","Q336R3C1",1561,18,0.988468930172966,8,FALSE
202002,"outer","Q339",1561,1561,0,3,TRUE
202002,"outer","Q340",1561,1561,0,1561,TRUE
202002,"outer","Q341R1",1561,1561,0,1502,TRUE
202002,"outer","Q341R2",1561,1561,0,1502,TRUE
202002,"outer","Q343R1",1561,1561,0,4,TRUE
202002,"outer","Q343R2",1561,1561,0,4,TRUE
202002,"outer","Q343R3",1561,1561,0,4,TRUE
202002,"outer","Q343R4",1561,1561,0,4,TRUE
202002,"outer","Q347",1561,1561,0,12,TRUE
202002,"outer","Q348",1561,1561,0,41,TRUE
202002,"outer","Q349",1561,1561,0,15,TRUE
202002,"outer","Q350",1561,1561,0,4,TRUE
202002,"outer","Q351",1561,1561,0,4,TRUE
202002,"outer","Q352",1561,1561,0,4,TRUE
202002,"outer","Q353",1561,6,0.996156310057655,2,FALSE
202002,"outer","Q354",1561,6,0.996156310057655,3,FALSE
202002,"outer","Q355R1",1561,6,0.996156310057655,2,FALSE
202002,"outer","Q355R2",1561,6,0.996156310057655,2,FALSE
202002,"outer","Q355R3",1561,6,0.996156310057655,2,FALSE
202002,"outer","Q355R4",1561,6,0.996156310057655,2,FALSE
202002,"outer","Q355R5",1561,6,0.996156310057655,2,FALSE
202002,"outer","Q355R6",1561,6,0.996156310057655,2,FALSE
202002,"outer","Q355R7",1561,6,0.996156310057655,2,FALSE
202002,"outer","Q355R8",1561,6,0.996156310057655,1,FALSE
202002,"outer","Q355R9",1561,6,0.996156310057655,2,FALSE
202002,"outer","Q356",1561,1561,0,2,TRUE
202002,"outer","Q357",1561,170,0.891095451633568,4,TRUE
202002,"outer","Q358",1561,1561,0,5,TRUE
202002,"outer","Q359R1",1561,1561,0,15,TRUE
202002,"outer","Q359R2",1561,1561,0,15,TRUE
202002,"outer","Q359R3",1561,1561,0,5,TRUE
202002,"outer","Q359R4",1561,1561,0,5,TRUE
202002,"outer","Q363",1561,1561,0,5,TRUE
202002,"outer","Q364",1561,809,0.481742472773863,4,TRUE
202002,"outer","Q365",1561,752,0.518257527226137,4,TRUE
202002,"outer","Q366R1",1561,1561,0,2,TRUE
202002,"outer","Q366R2",1561,1561,0,2,TRUE
202002,"outer","Q366R3",1561,1561,0,2,TRUE
202002,"outer","Q366R4",1561,1561,0,2,TRUE
202002,"outer","Q367",1561,1561,0,2,TRUE
202002,"outer","Q368",1561,1561,0,5,TRUE
202002,"outer","Q369",1561,530,0.660474055092889,2,TRUE
202002,"outer","Q370",1561,530,0.660474055092889,3,TRUE
202002,"outer","Q371",1561,1561,0,2,TRUE
202002,"outer","Q372",1561,1561,0,4,TRUE
202002,"outer","Q373",1561,6,0.996156310057655,4,FALSE
202002,"outer","Q374",1561,6,0.996156310057655,3,FALSE
202002,"outer","Q375",1561,6,0.996156310057655,3,FALSE
202002,"outer","Q376",1561,6,0.996156310057655,3,FALSE
202002,"outer","Q377",1561,602,0.614349775784753,5,TRUE
202002,"outer","Q378",1561,602,0.614349775784753,5,TRUE
202002,"outer","Q379",1561,602,0.614349775784753,5,TRUE
202002,"outer","Q380",1561,602,0.614349775784753,5,TRUE
202002,"outer","Q381_Q383R1",1561,1561,0,7,TRUE
202002,"outer","Q381_Q383R2",1561,1561,0,7,TRUE
202002,"outer","Q381_Q383R3",1561,1561,0,7,TRUE
202002,"outer","Q384R1",1561,1561,0,7,TRUE
202002,"outer","Q385",1561,1561,0,7,TRUE
202002,"outer","Q386_Q390R1",1561,602,0.614349775784753,5,TRUE
202002,"outer","Q386_Q390R2",1561,602,0.614349775784753,5,TRUE
202002,"outer","Q386_Q390R3",1561,602,0.614349775784753,5,TRUE
202002,"outer","Q386_Q390R4",1561,602,0.614349775784753,5,TRUE
202002,"outer","Q386_Q390R5",1561,602,0.614349775784753,5,TRUE
202002,"outer","Q391_Q393R1",1561,180,0.88468930172966,4,TRUE
202002,"outer","Q391_Q393R2",1561,180,0.88468930172966,4,TRUE
202002,"outer","Q391_Q393R3",1561,180,0.88468930172966,4,TRUE
202002,"outer","Q394",1561,180,0.88468930172966,6,TRUE
202002,"outer","Q395",1561,1561,0,12,TRUE
202002,"outer","Q396_Q398R1",1561,1561,0,5,TRUE
202002,"outer","Q396_Q398R2",1561,1561,0,5,TRUE
202002,"outer","Q396_Q398R3",1561,1561,0,5,TRUE
202002,"outer","Q399",1561,1561,0,3,TRUE
202002,"outer","Q400",1561,1561,0,3,TRUE
202002,"outer","Q401_Q404R1",1561,813,0.4791800128123,5,TRUE
202002,"outer","Q401_Q404R2",1561,813,0.4791800128123,5,TRUE
202002,"outer","Q401_Q404R3",1561,813,0.4791800128123,5,TRUE
202002,"outer","Q401_Q404R4",1561,813,0.4791800128123,5,TRUE
202002,"outer","Q405",1561,180,0.88468930172966,7,TRUE
202002,"outer","Q406",1561,1561,0,3,TRUE
202002,"outer","Q407R1",1561,689,0.558616271620756,2,TRUE
202002,"outer","Q407R2",1561,689,0.558616271620756,2,TRUE
202002,"outer","Q407R3",1561,689,0.558616271620756,2,TRUE
202002,"outer","Q407R4",1561,689,0.558616271620756,2,TRUE
202002,"outer","Q407R5",1561,689,0.558616271620756,2,TRUE
202002,"outer","Q408",1561,1561,0,5,TRUE
202002,"outer","Q409",1561,1561,0,5,TRUE
202002,"outer","Q410",1561,1561,0,5,TRUE
202002,"outer","Q411_Q416R1",1561,1561,0,5,TRUE
202002,"outer","Q411_Q416R2",1561,1561,0,5,TRUE
202002,"outer","Q411_Q416R3",1561,1561,0,5,TRUE
202002,"outer","Q411_Q416R4",1561,1561,0,5,TRUE
202002,"outer","Q411_Q416R5",1561,1561,0,5,TRUE
202002,"outer","Q411_Q416R6",1561,1561,0,5,TRUE
202002,"outer","Q417_Q424R1",1561,294,0.811659192825112,6,TRUE
202002,"outer","Q417_Q424R2",1561,308,0.802690582959641,6,TRUE
202002,"outer","Q417_Q424R3",1561,294,0.811659192825112,6,TRUE
202002,"outer","Q417_Q424R4",1561,308,0.802690582959641,6,TRUE
202002,"outer","Q417_Q424R5",1561,294,0.811659192825112,6,TRUE
202002,"outer","Q417_Q424R6",1561,308,0.802690582959641,6,TRUE
202002,"outer","Q417_Q424R7",1561,294,0.811659192825112,6,TRUE
202002,"outer","Q417_Q424R8",1561,308,0.802690582959641,6,TRUE
202002,"outer","Q425",1561,1561,0,6,TRUE
202002,"outer","Q428R1",1561,1063,0.319026265214606,99,TRUE
202002,"outer","Q428R2",1561,1063,0.319026265214606,57,TRUE
202002,"outer","Q428R3",1561,1063,0.319026265214606,95,TRUE
202002,"outer","Q428R4",1561,1063,0.319026265214606,44,TRUE
202002,"outer","Q428R6",1561,1063,0.319026265214606,32,TRUE
202002,"outer","Q428R5",1561,1063,0.319026265214606,39,TRUE
202002,"outer","Q429_Q440R1",1561,1561,0,4,TRUE
202002,"outer","Q429_Q440R2",1561,1561,0,4,TRUE
202002,"outer","Q429_Q440R3",1561,1561,0,4,TRUE
202002,"outer","Q429_Q440R4",1561,1561,0,4,TRUE
202002,"outer","Q429_Q440R5",1561,1561,0,4,TRUE
202002,"outer","Q429_Q440R6",1561,1561,0,4,TRUE
202002,"outer","Q429_Q440R7",1561,1561,0,4,TRUE
202002,"outer","Q429_Q440R8",1561,1561,0,4,TRUE
202002,"outer","Q429_Q440R9",1561,1561,0,4,TRUE
202002,"outer","Q429_Q440R10",1561,1561,0,4,TRUE
202002,"outer","Q429_Q440R11",1561,1561,0,4,TRUE
202002,"outer","Q429_Q440R12",1561,1561,0,4,TRUE
202002,"outer","Q441_Q452R1",1561,1561,0,3,TRUE
202002,"outer","Q441_Q452R2",1561,1561,0,3,TRUE
202002,"outer","Q441_Q452R3",1561,1561,0,3,TRUE
202002,"outer","Q441_Q452R4",1561,1561,0,3,TRUE
202002,"outer","Q441_Q452R5",1561,1561,0,3,TRUE
202002,"outer","Q441_Q452R6",1561,1561,0,3,TRUE
202002,"outer","Q441_Q452R7",1561,1561,0,3,TRUE
202002,"outer","Q441_Q452R8",1561,1561,0,3,TRUE
202002,"outer","Q441_Q452R9",1561,1561,0,3,TRUE
202002,"outer","Q441_Q452R10",1561,1561,0,3,TRUE
202002,"outer","Q441_Q452R11",1561,1561,0,3,TRUE
202002,"outer","Q441_Q452R12",1561,1561,0,3,TRUE
202002,"outer","Q453",1561,1561,0,6,TRUE
202002,"outer","Q454",1561,1021,0.345932094811019,4,TRUE
202002,"outer","Q455",1561,1021,0.345932094811019,3,TRUE
202002,"outer","Q456_Q461R1",1561,1561,0,5,TRUE
202002,"outer","Q456_Q461R2",1561,1561,0,5,TRUE
202002,"outer","Q456_Q461R3",1561,1561,0,5,TRUE
202002,"outer","Q456_Q461R4",1561,1561,0,5,TRUE
202002,"outer","Q456_Q461R5",1561,1561,0,5,TRUE
202002,"outer","Q456_Q461R6",1561,1561,0,5,TRUE
202002,"outer","Q462",1561,1561,0,3,TRUE
202002,"outer","Q463",1561,1561,0,4,TRUE
202002,"outer","Q464",1561,136,0.912876361306855,2,FALSE
202002,"outer","Q465R1",1561,136,0.912876361306855,2,FALSE
202002,"outer","Q465R2",1561,136,0.912876361306855,2,FALSE
202002,"outer","Q466",1561,1561,0,4,TRUE
202002,"outer","Q467_Q469R1",1561,1561,0,2,TRUE
202002,"outer","Q467_Q469R2",1561,1561,0,2,TRUE
202002,"outer","Q467_Q469R3",1561,1561,0,2,TRUE
202002,"outer","Q470",1561,1561,0,2,TRUE
202002,"outer","Q471R6",1561,178,0.885970531710442,2,TRUE
202002,"outer","Q471R7",1561,178,0.885970531710442,2,TRUE
202002,"outer","Q471R8",1561,178,0.885970531710442,2,TRUE
202002,"outer","Q471R9",1561,178,0.885970531710442,2,TRUE
202002,"outer","Q472_Q474R1",1561,1561,0,7,TRUE
202002,"outer","Q472_Q474R2",1561,1561,0,7,TRUE
202002,"outer","Q472_Q474R3",1561,1561,0,7,TRUE
202002,"outer","Q475R1",1561,1497,0.0409993593850096,7,TRUE
202002,"outer","Q475R2",1561,1497,0.0409993593850096,7,TRUE
202002,"outer","Q475R3",1561,1537,0.0153747597693786,7,TRUE
202002,"outer","Q475R4",1561,1542,0.0121716848174247,7,TRUE
202002,"outer","Q475R5",1561,1493,0.0435618193465727,7,TRUE
202002,"outer","Q475R6",1561,1517,0.0281870595771941,7,TRUE
202002,"outer","Q475R7",1561,1531,0.0192184497117233,7,TRUE
202002,"outer","Q476",1561,1561,0,4,TRUE
202002,"outer","Q477",1561,1561,0,3,TRUE
202002,"outer","Q478_Q483R1",1561,1561,0,7,TRUE
202002,"outer","Q478_Q483R2",1561,1561,0,7,TRUE
202002,"outer","Q478_Q483R3",1561,1561,0,7,TRUE
202002,"outer","Q478_Q483R4",1561,1561,0,7,TRUE
202002,"outer","Q478_Q483R5",1561,1561,0,7,TRUE
202002,"outer","Q478_Q483R6",1561,1561,0,7,TRUE
202002,"outer","Q484",1561,1561,0,3,TRUE
202002,"outer","Q485",1561,1561,0,4,TRUE
202002,"outer","Q486",1561,797,0.489429852658552,5,TRUE
202002,"outer","Q487_Q489R1",1561,454,0.709160794362588,6,TRUE
202002,"outer","Q487_Q489R2",1561,454,0.709160794362588,6,TRUE
202002,"outer","Q487_Q489R3",1561,454,0.709160794362588,6,TRUE
202002,"outer","Q490R1",1561,1561,0,2,TRUE
202002,"outer","Q490R2",1561,1561,0,2,TRUE
202002,"outer","Q490R3",1561,1561,0,2,TRUE
202002,"outer","Q490R4",1561,1561,0,2,TRUE
202002,"outer","Q490R5",1561,1561,0,2,TRUE
202002,"outer","Q490R6",1561,1561,0,2,TRUE
202002,"outer","Q490R7",1561,1561,0,2,TRUE
202002,"outer","Q490R8",1561,1561,0,2,TRUE
202002,"outer","Q491A",1561,349,0.77642536835362,3,TRUE
202002,"outer","Q491R1",1561,1561,0,2,TRUE
202002,"outer","Q491R2",1561,1561,0,2,TRUE
202002,"outer","Q491R3",1561,1561,0,2,TRUE
202002,"outer","Q491R4",1561,1561,0,2,TRUE
202002,"outer","Q491R5",1561,1561,0,2,TRUE
202002,"outer","Q491R6",1561,1561,0,2,TRUE
202002,"outer","Q491R7",1561,1561,0,2,TRUE
202002,"outer","Q492",1561,1561,0,4,TRUE
202002,"outer","Q493",1561,1561,0,4,TRUE
202002,"outer","Q494_Q503R1",1561,1561,0,3,TRUE
202002,"outer","Q494_Q503R2",1561,1561,0,3,TRUE
202002,"outer","Q494_Q503R3",1561,1561,0,3,TRUE
202002,"outer","Q494_Q503R4",1561,1561,0,3,TRUE
202002,"outer","Q494_Q503R5",1561,1561,0,3,TRUE
202002,"outer","Q494_Q503R6",1561,1561,0,3,TRUE
202002,"outer","Q494_Q503R7",1561,1561,0,3,TRUE
202002,"outer","Q494_Q503R8",1561,1561,0,3,TRUE
202002,"outer","Q494_Q503R9",1561,1561,0,3,TRUE
202002,"outer","Q494_Q503R10",1561,1561,0,3,TRUE
202002,"outer","Q504R1",1561,1561,0,10,TRUE
202002,"outer","Q504R2",1561,1561,0,10,TRUE
202002,"outer","Q504R3",1561,1561,0,10,TRUE
202002,"outer","Q504R4",1561,1561,0,10,TRUE
202002,"outer","Q504R5",1561,1561,0,10,TRUE
202002,"outer","Q504R6",1561,1561,0,10,TRUE
202002,"outer","Q504R7",1561,1561,0,10,TRUE
202002,"outer","Q504R8",1561,1561,0,10,TRUE
202002,"outer","Q504R11",1561,1561,0,10,TRUE
202002,"outer","Q504R12",1561,1561,0,10,TRUE
202002,"outer","Q505_Q508R1",1561,1561,0,4,TRUE
202002,"outer","Q505_Q508R2",1561,1561,0,4,TRUE
202002,"outer","Q505_Q508R3",1561,1561,0,4,TRUE
202002,"outer","Q505_Q508R4",1561,1561,0,4,TRUE
202002,"outer","Q509_Q511R1",1561,1561,0,4,TRUE
202002,"outer","Q509_Q511R2",1561,1561,0,4,TRUE
202002,"outer","Q509_Q511R3",1561,1561,0,4,TRUE
202002,"outer","Q512R1",1561,1561,0,3,TRUE
202002,"outer","Q512R2",1561,1561,0,3,TRUE
202002,"outer","Q512R3",1561,1561,0,3,TRUE
202002,"outer","Q513_Q516R1",1561,1561,0,5,TRUE
202002,"outer","Q513_Q516R2",1561,1561,0,5,TRUE
202002,"outer","Q513_Q516R3",1561,1561,0,5,TRUE
202002,"outer","Q517",1561,771,0.506085842408712,15,TRUE
202002,"outer","Q518",1561,790,0.493914157591288,15,TRUE
202002,"outer","Q519",1561,771,0.506085842408712,15,TRUE
202002,"outer","Q520",1561,790,0.493914157591288,15,TRUE
202002,"outer","Q521_Q528R1",1561,1561,0,5,TRUE
202002,"outer","Q521_Q528R2",1561,1561,0,5,TRUE
202002,"outer","Q521_Q528R3",1561,1561,0,5,TRUE
202002,"outer","Q521_Q528R4",1561,1561,0,5,TRUE
202002,"outer","Q521_Q528R5",1561,1561,0,5,TRUE
202002,"outer","Q521_Q528R6",1561,1561,0,5,TRUE
202002,"outer","Q521_Q528R7",1561,1561,0,5,TRUE
202002,"outer","Q521_Q528R8",1561,1561,0,5,TRUE
202002,"outer","Q529",1561,1561,0,4,TRUE
202002,"outer","Q530",1561,677,0.566303651505445,2,TRUE
202002,"outer","Q531",1561,175,0.887892376681614,2,TRUE
202002,"outer","Q532",1561,144,0.907751441383728,5,FALSE
202002,"outer","Q533",1561,126,0.919282511210762,5,FALSE
202002,"outer","Q534R1",1561,1561,0,2,TRUE
202002,"outer","Q534R2",1561,1561,0,2,TRUE
202002,"outer","Q534R3",1561,1561,0,2,TRUE
202002,"outer","Q534R4",1561,1561,0,2,TRUE
202002,"outer","Q534R5",1561,1561,0,2,TRUE
202002,"outer","Q535_Q538R1",1561,1561,0,5,TRUE
202002,"outer","Q535_Q538R2",1561,1561,0,5,TRUE
202002,"outer","Q535_Q538R3",1561,1561,0,5,TRUE
202002,"outer","Q535_Q538R4",1561,1561,0,5,TRUE
202002,"outer","Q539R1",1561,1561,0,101,TRUE
202002,"outer","Q539R2",1561,1561,0,68,TRUE
202002,"outer","Q539R3",1561,1561,0,94,TRUE
202002,"outer","Q539R4",1561,1561,0,48,TRUE
202002,"outer","Q539R6",1561,1561,0,33,TRUE
202002,"outer","Q539R5",1561,1561,0,34,TRUE
202002,"outer","Q540R1",1561,1561,0,95,TRUE
202002,"outer","Q541",1561,1561,0,2,TRUE
202002,"outer","Q542",1561,1561,0,2,TRUE
202002,"outer","Q543",1561,1561,0,2,TRUE
202002,"outer","Q544",1561,1561,0,2,TRUE
202002,"outer","Q545R7",1561,1561,0,7,TRUE
202002,"outer","Q546R7",1561,1561,0,7,TRUE
202002,"outer","Q547R7",1561,1561,0,7,TRUE
202002,"outer","Q548R7",1561,1561,0,7,TRUE
202002,"outer","Q549R7",1561,1561,0,7,TRUE
202002,"outer","Q550R1",1561,1561,0,2,TRUE
202002,"outer","Q550R2",1561,1561,0,2,TRUE
202002,"outer","Q550R3",1561,1561,0,2,TRUE
202002,"outer","Q550R4",1561,1561,0,2,TRUE
202002,"outer","Q550R5",1561,1561,0,2,TRUE
202002,"outer","Q550R6",1561,1561,0,2,TRUE
202002,"outer","Q551_Q559R1",1561,1561,0,5,TRUE
202002,"outer","Q551_Q559R2",1561,1561,0,5,TRUE
202002,"outer","Q551_Q559R3",1561,1561,0,5,TRUE
202002,"outer","Q551_Q559R4",1561,1561,0,5,TRUE
202002,"outer","Q551_Q559R5",1561,1561,0,5,TRUE
202002,"outer","Q551_Q559R6",1561,1561,0,5,TRUE
202002,"outer","Q551_Q559R7",1561,1561,0,5,TRUE
202002,"outer","Q551_Q559R8",1561,1561,0,5,TRUE
202002,"outer","Q551_Q559R9",1561,1561,0,5,TRUE
202002,"outer","Q560R1",1561,1561,0,8,TRUE
202002,"outer","Q560R2",1561,1561,0,8,TRUE
202002,"outer","Q560R3",1561,1561,0,8,TRUE
202002,"outer","Q560R4",1561,1561,0,8,TRUE
202002,"outer","Q560R5",1561,1561,0,8,TRUE
202002,"outer","Q560R6",1561,1561,0,8,TRUE
202002,"outer","Q560R7",1561,1561,0,8,TRUE
202002,"outer","Q560R8",1561,1561,0,8,TRUE
202002,"outer","Q561",1561,568,0.63613068545804,3,TRUE
202002,"outer","Q562",1561,1561,0,5,TRUE
202002,"outer","Q563_Q572R1",1561,1561,0,3,TRUE
202002,"outer","Q563_Q572R2",1561,1561,0,3,TRUE
202002,"outer","Q563_Q572R3",1561,1561,0,3,TRUE
202002,"outer","Q563_Q572R4",1561,1561,0,3,TRUE
202002,"outer","Q563_Q572R5",1561,1561,0,3,TRUE
202002,"outer","Q563_Q572R6",1561,1561,0,3,TRUE
202002,"outer","Q563_Q572R7",1561,1561,0,3,TRUE
202002,"outer","Q563_Q572R8",1561,1561,0,3,TRUE
202002,"outer","Q563_Q572R9",1561,1561,0,3,TRUE
202002,"outer","Q563_Q572R10",1561,1561,0,3,TRUE
202002,"outer","Q573",1561,1561,0,3,TRUE
202002,"outer","Q574",1561,1561,0,4,TRUE
202002,"outer","Q575_Q581R1",1561,1561,0,101,TRUE
202002,"outer","Q575_Q581R2",1561,1561,0,101,TRUE
202002,"outer","Q575_Q581R3",1561,1561,0,101,TRUE
202002,"outer","Q575_Q581R4",1561,1561,0,101,TRUE
202002,"outer","Q575_Q581R5",1561,1561,0,101,TRUE
202002,"outer","Q575_Q581R6",1561,1561,0,101,TRUE
202002,"outer","Q575_Q581R7",1561,1561,0,101,TRUE
202002,"outer","Q582",1561,1507,0.0345932094811019,5,TRUE
202002,"outer","Q583",1561,180,0.88468930172966,5,TRUE
202002,"outer","Q584",1561,1561,0,4,TRUE
202002,"outer","Q585_Q590R1",1561,180,0.88468930172966,2,TRUE
202002,"outer","Q585_Q590R2",1561,180,0.88468930172966,2,TRUE
202002,"outer","Q585_Q590R3",1561,180,0.88468930172966,2,TRUE
202002,"outer","Q585_Q590R4",1561,180,0.88468930172966,2,TRUE
202002,"outer","Q585_Q590R5",1561,180,0.88468930172966,2,TRUE
202002,"outer","Q585_Q590R6",1561,180,0.88468930172966,2,TRUE
202002,"outer","Q591_Q596R1",1561,1561,0,5,TRUE
202002,"outer","Q591_Q596R2",1561,1561,0,5,TRUE
202002,"outer","Q591_Q596R3",1561,1561,0,5,TRUE
202002,"outer","Q591_Q596R4",1561,1561,0,5,TRUE
202002,"outer","Q591_Q596R5",1561,1561,0,5,TRUE
202002,"outer","Q591_Q596R6",1561,1561,0,5,TRUE
202002,"outer","Q597_Q602R1",1561,1561,0,5,TRUE
202002,"outer","Q597_Q602R2",1561,1561,0,5,TRUE
202002,"outer","Q597_Q602R3",1561,1561,0,5,TRUE
202002,"outer","Q597_Q602R4",1561,1561,0,5,TRUE
202002,"outer","Q597_Q602R5",1561,1561,0,5,TRUE
202002,"outer","Q597_Q602R6",1561,1561,0,5,TRUE
202002,"outer","Q603R1",1561,1561,0,10,TRUE
202002,"outer","Q603R2",1561,1561,0,10,TRUE
202002,"outer","Q603R3",1561,1561,0,10,TRUE
202002,"outer","Q603R4",1561,1561,0,10,TRUE
202002,"outer","Q603R5",1561,1561,0,10,TRUE
202002,"outer","Q603R6",1561,1561,0,10,TRUE
202002,"outer","Q603R7",1561,1561,0,10,TRUE
202002,"outer","Q603R8",1561,1561,0,10,TRUE
202002,"outer","Q603R9",1561,1561,0,10,TRUE
202002,"outer","Q603R10",1561,1561,0,10,TRUE
202002,"outer","Q604_Q605R1",1561,1561,0,4,TRUE
202002,"outer","Q604_Q605R2",1561,1561,0,4,TRUE
202002,"outer","Q606R1",1561,1313,0.158872517616912,3,TRUE
202002,"outer","Q606R2",1561,816,0.477258167841127,3,TRUE
202002,"outer","Q606R3",1561,464,0.70275464445868,3,TRUE
202002,"outer","Q606R4",1561,1021,0.345932094811019,3,TRUE
202002,"outer","Q606R5",1561,416,0.733504163997438,3,TRUE
202002,"outer","Q606R6",1561,653,0.581678411274824,3,TRUE
202002,"outer","Q607_Q610R1",1561,1561,0,24,TRUE
202002,"outer","Q607_Q610R2",1561,1561,0,24,TRUE
202002,"outer","Q607_Q610R3",1561,1561,0,24,TRUE
202002,"outer","Q607_Q610R4",1561,1561,0,24,TRUE
202002,"outer","Q611",1561,1561,0,4,TRUE
202002,"outer","Q613",1561,1561,0,2,TRUE
202002,"outer","Q614",1561,1561,0,2,TRUE
202002,"outer","Q615",1561,1561,0,3,TRUE
202002,"outer","Q616_Q618R1",1561,1561,0,4,TRUE
202002,"outer","Q616_Q618R2",1561,1561,0,4,TRUE
202002,"outer","Q616_Q618R3",1561,1561,0,4,TRUE
202002,"outer","Q619_Q626R1",1561,1561,0,5,TRUE
202002,"outer","Q619_Q626R2",1561,1561,0,5,TRUE
202002,"outer","Q619_Q626R3",1561,1561,0,5,TRUE
202002,"outer","Q619_Q626R4",1561,1561,0,5,TRUE
202002,"outer","Q619_Q626R5",1561,1561,0,5,TRUE
202002,"outer","Q619_Q626R6",1561,1561,0,5,TRUE
202002,"outer","Q619_Q626R7",1561,1561,0,5,TRUE
202002,"outer","Q619_Q626R8",1561,1561,0,5,TRUE
202002,"outer","Q627",1561,1561,0,2,TRUE
202002,"outer","Q628",1561,181,0.88404868673927,3,TRUE
202002,"outer","Q629R1",1561,757,0.515054452274183,2,TRUE
202002,"outer","Q629R2",1561,757,0.515054452274183,2,TRUE
202002,"outer","Q629R3",1561,757,0.515054452274183,2,TRUE
202002,"outer","Q629R4",1561,757,0.515054452274183,2,TRUE
202002,"outer","Q629R5",1561,757,0.515054452274183,2,TRUE
202002,"outer","Q629R6",1561,757,0.515054452274183,2,TRUE
202002,"outer","Q629R7",1561,757,0.515054452274183,2,TRUE
202002,"outer","Q630_Q632R1",1561,1561,0,2,TRUE
202002,"outer","Q630_Q632R2",1561,1561,0,2,TRUE
202002,"outer","Q630_Q632R3",1561,1561,0,2,TRUE
202002,"outer","Q633",1561,1561,0,6,TRUE
202002,"outer","Q639",1561,1561,0,5,TRUE
202002,"outer","Q640_Q645R1",1561,194,0.87572069186419,2,TRUE
202002,"outer","Q640_Q645R2",1561,498,0.680973734785394,2,TRUE
202002,"outer","Q640_Q645R3",1561,498,0.680973734785394,2,TRUE
202002,"outer","Q640_Q645R4",1561,498,0.680973734785394,2,TRUE
202002,"outer","Q640_Q645R5",1561,498,0.680973734785394,2,TRUE
202002,"outer","Q640_Q645R6",1561,498,0.680973734785394,2,TRUE
202002,"outer","Q646_Q651R1",1561,525,0.663677130044843,2,TRUE
202002,"outer","Q646_Q651R2",1561,525,0.663677130044843,2,TRUE
202002,"outer","Q646_Q651R3",1561,525,0.663677130044843,2,TRUE
202002,"outer","Q646_Q651R4",1561,525,0.663677130044843,2,TRUE
202002,"outer","Q646_Q651R5",1561,525,0.663677130044843,2,TRUE
202002,"outer","Q646_Q651R6",1561,155,0.90070467648943,2,FALSE
202002,"outer","Q646_Q651R7",1561,155,0.90070467648943,2,FALSE
202002,"outer","Q646_Q651R8",1561,155,0.90070467648943,2,FALSE
202002,"outer","Q646_Q651R9",1561,155,0.90070467648943,2,FALSE
202002,"outer","Q646_Q651R10",1561,155,0.90070467648943,2,FALSE
202002,"outer","Q646_Q651R11",1561,155,0.90070467648943,2,FALSE
202002,"outer","Q652_Q658R1",1561,538,0.655349135169763,2,TRUE
202002,"outer","Q652_Q658R2",1561,538,0.655349135169763,2,TRUE
202002,"outer","Q652_Q658R3",1561,538,0.655349135169763,2,TRUE
202002,"outer","Q652_Q658R4",1561,538,0.655349135169763,2,TRUE
202002,"outer","Q652_Q658R5",1561,538,0.655349135169763,2,TRUE
202002,"outer","Q652_Q658R6",1561,538,0.655349135169763,2,TRUE
202002,"outer","Q652_Q658R7",1561,538,0.655349135169763,2,TRUE
202002,"outer","Q659R1",1561,478,0.69378603459321,2,TRUE
202002,"outer","Q659R2",1561,478,0.69378603459321,2,TRUE
202002,"outer","Q659R3",1561,478,0.69378603459321,2,TRUE
202002,"outer","Q659R4",1561,478,0.69378603459321,2,TRUE
202002,"outer","Q659R5",1561,478,0.69378603459321,2,TRUE
202002,"outer","Q659R6",1561,478,0.69378603459321,2,TRUE
202002,"outer","Q659R7",1561,478,0.69378603459321,2,TRUE
202002,"outer","Q659R8",1561,478,0.69378603459321,2,TRUE
202002,"outer","Q660",1561,1561,0,5,TRUE
202002,"outer","Q661",1561,1561,0,5,TRUE
202002,"outer","Q662R1",1561,1561,0,2,TRUE
202002,"outer","Q662R2",1561,1561,0,2,TRUE
202002,"outer","Q662R3",1561,1561,0,2,TRUE
202002,"outer","Q662R4",1561,1561,0,2,TRUE
202002,"outer","Q662R5",1561,1561,0,2,TRUE
202002,"outer","Q662R6",1561,1561,0,2,TRUE
202002,"outer","Q663_Q666R1",1561,1561,0,5,TRUE
202002,"outer","Q663_Q666R2",1561,1561,0,5,TRUE
202002,"outer","Q663_Q666R3",1561,1561,0,5,TRUE
202002,"outer","Q663_Q666R4",1561,1561,0,5,TRUE
202002,"outer","Q667_Q671R1",1561,1561,0,2,TRUE
202002,"outer","Q667_Q671R2",1561,1561,0,2,TRUE
202002,"outer","Q667_Q671R3",1561,1561,0,2,TRUE
202002,"outer","Q667_Q671R4",1561,1561,0,2,TRUE
202002,"outer","Q667_Q671R5",1561,1561,0,2,TRUE
202002,"outer","Q672",1561,1561,0,4,TRUE
202002,"outer","Q673",1561,1561,0,4,TRUE
202002,"outer","Q674R1",1561,1561,0,11,TRUE
202002,"outer","Q675",1561,1561,0,4,TRUE
202002,"outer","Q676_Q678R1",1561,224,0.856502242152466,5,TRUE
202002,"outer","Q676_Q678R2",1561,224,0.856502242152466,5,TRUE
202002,"outer","Q676_Q678R3",1561,224,0.856502242152466,5,TRUE
202002,"outer","Q679_Q682R1",1561,224,0.856502242152466,5,TRUE
202002,"outer","Q679_Q682R2",1561,224,0.856502242152466,5,TRUE
202002,"outer","Q679_Q682R3",1561,224,0.856502242152466,5,TRUE
202002,"outer","Q679_Q682R4",1561,224,0.856502242152466,5,TRUE
202002,"outer","Q683",1561,1561,0,4,TRUE
202002,"outer","Q684",1561,1561,0,2,TRUE
202002,"outer","Q685",1561,1561,0,3,TRUE
202002,"outer","Q686",1561,1561,0,2,TRUE
202002,"outer","Q687",1561,466,0.701473414477899,2,TRUE
202002,"outer","Q688",1561,441,0.717488789237668,3,TRUE
202002,"outer","Q689",1561,1561,0,3,TRUE
202002,"outer","Q690",1561,1561,0,5,TRUE
202002,"outer","Q691",1561,1561,0,5,TRUE
202002,"outer","Q692",1561,1561,0,2,TRUE
202002,"outer","Q693_Q700R1",1561,1561,0,12,TRUE
202002,"outer","Q693_Q700R2",1561,1561,0,12,TRUE
202002,"outer","Q693_Q700R3",1561,1561,0,12,TRUE
202002,"outer","Q693_Q700R4",1561,1561,0,12,TRUE
202002,"outer","Q693_Q700R5",1561,1561,0,12,TRUE
202002,"outer","Q693_Q700R6",1561,1561,0,12,TRUE
202002,"outer","Q693_Q700R7",1561,1561,0,12,TRUE
202002,"outer","Q693_Q700R8",1561,1561,0,12,TRUE
202002,"outer","Q701_Q705R1",1561,1561,0,6,TRUE
202002,"outer","Q701_Q705R2",1561,1561,0,6,TRUE
202002,"outer","Q701_Q705R3",1561,1561,0,6,TRUE
202002,"outer","Q701_Q705R4",1561,1561,0,6,TRUE
202002,"outer","Q701_Q705R5",1561,1561,0,6,TRUE
202002,"outer","Q706_Q708R1",1561,1561,0,5,TRUE
202002,"outer","Q706_Q708R2",1561,1561,0,5,TRUE
202002,"outer","Q706_Q708R3",1561,1561,0,5,TRUE
202002,"outer","Q709_712R1",1561,1561,0,4,TRUE
202002,"outer","Q709_712R2",1561,1561,0,4,TRUE
202002,"outer","Q709_712R3",1561,1561,0,4,TRUE
202002,"outer","Q709_712R4",1561,1561,0,12,TRUE
202002,"outer","Q713",1561,1561,0,4,TRUE
202002,"outer","Q714",1561,1561,0,4,TRUE
202002,"outer","Q715_718R1",1561,1561,0,3,TRUE
202002,"outer","Q715_718R2",1561,1561,0,6,TRUE
202002,"outer","Q715_718R3",1561,1561,0,3,TRUE
202002,"outer","Q715_718R4",1561,1561,0,3,TRUE
202002,"outer","Q719",1561,1561,0,2,TRUE
202002,"outer","Q720_Q722R1",1561,1561,0,5,TRUE
202002,"outer","Q720_Q722R2",1561,1561,0,5,TRUE
202002,"outer","Q720_Q722R3",1561,1561,0,5,TRUE
202002,"outer","Q723_Q725R1",1561,1561,0,5,TRUE
202002,"outer","Q723_Q725R2",1561,1561,0,5,TRUE
202002,"outer","Q723_Q725R3",1561,1561,0,5,TRUE
202002,"outer","Q726",1561,1561,0,5,TRUE
202002,"outer","Q727_Q731R1",1561,1561,0,8,TRUE
202002,"outer","Q727_Q731R2",1561,1561,0,8,TRUE
202002,"outer","Q727_Q731R3",1561,1561,0,8,TRUE
202002,"outer","Q727_Q731R4",1561,1561,0,8,TRUE
202002,"outer","Q727_Q731R5",1561,1561,0,8,TRUE
202002,"outer","Q732_Q737R1",1561,180,0.88468930172966,7,TRUE
202002,"outer","Q732_Q737R2",1561,180,0.88468930172966,7,TRUE
202002,"outer","Q732_Q737R3",1561,180,0.88468930172966,7,TRUE
202002,"outer","Q732_Q737R4",1561,180,0.88468930172966,7,TRUE
202002,"outer","Q732_Q737R5",1561,180,0.88468930172966,7,TRUE
202002,"outer","Q732_Q737R6",1561,180,0.88468930172966,7,TRUE
202002,"outer","Q738_Q740R1",1561,180,0.88468930172966,7,TRUE
202002,"outer","Q738_Q740R2",1561,180,0.88468930172966,7,TRUE
202002,"outer","Q738_Q740R3",1561,180,0.88468930172966,7,TRUE
202002,"outer","Q741",1561,1561,0,6,TRUE
202002,"outer","Q742",1561,1010,0.352978859705317,75,TRUE
202002,"outer","Q743",1561,1026,0.342729019859065,4,TRUE
202002,"outer","Q744",1561,761,0.51249199231262,4,TRUE
202002,"outer","Q745",1561,265,0.830237027546445,3,TRUE
202002,"outer","Q746A",1561,174,0.888532991672005,5,TRUE
202002,"outer","Q746B",1561,1026,0.342729019859065,7,TRUE
202002,"outer","Q747",1561,1200,0.23126201153107,3,TRUE
202002,"outer","Q748",1561,1561,0,5,TRUE
202002,"outer","Q749",1561,1561,0,5,TRUE
202002,"outer","Q750R1",1561,1561,0,2,TRUE
202002,"outer","Q750R2",1561,1561,0,2,TRUE
202002,"outer","Q750R3",1561,1561,0,2,TRUE
202002,"outer","Q750R4",1561,1561,0,2,TRUE
202002,"outer","Q750R5",1561,1561,0,2,TRUE
202002,"outer","Q750R6",1561,1561,0,2,TRUE
202002,"outer","Q750R7",1561,1561,0,2,TRUE
202002,"outer","Q751R1",1561,1561,0,2,TRUE
202002,"outer","Q751R2",1561,1561,0,2,TRUE
202002,"outer","Q751R3",1561,1561,0,2,TRUE
202002,"outer","Q751R4",1561,1561,0,2,TRUE
202002,"outer","Q751R5",1561,1561,0,2,TRUE
202002,"outer","Q752",1561,191,0.877642536835362,4,TRUE
202002,"outer","Q753",1561,831,0.467648942985266,5,TRUE
202002,"outer","Q754_Q762R1C1",1561,1561,0,2,TRUE
202002,"outer","Q754_Q762R1C2",1561,1561,0,2,TRUE
202002,"outer","Q754_Q762R1C3",1561,1561,0,2,TRUE
202002,"outer","Q754_Q762R2C1",1561,1561,0,2,TRUE
202002,"outer","Q754_Q762R2C2",1561,1561,0,2,TRUE
202002,"outer","Q754_Q762R2C3",1561,1561,0,2,TRUE
202002,"outer","Q754_Q762R3C1",1561,1561,0,2,TRUE
202002,"outer","Q754_Q762R3C2",1561,1561,0,2,TRUE
202002,"outer","Q754_Q762R3C3",1561,1561,0,2,TRUE
202002,"outer","Q754_Q762R4C1",1561,1561,0,2,TRUE
202002,"outer","Q754_Q762R4C2",1561,1561,0,2,TRUE
202002,"outer","Q754_Q762R4C3",1561,1561,0,2,TRUE
202002,"outer","Q754_Q762R5C1",1561,1561,0,2,TRUE
202002,"outer","Q754_Q762R5C2",1561,1561,0,2,TRUE
202002,"outer","Q754_Q762R5C3",1561,1561,0,2,TRUE
202002,"outer","Q754_Q762R6C1",1561,1561,0,2,TRUE
202002,"outer","Q754_Q762R6C2",1561,1561,0,2,TRUE
202002,"outer","Q754_Q762R6C3",1561,1561,0,2,TRUE
202002,"outer","Q754_Q762R7C1",1561,1561,0,2,TRUE
202002,"outer","Q754_Q762R7C2",1561,1561,0,2,TRUE
202002,"outer","Q754_Q762R7C3",1561,1561,0,2,TRUE
202002,"outer","Q754_Q762R8C1",1561,1561,0,2,TRUE
202002,"outer","Q754_Q762R8C2",1561,1561,0,2,TRUE
202002,"outer","Q754_Q762R8C3",1561,1561,0,2,TRUE
202002,"outer","Q754_Q762R9C1",1561,1561,0,2,TRUE
202002,"outer","Q754_Q762R9C2",1561,1561,0,2,TRUE
202002,"outer","Q754_Q762R9C3",1561,1561,0,2,TRUE
202002,"outer","Q763_Q766R1",1561,502,0.678411274823831,2,TRUE
202002,"outer","Q763_Q766R2",1561,502,0.678411274823831,2,TRUE
202002,"outer","Q763_Q766R3",1561,502,0.678411274823831,2,TRUE
202002,"outer","Q763_Q766R4",1561,502,0.678411274823831,2,TRUE
202002,"outer","Q767_Q771R1",1561,364,0.766816143497758,2,TRUE
202002,"outer","Q767_Q771R2",1561,364,0.766816143497758,2,TRUE
202002,"outer","Q767_Q771R3",1561,364,0.766816143497758,2,TRUE
202002,"outer","Q767_Q771R4",1561,364,0.766816143497758,2,TRUE
202002,"outer","Q767_Q771R5",1561,364,0.766816143497758,2,TRUE
202002,"outer","Q773",1561,1561,0,111,TRUE
202002,"outer","VQ773",1561,1561,0,77,TRUE
202002,"outer","Q774",1561,1490,0.045483664317745,84,TRUE
202002,"outer","VQ774",1561,1490,0.045483664317745,58,TRUE
202002,"outer","Q775",1561,1561,0,4,TRUE
202002,"outer","Q777",1561,457,0.707238949391416,46,TRUE
202002,"outer","Q779",1561,1110,0.28891736066624,39,TRUE
202002,"outer","Q782",1561,902,0.422165278667521,44,TRUE
202002,"outer","Q785",1561,364,0.766816143497758,2,TRUE
202002,"outer","Q788",1561,364,0.766816143497758,30,TRUE
202002,"outer","Q790",1561,1214,0.222293401665599,43,TRUE
202002,"outer","Q793R1",1561,360,0.769378603459321,5,TRUE
202002,"outer","Q793R2",1561,359,0.770019218449712,5,TRUE
202002,"outer","Q793R3",1561,363,0.767456758488149,5,TRUE
202002,"outer","Q793R4",1561,349,0.77642536835362,5,TRUE
202002,"outer","Q793R5",1561,346,0.778347213324792,5,TRUE
202002,"outer","Q794R1",1561,1561,0,2,TRUE
202002,"outer","Q794R2",1561,1561,0,2,TRUE
202002,"outer","Q794R3",1561,1561,0,2,TRUE
202002,"outer","Q794R4",1561,1561,0,2,TRUE
202002,"outer","Q794R5",1561,1561,0,2,TRUE
202002,"outer","Q794R6",1561,1561,0,2,TRUE
202002,"outer","Q795",1561,1508,0.0339525944907111,4,TRUE
202002,"outer","Q796R1",1561,364,0.766816143497758,2,TRUE
202002,"outer","Q796R2",1561,364,0.766816143497758,2,TRUE
202002,"outer","Q796R3",1561,364,0.766816143497758,2,TRUE
202002,"outer","Q796R4",1561,364,0.766816143497758,2,TRUE
202002,"outer","Q796R5",1561,364,0.766816143497758,2,TRUE
202002,"outer","Q797R1",1561,1561,0,2,TRUE
202002,"outer","Q797R2",1561,1561,0,2,TRUE
202002,"outer","Q797R3",1561,1561,0,2,TRUE
202002,"outer","Q797R4",1561,1561,0,2,TRUE
202002,"outer","Q797R5",1561,1561,0,2,TRUE
202002,"outer","Q797R6",1561,1561,0,2,TRUE
202002,"outer","Q797R7",1561,1561,0,1,FALSE
202002,"outer","Q797R8",1561,1561,0,1,FALSE
202002,"outer","Q797R9",1561,1561,0,2,TRUE
202002,"outer","Q797R10",1561,1561,0,2,TRUE
202002,"outer","Q798R1",1561,1561,0,2,TRUE
202002,"outer","Q798R2",1561,1561,0,2,TRUE
202002,"outer","Q798R3",1561,1561,0,2,TRUE
202002,"outer","Q798R4",1561,1561,0,2,TRUE
202002,"outer","Q798R5",1561,1561,0,2,TRUE
202002,"outer","Q798R6",1561,1561,0,2,TRUE
202002,"outer","Q798R7",1561,1561,0,2,TRUE
202002,"outer","Q798R8",1561,1561,0,2,TRUE
202002,"outer","Q798R9",1561,1561,0,2,TRUE
202002,"outer","Q798R10",1561,1561,0,2,TRUE
202002,"outer","Q799R1C1",1561,593,0.62011531069827,11,TRUE
202002,"outer","Q799R2C1",1561,418,0.732222934016656,10,TRUE
202002,"outer","Q799R3C1",1561,786,0.496476617552851,11,TRUE
202002,"outer","Q799R4C1",1561,373,0.761050608584241,6,TRUE
202002,"outer","Q799R5C1",1561,405,0.740550928891736,6,TRUE
202002,"outer","Q799R6C1",1561,368,0.764253683536195,3,TRUE
202002,"outer","Q799R7C1",1561,367,0.764894298526586,5,TRUE
202002,"outer","Q799R8C1",1561,366,0.765534913516976,6,TRUE
202002,"outer","Q800R1C1",1561,543,0.652146060217809,11,TRUE
202002,"outer","Q800R2C1",1561,398,0.745035233824471,9,TRUE
202002,"outer","Q800R3C1",1561,723,0.53683536194747,11,TRUE
202002,"outer","Q800R4C1",1561,368,0.764253683536195,6,TRUE
202002,"outer","Q800R5C1",1561,387,0.75208199871877,6,TRUE
202002,"outer","Q800R6C1",1561,363,0.767456758488149,4,TRUE
202002,"outer","Q800R7C1",1561,361,0.76873798846893,4,TRUE
202002,"outer","Q800R8C1",1561,356,0.771941063420884,5,TRUE
202002,"outer","Q801",1561,1561,0,9,TRUE
202002,"outer","Q802",1561,172,0.889814221652787,9,TRUE
202002,"outer","Q803",1561,1561,0,7,TRUE
202002,"outer","Q804",1561,1561,0,8,TRUE
202002,"outer","Q805",1561,1561,0,8,TRUE
202002,"outer","Q806",1561,364,0.766816143497758,68,TRUE
202002,"outer","Q807",1561,260,0.833440102498399,1,FALSE
202002,"outer","Q808",1561,1309,0.161434977578475,89,TRUE
202002,"outer","Q809",1561,1197,0.233183856502242,5,TRUE
202002,"outer","Q810",1561,650,0.583600256245996,93,TRUE
202002,"outer","Q811",1561,650,0.583600256245996,101,TRUE
202002,"outer","Q812",1561,765,0.509929532351057,6,TRUE
202002,"outer","Q813",1561,1561,0,13,TRUE
202002,"outer","Q814",1561,1561,0,6,TRUE
202002,"outer","Q815",1561,1561,0,8,TRUE
202002,"outer","Q816",1561,1561,0,5,TRUE
202002,"outer","Q817",1561,0,1,0,FALSE
202002,"outer","Q818",1561,222,0.857783472133248,4,TRUE
202002,"outer","Q819",1561,224,0.856502242152466,4,TRUE
202002,"outer","Q820",1561,1561,0,5,TRUE
202002,"outer","Q821J",1561,27,0.982703395259449,4,FALSE
202002,"outer","Q825J",1561,27,0.982703395259449,5,FALSE
202002,"outer","Q822J",1561,27,0.982703395259449,4,FALSE
202002,"outer","Q823J",1561,27,0.982703395259449,4,FALSE
202002,"outer","Q824J",1561,27,0.982703395259449,3,FALSE
202002,"outer","Q822K",1561,24,0.984625240230621,5,FALSE
202002,"outer","Q825K",1561,24,0.984625240230621,5,FALSE
202002,"outer","Q821K",1561,24,0.984625240230621,4,FALSE
202002,"outer","Q823K",1561,24,0.984625240230621,4,FALSE
202002,"outer","Q824K",1561,24,0.984625240230621,4,FALSE
202002,"outer","Q823L",1561,22,0.985906470211403,4,FALSE
202002,"outer","Q825L",1561,22,0.985906470211403,5,FALSE
202002,"outer","Q821L",1561,22,0.985906470211403,5,FALSE
202002,"outer","Q822L",1561,22,0.985906470211403,4,FALSE
202002,"outer","Q824L",1561,22,0.985906470211403,5,FALSE
202002,"outer","Q824M",1561,29,0.981422165278668,4,FALSE
202002,"outer","Q825M",1561,29,0.981422165278668,5,FALSE
202002,"outer","Q821M",1561,29,0.981422165278668,5,FALSE
202002,"outer","Q822M",1561,29,0.981422165278668,4,FALSE
202002,"outer","Q823M",1561,29,0.981422165278668,3,FALSE
202002,"outer","Q825N",1561,29,0.981422165278668,5,FALSE
202002,"outer","Q821N",1561,29,0.981422165278668,4,FALSE
202002,"outer","Q822N",1561,29,0.981422165278668,5,FALSE
202002,"outer","Q823N",1561,29,0.981422165278668,5,FALSE
202002,"outer","Q824N",1561,29,0.981422165278668,4,FALSE
202002,"outer","Q821",1561,131,0.916079436258808,5,FALSE
202002,"outer","Q822",1561,131,0.916079436258808,5,FALSE
202002,"outer","Q823",1561,131,0.916079436258808,5,FALSE
202002,"outer","Q824",1561,131,0.916079436258808,5,FALSE
202002,"outer","Q825",1561,0,1,0,FALSE
202002,"outer","Q826R1",1561,131,0.916079436258808,2,FALSE
202002,"outer","Q826R2",1561,131,0.916079436258808,2,FALSE
202002,"outer","Q826R3",1561,131,0.916079436258808,2,FALSE
202002,"outer","Q826R4",1561,131,0.916079436258808,2,FALSE
202002,"outer","Q826R5",1561,131,0.916079436258808,2,FALSE
202002,"outer","Q826R7",1561,131,0.916079436258808,2,FALSE
202002,"outer","Q826R6",1561,131,0.916079436258808,2,FALSE
202002,"outer","Q826A",1561,0,1,0,FALSE
202003,"inner","S1",1248,1248,0,2,TRUE
202003,"inner","S2_RACER1",1248,1248,0,2,TRUE
202003,"inner","S2_RACER2",1248,1248,0,1,FALSE
202003,"inner","S2_RACER3",1248,1248,0,2,TRUE
202003,"inner","S2_RACER4",1248,1248,0,1,FALSE
202003,"inner","S2_RACER5",1248,1248,0,1,FALSE
202003,"inner","S2_RACER6",1248,1248,0,1,FALSE
202003,"inner","S2_RACER7",1248,1248,0,1,FALSE
202003,"inner","S2_RACER8",1248,1248,0,1,FALSE
202003,"inner","S2_RACE_PRIME",1248,1248,0,3,TRUE
202003,"inner","S2_HISPANICR1",1248,0,1,0,FALSE
202003,"inner","S2_HISPANICR2",1248,0,1,0,FALSE
202003,"inner","S2_HISPANICR3",1248,0,1,0,FALSE
202003,"inner","S2_HISPANICR4",1248,0,1,0,FALSE
202003,"inner","S2_HISPANICR5",1248,0,1,0,FALSE
202003,"inner","S2_NATIVER1",1248,1248,0,2,TRUE
202003,"inner","S2_NATIVER2",1248,1248,0,2,TRUE
202003,"inner","S2_NATIVER3",1248,1248,0,2,TRUE
202003,"inner","S2_NATIVER4",1248,1248,0,2,TRUE
202003,"inner","S2_NATIVER5",1248,1248,0,2,TRUE
202003,"inner","S2_AFROLATR1",1248,1248,0,2,TRUE
202003,"inner","S2_AFROLATR2",1248,1248,0,2,TRUE
202003,"inner","S2_AFROLATR3",1248,1248,0,2,TRUE
202003,"inner","S2_AFROLATR4",1248,1248,0,2,TRUE
202003,"inner","S2_AFROLATR5",1248,1248,0,2,TRUE
202003,"inner","S3",1248,1248,0,6,TRUE
202003,"inner","S3B",1248,1248,0,3,TRUE
202003,"inner","S3C",1248,1248,0,3,TRUE
202003,"inner","S4",1248,1248,0,46,TRUE
202003,"inner","S5",1248,1248,0,67,TRUE
202003,"inner","S7",1248,1248,0,3,TRUE
202003,"inner","S8",1248,0,1,0,FALSE
202003,"inner","S8_PACIFIC",1248,0,1,0,FALSE
202003,"inner","S9",1248,42,0.966346153846154,9,FALSE
202003,"inner","S10",1248,1248,0,21,TRUE
202003,"inner","S10_MEX",1248,180,0.855769230769231,2,TRUE
202003,"inner","S11",1248,197,0.842147435897436,13,TRUE
202003,"inner","S12",1248,0,1,0,FALSE
202003,"inner","S2_M",1248,1248,0,2,TRUE
202003,"inner","S13",1248,1248,0,7,TRUE
202003,"inner","S14",1248,1248,0,5,TRUE
202003,"inner","Q58R1",1248,1247,0.000801282051282051,2,TRUE
202003,"inner","Q58R2",1248,1247,0.000801282051282051,2,TRUE
202003,"inner","Q58R3",1248,1247,0.000801282051282051,2,TRUE
202003,"inner","Q58R4",1248,1247,0.000801282051282051,2,TRUE
202003,"inner","Q58R5",1248,1247,0.000801282051282051,2,TRUE
202003,"inner","Q58R6",1248,1247,0.000801282051282051,2,TRUE
202003,"inner","Q58R7",1248,1247,0.000801282051282051,2,TRUE
202003,"inner","Q58R8",1248,1247,0.000801282051282051,2,TRUE
202003,"inner","Q58R9",1248,1247,0.000801282051282051,2,TRUE
202003,"inner","Q58R10",1248,1247,0.000801282051282051,2,TRUE
202003,"inner","Q58R11",1248,1247,0.000801282051282051,2,TRUE
202003,"inner","Q58R12",1248,1247,0.000801282051282051,2,TRUE
202003,"inner","Q58R13",1248,1247,0.000801282051282051,2,TRUE
202003,"inner","Q58R14",1248,1247,0.000801282051282051,2,TRUE
202003,"inner","Q58R15",1248,1247,0.000801282051282051,2,TRUE
202003,"inner","Q58R16",1248,1247,0.000801282051282051,2,TRUE
202003,"inner","Q58R17",1248,1247,0.000801282051282051,2,TRUE
202003,"inner","Q1R1",1248,1248,0,2,TRUE
202003,"inner","Q1R2",1248,1248,0,2,TRUE
202003,"inner","Q1R3",1248,1248,0,2,TRUE
202003,"inner","Q1R4",1248,1248,0,2,TRUE
202003,"inner","Q1R5",1248,1248,0,2,TRUE
202003,"inner","Q1R6",1248,1248,0,2,TRUE
202003,"inner","Q1R7",1248,1248,0,2,TRUE
202003,"inner","Q1R8",1248,1248,0,2,TRUE
202003,"inner","Q1R9",1248,1248,0,2,TRUE
202003,"inner","Q1R10",1248,1248,0,2,TRUE
202003,"inner","Q1R11",1248,1248,0,2,TRUE
202003,"inner","Q1R12",1248,1248,0,2,TRUE
202003,"inner","Q1R13",1248,1248,0,2,TRUE
202003,"inner","Q1R14",1248,1248,0,2,TRUE
202003,"inner","Q1R15",1248,1248,0,2,TRUE
202003,"inner","Q1R16",1248,1248,0,2,TRUE
202003,"inner","Q1R17",1248,1248,0,2,TRUE
202003,"inner","Q1R18",1248,1248,0,2,TRUE
202003,"inner","Q1R19",1248,1248,0,2,TRUE
202003,"inner","Q1R20",1248,1248,0,2,TRUE
202003,"inner","Q1R21",1248,1248,0,2,TRUE
202003,"inner","Q1R22",1248,1248,0,2,TRUE
202003,"inner","Q1R23",1248,1248,0,2,TRUE
202003,"inner","Q2R1",1248,1248,0,5,TRUE
202003,"inner","Q2R2",1248,1248,0,6,TRUE
202003,"inner","Q2R3",1248,1248,0,6,TRUE
202003,"inner","Q2R4",1248,1248,0,6,TRUE
202003,"inner","Q2R5",1248,1248,0,6,TRUE
202003,"inner","Q2R6",1248,1248,0,6,TRUE
202003,"inner","Q2R7",1248,1248,0,6,TRUE
202003,"inner","Q2R8",1248,1248,0,6,TRUE
202003,"inner","Q2R9",1248,1248,0,6,TRUE
202003,"inner","Q2R10",1248,1248,0,6,TRUE
202003,"inner","Q13",1248,1227,0.0168269230769231,4,TRUE
202003,"inner","Q15",1248,1248,0,3,TRUE
202003,"inner","Q16",1248,291,0.766826923076923,2,TRUE
202003,"inner","Q17",1248,291,0.766826923076923,2,TRUE
202003,"inner","Q18",1248,79,0.936698717948718,5,FALSE
202003,"inner","Q19",1248,79,0.936698717948718,4,FALSE
202003,"inner","Q20",1248,291,0.766826923076923,4,TRUE
202003,"inner","Q21",1248,1248,0,4,TRUE
202003,"inner","Q22",1248,914,0.267628205128205,4,TRUE
202003,"inner","Q23",1248,334,0.732371794871795,5,TRUE
202003,"inner","Q24",1248,261,0.790865384615385,4,TRUE
202003,"inner","Q25",1248,653,0.476762820512821,4,TRUE
202003,"inner","Q26",1248,306,0.754807692307692,4,TRUE
202003,"inner","Q27R1",1248,1248,0,2,TRUE
202003,"inner","Q27R2",1248,1248,0,2,TRUE
202003,"inner","Q27R3",1248,1248,0,2,TRUE
202003,"inner","Q27R4",1248,1248,0,2,TRUE
202003,"inner","Q27R5",1248,1248,0,2,TRUE
202003,"inner","Q27R6",1248,1248,0,2,TRUE
202003,"inner","Q27R7",1248,1248,0,2,TRUE
202003,"inner","Q27R8",1248,1248,0,2,TRUE
202003,"inner","Q27R9",1248,1248,0,2,TRUE
202003,"inner","Q27R10",1248,1248,0,2,TRUE
202003,"inner","Q27R11",1248,1248,0,2,TRUE
202003,"inner","Q27R12",1248,1248,0,2,TRUE
202003,"inner","Q27R13",1248,1248,0,2,TRUE
202003,"inner","Q27R14",1248,1248,0,2,TRUE
202003,"inner","Q27R15",1248,1248,0,2,TRUE
202003,"inner","Q27R16",1248,1248,0,2,TRUE
202003,"inner","Q27R17",1248,1248,0,2,TRUE
202003,"inner","Q27R18",1248,1248,0,2,TRUE
202003,"inner","Q27R19",1248,1248,0,2,TRUE
202003,"inner","Q28R1",1248,1248,0,2,TRUE
202003,"inner","Q28R2",1248,1248,0,2,TRUE
202003,"inner","Q28R3",1248,1248,0,2,TRUE
202003,"inner","Q28R4",1248,1248,0,2,TRUE
202003,"inner","Q28R5",1248,1248,0,2,TRUE
202003,"inner","Q28R6",1248,1248,0,2,TRUE
202003,"inner","Q28R7",1248,1248,0,2,TRUE
202003,"inner","Q28R8",1248,1248,0,2,TRUE
202003,"inner","Q28R9",1248,1248,0,2,TRUE
202003,"inner","Q28R10",1248,1248,0,2,TRUE
202003,"inner","Q28R11",1248,1248,0,2,TRUE
202003,"inner","Q28R12",1248,1248,0,2,TRUE
202003,"inner","Q28R13",1248,1248,0,2,TRUE
202003,"inner","Q28R14",1248,1248,0,2,TRUE
202003,"inner","Q28R15",1248,1248,0,2,TRUE
202003,"inner","Q28R16",1248,1248,0,2,TRUE
202003,"inner","Q28R17",1248,1248,0,2,TRUE
202003,"inner","Q28R18",1248,1248,0,2,TRUE
202003,"inner","Q28R19",1248,1248,0,2,TRUE
202003,"inner","Q29",1248,1248,0,4,TRUE
202003,"inner","Q30",1248,968,0.224358974358974,5,TRUE
202003,"inner","Q31",1248,280,0.775641025641026,5,TRUE
202003,"inner","Q32R1",1248,1229,0.015224358974359,9,TRUE
202003,"inner","Q32R2",1248,1220,0.0224358974358974,9,TRUE
202003,"inner","Q32R3",1248,1164,0.0673076923076923,9,TRUE
202003,"inner","Q32R4",1248,1161,0.0697115384615385,9,TRUE
202003,"inner","Q32R5",1248,1216,0.0256410256410256,9,TRUE
202003,"inner","Q32R6",1248,1208,0.032051282051282,9,TRUE
202003,"inner","Q32R7",1248,1167,0.0649038461538462,9,TRUE
202003,"inner","Q32R8",1248,1191,0.0456730769230769,9,TRUE
202003,"inner","Q32R9",1248,1194,0.0432692307692308,9,TRUE
202003,"inner","Q33R1",1248,1248,0,4,TRUE
202003,"inner","Q33R2",1248,1248,0,4,TRUE
202003,"inner","Q33R3",1248,1248,0,4,TRUE
202003,"inner","Q33R4",1248,1248,0,4,TRUE
202003,"inner","Q33R5",1248,1248,0,4,TRUE
202003,"inner","Q38R1",1248,1248,0,2,TRUE
202003,"inner","Q38R2",1248,1248,0,2,TRUE
202003,"inner","Q38R3",1248,1248,0,2,TRUE
202003,"inner","Q38R4",1248,1248,0,2,TRUE
202003,"inner","Q39R1",1248,724,0.419871794871795,2,TRUE
202003,"inner","Q39R2",1248,724,0.419871794871795,2,TRUE
202003,"inner","Q39R3",1248,724,0.419871794871795,2,TRUE
202003,"inner","Q39R4",1248,724,0.419871794871795,2,TRUE
202003,"inner","Q39R5",1248,724,0.419871794871795,2,TRUE
202003,"inner","Q39R6",1248,724,0.419871794871795,2,TRUE
202003,"inner","Q39R7",1248,724,0.419871794871795,2,TRUE
202003,"inner","Q40",1248,1248,0,4,TRUE
202003,"inner","Q41R1",1248,140,0.887820512820513,2,TRUE
202003,"inner","Q41R2",1248,140,0.887820512820513,2,TRUE
202003,"inner","Q41R3",1248,140,0.887820512820513,2,TRUE
202003,"inner","Q41R4",1248,140,0.887820512820513,2,TRUE
202003,"inner","Q42",1248,1248,0,4,TRUE
202003,"inner","Q43",1248,1248,0,6,TRUE
202003,"inner","Q44",1248,1248,0,4,TRUE
202003,"inner","Q45",1248,1248,0,4,TRUE
202003,"inner","Q46",1248,1248,0,4,TRUE
202003,"inner","Q47",1248,1248,0,4,TRUE
202003,"inner","Q48",1248,427,0.657852564102564,5,TRUE
202003,"inner","Q49",1248,419,0.66426282051282,5,TRUE
202003,"inner","Q50",1248,402,0.677884615384615,5,TRUE
202003,"inner","Q51",1248,605,0.515224358974359,3,TRUE
202003,"inner","Q52",1248,643,0.484775641025641,3,TRUE
202003,"inner","Q53",1248,1248,0,2,TRUE
202003,"inner","Q54",1248,1248,0,3,TRUE
202003,"inner","Q55",1248,1248,0,3,TRUE
202003,"inner","Q56",1248,1248,0,3,TRUE
202003,"inner","Q57",1248,1248,0,4,TRUE
202003,"inner","Q59",1248,1248,0,6,TRUE
202003,"inner","Q60R1",1248,1205,0.0344551282051282,2,TRUE
202003,"inner","Q60R2",1248,1205,0.0344551282051282,2,TRUE
202003,"inner","Q60R3",1248,1205,0.0344551282051282,2,TRUE
202003,"inner","Q60R4",1248,1205,0.0344551282051282,2,TRUE
202003,"inner","Q60R5",1248,1205,0.0344551282051282,2,TRUE
202003,"inner","Q60R6",1248,1205,0.0344551282051282,2,TRUE
202003,"inner","Q61",1248,1248,0,14,TRUE
202003,"inner","Q62R1",1248,1248,0,4,TRUE
202003,"inner","Q62R2",1248,1248,0,4,TRUE
202003,"inner","Q62R3",1248,1248,0,4,TRUE
202003,"inner","Q62R4",1248,1248,0,4,TRUE
202003,"inner","Q62R5",1248,1248,0,4,TRUE
202003,"inner","NEWQ67",1248,1248,0,4,TRUE
202003,"inner","Q67",1248,1248,0,8,TRUE
202003,"inner","Q68",1248,1248,0,4,TRUE
202003,"inner","Q69",1248,1248,0,5,TRUE
202003,"inner","Q70R1",1248,1248,0,5,TRUE
202003,"inner","Q70R2",1248,1248,0,5,TRUE
202003,"inner","Q70R3",1248,1248,0,5,TRUE
202003,"inner","Q70R4",1248,1248,0,5,TRUE
202003,"inner","Q70R5",1248,1248,0,5,TRUE
202003,"inner","Q75",1248,1248,0,5,TRUE
202003,"inner","Q76R1",1248,1248,0,6,TRUE
202003,"inner","Q76R2",1248,1248,0,6,TRUE
202003,"inner","Q76R3",1248,1248,0,6,TRUE
202003,"inner","Q76R4",1248,1248,0,6,TRUE
202003,"inner","Q76R5",1248,1248,0,6,TRUE
202003,"inner","Q76R6",1248,1248,0,6,TRUE
202003,"inner","Q77R1",1248,1248,0,5,TRUE
202003,"inner","Q77R2",1248,1248,0,5,TRUE
202003,"inner","Q77R3",1248,1248,0,5,TRUE
202003,"inner","Q77R4",1248,1248,0,5,TRUE
202003,"inner","Q77R5",1248,1248,0,5,TRUE
202003,"inner","Q77R6",1248,1248,0,5,TRUE
202003,"inner","Q77R7",1248,1248,0,5,TRUE
202003,"inner","Q77R8",1248,1248,0,5,TRUE
202003,"inner","Q77R9",1248,1248,0,5,TRUE
202003,"inner","Q78",1248,1248,0,5,TRUE
202003,"inner","Q79",1248,75,0.939903846153846,2,FALSE
202003,"inner","Q84",1248,1248,0,5,TRUE
202003,"inner","Q85",1248,160,0.871794871794872,5,TRUE
202003,"inner","Q85B",1248,160,0.871794871794872,2,TRUE
202003,"inner","Q86",1248,1248,0,5,TRUE
202003,"inner","Q87",1248,159,0.872596153846154,2,TRUE
202003,"inner","Q88",1248,159,0.872596153846154,2,TRUE
202003,"inner","Q93",1248,1248,0,5,TRUE
202003,"inner","Q94",1248,93,0.925480769230769,2,FALSE
202003,"inner","Q95",1248,1248,0,5,TRUE
202003,"inner","Q96R1",1248,97,0.922275641025641,2,FALSE
202003,"inner","Q96R2",1248,97,0.922275641025641,2,FALSE
202003,"inner","Q96R3",1248,97,0.922275641025641,2,FALSE
202003,"inner","Q96R4",1248,97,0.922275641025641,2,FALSE
202003,"inner","Q96R5",1248,97,0.922275641025641,2,FALSE
202003,"inner","Q96R6",1248,97,0.922275641025641,2,FALSE
202003,"inner","Q96R7",1248,97,0.922275641025641,2,FALSE
202003,"inner","Q96R8",1248,97,0.922275641025641,2,FALSE
202003,"inner","Q96R9",1248,97,0.922275641025641,2,FALSE
202003,"inner","Q96R10",1248,97,0.922275641025641,2,FALSE
202003,"inner","Q96R11",1248,97,0.922275641025641,2,FALSE
202003,"inner","Q96R12",1248,97,0.922275641025641,2,FALSE
202003,"inner","Q96R13",1248,97,0.922275641025641,2,FALSE
202003,"inner","Q96R14",1248,97,0.922275641025641,2,FALSE
202003,"inner","Q97",1248,1248,0,3,TRUE
202003,"inner","Q98R1",1248,168,0.865384615384615,2,TRUE
202003,"inner","Q98R2",1248,168,0.865384615384615,2,TRUE
202003,"inner","Q98R3",1248,168,0.865384615384615,2,TRUE
202003,"inner","Q98R4",1248,168,0.865384615384615,2,TRUE
202003,"inner","Q98R5",1248,168,0.865384615384615,2,TRUE
202003,"inner","Q98R6",1248,168,0.865384615384615,2,TRUE
202003,"inner","Q98R7",1248,168,0.865384615384615,2,TRUE
202003,"inner","Q98R8",1248,168,0.865384615384615,2,TRUE
202003,"inner","Q98R9",1248,168,0.865384615384615,2,TRUE
202003,"inner","Q98R10",1248,168,0.865384615384615,2,TRUE
202003,"inner","Q98R11",1248,168,0.865384615384615,2,TRUE
202003,"inner","Q99R1",1248,1248,0,5,TRUE
202003,"inner","Q99R2",1248,1248,0,5,TRUE
202003,"inner","Q99R3",1248,1248,0,5,TRUE
202003,"inner","Q99R4",1248,1248,0,5,TRUE
202003,"inner","Q99R5",1248,1248,0,5,TRUE
202003,"inner","Q99R6",1248,1248,0,5,TRUE
202003,"inner","Q99R7",1248,1248,0,5,TRUE
202003,"inner","Q99R8",1248,1248,0,5,TRUE
202003,"inner","Q99R9",1248,1248,0,5,TRUE
202003,"inner","Q99R10",1248,1248,0,5,TRUE
202003,"inner","Q99R11",1248,1248,0,5,TRUE
202003,"inner","Q110R1",1248,1248,0,1,FALSE
202003,"inner","Q110R2",1248,1248,0,2,TRUE
202003,"inner","Q110R3",1248,1248,0,2,TRUE
202003,"inner","Q110R4",1248,1248,0,2,TRUE
202003,"inner","Q110R5",1248,1248,0,2,TRUE
202003,"inner","Q110R6",1248,1248,0,2,TRUE
202003,"inner","Q110R7",1248,1248,0,2,TRUE
202003,"inner","Q110R8",1248,1248,0,2,TRUE
202003,"inner","Q111R1",1248,1248,0,5,TRUE
202003,"inner","Q111R2",1248,1248,0,5,TRUE
202003,"inner","Q111R3",1248,1248,0,5,TRUE
202003,"inner","Q111R4",1248,1248,0,5,TRUE
202003,"inner","Q111R5",1248,1248,0,5,TRUE
202003,"inner","Q116R1",1248,432,0.653846153846154,3,TRUE
202003,"inner","Q116R2",1248,455,0.635416666666667,3,TRUE
202003,"inner","Q116R3",1248,184,0.852564102564103,3,TRUE
202003,"inner","Q116R4",1248,128,0.897435897435897,3,TRUE
202003,"inner","Q116R5",1248,124,0.900641025641026,3,FALSE
202003,"inner","Q116R6",1248,38,0.969551282051282,3,FALSE
202003,"inner","Q116R7",1248,142,0.886217948717949,3,TRUE
202003,"inner","Q116R8",1248,118,0.905448717948718,3,FALSE
202003,"inner","Q116R9",1248,82,0.934294871794872,3,FALSE
202003,"inner","Q116R10",1248,144,0.884615384615385,3,TRUE
202003,"inner","Q116R11",1248,74,0.940705128205128,3,FALSE
202003,"inner","Q116R12",1248,60,0.951923076923077,3,FALSE
202003,"inner","Q116R13",1248,30,0.975961538461538,3,FALSE
202003,"inner","Q116R14",1248,59,0.952724358974359,3,FALSE
202003,"inner","Q117R1",1248,1248,0,4,TRUE
202003,"inner","Q117R2",1248,1248,0,4,TRUE
202003,"inner","Q117R3",1248,1248,0,4,TRUE
202003,"inner","Q117R4",1248,1248,0,4,TRUE
202003,"inner","Q117R5",1248,1248,0,4,TRUE
202003,"inner","Q117R6",1248,1248,0,4,TRUE
202003,"inner","Q117R7",1248,1248,0,12,TRUE
202003,"inner","Q117R8",1248,1248,0,4,TRUE
202003,"inner","Q117R9",1248,1248,0,4,TRUE
202003,"inner","Q117R10",1248,1248,0,4,TRUE
202003,"inner","Q117R11",1248,1248,0,4,TRUE
202003,"inner","Q117R12",1248,1248,0,4,TRUE
202003,"inner","Q117R13",1248,1248,0,4,TRUE
202003,"inner","Q130",1248,1248,0,2,TRUE
202003,"inner","Q131R1",1248,1248,0,5,TRUE
202003,"inner","Q131R2",1248,637,0.489583333333333,5,TRUE
202003,"inner","Q131R3",1248,611,0.510416666666667,5,TRUE
202003,"inner","Q131R4",1248,637,0.489583333333333,5,TRUE
202003,"inner","Q131R5",1248,611,0.510416666666667,5,TRUE
202003,"inner","Q131R6",1248,637,0.489583333333333,5,TRUE
202003,"inner","Q131R7",1248,611,0.510416666666667,5,TRUE
202003,"inner","Q131R8",1248,637,0.489583333333333,5,TRUE
202003,"inner","Q131R9",1248,611,0.510416666666667,5,TRUE
202003,"inner","Q131R10",1248,637,0.489583333333333,5,TRUE
202003,"inner","Q131R11",1248,611,0.510416666666667,5,TRUE
202003,"inner","Q131R12",1248,637,0.489583333333333,5,TRUE
202003,"inner","Q131R13",1248,611,0.510416666666667,5,TRUE
202003,"inner","Q144",1248,1248,0,4,TRUE
202003,"inner","Q145",1248,1248,0,5,TRUE
202003,"inner","Q146",1248,1248,0,5,TRUE
202003,"inner","Q147",1248,1248,0,5,TRUE
202003,"inner","Q148",1248,1248,0,5,TRUE
202003,"inner","Q149",1248,1248,0,5,TRUE
202003,"inner","Q150",1248,1248,0,5,TRUE
202003,"inner","Q151",1248,1248,0,5,TRUE
202003,"inner","Q152",1248,1248,0,5,TRUE
202003,"inner","Q153",1248,1248,0,5,TRUE
202003,"inner","Q154R1",1248,1248,0,5,TRUE
202003,"inner","Q154R2",1248,1248,0,5,TRUE
202003,"inner","Q154R3",1248,1248,0,5,TRUE
202003,"inner","Q154R4",1248,1248,0,13,TRUE
202003,"inner","Q154R5",1248,1248,0,15,TRUE
202003,"inner","Q159R1",1248,1248,0,14,TRUE
202003,"inner","Q159R2",1248,1248,0,14,TRUE
202003,"inner","Q159R3",1248,1248,0,15,TRUE
202003,"inner","Q162R1",1248,1248,0,7,TRUE
202003,"inner","Q162R2",1248,1248,0,7,TRUE
202003,"inner","Q162R3",1248,1248,0,7,TRUE
202003,"inner","Q162R4",1248,1248,0,7,TRUE
202003,"inner","Q162R5",1248,1248,0,7,TRUE
202003,"inner","Q162R6",1248,1248,0,7,TRUE
202003,"inner","Q162R7",1248,1248,0,7,TRUE
202003,"inner","Q162R8",1248,1248,0,7,TRUE
202003,"inner","Q170",1248,1248,0,2,TRUE
202003,"inner","Q171R1",1248,516,0.586538461538462,2,TRUE
202003,"inner","Q171R2",1248,516,0.586538461538462,2,TRUE
202003,"inner","Q171R3",1248,516,0.586538461538462,2,TRUE
202003,"inner","Q171R4",1248,516,0.586538461538462,2,TRUE
202003,"inner","Q171R5",1248,516,0.586538461538462,2,TRUE
202003,"inner","Q171R6",1248,516,0.586538461538462,2,TRUE
202003,"inner","Q171R7",1248,516,0.586538461538462,2,TRUE
202003,"inner","Q171R8",1248,516,0.586538461538462,2,TRUE
202003,"inner","Q171R9",1248,516,0.586538461538462,2,TRUE
202003,"inner","Q172R1",1248,516,0.586538461538462,2,TRUE
202003,"inner","Q172R2",1248,516,0.586538461538462,2,TRUE
202003,"inner","Q172R3",1248,516,0.586538461538462,2,TRUE
202003,"inner","Q175R1",1248,732,0.413461538461538,2,TRUE
202003,"inner","Q175R2",1248,732,0.413461538461538,2,TRUE
202003,"inner","Q175R3",1248,732,0.413461538461538,2,TRUE
202003,"inner","Q178R1",1248,1248,0,4,TRUE
202003,"inner","Q178R2",1248,1248,0,4,TRUE
202003,"inner","Q178R3",1248,1248,0,4,TRUE
202003,"inner","Q178R4",1248,1248,0,4,TRUE
202003,"inner","Q182",1248,1248,0,3,TRUE
202003,"inner","Q183",1248,1248,0,4,TRUE
202003,"inner","Q184R1",1248,1248,0,5,TRUE
202003,"inner","Q184R2",1248,1248,0,5,TRUE
202003,"inner","Q184R3",1248,1248,0,5,TRUE
202003,"inner","Q187R1",1248,1248,0,5,TRUE
202003,"inner","Q187R2",1248,1248,0,5,TRUE
202003,"inner","Q187R3",1248,1248,0,5,TRUE
202003,"inner","Q187R4",1248,1248,0,5,TRUE
202003,"inner","Q187R5",1248,1248,0,5,TRUE
202003,"inner","Q192",1248,1248,0,2,TRUE
202003,"inner","Q193",1248,650,0.479166666666667,5,TRUE
202003,"inner","Q194",1248,598,0.520833333333333,5,TRUE
202003,"inner","Q195A1R1",1248,224,0.82051282051282,3,TRUE
202003,"inner","Q195A1R2",1248,602,0.517628205128205,3,TRUE
202003,"inner","Q195A1R3",1248,563,0.548878205128205,3,TRUE
202003,"inner","Q195A1R4",1248,483,0.612980769230769,3,TRUE
202003,"inner","Q195A2R1",1248,194,0.844551282051282,5,TRUE
202003,"inner","Q195A2R2",1248,286,0.770833333333333,5,TRUE
202003,"inner","Q195A2R3",1248,236,0.810897435897436,5,TRUE
202003,"inner","Q195A2R4",1248,225,0.819711538461538,5,TRUE
202003,"inner","Q195A2R5",1248,203,0.837339743589744,5,TRUE
202003,"inner","Q195A2R6",1248,404,0.676282051282051,5,TRUE
202003,"inner","Q195A2R7",1248,345,0.723557692307692,5,TRUE
202003,"inner","Q195A2R8",1248,323,0.741185897435897,5,TRUE
202003,"inner","Q195A2R9",1248,353,0.717147435897436,5,TRUE
202003,"inner","Q195A2R10",1248,360,0.711538461538462,5,TRUE
202003,"inner","Q195B1R1",1248,192,0.846153846153846,3,TRUE
202003,"inner","Q195B1R2",1248,600,0.519230769230769,3,TRUE
202003,"inner","Q195B1R3",1248,575,0.53926282051282,3,TRUE
202003,"inner","Q195B1R4",1248,505,0.595352564102564,3,TRUE
202003,"inner","Q195B2R1",1248,166,0.86698717948718,5,TRUE
202003,"inner","Q195B2R2",1248,271,0.782852564102564,5,TRUE
202003,"inner","Q195B2R3",1248,209,0.832532051282051,5,TRUE
202003,"inner","Q195B2R4",1248,201,0.838942307692308,5,TRUE
202003,"inner","Q195B2R5",1248,189,0.848557692307692,5,TRUE
202003,"inner","Q195B2R6",1248,458,0.63301282051282,5,TRUE
202003,"inner","Q195B2R7",1248,398,0.681089743589744,5,TRUE
202003,"inner","Q195B2R8",1248,389,0.688301282051282,5,TRUE
202003,"inner","Q195B2R9",1248,411,0.670673076923077,5,TRUE
202003,"inner","Q195B2R10",1248,428,0.657051282051282,5,TRUE
202003,"inner","Q196",1248,1248,0,11,TRUE
202003,"inner","Q197A1",1248,624,0.5,4,TRUE
202003,"inner","Q197A2",1248,624,0.5,10,TRUE
202003,"inner","Q197B1",1248,624,0.5,4,TRUE
202003,"inner","Q197B2",1248,624,0.5,10,TRUE
202003,"inner","Q198",1248,1248,0,11,TRUE
202003,"inner","Q199",1248,401,0.678685897435897,2,TRUE
202003,"inner","Q200",1248,418,0.665064102564103,2,TRUE
202003,"inner","Q201",1248,429,0.65625,2,TRUE
202003,"inner","Q202R1",1248,1248,0,2,TRUE
202003,"inner","Q202R2",1248,1248,0,2,TRUE
202003,"inner","Q202R3",1248,1248,0,2,TRUE
202003,"inner","Q203",1248,1248,0,5,TRUE
202003,"inner","Q204",1248,1248,0,5,TRUE
202003,"inner","Q205",1248,1248,0,5,TRUE
202003,"inner","Q206",1248,1248,0,101,TRUE
202003,"inner","Q207",1248,1248,0,101,TRUE
202003,"inner","Q208R1",1248,1248,0,5,TRUE
202003,"inner","Q208R2",1248,1248,0,5,TRUE
202003,"inner","Q208R3",1248,1248,0,5,TRUE
202003,"inner","Q208R4",1248,1248,0,5,TRUE
202003,"inner","Q208R5",1248,1248,0,5,TRUE
202003,"inner","Q213R1",1248,1248,0,5,TRUE
202003,"inner","Q213R2",1248,1248,0,5,TRUE
202003,"inner","Q213R3",1248,1248,0,5,TRUE
202003,"inner","Q213R4",1248,1248,0,5,TRUE
202003,"inner","Q217R1",1248,1248,0,6,TRUE
202003,"inner","Q217R2",1248,1248,0,6,TRUE
202003,"inner","Q217R3",1248,1248,0,6,TRUE
202003,"inner","Q217R4",1248,1248,0,6,TRUE
202003,"inner","Q221R1",1248,1248,0,15,TRUE
202003,"inner","Q221R2",1248,1248,0,15,TRUE
202003,"inner","Q221R3",1248,1248,0,15,TRUE
202003,"inner","Q221R4",1248,1248,0,14,TRUE
202003,"inner","Q225R1",1248,1248,0,7,TRUE
202003,"inner","Q225R2",1248,1248,0,7,TRUE
202003,"inner","Q225R3",1248,1248,0,7,TRUE
202003,"inner","Q225R4",1248,1248,0,7,TRUE
202003,"inner","Q225R5",1248,1248,0,7,TRUE
202003,"inner","Q225R6",1248,1248,0,7,TRUE
202003,"inner","Q225R7",1248,1248,0,7,TRUE
202003,"inner","Q225R8",1248,1248,0,7,TRUE
202003,"inner","Q225R9",1248,1248,0,7,TRUE
202003,"inner","Q225R10",1248,1248,0,7,TRUE
202003,"inner","Q225R11",1248,1248,0,7,TRUE
202003,"inner","Q225R12",1248,1248,0,7,TRUE
202003,"inner","Q225R13",1248,1248,0,7,TRUE
202003,"inner","Q225R14",1248,1248,0,7,TRUE
202003,"inner","Q239R1",1248,1248,0,5,TRUE
202003,"inner","Q239R2",1248,1248,0,5,TRUE
202003,"inner","Q239R3",1248,1248,0,5,TRUE
202003,"inner","Q239R4",1248,1248,0,5,TRUE
202003,"inner","Q243R1",1248,1248,0,5,TRUE
202003,"inner","Q243R2",1248,1248,0,5,TRUE
202003,"inner","Q243R3",1248,1248,0,5,TRUE
202003,"inner","Q243R4",1248,1248,0,5,TRUE
202003,"inner","Q247",1248,1248,0,5,TRUE
202003,"inner","Q248",1248,1248,0,5,TRUE
202003,"inner","Q249",1248,1248,0,5,TRUE
202003,"inner","Q250R1",1248,465,0.627403846153846,5,TRUE
202003,"inner","Q250R2",1248,1248,0,5,TRUE
202003,"inner","Q250R3",1248,158,0.873397435897436,5,TRUE
202003,"inner","Q250R4",1248,0,1,0,FALSE
202003,"inner","Q250R5",1248,197,0.842147435897436,5,TRUE
202003,"inner","Q250R6",1248,0,1,0,FALSE
202003,"inner","Q250R7",1248,5,0.99599358974359,2,FALSE
202003,"inner","Q250R8",1248,149,0.880608974358974,5,TRUE
202003,"inner","Q251",1248,158,0.873397435897436,3,TRUE
202003,"inner","Q252",1248,158,0.873397435897436,2,TRUE
202003,"inner","Q253",1248,158,0.873397435897436,2,TRUE
202003,"inner","Q254",1248,291,0.766826923076923,2,TRUE
202003,"inner","Q255",1248,158,0.873397435897436,2,TRUE
202003,"inner","Q256",1248,1248,0,4,TRUE
202003,"inner","Q257AR1",1248,417,0.665865384615385,5,TRUE
202003,"inner","Q257AR2",1248,417,0.665865384615385,5,TRUE
202003,"inner","Q257AR3",1248,417,0.665865384615385,5,TRUE
202003,"inner","Q257AR4",1248,417,0.665865384615385,5,TRUE
202003,"inner","Q257BR1",1248,410,0.671474358974359,5,TRUE
202003,"inner","Q257BR2",1248,410,0.671474358974359,5,TRUE
202003,"inner","Q257BR3",1248,410,0.671474358974359,5,TRUE
202003,"inner","Q257BR4",1248,410,0.671474358974359,5,TRUE
202003,"inner","Q257CR1",1248,421,0.662660256410256,5,TRUE
202003,"inner","Q257CR2",1248,421,0.662660256410256,5,TRUE
202003,"inner","Q257CR3",1248,421,0.662660256410256,5,TRUE
202003,"inner","Q257CR4",1248,421,0.662660256410256,5,TRUE
202003,"inner","Q258",1248,158,0.873397435897436,20,TRUE
202003,"inner","Q260",1248,158,0.873397435897436,4,TRUE
202003,"inner","Q261",1248,1248,0,10,TRUE
202003,"inner","Q262",1248,197,0.842147435897436,7,TRUE
202003,"inner","Q263",1248,197,0.842147435897436,6,TRUE
202003,"inner","Q264",1248,197,0.842147435897436,7,TRUE
202003,"inner","Q265",1248,197,0.842147435897436,6,TRUE
202003,"inner","Q266",1248,197,0.842147435897436,4,TRUE
202003,"inner","Q267",1248,158,0.873397435897436,5,TRUE
202003,"inner","Q268",1248,1248,0,15,TRUE
202003,"inner","Q269",1248,158,0.873397435897436,5,TRUE
202003,"inner","Q270",1248,158,0.873397435897436,5,TRUE
202003,"inner","Q271",1248,1248,0,15,TRUE
202003,"inner","Q272",1248,1248,0,8,TRUE
202003,"inner","Q273R1",1248,1248,0,7,TRUE
202003,"inner","Q273R2",1248,1248,0,7,TRUE
202003,"inner","Q273R3",1248,1248,0,7,TRUE
202003,"inner","Q273R4",1248,1248,0,7,TRUE
202003,"inner","Q273R5",1248,1248,0,7,TRUE
202003,"inner","Q278",1248,1248,0,4,TRUE
202003,"inner","Q279",1248,1248,0,2,TRUE
202003,"inner","Q280",1248,1248,0,3,TRUE
202003,"inner","Q281R1",1248,1248,0,2,TRUE
202003,"inner","Q281R2",1248,1248,0,2,TRUE
202003,"inner","Q281R3",1248,1248,0,2,TRUE
202003,"inner","Q281R4",1248,1248,0,2,TRUE
202003,"inner","Q281R5",1248,1248,0,2,TRUE
202003,"inner","Q281R6",1248,1248,0,2,TRUE
202003,"inner","Q281R7",1248,1248,0,2,TRUE
202003,"inner","Q281R8",1248,1248,0,2,TRUE
202003,"inner","Q281R9",1248,1248,0,2,TRUE
202003,"inner","Q282",1248,623,0.500801282051282,3,TRUE
202003,"inner","Q283",1248,625,0.499198717948718,3,TRUE
202003,"inner","Q284",1248,98,0.921474358974359,3,FALSE
202003,"inner","Q285",1248,618,0.504807692307692,4,TRUE
202003,"inner","Q286",1248,630,0.495192307692308,5,TRUE
202003,"inner","Q287R1",1248,422,0.661858974358974,13,TRUE
202003,"inner","Q287R2",1248,422,0.661858974358974,5,TRUE
202003,"inner","Q287R3",1248,422,0.661858974358974,5,TRUE
202003,"inner","Q287R4",1248,422,0.661858974358974,5,TRUE
202003,"inner","Q287R5",1248,422,0.661858974358974,5,TRUE
202003,"inner","Q287R6",1248,422,0.661858974358974,32,TRUE
202003,"inner","Q287R7",1248,422,0.661858974358974,5,TRUE
202003,"inner","Q294",1248,422,0.661858974358974,7,TRUE
202003,"inner","Q295R1",1248,437,0.649839743589744,85,TRUE
202003,"inner","Q295R2",1248,437,0.649839743589744,45,TRUE
202003,"inner","Q295R3",1248,437,0.649839743589744,53,TRUE
202003,"inner","Q295R4",1248,436,0.650641025641026,43,TRUE
202003,"inner","Q295R5",1248,437,0.649839743589744,35,TRUE
202003,"inner","Q295R6",1248,209,0.832532051282051,27,TRUE
202003,"inner","Q301R1",1248,389,0.688301282051282,74,TRUE
202003,"inner","Q301R2",1248,389,0.688301282051282,41,TRUE
202003,"inner","Q301R3",1248,389,0.688301282051282,53,TRUE
202003,"inner","Q301R4",1248,389,0.688301282051282,39,TRUE
202003,"inner","Q301R5",1248,389,0.688301282051282,31,TRUE
202003,"inner","Q301R6",1248,389,0.688301282051282,32,TRUE
202003,"inner","Q301R7",1248,389,0.688301282051282,28,TRUE
202003,"inner","Q308R1",1248,1248,0,101,TRUE
202003,"inner","Q308R2",1248,1248,0,101,TRUE
202003,"inner","Q308R3",1248,1248,0,98,TRUE
202003,"inner","Q308R4",1248,1248,0,101,TRUE
202003,"inner","Q308R5",1248,1248,0,100,TRUE
202003,"inner","Q308R6",1248,1248,0,101,TRUE
202003,"inner","Q308R7",1248,1248,0,101,TRUE
202003,"inner","Q315",1248,1248,0,36,TRUE
202003,"inner","Q316R1",1248,1248,0,5,TRUE
202003,"inner","Q316R2",1248,1248,0,5,TRUE
202003,"inner","Q316R3",1248,1248,0,5,TRUE
202003,"inner","Q316R4",1248,1248,0,5,TRUE
202003,"inner","Q316R5",1248,1248,0,5,TRUE
202003,"inner","Q316R6",1248,1248,0,5,TRUE
202003,"inner","Q316R7",1248,1248,0,5,TRUE
202003,"inner","Q323_BLW",1248,1248,0,75,TRUE
202003,"inner","Q323_API",1248,0,1,0,FALSE
202003,"inner","Q323_NINH",1248,0,1,0,FALSE
202003,"inner","Q324",1248,1248,0,75,TRUE
202003,"inner","Q325_BLW",1248,1248,0,75,TRUE
202003,"inner","Q325_API",1248,0,1,0,FALSE
202003,"inner","Q325_NINH",1248,0,1,0,FALSE
202003,"inner","Q326R1",1248,1248,0,60,TRUE
202003,"inner","Q326R2",1248,0,1,0,FALSE
202003,"inner","Q326R3",1248,0,1,0,FALSE
202003,"inner","Q326R4",1248,1248,0,131,TRUE
202003,"inner","Q326R5",1248,1248,0,60,TRUE
202003,"inner","Q326R6",1248,0,1,0,FALSE
202003,"inner","Q326R7",1248,0,1,0,FALSE
202003,"inner","Q329R1",1248,102,0.918269230769231,3,FALSE
202003,"inner","Q329R2",1248,323,0.741185897435897,3,TRUE
202003,"inner","Q329R3",1248,520,0.583333333333333,3,TRUE
202003,"inner","Q329R4",1248,158,0.873397435897436,3,TRUE
202003,"inner","Q329R5",1248,617,0.505608974358974,3,TRUE
202003,"inner","Q329R6",1248,87,0.930288461538462,3,FALSE
202003,"inner","Q329R7",1248,464,0.628205128205128,3,TRUE
202003,"inner","Q329R8",1248,519,0.584134615384615,3,TRUE
202003,"inner","Q329R9",1248,437,0.649839743589744,3,TRUE
202003,"inner","Q329R10",1248,517,0.58573717948718,3,TRUE
202003,"inner","Q330",1248,1248,0,89,TRUE
202003,"inner","Q331",1248,1248,0,85,TRUE
202003,"inner","Q332",1248,1248,0,96,TRUE
202003,"inner","Q333",1248,1248,0,3,TRUE
202003,"inner","Q334",1248,304,0.756410256410256,3,TRUE
202003,"inner","Q335",1248,638,0.488782051282051,3,TRUE
202003,"inner","Q336R1C1",1248,16,0.987179487179487,6,FALSE
202003,"inner","Q336R2C1",1248,16,0.987179487179487,7,FALSE
202003,"inner","Q336R3C1",1248,16,0.987179487179487,7,FALSE
202003,"inner","Q339",1248,1248,0,3,TRUE
202003,"inner","Q340",1248,1248,0,1248,TRUE
202003,"inner","Q341R1",1248,1248,0,1208,TRUE
202003,"inner","Q341R2",1248,1248,0,1198,TRUE
202003,"inner","Q343R1",1248,1248,0,4,TRUE
202003,"inner","Q343R2",1248,1248,0,4,TRUE
202003,"inner","Q343R3",1248,1248,0,4,TRUE
202003,"inner","Q343R4",1248,1248,0,4,TRUE
202003,"inner","Q347",1248,1248,0,12,TRUE
202003,"inner","Q348",1248,1248,0,41,TRUE
202003,"inner","Q349",1248,1248,0,15,TRUE
202003,"inner","Q350",1248,1248,0,4,TRUE
202003,"inner","Q351",1248,1248,0,4,TRUE
202003,"inner","Q352",1248,1248,0,4,TRUE
202003,"inner","Q353",1248,5,0.99599358974359,2,FALSE
202003,"inner","Q354",1248,5,0.99599358974359,3,FALSE
202003,"inner","Q355R1",1248,5,0.99599358974359,2,FALSE
202003,"inner","Q355R2",1248,5,0.99599358974359,2,FALSE
202003,"inner","Q355R3",1248,5,0.99599358974359,2,FALSE
202003,"inner","Q355R4",1248,5,0.99599358974359,2,FALSE
202003,"inner","Q355R5",1248,5,0.99599358974359,2,FALSE
202003,"inner","Q355R6",1248,5,0.99599358974359,2,FALSE
202003,"inner","Q355R7",1248,5,0.99599358974359,2,FALSE
202003,"inner","Q355R8",1248,5,0.99599358974359,1,FALSE
202003,"inner","Q355R9",1248,5,0.99599358974359,1,FALSE
202003,"inner","Q356",1248,1248,0,2,TRUE
202003,"inner","Q357",1248,150,0.879807692307692,4,TRUE
202003,"inner","Q358",1248,1248,0,5,TRUE
202003,"inner","Q359R1",1248,1248,0,15,TRUE
202003,"inner","Q359R2",1248,1248,0,15,TRUE
202003,"inner","Q359R3",1248,1248,0,5,TRUE
202003,"inner","Q359R4",1248,1248,0,5,TRUE
202003,"inner","Q363",1248,1248,0,5,TRUE
202003,"inner","Q364",1248,652,0.477564102564103,4,TRUE
202003,"inner","Q365",1248,596,0.522435897435897,4,TRUE
202003,"inner","Q366R1",1248,1248,0,2,TRUE
202003,"inner","Q366R2",1248,1248,0,2,TRUE
202003,"inner","Q366R3",1248,1248,0,2,TRUE
202003,"inner","Q366R4",1248,1248,0,2,TRUE
202003,"inner","Q367",1248,1248,0,2,TRUE
202003,"inner","Q368",1248,1248,0,5,TRUE
202003,"inner","Q369",1248,437,0.649839743589744,2,TRUE
202003,"inner","Q370",1248,437,0.649839743589744,3,TRUE
202003,"inner","Q371",1248,1248,0,2,TRUE
202003,"inner","Q372",1248,1248,0,4,TRUE
202003,"inner","Q373",1248,5,0.99599358974359,3,FALSE
202003,"inner","Q374",1248,5,0.99599358974359,3,FALSE
202003,"inner","Q375",1248,5,0.99599358974359,3,FALSE
202003,"inner","Q376",1248,5,0.99599358974359,3,FALSE
202003,"inner","Q377",1248,465,0.627403846153846,5,TRUE
202003,"inner","Q378",1248,465,0.627403846153846,5,TRUE
202003,"inner","Q379",1248,465,0.627403846153846,5,TRUE
202003,"inner","Q380",1248,465,0.627403846153846,5,TRUE
202003,"inner","Q381_Q383R1",1248,1248,0,7,TRUE
202003,"inner","Q381_Q383R2",1248,1248,0,7,TRUE
202003,"inner","Q381_Q383R3",1248,1248,0,7,TRUE
202003,"inner","Q384R1",1248,1248,0,7,TRUE
202003,"inner","Q385",1248,1248,0,7,TRUE
202003,"inner","Q386_Q390R1",1248,465,0.627403846153846,5,TRUE
202003,"inner","Q386_Q390R2",1248,465,0.627403846153846,5,TRUE
202003,"inner","Q386_Q390R3",1248,465,0.627403846153846,5,TRUE
202003,"inner","Q386_Q390R4",1248,465,0.627403846153846,5,TRUE
202003,"inner","Q386_Q390R5",1248,465,0.627403846153846,5,TRUE
202003,"inner","Q391_Q393R1",1248,158,0.873397435897436,4,TRUE
202003,"inner","Q391_Q393R2",1248,158,0.873397435897436,4,TRUE
202003,"inner","Q391_Q393R3",1248,158,0.873397435897436,4,TRUE
202003,"inner","Q394",1248,158,0.873397435897436,6,TRUE
202003,"inner","Q395",1248,1248,0,12,TRUE
202003,"inner","Q396_Q398R1",1248,1248,0,5,TRUE
202003,"inner","Q396_Q398R2",1248,1248,0,5,TRUE
202003,"inner","Q396_Q398R3",1248,1248,0,5,TRUE
202003,"inner","Q399",1248,1248,0,3,TRUE
202003,"inner","Q400",1248,1248,0,3,TRUE
202003,"inner","Q401_Q404R1",1248,645,0.483173076923077,5,TRUE
202003,"inner","Q401_Q404R2",1248,645,0.483173076923077,5,TRUE
202003,"inner","Q401_Q404R3",1248,645,0.483173076923077,5,TRUE
202003,"inner","Q401_Q404R4",1248,645,0.483173076923077,5,TRUE
202003,"inner","Q405",1248,158,0.873397435897436,7,TRUE
202003,"inner","Q406",1248,1248,0,3,TRUE
202003,"inner","Q407R1",1248,567,0.545673076923077,2,TRUE
202003,"inner","Q407R2",1248,567,0.545673076923077,2,TRUE
202003,"inner","Q407R3",1248,567,0.545673076923077,2,TRUE
202003,"inner","Q407R4",1248,567,0.545673076923077,2,TRUE
202003,"inner","Q407R5",1248,567,0.545673076923077,2,TRUE
202003,"inner","Q408",1248,1248,0,5,TRUE
202003,"inner","Q409",1248,1248,0,5,TRUE
202003,"inner","Q410",1248,1248,0,5,TRUE
202003,"inner","Q411_Q416R1",1248,1248,0,5,TRUE
202003,"inner","Q411_Q416R2",1248,1248,0,5,TRUE
202003,"inner","Q411_Q416R3",1248,1248,0,5,TRUE
202003,"inner","Q411_Q416R4",1248,1248,0,5,TRUE
202003,"inner","Q411_Q416R5",1248,1248,0,5,TRUE
202003,"inner","Q411_Q416R6",1248,1248,0,5,TRUE
202003,"inner","Q417_Q424R1",1248,226,0.818910256410256,6,TRUE
202003,"inner","Q417_Q424R2",1248,239,0.80849358974359,6,TRUE
202003,"inner","Q417_Q424R3",1248,226,0.818910256410256,6,TRUE
202003,"inner","Q417_Q424R4",1248,239,0.80849358974359,6,TRUE
202003,"inner","Q417_Q424R5",1248,226,0.818910256410256,6,TRUE
202003,"inner","Q417_Q424R6",1248,239,0.80849358974359,6,TRUE
202003,"inner","Q417_Q424R7",1248,226,0.818910256410256,6,TRUE
202003,"inner","Q417_Q424R8",1248,239,0.80849358974359,6,TRUE
202003,"inner","Q425",1248,1248,0,6,TRUE
202003,"inner","Q428R1",1248,830,0.334935897435897,94,TRUE
202003,"inner","Q428R2",1248,830,0.334935897435897,54,TRUE
202003,"inner","Q428R3",1248,830,0.334935897435897,91,TRUE
202003,"inner","Q428R4",1248,830,0.334935897435897,43,TRUE
202003,"inner","Q428R6",1248,830,0.334935897435897,33,TRUE
202003,"inner","Q428R5",1248,830,0.334935897435897,37,TRUE
202003,"inner","Q429_Q440R1",1248,1248,0,4,TRUE
202003,"inner","Q429_Q440R2",1248,1248,0,4,TRUE
202003,"inner","Q429_Q440R3",1248,1248,0,4,TRUE
202003,"inner","Q429_Q440R4",1248,1248,0,4,TRUE
202003,"inner","Q429_Q440R5",1248,1248,0,4,TRUE
202003,"inner","Q429_Q440R6",1248,1248,0,4,TRUE
202003,"inner","Q429_Q440R7",1248,1248,0,4,TRUE
202003,"inner","Q429_Q440R8",1248,1248,0,4,TRUE
202003,"inner","Q429_Q440R9",1248,1248,0,4,TRUE
202003,"inner","Q429_Q440R10",1248,1248,0,4,TRUE
202003,"inner","Q429_Q440R11",1248,1248,0,4,TRUE
202003,"inner","Q429_Q440R12",1248,1248,0,4,TRUE
202003,"inner","Q441_Q452R1",1248,1248,0,3,TRUE
202003,"inner","Q441_Q452R2",1248,1248,0,3,TRUE
202003,"inner","Q441_Q452R3",1248,1248,0,3,TRUE
202003,"inner","Q441_Q452R4",1248,1248,0,3,TRUE
202003,"inner","Q441_Q452R5",1248,1248,0,3,TRUE
202003,"inner","Q441_Q452R6",1248,1248,0,3,TRUE
202003,"inner","Q441_Q452R7",1248,1248,0,3,TRUE
202003,"inner","Q441_Q452R8",1248,1248,0,3,TRUE
202003,"inner","Q441_Q452R9",1248,1248,0,3,TRUE
202003,"inner","Q441_Q452R10",1248,1248,0,3,TRUE
202003,"inner","Q441_Q452R11",1248,1248,0,3,TRUE
202003,"inner","Q441_Q452R12",1248,1248,0,3,TRUE
202003,"inner","Q453",1248,1248,0,6,TRUE
202003,"inner","Q454",1248,818,0.344551282051282,4,TRUE
202003,"inner","Q455",1248,818,0.344551282051282,3,TRUE
202003,"inner","Q456_Q461R1",1248,1248,0,5,TRUE
202003,"inner","Q456_Q461R2",1248,1248,0,5,TRUE
202003,"inner","Q456_Q461R3",1248,1248,0,5,TRUE
202003,"inner","Q456_Q461R4",1248,1248,0,5,TRUE
202003,"inner","Q456_Q461R5",1248,1248,0,5,TRUE
202003,"inner","Q456_Q461R6",1248,1248,0,5,TRUE
202003,"inner","Q462",1248,1248,0,3,TRUE
202003,"inner","Q463",1248,1248,0,4,TRUE
202003,"inner","Q464",1248,110,0.911858974358974,2,FALSE
202003,"inner","Q465R1",1248,110,0.911858974358974,2,FALSE
202003,"inner","Q465R2",1248,110,0.911858974358974,2,FALSE
202003,"inner","Q466",1248,1248,0,4,TRUE
202003,"inner","Q467_Q469R1",1248,1248,0,2,TRUE
202003,"inner","Q467_Q469R2",1248,1248,0,2,TRUE
202003,"inner","Q467_Q469R3",1248,1248,0,2,TRUE
202003,"inner","Q470",1248,1248,0,2,TRUE
202003,"inner","Q471R6",1248,163,0.869391025641026,2,TRUE
202003,"inner","Q471R7",1248,163,0.869391025641026,2,TRUE
202003,"inner","Q471R8",1248,163,0.869391025641026,2,TRUE
202003,"inner","Q471R9",1248,163,0.869391025641026,2,TRUE
202003,"inner","Q472_Q474R1",1248,1248,0,7,TRUE
202003,"inner","Q472_Q474R2",1248,1248,0,7,TRUE
202003,"inner","Q472_Q474R3",1248,1248,0,7,TRUE
202003,"inner","Q475R1",1248,1199,0.0392628205128205,7,TRUE
202003,"inner","Q475R2",1248,1199,0.0392628205128205,7,TRUE
202003,"inner","Q475R3",1248,1229,0.015224358974359,7,TRUE
202003,"inner","Q475R4",1248,1230,0.0144230769230769,7,TRUE
202003,"inner","Q475R5",1248,1195,0.0424679487179487,7,TRUE
202003,"inner","Q475R6",1248,1217,0.0248397435897436,7,TRUE
202003,"inner","Q475R7",1248,1219,0.0232371794871795,7,TRUE
202003,"inner","Q476",1248,1248,0,4,TRUE
202003,"inner","Q477",1248,1248,0,3,TRUE
202003,"inner","Q478_Q483R1",1248,1248,0,7,TRUE
202003,"inner","Q478_Q483R2",1248,1248,0,7,TRUE
202003,"inner","Q478_Q483R3",1248,1248,0,7,TRUE
202003,"inner","Q478_Q483R4",1248,1248,0,7,TRUE
202003,"inner","Q478_Q483R5",1248,1248,0,7,TRUE
202003,"inner","Q478_Q483R6",1248,1248,0,7,TRUE
202003,"inner","Q484",1248,1248,0,3,TRUE
202003,"inner","Q485",1248,1248,0,4,TRUE
202003,"inner","Q486",1248,627,0.497596153846154,5,TRUE
202003,"inner","Q487_Q489R1",1248,378,0.697115384615385,6,TRUE
202003,"inner","Q487_Q489R2",1248,378,0.697115384615385,6,TRUE
202003,"inner","Q487_Q489R3",1248,378,0.697115384615385,6,TRUE
202003,"inner","Q490R1",1248,1248,0,2,TRUE
202003,"inner","Q490R2",1248,1248,0,2,TRUE
202003,"inner","Q490R3",1248,1248,0,2,TRUE
202003,"inner","Q490R4",1248,1248,0,2,TRUE
202003,"inner","Q490R5",1248,1248,0,2,TRUE
202003,"inner","Q490R6",1248,1248,0,2,TRUE
202003,"inner","Q490R7",1248,1248,0,2,TRUE
202003,"inner","Q490R8",1248,1248,0,2,TRUE
202003,"inner","Q491A",1248,293,0.765224358974359,3,TRUE
202003,"inner","Q491R1",1248,1248,0,2,TRUE
202003,"inner","Q491R2",1248,1248,0,2,TRUE
202003,"inner","Q491R3",1248,1248,0,2,TRUE
202003,"inner","Q491R4",1248,1248,0,2,TRUE
202003,"inner","Q491R5",1248,1248,0,2,TRUE
202003,"inner","Q491R6",1248,1248,0,2,TRUE
202003,"inner","Q491R7",1248,1248,0,2,TRUE
202003,"inner","Q492",1248,1248,0,4,TRUE
202003,"inner","Q493",1248,1248,0,4,TRUE
202003,"inner","Q494_Q503R1",1248,1248,0,3,TRUE
202003,"inner","Q494_Q503R2",1248,1248,0,3,TRUE
202003,"inner","Q494_Q503R3",1248,1248,0,3,TRUE
202003,"inner","Q494_Q503R4",1248,1248,0,3,TRUE
202003,"inner","Q494_Q503R5",1248,1248,0,3,TRUE
202003,"inner","Q494_Q503R6",1248,1248,0,3,TRUE
202003,"inner","Q494_Q503R7",1248,1248,0,3,TRUE
202003,"inner","Q494_Q503R8",1248,1248,0,3,TRUE
202003,"inner","Q494_Q503R9",1248,1248,0,3,TRUE
202003,"inner","Q494_Q503R10",1248,1248,0,3,TRUE
202003,"inner","Q504R1",1248,1248,0,10,TRUE
202003,"inner","Q504R2",1248,1248,0,10,TRUE
202003,"inner","Q504R3",1248,1248,0,10,TRUE
202003,"inner","Q504R4",1248,1248,0,10,TRUE
202003,"inner","Q504R5",1248,1248,0,10,TRUE
202003,"inner","Q504R6",1248,1248,0,10,TRUE
202003,"inner","Q504R7",1248,1248,0,10,TRUE
202003,"inner","Q504R8",1248,1248,0,10,TRUE
202003,"inner","Q504R11",1248,1248,0,10,TRUE
202003,"inner","Q504R12",1248,1248,0,10,TRUE
202003,"inner","Q505_Q508R1",1248,1248,0,4,TRUE
202003,"inner","Q505_Q508R2",1248,1248,0,4,TRUE
202003,"inner","Q505_Q508R3",1248,1248,0,4,TRUE
202003,"inner","Q505_Q508R4",1248,1248,0,4,TRUE
202003,"inner","Q509_Q511R1",1248,1248,0,4,TRUE
202003,"inner","Q509_Q511R2",1248,1248,0,4,TRUE
202003,"inner","Q509_Q511R3",1248,1248,0,4,TRUE
202003,"inner","Q512R1",1248,1248,0,3,TRUE
202003,"inner","Q512R2",1248,1248,0,3,TRUE
202003,"inner","Q512R3",1248,1248,0,3,TRUE
202003,"inner","Q513_Q516R1",1248,1248,0,5,TRUE
202003,"inner","Q513_Q516R2",1248,1248,0,5,TRUE
202003,"inner","Q513_Q516R3",1248,1248,0,5,TRUE
202003,"inner","Q517",1248,606,0.514423076923077,15,TRUE
202003,"inner","Q518",1248,642,0.485576923076923,15,TRUE
202003,"inner","Q519",1248,606,0.514423076923077,15,TRUE
202003,"inner","Q520",1248,642,0.485576923076923,13,TRUE
202003,"inner","Q521_Q528R1",1248,1248,0,5,TRUE
202003,"inner","Q521_Q528R2",1248,1248,0,5,TRUE
202003,"inner","Q521_Q528R3",1248,1248,0,5,TRUE
202003,"inner","Q521_Q528R4",1248,1248,0,5,TRUE
202003,"inner","Q521_Q528R5",1248,1248,0,5,TRUE
202003,"inner","Q521_Q528R6",1248,1248,0,5,TRUE
202003,"inner","Q521_Q528R7",1248,1248,0,5,TRUE
202003,"inner","Q521_Q528R8",1248,1248,0,5,TRUE
202003,"inner","Q529",1248,1248,0,4,TRUE
202003,"inner","Q530",1248,574,0.540064102564103,2,TRUE
202003,"inner","Q531",1248,150,0.879807692307692,2,TRUE
202003,"inner","Q532",1248,123,0.901442307692308,5,FALSE
202003,"inner","Q533",1248,98,0.921474358974359,5,FALSE
202003,"inner","Q534R1",1248,1248,0,2,TRUE
202003,"inner","Q534R2",1248,1248,0,2,TRUE
202003,"inner","Q534R3",1248,1248,0,2,TRUE
202003,"inner","Q534R4",1248,1248,0,2,TRUE
202003,"inner","Q534R5",1248,1248,0,2,TRUE
202003,"inner","Q535_Q538R1",1248,1248,0,5,TRUE
202003,"inner","Q535_Q538R2",1248,1248,0,5,TRUE
202003,"inner","Q535_Q538R3",1248,1248,0,5,TRUE
202003,"inner","Q535_Q538R4",1248,1248,0,5,TRUE
202003,"inner","Q539R1",1248,1248,0,99,TRUE
202003,"inner","Q539R2",1248,1248,0,65,TRUE
202003,"inner","Q539R3",1248,1248,0,91,TRUE
202003,"inner","Q539R4",1248,1248,0,43,TRUE
202003,"inner","Q539R6",1248,1248,0,35,TRUE
202003,"inner","Q539R5",1248,1248,0,31,TRUE
202003,"inner","Q540R1",1248,1248,0,92,TRUE
202003,"inner","Q541",1248,1248,0,2,TRUE
202003,"inner","Q542",1248,1248,0,2,TRUE
202003,"inner","Q543",1248,1248,0,2,TRUE
202003,"inner","Q544",1248,1248,0,2,TRUE
202003,"inner","Q545R7",1248,1248,0,7,TRUE
202003,"inner","Q546R7",1248,1248,0,7,TRUE
202003,"inner","Q547R7",1248,1248,0,7,TRUE
202003,"inner","Q548R7",1248,1248,0,7,TRUE
202003,"inner","Q549R7",1248,1248,0,7,TRUE
202003,"inner","Q550R1",1248,1248,0,2,TRUE
202003,"inner","Q550R2",1248,1248,0,2,TRUE
202003,"inner","Q550R3",1248,1248,0,2,TRUE
202003,"inner","Q550R4",1248,1248,0,2,TRUE
202003,"inner","Q550R5",1248,1248,0,2,TRUE
202003,"inner","Q550R6",1248,1248,0,2,TRUE
202003,"inner","Q551_Q559R1",1248,1248,0,5,TRUE
202003,"inner","Q551_Q559R2",1248,1248,0,5,TRUE
202003,"inner","Q551_Q559R3",1248,1248,0,5,TRUE
202003,"inner","Q551_Q559R4",1248,1248,0,5,TRUE
202003,"inner","Q551_Q559R5",1248,1248,0,5,TRUE
202003,"inner","Q551_Q559R6",1248,1248,0,5,TRUE
202003,"inner","Q551_Q559R7",1248,1248,0,5,TRUE
202003,"inner","Q551_Q559R8",1248,1248,0,5,TRUE
202003,"inner","Q551_Q559R9",1248,1248,0,5,TRUE
202003,"inner","Q560R1",1248,1248,0,8,TRUE
202003,"inner","Q560R2",1248,1248,0,8,TRUE
202003,"inner","Q560R3",1248,1248,0,8,TRUE
202003,"inner","Q560R4",1248,1248,0,8,TRUE
202003,"inner","Q560R5",1248,1248,0,8,TRUE
202003,"inner","Q560R6",1248,1248,0,8,TRUE
202003,"inner","Q560R7",1248,1248,0,8,TRUE
202003,"inner","Q560R8",1248,1248,0,8,TRUE
202003,"inner","Q561",1248,483,0.612980769230769,3,TRUE
202003,"inner","Q562",1248,1248,0,5,TRUE
202003,"inner","Q563_Q572R1",1248,1248,0,3,TRUE
202003,"inner","Q563_Q572R2",1248,1248,0,3,TRUE
202003,"inner","Q563_Q572R3",1248,1248,0,3,TRUE
202003,"inner","Q563_Q572R4",1248,1248,0,3,TRUE
202003,"inner","Q563_Q572R5",1248,1248,0,3,TRUE
202003,"inner","Q563_Q572R6",1248,1248,0,3,TRUE
202003,"inner","Q563_Q572R7",1248,1248,0,3,TRUE
202003,"inner","Q563_Q572R8",1248,1248,0,3,TRUE
202003,"inner","Q563_Q572R9",1248,1248,0,3,TRUE
202003,"inner","Q563_Q572R10",1248,1248,0,3,TRUE
202003,"inner","Q573",1248,1248,0,3,TRUE
202003,"inner","Q574",1248,1248,0,4,TRUE
202003,"inner","Q575_Q581R1",1248,1248,0,100,TRUE
202003,"inner","Q575_Q581R2",1248,1248,0,101,TRUE
202003,"inner","Q575_Q581R3",1248,1248,0,101,TRUE
202003,"inner","Q575_Q581R4",1248,1248,0,101,TRUE
202003,"inner","Q575_Q581R5",1248,1248,0,101,TRUE
202003,"inner","Q575_Q581R6",1248,1248,0,101,TRUE
202003,"inner","Q575_Q581R7",1248,1248,0,100,TRUE
202003,"inner","Q582",1248,1202,0.0368589743589744,5,TRUE
202003,"inner","Q583",1248,158,0.873397435897436,5,TRUE
202003,"inner","Q584",1248,1248,0,4,TRUE
202003,"inner","Q585_Q590R1",1248,158,0.873397435897436,2,TRUE
202003,"inner","Q585_Q590R2",1248,158,0.873397435897436,2,TRUE
202003,"inner","Q585_Q590R3",1248,158,0.873397435897436,2,TRUE
202003,"inner","Q585_Q590R4",1248,158,0.873397435897436,2,TRUE
202003,"inner","Q585_Q590R5",1248,158,0.873397435897436,2,TRUE
202003,"inner","Q585_Q590R6",1248,158,0.873397435897436,2,TRUE
202003,"inner","Q591_Q596R1",1248,1248,0,5,TRUE
202003,"inner","Q591_Q596R2",1248,1248,0,5,TRUE
202003,"inner","Q591_Q596R3",1248,1248,0,5,TRUE
202003,"inner","Q591_Q596R4",1248,1248,0,5,TRUE
202003,"inner","Q591_Q596R5",1248,1248,0,5,TRUE
202003,"inner","Q591_Q596R6",1248,1248,0,5,TRUE
202003,"inner","Q597_Q602R1",1248,1248,0,5,TRUE
202003,"inner","Q597_Q602R2",1248,1248,0,5,TRUE
202003,"inner","Q597_Q602R3",1248,1248,0,5,TRUE
202003,"inner","Q597_Q602R4",1248,1248,0,5,TRUE
202003,"inner","Q597_Q602R5",1248,1248,0,5,TRUE
202003,"inner","Q597_Q602R6",1248,1248,0,5,TRUE
202003,"inner","Q603R1",1248,1248,0,10,TRUE
202003,"inner","Q603R2",1248,1248,0,10,TRUE
202003,"inner","Q603R3",1248,1248,0,10,TRUE
202003,"inner","Q603R4",1248,1248,0,10,TRUE
202003,"inner","Q603R5",1248,1248,0,10,TRUE
202003,"inner","Q603R6",1248,1248,0,10,TRUE
202003,"inner","Q603R7",1248,1248,0,10,TRUE
202003,"inner","Q603R8",1248,1248,0,10,TRUE
202003,"inner","Q603R9",1248,1248,0,10,TRUE
202003,"inner","Q603R10",1248,1248,0,10,TRUE
202003,"inner","Q604_Q605R1",1248,1248,0,4,TRUE
202003,"inner","Q604_Q605R2",1248,1248,0,4,TRUE
202003,"inner","Q606R1",1248,1043,0.16426282051282,3,TRUE
202003,"inner","Q606R2",1248,639,0.487980769230769,3,TRUE
202003,"inner","Q606R3",1248,370,0.703525641025641,3,TRUE
202003,"inner","Q606R4",1248,813,0.348557692307692,3,TRUE
202003,"inner","Q606R5",1248,342,0.725961538461538,3,TRUE
202003,"inner","Q606R6",1248,537,0.569711538461538,3,TRUE
202003,"inner","Q607_Q610R1",1248,1248,0,24,TRUE
202003,"inner","Q607_Q610R2",1248,1248,0,24,TRUE
202003,"inner","Q607_Q610R3",1248,1248,0,24,TRUE
202003,"inner","Q607_Q610R4",1248,1248,0,24,TRUE
202003,"inner","Q611",1248,1248,0,4,TRUE
202003,"inner","Q613",1248,1248,0,2,TRUE
202003,"inner","Q614",1248,1248,0,2,TRUE
202003,"inner","Q615",1248,1248,0,3,TRUE
202003,"inner","Q616_Q618R1",1248,1248,0,4,TRUE
202003,"inner","Q616_Q618R2",1248,1248,0,4,TRUE
202003,"inner","Q616_Q618R3",1248,1248,0,4,TRUE
202003,"inner","Q619_Q626R1",1248,1248,0,5,TRUE
202003,"inner","Q619_Q626R2",1248,1248,0,5,TRUE
202003,"inner","Q619_Q626R3",1248,1248,0,5,TRUE
202003,"inner","Q619_Q626R4",1248,1248,0,5,TRUE
202003,"inner","Q619_Q626R5",1248,1248,0,5,TRUE
202003,"inner","Q619_Q626R6",1248,1248,0,5,TRUE
202003,"inner","Q619_Q626R7",1248,1248,0,5,TRUE
202003,"inner","Q619_Q626R8",1248,1248,0,5,TRUE
202003,"inner","Q627",1248,1248,0,2,TRUE
202003,"inner","Q628",1248,143,0.885416666666667,3,TRUE
202003,"inner","Q629R1",1248,623,0.500801282051282,2,TRUE
202003,"inner","Q629R2",1248,623,0.500801282051282,2,TRUE
202003,"inner","Q629R3",1248,623,0.500801282051282,2,TRUE
202003,"inner","Q629R4",1248,623,0.500801282051282,2,TRUE
202003,"inner","Q629R5",1248,623,0.500801282051282,2,TRUE
202003,"inner","Q629R6",1248,623,0.500801282051282,2,TRUE
202003,"inner","Q629R7",1248,623,0.500801282051282,2,TRUE
202003,"inner","Q630_Q632R1",1248,1248,0,2,TRUE
202003,"inner","Q630_Q632R2",1248,1248,0,2,TRUE
202003,"inner","Q630_Q632R3",1248,1248,0,2,TRUE
202003,"inner","Q633",1248,1248,0,6,TRUE
202003,"inner","Q639",1248,1248,0,5,TRUE
202003,"inner","Q640_Q645R1",1248,156,0.875,2,TRUE
202003,"inner","Q640_Q645R2",1248,387,0.689903846153846,2,TRUE
202003,"inner","Q640_Q645R3",1248,387,0.689903846153846,2,TRUE
202003,"inner","Q640_Q645R4",1248,387,0.689903846153846,2,TRUE
202003,"inner","Q640_Q645R5",1248,387,0.689903846153846,2,TRUE
202003,"inner","Q640_Q645R6",1248,387,0.689903846153846,2,TRUE
202003,"inner","Q646_Q651R1",1248,425,0.659455128205128,2,TRUE
202003,"inner","Q646_Q651R2",1248,425,0.659455128205128,2,TRUE
202003,"inner","Q646_Q651R3",1248,425,0.659455128205128,2,TRUE
202003,"inner","Q646_Q651R4",1248,425,0.659455128205128,2,TRUE
202003,"inner","Q646_Q651R5",1248,425,0.659455128205128,2,TRUE
202003,"inner","Q646_Q651R6",1248,132,0.894230769230769,2,TRUE
202003,"inner","Q646_Q651R7",1248,132,0.894230769230769,2,TRUE
202003,"inner","Q646_Q651R8",1248,132,0.894230769230769,2,TRUE
202003,"inner","Q646_Q651R9",1248,132,0.894230769230769,2,TRUE
202003,"inner","Q646_Q651R10",1248,132,0.894230769230769,2,TRUE
202003,"inner","Q646_Q651R11",1248,132,0.894230769230769,2,TRUE
202003,"inner","Q652_Q658R1",1248,436,0.650641025641026,2,TRUE
202003,"inner","Q652_Q658R2",1248,436,0.650641025641026,2,TRUE
202003,"inner","Q652_Q658R3",1248,436,0.650641025641026,2,TRUE
202003,"inner","Q652_Q658R4",1248,436,0.650641025641026,2,TRUE
202003,"inner","Q652_Q658R5",1248,436,0.650641025641026,2,TRUE
202003,"inner","Q652_Q658R6",1248,436,0.650641025641026,2,TRUE
202003,"inner","Q652_Q658R7",1248,436,0.650641025641026,2,TRUE
202003,"inner","Q659R1",1248,376,0.698717948717949,2,TRUE
202003,"inner","Q659R2",1248,376,0.698717948717949,2,TRUE
202003,"inner","Q659R3",1248,376,0.698717948717949,2,TRUE
202003,"inner","Q659R4",1248,376,0.698717948717949,2,TRUE
202003,"inner","Q659R5",1248,376,0.698717948717949,2,TRUE
202003,"inner","Q659R6",1248,376,0.698717948717949,2,TRUE
202003,"inner","Q659R7",1248,376,0.698717948717949,2,TRUE
202003,"inner","Q659R8",1248,376,0.698717948717949,2,TRUE
202003,"inner","Q660",1248,1248,0,5,TRUE
202003,"inner","Q661",1248,1248,0,5,TRUE
202003,"inner","Q662R1",1248,1248,0,2,TRUE
202003,"inner","Q662R2",1248,1248,0,2,TRUE
202003,"inner","Q662R3",1248,1248,0,2,TRUE
202003,"inner","Q662R4",1248,1248,0,2,TRUE
202003,"inner","Q662R5",1248,1248,0,2,TRUE
202003,"inner","Q662R6",1248,1248,0,2,TRUE
202003,"inner","Q663_Q666R1",1248,1248,0,5,TRUE
202003,"inner","Q663_Q666R2",1248,1248,0,5,TRUE
202003,"inner","Q663_Q666R3",1248,1248,0,5,TRUE
202003,"inner","Q663_Q666R4",1248,1248,0,5,TRUE
202003,"inner","Q667_Q671R1",1248,1248,0,2,TRUE
202003,"inner","Q667_Q671R2",1248,1248,0,2,TRUE
202003,"inner","Q667_Q671R3",1248,1248,0,2,TRUE
202003,"inner","Q667_Q671R4",1248,1248,0,2,TRUE
202003,"inner","Q667_Q671R5",1248,1248,0,2,TRUE
202003,"inner","Q672",1248,1248,0,4,TRUE
202003,"inner","Q673",1248,1248,0,4,TRUE
202003,"inner","Q674R1",1248,1248,0,11,TRUE
202003,"inner","Q675",1248,1248,0,4,TRUE
202003,"inner","Q676_Q678R1",1248,197,0.842147435897436,5,TRUE
202003,"inner","Q676_Q678R2",1248,197,0.842147435897436,5,TRUE
202003,"inner","Q676_Q678R3",1248,197,0.842147435897436,5,TRUE
202003,"inner","Q679_Q682R1",1248,197,0.842147435897436,5,TRUE
202003,"inner","Q679_Q682R2",1248,197,0.842147435897436,5,TRUE
202003,"inner","Q679_Q682R3",1248,197,0.842147435897436,5,TRUE
202003,"inner","Q679_Q682R4",1248,197,0.842147435897436,5,TRUE
202003,"inner","Q683",1248,1248,0,4,TRUE
202003,"inner","Q684",1248,1248,0,2,TRUE
202003,"inner","Q685",1248,1248,0,3,TRUE
202003,"inner","Q686",1248,1248,0,2,TRUE
202003,"inner","Q687",1248,384,0.692307692307692,2,TRUE
202003,"inner","Q688",1248,361,0.71073717948718,3,TRUE
202003,"inner","Q689",1248,1248,0,3,TRUE
202003,"inner","Q690",1248,1248,0,5,TRUE
202003,"inner","Q691",1248,1248,0,5,TRUE
202003,"inner","Q692",1248,1248,0,2,TRUE
202003,"inner","Q693_Q700R1",1248,1248,0,12,TRUE
202003,"inner","Q693_Q700R2",1248,1248,0,12,TRUE
202003,"inner","Q693_Q700R3",1248,1248,0,12,TRUE
202003,"inner","Q693_Q700R4",1248,1248,0,12,TRUE
202003,"inner","Q693_Q700R5",1248,1248,0,12,TRUE
202003,"inner","Q693_Q700R6",1248,1248,0,12,TRUE
202003,"inner","Q693_Q700R7",1248,1248,0,12,TRUE
202003,"inner","Q693_Q700R8",1248,1248,0,12,TRUE
202003,"inner","Q701_Q705R1",1248,1248,0,6,TRUE
202003,"inner","Q701_Q705R2",1248,1248,0,6,TRUE
202003,"inner","Q701_Q705R3",1248,1248,0,6,TRUE
202003,"inner","Q701_Q705R4",1248,1248,0,6,TRUE
202003,"inner","Q701_Q705R5",1248,1248,0,6,TRUE
202003,"inner","Q706_Q708R1",1248,1248,0,5,TRUE
202003,"inner","Q706_Q708R2",1248,1248,0,5,TRUE
202003,"inner","Q706_Q708R3",1248,1248,0,5,TRUE
202003,"inner","Q709_712R1",1248,1248,0,4,TRUE
202003,"inner","Q709_712R2",1248,1248,0,4,TRUE
202003,"inner","Q709_712R3",1248,1248,0,4,TRUE
202003,"inner","Q709_712R4",1248,1248,0,12,TRUE
202003,"inner","Q713",1248,1248,0,4,TRUE
202003,"inner","Q714",1248,1248,0,4,TRUE
202003,"inner","Q715_718R1",1248,1248,0,3,TRUE
202003,"inner","Q715_718R2",1248,1248,0,6,TRUE
202003,"inner","Q715_718R3",1248,1248,0,3,TRUE
202003,"inner","Q715_718R4",1248,1248,0,3,TRUE
202003,"inner","Q719",1248,1248,0,2,TRUE
202003,"inner","Q720_Q722R1",1248,1248,0,5,TRUE
202003,"inner","Q720_Q722R2",1248,1248,0,5,TRUE
202003,"inner","Q720_Q722R3",1248,1248,0,5,TRUE
202003,"inner","Q723_Q725R1",1248,1248,0,5,TRUE
202003,"inner","Q723_Q725R2",1248,1248,0,5,TRUE
202003,"inner","Q723_Q725R3",1248,1248,0,5,TRUE
202003,"inner","Q726",1248,1248,0,5,TRUE
202003,"inner","Q727_Q731R1",1248,1248,0,8,TRUE
202003,"inner","Q727_Q731R2",1248,1248,0,8,TRUE
202003,"inner","Q727_Q731R3",1248,1248,0,8,TRUE
202003,"inner","Q727_Q731R4",1248,1248,0,8,TRUE
202003,"inner","Q727_Q731R5",1248,1248,0,8,TRUE
202003,"inner","Q732_Q737R1",1248,158,0.873397435897436,7,TRUE
202003,"inner","Q732_Q737R2",1248,158,0.873397435897436,7,TRUE
202003,"inner","Q732_Q737R3",1248,158,0.873397435897436,7,TRUE
202003,"inner","Q732_Q737R4",1248,158,0.873397435897436,7,TRUE
202003,"inner","Q732_Q737R5",1248,158,0.873397435897436,7,TRUE
202003,"inner","Q732_Q737R6",1248,158,0.873397435897436,7,TRUE
202003,"inner","Q738_Q740R1",1248,158,0.873397435897436,7,TRUE
202003,"inner","Q738_Q740R2",1248,158,0.873397435897436,7,TRUE
202003,"inner","Q738_Q740R3",1248,158,0.873397435897436,7,TRUE
202003,"inner","Q741",1248,1248,0,6,TRUE
202003,"inner","Q742",1248,780,0.375,74,TRUE
202003,"inner","Q743",1248,808,0.352564102564103,4,TRUE
202003,"inner","Q744",1248,586,0.530448717948718,4,TRUE
202003,"inner","Q745",1248,222,0.822115384615385,3,TRUE
202003,"inner","Q746A",1248,136,0.891025641025641,7,TRUE
202003,"inner","Q746B",1248,808,0.352564102564103,7,TRUE
202003,"inner","Q747",1248,944,0.243589743589744,3,TRUE
202003,"inner","Q748",1248,1248,0,5,TRUE
202003,"inner","Q749",1248,1248,0,5,TRUE
202003,"inner","Q750R1",1248,1248,0,2,TRUE
202003,"inner","Q750R2",1248,1248,0,2,TRUE
202003,"inner","Q750R3",1248,1248,0,2,TRUE
202003,"inner","Q750R4",1248,1248,0,2,TRUE
202003,"inner","Q750R5",1248,1248,0,2,TRUE
202003,"inner","Q750R6",1248,1248,0,2,TRUE
202003,"inner","Q750R7",1248,1248,0,2,TRUE
202003,"inner","Q751R1",1248,1248,0,2,TRUE
202003,"inner","Q751R2",1248,1248,0,2,TRUE
202003,"inner","Q751R3",1248,1248,0,2,TRUE
202003,"inner","Q751R4",1248,1248,0,2,TRUE
202003,"inner","Q751R5",1248,1248,0,2,TRUE
202003,"inner","Q752",1248,152,0.878205128205128,4,TRUE
202003,"inner","Q753",1248,670,0.463141025641026,5,TRUE
202003,"inner","Q754_Q762R1C1",1248,1248,0,2,TRUE
202003,"inner","Q754_Q762R1C2",1248,1248,0,2,TRUE
202003,"inner","Q754_Q762R1C3",1248,1248,0,2,TRUE
202003,"inner","Q754_Q762R2C1",1248,1248,0,2,TRUE
202003,"inner","Q754_Q762R2C2",1248,1248,0,2,TRUE
202003,"inner","Q754_Q762R2C3",1248,1248,0,2,TRUE
202003,"inner","Q754_Q762R3C1",1248,1248,0,2,TRUE
202003,"inner","Q754_Q762R3C2",1248,1248,0,2,TRUE
202003,"inner","Q754_Q762R3C3",1248,1248,0,2,TRUE
202003,"inner","Q754_Q762R4C1",1248,1248,0,2,TRUE
202003,"inner","Q754_Q762R4C2",1248,1248,0,2,TRUE
202003,"inner","Q754_Q762R4C3",1248,1248,0,2,TRUE
202003,"inner","Q754_Q762R5C1",1248,1248,0,2,TRUE
202003,"inner","Q754_Q762R5C2",1248,1248,0,2,TRUE
202003,"inner","Q754_Q762R5C3",1248,1248,0,2,TRUE
202003,"inner","Q754_Q762R6C1",1248,1248,0,2,TRUE
202003,"inner","Q754_Q762R6C2",1248,1248,0,2,TRUE
202003,"inner","Q754_Q762R6C3",1248,1248,0,2,TRUE
202003,"inner","Q754_Q762R7C1",1248,1248,0,2,TRUE
202003,"inner","Q754_Q762R7C2",1248,1248,0,2,TRUE
202003,"inner","Q754_Q762R7C3",1248,1248,0,2,TRUE
202003,"inner","Q754_Q762R8C1",1248,1248,0,2,TRUE
202003,"inner","Q754_Q762R8C2",1248,1248,0,2,TRUE
202003,"inner","Q754_Q762R8C3",1248,1248,0,2,TRUE
202003,"inner","Q754_Q762R9C1",1248,1248,0,2,TRUE
202003,"inner","Q754_Q762R9C2",1248,1248,0,2,TRUE
202003,"inner","Q754_Q762R9C3",1248,1248,0,2,TRUE
202003,"inner","Q763_Q766R1",1248,380,0.69551282051282,2,TRUE
202003,"inner","Q763_Q766R2",1248,380,0.69551282051282,2,TRUE
202003,"inner","Q763_Q766R3",1248,380,0.69551282051282,2,TRUE
202003,"inner","Q763_Q766R4",1248,380,0.69551282051282,2,TRUE
202003,"inner","Q767_Q771R1",1248,291,0.766826923076923,2,TRUE
202003,"inner","Q767_Q771R2",1248,291,0.766826923076923,2,TRUE
202003,"inner","Q767_Q771R3",1248,291,0.766826923076923,2,TRUE
202003,"inner","Q767_Q771R4",1248,291,0.766826923076923,2,TRUE
202003,"inner","Q767_Q771R5",1248,291,0.766826923076923,2,TRUE
202003,"inner","Q773",1248,1248,0,110,TRUE
202003,"inner","VQ773",1248,1248,0,76,TRUE
202003,"inner","Q774",1248,1187,0.0488782051282051,83,TRUE
202003,"inner","VQ774",1248,1187,0.0488782051282051,58,TRUE
202003,"inner","Q775",1248,1248,0,4,TRUE
202003,"inner","Q777",1248,371,0.702724358974359,46,TRUE
202003,"inner","Q779",1248,889,0.287660256410256,41,TRUE
202003,"inner","Q782",1248,717,0.425480769230769,43,TRUE
202003,"inner","Q785",1248,291,0.766826923076923,2,TRUE
202003,"inner","Q788",1248,291,0.766826923076923,27,TRUE
202003,"inner","Q790",1248,969,0.223557692307692,45,TRUE
202003,"inner","Q793R1",1248,287,0.770032051282051,5,TRUE
202003,"inner","Q793R2",1248,287,0.770032051282051,5,TRUE
202003,"inner","Q793R3",1248,290,0.767628205128205,5,TRUE
202003,"inner","Q793R4",1248,276,0.778846153846154,5,TRUE
202003,"inner","Q793R5",1248,275,0.779647435897436,5,TRUE
202003,"inner","Q794R1",1248,1248,0,2,TRUE
202003,"inner","Q794R2",1248,1248,0,2,TRUE
202003,"inner","Q794R3",1248,1248,0,2,TRUE
202003,"inner","Q794R4",1248,1248,0,2,TRUE
202003,"inner","Q794R5",1248,1248,0,2,TRUE
202003,"inner","Q794R6",1248,1248,0,2,TRUE
202003,"inner","Q795",1248,1205,0.0344551282051282,4,TRUE
202003,"inner","Q796R1",1248,291,0.766826923076923,2,TRUE
202003,"inner","Q796R2",1248,291,0.766826923076923,2,TRUE
202003,"inner","Q796R3",1248,291,0.766826923076923,2,TRUE
202003,"inner","Q796R4",1248,291,0.766826923076923,2,TRUE
202003,"inner","Q796R5",1248,291,0.766826923076923,2,TRUE
202003,"inner","Q797R1",1248,1248,0,2,TRUE
202003,"inner","Q797R2",1248,1248,0,2,TRUE
202003,"inner","Q797R3",1248,1248,0,2,TRUE
202003,"inner","Q797R4",1248,1248,0,2,TRUE
202003,"inner","Q797R5",1248,1248,0,2,TRUE
202003,"inner","Q797R6",1248,1248,0,2,TRUE
202003,"inner","Q797R7",1248,1248,0,1,FALSE
202003,"inner","Q797R8",1248,1248,0,1,FALSE
202003,"inner","Q797R9",1248,1248,0,2,TRUE
202003,"inner","Q797R10",1248,1248,0,2,TRUE
202003,"inner","Q798R1",1248,1248,0,2,TRUE
202003,"inner","Q798R2",1248,1248,0,2,TRUE
202003,"inner","Q798R3",1248,1248,0,2,TRUE
202003,"inner","Q798R4",1248,1248,0,2,TRUE
202003,"inner","Q798R5",1248,1248,0,2,TRUE
202003,"inner","Q798R6",1248,1248,0,1,FALSE
202003,"inner","Q798R7",1248,1248,0,2,TRUE
202003,"inner","Q798R8",1248,1248,0,1,FALSE
202003,"inner","Q798R9",1248,1248,0,2,TRUE
202003,"inner","Q798R10",1248,1248,0,2,TRUE
202003,"inner","Q799R1C1",1248,454,0.636217948717949,11,TRUE
202003,"inner","Q799R2C1",1248,315,0.747596153846154,8,TRUE
202003,"inner","Q799R3C1",1248,600,0.519230769230769,11,TRUE
202003,"inner","Q799R4C1",1248,286,0.770833333333333,6,TRUE
202003,"inner","Q799R5C1",1248,310,0.751602564102564,6,TRUE
202003,"inner","Q799R6C1",1248,284,0.772435897435897,4,TRUE
202003,"inner","Q799R7C1",1248,283,0.77323717948718,4,TRUE
202003,"inner","Q799R8C1",1248,283,0.77323717948718,5,TRUE
202003,"inner","Q800R1C1",1248,441,0.646634615384615,11,TRUE
202003,"inner","Q800R2C1",1248,340,0.727564102564103,9,TRUE
202003,"inner","Q800R3C1",1248,607,0.513621794871795,11,TRUE
202003,"inner","Q800R4C1",1248,308,0.753205128205128,5,TRUE
202003,"inner","Q800R5C1",1248,327,0.737980769230769,6,TRUE
202003,"inner","Q800R6C1",1248,301,0.758814102564103,3,TRUE
202003,"inner","Q800R7C1",1248,300,0.759615384615385,4,TRUE
202003,"inner","Q800R8C1",1248,299,0.760416666666667,5,TRUE
202003,"inner","Q801",1248,1248,0,9,TRUE
202003,"inner","Q802",1248,149,0.880608974358974,9,TRUE
202003,"inner","Q803",1248,1248,0,7,TRUE
202003,"inner","Q804",1248,1248,0,8,TRUE
202003,"inner","Q805",1248,1248,0,8,TRUE
202003,"inner","Q806",1248,291,0.766826923076923,64,TRUE
202003,"inner","Q807",1248,206,0.834935897435897,1,FALSE
202003,"inner","Q808",1248,1034,0.171474358974359,85,TRUE
202003,"inner","Q809",1248,957,0.233173076923077,5,TRUE
202003,"inner","Q810",1248,513,0.588942307692308,89,TRUE
202003,"inner","Q811",1248,513,0.588942307692308,95,TRUE
202003,"inner","Q812",1248,610,0.511217948717949,6,TRUE
202003,"inner","Q813",1248,1248,0,13,TRUE
202003,"inner","Q814",1248,1248,0,6,TRUE
202003,"inner","Q815",1248,1248,0,8,TRUE
202003,"inner","Q816",1248,1248,0,5,TRUE
202003,"inner","Q817",1248,0,1,0,FALSE
202003,"inner","Q818",1248,179,0.856570512820513,4,TRUE
202003,"inner","Q819",1248,197,0.842147435897436,4,TRUE
202003,"inner","Q820",1248,1248,0,5,TRUE
202003,"inner","Q821J",1248,21,0.983173076923077,4,FALSE
202003,"inner","Q825J",1248,21,0.983173076923077,4,FALSE
202003,"inner","Q822J",1248,21,0.983173076923077,4,FALSE
202003,"inner","Q823J",1248,21,0.983173076923077,4,FALSE
202003,"inner","Q824J",1248,21,0.983173076923077,3,FALSE
202003,"inner","Q822K",1248,23,0.981570512820513,4,FALSE
202003,"inner","Q825K",1248,23,0.981570512820513,4,FALSE
202003,"inner","Q821K",1248,23,0.981570512820513,5,FALSE
202003,"inner","Q823K",1248,23,0.981570512820513,4,FALSE
202003,"inner","Q824K",1248,23,0.981570512820513,3,FALSE
202003,"inner","Q823L",1248,18,0.985576923076923,5,FALSE
202003,"inner","Q825L",1248,18,0.985576923076923,4,FALSE
202003,"inner","Q821L",1248,18,0.985576923076923,3,FALSE
202003,"inner","Q822L",1248,18,0.985576923076923,5,FALSE
202003,"inner","Q824L",1248,18,0.985576923076923,4,FALSE
202003,"inner","Q824M",1248,23,0.981570512820513,5,FALSE
202003,"inner","Q825M",1248,23,0.981570512820513,5,FALSE
202003,"inner","Q821M",1248,23,0.981570512820513,5,FALSE
202003,"inner","Q822M",1248,23,0.981570512820513,4,FALSE
202003,"inner","Q823M",1248,23,0.981570512820513,4,FALSE
202003,"inner","Q825N",1248,23,0.981570512820513,5,FALSE
202003,"inner","Q821N",1248,23,0.981570512820513,4,FALSE
202003,"inner","Q822N",1248,23,0.981570512820513,4,FALSE
202003,"inner","Q823N",1248,23,0.981570512820513,5,FALSE
202003,"inner","Q824N",1248,23,0.981570512820513,4,FALSE
202003,"inner","Q821",1248,108,0.913461538461538,5,FALSE
202003,"inner","Q822",1248,108,0.913461538461538,5,FALSE
202003,"inner","Q823",1248,108,0.913461538461538,5,FALSE
202003,"inner","Q824",1248,108,0.913461538461538,5,FALSE
202003,"inner","Q825",1248,0,1,0,FALSE
202003,"inner","Q826R1",1248,108,0.913461538461538,2,FALSE
202003,"inner","Q826R2",1248,108,0.913461538461538,2,FALSE
202003,"inner","Q826R3",1248,108,0.913461538461538,2,FALSE
202003,"inner","Q826R4",1248,108,0.913461538461538,2,FALSE
202003,"inner","Q826R5",1248,108,0.913461538461538,2,FALSE
202003,"inner","Q826R7",1248,108,0.913461538461538,2,FALSE
202003,"inner","Q826R6",1248,108,0.913461538461538,2,FALSE
202003,"inner","Q826A",1248,0,1,0,FALSE
202003,"outer","S1",1561,1561,0,2,TRUE
202003,"outer","S2_RACER1",1561,1561,0,2,TRUE
202003,"outer","S2_RACER2",1561,1561,0,1,FALSE
202003,"outer","S2_RACER3",1561,1561,0,2,TRUE
202003,"outer","S2_RACER4",1561,1561,0,1,FALSE
202003,"outer","S2_RACER5",1561,1561,0,1,FALSE
202003,"outer","S2_RACER6",1561,1561,0,1,FALSE
202003,"outer","S2_RACER7",1561,1561,0,1,FALSE
202003,"outer","S2_RACER8",1561,1561,0,1,FALSE
202003,"outer","S2_RACE_PRIME",1561,1561,0,3,TRUE
202003,"outer","S2_HISPANICR1",1561,0,1,0,FALSE
202003,"outer","S2_HISPANICR2",1561,0,1,0,FALSE
202003,"outer","S2_HISPANICR3",1561,0,1,0,FALSE
202003,"outer","S2_HISPANICR4",1561,0,1,0,FALSE
202003,"outer","S2_HISPANICR5",1561,0,1,0,FALSE
202003,"outer","S2_NATIVER1",1561,1561,0,2,TRUE
202003,"outer","S2_NATIVER2",1561,1561,0,2,TRUE
202003,"outer","S2_NATIVER3",1561,1561,0,2,TRUE
202003,"outer","S2_NATIVER4",1561,1561,0,2,TRUE
202003,"outer","S2_NATIVER5",1561,1561,0,2,TRUE
202003,"outer","S2_AFROLATR1",1561,1561,0,2,TRUE
202003,"outer","S2_AFROLATR2",1561,1561,0,2,TRUE
202003,"outer","S2_AFROLATR3",1561,1561,0,2,TRUE
202003,"outer","S2_AFROLATR4",1561,1561,0,2,TRUE
202003,"outer","S2_AFROLATR5",1561,1561,0,2,TRUE
202003,"outer","S3",1561,1561,0,6,TRUE
202003,"outer","S3B",1561,1561,0,4,TRUE
202003,"outer","S3C",1561,1561,0,3,TRUE
202003,"outer","S4",1561,1561,0,46,TRUE
202003,"outer","S5",1561,1561,0,68,TRUE
202003,"outer","S7",1561,1561,0,3,TRUE
202003,"outer","S8",1561,0,1,0,FALSE
202003,"outer","S8_PACIFIC",1561,0,1,0,FALSE
202003,"outer","S9",1561,50,0.967969250480461,10,FALSE
202003,"outer","S10",1561,1561,0,22,TRUE
202003,"outer","S10_MEX",1561,216,0.861627162075593,2,TRUE
202003,"outer","S11",1561,239,0.846893017296605,14,TRUE
202003,"outer","S12",1561,0,1,0,FALSE
202003,"outer","S2_M",1561,1561,0,2,TRUE
202003,"outer","S13",1561,1561,0,7,TRUE
202003,"outer","S14",1561,1561,0,5,TRUE
202003,"outer","Q58R1",1561,1560,0.000640614990390775,2,TRUE
202003,"outer","Q58R2",1561,1560,0.000640614990390775,2,TRUE
202003,"outer","Q58R3",1561,1560,0.000640614990390775,2,TRUE
202003,"outer","Q58R4",1561,1560,0.000640614990390775,2,TRUE
202003,"outer","Q58R5",1561,1560,0.000640614990390775,2,TRUE
202003,"outer","Q58R6",1561,1560,0.000640614990390775,2,TRUE
202003,"outer","Q58R7",1561,1560,0.000640614990390775,2,TRUE
202003,"outer","Q58R8",1561,1560,0.000640614990390775,2,TRUE
202003,"outer","Q58R9",1561,1560,0.000640614990390775,2,TRUE
202003,"outer","Q58R10",1561,1560,0.000640614990390775,2,TRUE
202003,"outer","Q58R11",1561,1560,0.000640614990390775,2,TRUE
202003,"outer","Q58R12",1561,1560,0.000640614990390775,2,TRUE
202003,"outer","Q58R13",1561,1560,0.000640614990390775,2,TRUE
202003,"outer","Q58R14",1561,1560,0.000640614990390775,2,TRUE
202003,"outer","Q58R15",1561,1560,0.000640614990390775,2,TRUE
202003,"outer","Q58R16",1561,1560,0.000640614990390775,2,TRUE
202003,"outer","Q58R17",1561,1560,0.000640614990390775,2,TRUE
202003,"outer","Q1R1",1561,1561,0,2,TRUE
202003,"outer","Q1R2",1561,1561,0,2,TRUE
202003,"outer","Q1R3",1561,1561,0,2,TRUE
202003,"outer","Q1R4",1561,1561,0,2,TRUE
202003,"outer","Q1R5",1561,1561,0,2,TRUE
202003,"outer","Q1R6",1561,1561,0,2,TRUE
202003,"outer","Q1R7",1561,1561,0,2,TRUE
202003,"outer","Q1R8",1561,1561,0,2,TRUE
202003,"outer","Q1R9",1561,1561,0,2,TRUE
202003,"outer","Q1R10",1561,1561,0,2,TRUE
202003,"outer","Q1R11",1561,1561,0,2,TRUE
202003,"outer","Q1R12",1561,1561,0,2,TRUE
202003,"outer","Q1R13",1561,1561,0,2,TRUE
202003,"outer","Q1R14",1561,1561,0,2,TRUE
202003,"outer","Q1R15",1561,1561,0,2,TRUE
202003,"outer","Q1R16",1561,1561,0,2,TRUE
202003,"outer","Q1R17",1561,1561,0,2,TRUE
202003,"outer","Q1R18",1561,1561,0,2,TRUE
202003,"outer","Q1R19",1561,1561,0,2,TRUE
202003,"outer","Q1R20",1561,1561,0,2,TRUE
202003,"outer","Q1R21",1561,1561,0,2,TRUE
202003,"outer","Q1R22",1561,1561,0,2,TRUE
202003,"outer","Q1R23",1561,1561,0,2,TRUE
202003,"outer","Q2R1",1561,1561,0,5,TRUE
202003,"outer","Q2R2",1561,1561,0,6,TRUE
202003,"outer","Q2R3",1561,1561,0,6,TRUE
202003,"outer","Q2R4",1561,1561,0,6,TRUE
202003,"outer","Q2R5",1561,1561,0,6,TRUE
202003,"outer","Q2R6",1561,1561,0,6,TRUE
202003,"outer","Q2R7",1561,1561,0,6,TRUE
202003,"outer","Q2R8",1561,1561,0,6,TRUE
202003,"outer","Q2R9",1561,1561,0,6,TRUE
202003,"outer","Q2R10",1561,1561,0,6,TRUE
202003,"outer","Q13",1561,1538,0.0147341447789878,4,TRUE
202003,"outer","Q15",1561,1561,0,3,TRUE
202003,"outer","Q16",1561,352,0.774503523382447,2,TRUE
202003,"outer","Q17",1561,352,0.774503523382447,2,TRUE
202003,"outer","Q18",1561,96,0.938500960922486,5,FALSE
202003,"outer","Q19",1561,96,0.938500960922486,4,FALSE
202003,"outer","Q20",1561,352,0.774503523382447,4,TRUE
202003,"outer","Q21",1561,1561,0,4,TRUE
202003,"outer","Q22",1561,1144,0.267136450992953,4,TRUE
202003,"outer","Q23",1561,417,0.732863549007047,5,TRUE
202003,"outer","Q24",1561,333,0.786675208199872,4,TRUE
202003,"outer","Q25",1561,811,0.480461242793081,4,TRUE
202003,"outer","Q26",1561,385,0.753363228699552,4,TRUE
202003,"outer","Q27R1",1561,1561,0,2,TRUE
202003,"outer","Q27R2",1561,1561,0,2,TRUE
202003,"outer","Q27R3",1561,1561,0,2,TRUE
202003,"outer","Q27R4",1561,1561,0,2,TRUE
202003,"outer","Q27R5",1561,1561,0,2,TRUE
202003,"outer","Q27R6",1561,1561,0,2,TRUE
202003,"outer","Q27R7",1561,1561,0,2,TRUE
202003,"outer","Q27R8",1561,1561,0,2,TRUE
202003,"outer","Q27R9",1561,1561,0,2,TRUE
202003,"outer","Q27R10",1561,1561,0,2,TRUE
202003,"outer","Q27R11",1561,1561,0,2,TRUE
202003,"outer","Q27R12",1561,1561,0,2,TRUE
202003,"outer","Q27R13",1561,1561,0,2,TRUE
202003,"outer","Q27R14",1561,1561,0,2,TRUE
202003,"outer","Q27R15",1561,1561,0,2,TRUE
202003,"outer","Q27R16",1561,1561,0,2,TRUE
202003,"outer","Q27R17",1561,1561,0,2,TRUE
202003,"outer","Q27R18",1561,1561,0,2,TRUE
202003,"outer","Q27R19",1561,1561,0,2,TRUE
202003,"outer","Q28R1",1561,1561,0,2,TRUE
202003,"outer","Q28R2",1561,1561,0,2,TRUE
202003,"outer","Q28R3",1561,1561,0,2,TRUE
202003,"outer","Q28R4",1561,1561,0,2,TRUE
202003,"outer","Q28R5",1561,1561,0,2,TRUE
202003,"outer","Q28R6",1561,1561,0,2,TRUE
202003,"outer","Q28R7",1561,1561,0,2,TRUE
202003,"outer","Q28R8",1561,1561,0,2,TRUE
202003,"outer","Q28R9",1561,1561,0,2,TRUE
202003,"outer","Q28R10",1561,1561,0,2,TRUE
202003,"outer","Q28R11",1561,1561,0,2,TRUE
202003,"outer","Q28R12",1561,1561,0,2,TRUE
202003,"outer","Q28R13",1561,1561,0,2,TRUE
202003,"outer","Q28R14",1561,1561,0,2,TRUE
202003,"outer","Q28R15",1561,1561,0,2,TRUE
202003,"outer","Q28R16",1561,1561,0,2,TRUE
202003,"outer","Q28R17",1561,1561,0,2,TRUE
202003,"outer","Q28R18",1561,1561,0,2,TRUE
202003,"outer","Q28R19",1561,1561,0,2,TRUE
202003,"outer","Q29",1561,1561,0,4,TRUE
202003,"outer","Q30",1561,1223,0.216527866752082,5,TRUE
202003,"outer","Q31",1561,338,0.783472133247918,5,TRUE
202003,"outer","Q32R1",1561,1533,0.0179372197309417,9,TRUE
202003,"outer","Q32R2",1561,1527,0.0217809096732864,9,TRUE
202003,"outer","Q32R3",1561,1454,0.0685458039718129,9,TRUE
202003,"outer","Q32R4",1561,1454,0.0685458039718129,9,TRUE
202003,"outer","Q32R5",1561,1521,0.025624599615631,9,TRUE
202003,"outer","Q32R6",1561,1511,0.0320307495195388,9,TRUE
202003,"outer","Q32R7",1561,1461,0.0640614990390775,9,TRUE
202003,"outer","Q32R8",1561,1493,0.0435618193465727,9,TRUE
202003,"outer","Q32R9",1561,1496,0.0416399743754004,9,TRUE
202003,"outer","Q33R1",1561,1561,0,4,TRUE
202003,"outer","Q33R2",1561,1561,0,4,TRUE
202003,"outer","Q33R3",1561,1561,0,4,TRUE
202003,"outer","Q33R4",1561,1561,0,4,TRUE
202003,"outer","Q33R5",1561,1561,0,4,TRUE
202003,"outer","Q38R1",1561,1561,0,2,TRUE
202003,"outer","Q38R2",1561,1561,0,2,TRUE
202003,"outer","Q38R3",1561,1561,0,2,TRUE
202003,"outer","Q38R4",1561,1561,0,2,TRUE
202003,"outer","Q39R1",1561,899,0.424087123638693,2,TRUE
202003,"outer","Q39R2",1561,899,0.424087123638693,2,TRUE
202003,"outer","Q39R3",1561,899,0.424087123638693,2,TRUE
202003,"outer","Q39R4",1561,899,0.424087123638693,2,TRUE
202003,"outer","Q39R5",1561,899,0.424087123638693,2,TRUE
202003,"outer","Q39R6",1561,899,0.424087123638693,2,TRUE
202003,"outer","Q39R7",1561,899,0.424087123638693,2,TRUE
202003,"outer","Q40",1561,1561,0,4,TRUE
202003,"outer","Q41R1",1561,179,0.885329916720051,2,TRUE
202003,"outer","Q41R2",1561,179,0.885329916720051,2,TRUE
202003,"outer","Q41R3",1561,179,0.885329916720051,2,TRUE
202003,"outer","Q41R4",1561,179,0.885329916720051,2,TRUE
202003,"outer","Q42",1561,1561,0,4,TRUE
202003,"outer","Q43",1561,1561,0,6,TRUE
202003,"outer","Q44",1561,1561,0,4,TRUE
202003,"outer","Q45",1561,1561,0,4,TRUE
202003,"outer","Q46",1561,1561,0,4,TRUE
202003,"outer","Q47",1561,1561,0,4,TRUE
202003,"outer","Q48",1561,519,0.667520819987188,5,TRUE
202003,"outer","Q49",1561,536,0.656630365150545,5,TRUE
202003,"outer","Q50",1561,506,0.675848814862268,5,TRUE
202003,"outer","Q51",1561,771,0.506085842408712,3,TRUE
202003,"outer","Q52",1561,790,0.493914157591288,3,TRUE
202003,"outer","Q53",1561,1561,0,2,TRUE
202003,"outer","Q54",1561,1561,0,3,TRUE
202003,"outer","Q55",1561,1561,0,3,TRUE
202003,"outer","Q56",1561,1561,0,3,TRUE
202003,"outer","Q57",1561,1561,0,4,TRUE
202003,"outer","Q59",1561,1561,0,6,TRUE
202003,"outer","Q60R1",1561,1509,0.0333119795003203,2,TRUE
202003,"outer","Q60R2",1561,1509,0.0333119795003203,2,TRUE
202003,"outer","Q60R3",1561,1509,0.0333119795003203,2,TRUE
202003,"outer","Q60R4",1561,1509,0.0333119795003203,2,TRUE
202003,"outer","Q60R5",1561,1509,0.0333119795003203,2,TRUE
202003,"outer","Q60R6",1561,1509,0.0333119795003203,2,TRUE
202003,"outer","Q61",1561,1561,0,15,TRUE
202003,"outer","Q62R1",1561,1561,0,4,TRUE
202003,"outer","Q62R2",1561,1561,0,4,TRUE
202003,"outer","Q62R3",1561,1561,0,4,TRUE
202003,"outer","Q62R4",1561,1561,0,4,TRUE
202003,"outer","Q62R5",1561,1561,0,4,TRUE
202003,"outer","NEWQ67",1561,1561,0,4,TRUE
202003,"outer","Q67",1561,1561,0,8,TRUE
202003,"outer","Q68",1561,1561,0,4,TRUE
202003,"outer","Q69",1561,1561,0,5,TRUE
202003,"outer","Q70R1",1561,1561,0,5,TRUE
202003,"outer","Q70R2",1561,1561,0,5,TRUE
202003,"outer","Q70R3",1561,1561,0,5,TRUE
202003,"outer","Q70R4",1561,1561,0,5,TRUE
202003,"outer","Q70R5",1561,1561,0,5,TRUE
202003,"outer","Q75",1561,1561,0,5,TRUE
202003,"outer","Q76R1",1561,1561,0,6,TRUE
202003,"outer","Q76R2",1561,1561,0,6,TRUE
202003,"outer","Q76R3",1561,1561,0,6,TRUE
202003,"outer","Q76R4",1561,1561,0,6,TRUE
202003,"outer","Q76R5",1561,1561,0,6,TRUE
202003,"outer","Q76R6",1561,1561,0,6,TRUE
202003,"outer","Q77R1",1561,1561,0,5,TRUE
202003,"outer","Q77R2",1561,1561,0,5,TRUE
202003,"outer","Q77R3",1561,1561,0,5,TRUE
202003,"outer","Q77R4",1561,1561,0,5,TRUE
202003,"outer","Q77R5",1561,1561,0,5,TRUE
202003,"outer","Q77R6",1561,1561,0,5,TRUE
202003,"outer","Q77R7",1561,1561,0,5,TRUE
202003,"outer","Q77R8",1561,1561,0,5,TRUE
202003,"outer","Q77R9",1561,1561,0,5,TRUE
202003,"outer","Q78",1561,1561,0,5,TRUE
202003,"outer","Q79",1561,97,0.937860345932095,2,FALSE
202003,"outer","Q84",1561,1561,0,5,TRUE
202003,"outer","Q85",1561,193,0.87636130685458,5,TRUE
202003,"outer","Q85B",1561,191,0.877642536835362,2,TRUE
202003,"outer","Q86",1561,1561,0,5,TRUE
202003,"outer","Q87",1561,198,0.873158231902627,2,TRUE
202003,"outer","Q88",1561,198,0.873158231902627,2,TRUE
202003,"outer","Q93",1561,1561,0,5,TRUE
202003,"outer","Q94",1561,108,0.930813581037796,2,FALSE
202003,"outer","Q95",1561,1561,0,5,TRUE
202003,"outer","Q96R1",1561,111,0.928891736066624,2,FALSE
202003,"outer","Q96R2",1561,111,0.928891736066624,2,FALSE
202003,"outer","Q96R3",1561,111,0.928891736066624,2,FALSE
202003,"outer","Q96R4",1561,111,0.928891736066624,2,FALSE
202003,"outer","Q96R5",1561,111,0.928891736066624,2,FALSE
202003,"outer","Q96R6",1561,111,0.928891736066624,2,FALSE
202003,"outer","Q96R7",1561,111,0.928891736066624,2,FALSE
202003,"outer","Q96R8",1561,111,0.928891736066624,2,FALSE
202003,"outer","Q96R9",1561,111,0.928891736066624,2,FALSE
202003,"outer","Q96R10",1561,111,0.928891736066624,2,FALSE
202003,"outer","Q96R11",1561,111,0.928891736066624,2,FALSE
202003,"outer","Q96R12",1561,111,0.928891736066624,2,FALSE
202003,"outer","Q96R13",1561,111,0.928891736066624,2,FALSE
202003,"outer","Q96R14",1561,111,0.928891736066624,2,FALSE
202003,"outer","Q97",1561,1561,0,3,TRUE
202003,"outer","Q98R1",1561,209,0.866111467008328,2,TRUE
202003,"outer","Q98R2",1561,209,0.866111467008328,2,TRUE
202003,"outer","Q98R3",1561,209,0.866111467008328,2,TRUE
202003,"outer","Q98R4",1561,209,0.866111467008328,2,TRUE
202003,"outer","Q98R5",1561,209,0.866111467008328,2,TRUE
202003,"outer","Q98R6",1561,209,0.866111467008328,2,TRUE
202003,"outer","Q98R7",1561,209,0.866111467008328,2,TRUE
202003,"outer","Q98R8",1561,209,0.866111467008328,2,TRUE
202003,"outer","Q98R9",1561,209,0.866111467008328,2,TRUE
202003,"outer","Q98R10",1561,209,0.866111467008328,2,TRUE
202003,"outer","Q98R11",1561,209,0.866111467008328,2,TRUE
202003,"outer","Q99R1",1561,1561,0,5,TRUE
202003,"outer","Q99R2",1561,1561,0,5,TRUE
202003,"outer","Q99R3",1561,1561,0,5,TRUE
202003,"outer","Q99R4",1561,1561,0,5,TRUE
202003,"outer","Q99R5",1561,1561,0,5,TRUE
202003,"outer","Q99R6",1561,1561,0,5,TRUE
202003,"outer","Q99R7",1561,1561,0,5,TRUE
202003,"outer","Q99R8",1561,1561,0,5,TRUE
202003,"outer","Q99R9",1561,1561,0,5,TRUE
202003,"outer","Q99R10",1561,1561,0,5,TRUE
202003,"outer","Q99R11",1561,1561,0,5,TRUE
202003,"outer","Q110R1",1561,1561,0,1,FALSE
202003,"outer","Q110R2",1561,1561,0,2,TRUE
202003,"outer","Q110R3",1561,1561,0,2,TRUE
202003,"outer","Q110R4",1561,1561,0,2,TRUE
202003,"outer","Q110R5",1561,1561,0,2,TRUE
202003,"outer","Q110R6",1561,1561,0,2,TRUE
202003,"outer","Q110R7",1561,1561,0,2,TRUE
202003,"outer","Q110R8",1561,1561,0,2,TRUE
202003,"outer","Q111R1",1561,1561,0,5,TRUE
202003,"outer","Q111R2",1561,1561,0,5,TRUE
202003,"outer","Q111R3",1561,1561,0,5,TRUE
202003,"outer","Q111R4",1561,1561,0,5,TRUE
202003,"outer","Q111R5",1561,1561,0,5,TRUE
202003,"outer","Q116R1",1561,530,0.660474055092889,3,TRUE
202003,"outer","Q116R2",1561,555,0.64445868033312,3,TRUE
202003,"outer","Q116R3",1561,225,0.855861627162076,3,TRUE
202003,"outer","Q116R4",1561,162,0.896220371556694,3,TRUE
202003,"outer","Q116R5",1561,162,0.896220371556694,3,TRUE
202003,"outer","Q116R6",1561,52,0.96668802049968,3,FALSE
202003,"outer","Q116R7",1561,182,0.883408071748879,3,TRUE
202003,"outer","Q116R8",1561,155,0.90070467648943,3,FALSE
202003,"outer","Q116R9",1561,117,0.925048046124279,3,FALSE
202003,"outer","Q116R10",1561,177,0.886611146700833,3,TRUE
202003,"outer","Q116R11",1561,93,0.940422805893658,3,FALSE
202003,"outer","Q116R12",1561,78,0.95003203074952,3,FALSE
202003,"outer","Q116R13",1561,36,0.976937860345932,3,FALSE
202003,"outer","Q116R14",1561,71,0.954516335682255,3,FALSE
202003,"outer","Q117R1",1561,1561,0,4,TRUE
202003,"outer","Q117R2",1561,1561,0,4,TRUE
202003,"outer","Q117R3",1561,1561,0,4,TRUE
202003,"outer","Q117R4",1561,1561,0,4,TRUE
202003,"outer","Q117R5",1561,1561,0,4,TRUE
202003,"outer","Q117R6",1561,1561,0,4,TRUE
202003,"outer","Q117R7",1561,1561,0,12,TRUE
202003,"outer","Q117R8",1561,1561,0,4,TRUE
202003,"outer","Q117R9",1561,1561,0,4,TRUE
202003,"outer","Q117R10",1561,1561,0,4,TRUE
202003,"outer","Q117R11",1561,1561,0,4,TRUE
202003,"outer","Q117R12",1561,1561,0,4,TRUE
202003,"outer","Q117R13",1561,1561,0,4,TRUE
202003,"outer","Q130",1561,1561,0,2,TRUE
202003,"outer","Q131R1",1561,1561,0,5,TRUE
202003,"outer","Q131R2",1561,805,0.484304932735426,5,TRUE
202003,"outer","Q131R3",1561,756,0.515695067264574,5,TRUE
202003,"outer","Q131R4",1561,805,0.484304932735426,5,TRUE
202003,"outer","Q131R5",1561,756,0.515695067264574,5,TRUE
202003,"outer","Q131R6",1561,805,0.484304932735426,5,TRUE
202003,"outer","Q131R7",1561,756,0.515695067264574,5,TRUE
202003,"outer","Q131R8",1561,805,0.484304932735426,5,TRUE
202003,"outer","Q131R9",1561,756,0.515695067264574,5,TRUE
202003,"outer","Q131R10",1561,805,0.484304932735426,5,TRUE
202003,"outer","Q131R11",1561,756,0.515695067264574,5,TRUE
202003,"outer","Q131R12",1561,805,0.484304932735426,5,TRUE
202003,"outer","Q131R13",1561,756,0.515695067264574,5,TRUE
202003,"outer","Q144",1561,1561,0,4,TRUE
202003,"outer","Q145",1561,1561,0,5,TRUE
202003,"outer","Q146",1561,1561,0,5,TRUE
202003,"outer","Q147",1561,1561,0,5,TRUE
202003,"outer","Q148",1561,1561,0,5,TRUE
202003,"outer","Q149",1561,1561,0,5,TRUE
202003,"outer","Q150",1561,1561,0,5,TRUE
202003,"outer","Q151",1561,1561,0,5,TRUE
202003,"outer","Q152",1561,1561,0,5,TRUE
202003,"outer","Q153",1561,1561,0,5,TRUE
202003,"outer","Q154R1",1561,1561,0,5,TRUE
202003,"outer","Q154R2",1561,1561,0,5,TRUE
202003,"outer","Q154R3",1561,1561,0,5,TRUE
202003,"outer","Q154R4",1561,1561,0,14,TRUE
202003,"outer","Q154R5",1561,1561,0,15,TRUE
202003,"outer","Q159R1",1561,1561,0,15,TRUE
202003,"outer","Q159R2",1561,1561,0,14,TRUE
202003,"outer","Q159R3",1561,1561,0,15,TRUE
202003,"outer","Q162R1",1561,1561,0,7,TRUE
202003,"outer","Q162R2",1561,1561,0,7,TRUE
202003,"outer","Q162R3",1561,1561,0,7,TRUE
202003,"outer","Q162R4",1561,1561,0,7,TRUE
202003,"outer","Q162R5",1561,1561,0,7,TRUE
202003,"outer","Q162R6",1561,1561,0,7,TRUE
202003,"outer","Q162R7",1561,1561,0,7,TRUE
202003,"outer","Q162R8",1561,1561,0,7,TRUE
202003,"outer","Q170",1561,1561,0,2,TRUE
202003,"outer","Q171R1",1561,647,0.585522101217169,2,TRUE
202003,"outer","Q171R2",1561,647,0.585522101217169,2,TRUE
202003,"outer","Q171R3",1561,647,0.585522101217169,2,TRUE
202003,"outer","Q171R4",1561,647,0.585522101217169,2,TRUE
202003,"outer","Q171R5",1561,647,0.585522101217169,2,TRUE
202003,"outer","Q171R6",1561,647,0.585522101217169,2,TRUE
202003,"outer","Q171R7",1561,647,0.585522101217169,2,TRUE
202003,"outer","Q171R8",1561,647,0.585522101217169,2,TRUE
202003,"outer","Q171R9",1561,647,0.585522101217169,2,TRUE
202003,"outer","Q172R1",1561,647,0.585522101217169,2,TRUE
202003,"outer","Q172R2",1561,647,0.585522101217169,2,TRUE
202003,"outer","Q172R3",1561,647,0.585522101217169,2,TRUE
202003,"outer","Q175R1",1561,914,0.414477898782832,2,TRUE
202003,"outer","Q175R2",1561,914,0.414477898782832,2,TRUE
202003,"outer","Q175R3",1561,914,0.414477898782832,2,TRUE
202003,"outer","Q178R1",1561,1561,0,4,TRUE
202003,"outer","Q178R2",1561,1561,0,4,TRUE
202003,"outer","Q178R3",1561,1561,0,4,TRUE
202003,"outer","Q178R4",1561,1561,0,4,TRUE
202003,"outer","Q182",1561,1561,0,3,TRUE
202003,"outer","Q183",1561,1561,0,4,TRUE
202003,"outer","Q184R1",1561,1561,0,5,TRUE
202003,"outer","Q184R2",1561,1561,0,5,TRUE
202003,"outer","Q184R3",1561,1561,0,5,TRUE
202003,"outer","Q187R1",1561,1561,0,5,TRUE
202003,"outer","Q187R2",1561,1561,0,5,TRUE
202003,"outer","Q187R3",1561,1561,0,5,TRUE
202003,"outer","Q187R4",1561,1561,0,5,TRUE
202003,"outer","Q187R5",1561,1561,0,5,TRUE
202003,"outer","Q192",1561,1561,0,2,TRUE
202003,"outer","Q193",1561,804,0.484945547725817,5,TRUE
202003,"outer","Q194",1561,757,0.515054452274183,5,TRUE
202003,"outer","Q195A1R1",1561,279,0.821268417680974,3,TRUE
202003,"outer","Q195A1R2",1561,756,0.515695067264574,3,TRUE
202003,"outer","Q195A1R3",1561,709,0.54580397181294,3,TRUE
202003,"outer","Q195A1R4",1561,614,0.606662395900064,3,TRUE
202003,"outer","Q195A2R1",1561,246,0.842408712363869,5,TRUE
202003,"outer","Q195A2R2",1561,346,0.778347213324792,5,TRUE
202003,"outer","Q195A2R3",1561,281,0.819987187700192,5,TRUE
202003,"outer","Q195A2R4",1561,285,0.817424727738629,5,TRUE
202003,"outer","Q195A2R5",1561,252,0.838565022421525,5,TRUE
202003,"outer","Q195A2R6",1561,515,0.670083279948751,5,TRUE
202003,"outer","Q195A2R7",1561,441,0.717488789237668,5,TRUE
202003,"outer","Q195A2R8",1561,411,0.736707238949391,5,TRUE
202003,"outer","Q195A2R9",1561,451,0.71108263933376,5,TRUE
202003,"outer","Q195A2R10",1561,462,0.704035874439462,5,TRUE
202003,"outer","Q195B1R1",1561,240,0.846252402306214,3,TRUE
202003,"outer","Q195B1R2",1561,746,0.522101217168482,3,TRUE
202003,"outer","Q195B1R3",1561,717,0.540679051889814,3,TRUE
202003,"outer","Q195B1R4",1561,622,0.601537475976938,3,TRUE
202003,"outer","Q195B2R1",1561,211,0.864830237027546,5,TRUE
202003,"outer","Q195B2R2",1561,347,0.777706598334401,5,TRUE
202003,"outer","Q195B2R3",1561,258,0.83472133247918,5,TRUE
202003,"outer","Q195B2R4",1561,255,0.836643177450352,5,TRUE
202003,"outer","Q195B2R5",1561,241,0.845611787315823,5,TRUE
202003,"outer","Q195B2R6",1561,561,0.640614990390775,5,TRUE
202003,"outer","Q195B2R7",1561,496,0.682254964766176,5,TRUE
202003,"outer","Q195B2R8",1561,480,0.692504804612428,5,TRUE
202003,"outer","Q195B2R9",1561,502,0.678411274823831,5,TRUE
202003,"outer","Q195B2R10",1561,524,0.664317745035234,5,TRUE
202003,"outer","Q196",1561,1561,0,11,TRUE
202003,"outer","Q197A1",1561,786,0.496476617552851,4,TRUE
202003,"outer","Q197A2",1561,786,0.496476617552851,10,TRUE
202003,"outer","Q197B1",1561,775,0.503523382447149,4,TRUE
202003,"outer","Q197B2",1561,775,0.503523382447149,10,TRUE
202003,"outer","Q198",1561,1561,0,11,TRUE
202003,"outer","Q199",1561,497,0.681614349775785,2,TRUE
202003,"outer","Q200",1561,526,0.663036515054452,2,TRUE
202003,"outer","Q201",1561,538,0.655349135169763,2,TRUE
202003,"outer","Q202R1",1561,1561,0,2,TRUE
202003,"outer","Q202R2",1561,1561,0,2,TRUE
202003,"outer","Q202R3",1561,1561,0,2,TRUE
202003,"outer","Q203",1561,1561,0,5,TRUE
202003,"outer","Q204",1561,1561,0,5,TRUE
202003,"outer","Q205",1561,1561,0,5,TRUE
202003,"outer","Q206",1561,1561,0,101,TRUE
202003,"outer","Q207",1561,1561,0,101,TRUE
202003,"outer","Q208R1",1561,1561,0,5,TRUE
202003,"outer","Q208R2",1561,1561,0,5,TRUE
202003,"outer","Q208R3",1561,1561,0,5,TRUE
202003,"outer","Q208R4",1561,1561,0,5,TRUE
202003,"outer","Q208R5",1561,1561,0,5,TRUE
202003,"outer","Q213R1",1561,1561,0,5,TRUE
202003,"outer","Q213R2",1561,1561,0,5,TRUE
202003,"outer","Q213R3",1561,1561,0,5,TRUE
202003,"outer","Q213R4",1561,1561,0,5,TRUE
202003,"outer","Q217R1",1561,1561,0,6,TRUE
202003,"outer","Q217R2",1561,1561,0,6,TRUE
202003,"outer","Q217R3",1561,1561,0,6,TRUE
202003,"outer","Q217R4",1561,1561,0,6,TRUE
202003,"outer","Q221R1",1561,1561,0,15,TRUE
202003,"outer","Q221R2",1561,1561,0,15,TRUE
202003,"outer","Q221R3",1561,1561,0,15,TRUE
202003,"outer","Q221R4",1561,1561,0,14,TRUE
202003,"outer","Q225R1",1561,1561,0,7,TRUE
202003,"outer","Q225R2",1561,1561,0,7,TRUE
202003,"outer","Q225R3",1561,1561,0,7,TRUE
202003,"outer","Q225R4",1561,1561,0,7,TRUE
202003,"outer","Q225R5",1561,1561,0,7,TRUE
202003,"outer","Q225R6",1561,1561,0,7,TRUE
202003,"outer","Q225R7",1561,1561,0,7,TRUE
202003,"outer","Q225R8",1561,1561,0,7,TRUE
202003,"outer","Q225R9",1561,1561,0,7,TRUE
202003,"outer","Q225R10",1561,1561,0,7,TRUE
202003,"outer","Q225R11",1561,1561,0,7,TRUE
202003,"outer","Q225R12",1561,1561,0,7,TRUE
202003,"outer","Q225R13",1561,1561,0,7,TRUE
202003,"outer","Q225R14",1561,1561,0,7,TRUE
202003,"outer","Q239R1",1561,1561,0,5,TRUE
202003,"outer","Q239R2",1561,1561,0,5,TRUE
202003,"outer","Q239R3",1561,1561,0,5,TRUE
202003,"outer","Q239R4",1561,1561,0,5,TRUE
202003,"outer","Q243R1",1561,1561,0,5,TRUE
202003,"outer","Q243R2",1561,1561,0,5,TRUE
202003,"outer","Q243R3",1561,1561,0,5,TRUE
202003,"outer","Q243R4",1561,1561,0,5,TRUE
202003,"outer","Q247",1561,1561,0,5,TRUE
202003,"outer","Q248",1561,1561,0,5,TRUE
202003,"outer","Q249",1561,1561,0,5,TRUE
202003,"outer","Q250R1",1561,591,0.621396540679052,5,TRUE
202003,"outer","Q250R2",1561,1561,0,5,TRUE
202003,"outer","Q250R3",1561,183,0.882767456758488,5,TRUE
202003,"outer","Q250R4",1561,0,1,0,FALSE
202003,"outer","Q250R5",1561,239,0.846893017296605,5,TRUE
202003,"outer","Q250R6",1561,0,1,0,FALSE
202003,"outer","Q250R7",1561,7,0.995515695067265,3,FALSE
202003,"outer","Q250R8",1561,174,0.888532991672005,5,TRUE
202003,"outer","Q251",1561,183,0.882767456758488,3,TRUE
202003,"outer","Q252",1561,183,0.882767456758488,2,TRUE
202003,"outer","Q253",1561,183,0.882767456758488,2,TRUE
202003,"outer","Q254",1561,352,0.774503523382447,2,TRUE
202003,"outer","Q255",1561,183,0.882767456758488,2,TRUE
202003,"outer","Q256",1561,1561,0,4,TRUE
202003,"outer","Q257AR1",1561,527,0.662395900064061,5,TRUE
202003,"outer","Q257AR2",1561,527,0.662395900064061,5,TRUE
202003,"outer","Q257AR3",1561,527,0.662395900064061,5,TRUE
202003,"outer","Q257AR4",1561,527,0.662395900064061,5,TRUE
202003,"outer","Q257BR1",1561,518,0.668161434977579,5,TRUE
202003,"outer","Q257BR2",1561,518,0.668161434977579,5,TRUE
202003,"outer","Q257BR3",1561,518,0.668161434977579,5,TRUE
202003,"outer","Q257BR4",1561,518,0.668161434977579,5,TRUE
202003,"outer","Q257CR1",1561,516,0.66944266495836,5,TRUE
202003,"outer","Q257CR2",1561,516,0.66944266495836,5,TRUE
202003,"outer","Q257CR3",1561,516,0.66944266495836,5,TRUE
202003,"outer","Q257CR4",1561,516,0.66944266495836,5,TRUE
202003,"outer","Q258",1561,183,0.882767456758488,20,TRUE
202003,"outer","Q260",1561,183,0.882767456758488,4,TRUE
202003,"outer","Q261",1561,1561,0,10,TRUE
202003,"outer","Q262",1561,239,0.846893017296605,7,TRUE
202003,"outer","Q263",1561,239,0.846893017296605,6,TRUE
202003,"outer","Q264",1561,239,0.846893017296605,7,TRUE
202003,"outer","Q265",1561,239,0.846893017296605,6,TRUE
202003,"outer","Q266",1561,239,0.846893017296605,4,TRUE
202003,"outer","Q267",1561,183,0.882767456758488,5,TRUE
202003,"outer","Q268",1561,1561,0,15,TRUE
202003,"outer","Q269",1561,183,0.882767456758488,5,TRUE
202003,"outer","Q270",1561,183,0.882767456758488,5,TRUE
202003,"outer","Q271",1561,1561,0,15,TRUE
202003,"outer","Q272",1561,1561,0,8,TRUE
202003,"outer","Q273R1",1561,1561,0,7,TRUE
202003,"outer","Q273R2",1561,1561,0,7,TRUE
202003,"outer","Q273R3",1561,1561,0,7,TRUE
202003,"outer","Q273R4",1561,1561,0,7,TRUE
202003,"outer","Q273R5",1561,1561,0,7,TRUE
202003,"outer","Q278",1561,1561,0,4,TRUE
202003,"outer","Q279",1561,1561,0,2,TRUE
202003,"outer","Q280",1561,1561,0,3,TRUE
202003,"outer","Q281R1",1561,1561,0,2,TRUE
202003,"outer","Q281R2",1561,1561,0,2,TRUE
202003,"outer","Q281R3",1561,1561,0,2,TRUE
202003,"outer","Q281R4",1561,1561,0,2,TRUE
202003,"outer","Q281R5",1561,1561,0,2,TRUE
202003,"outer","Q281R6",1561,1561,0,2,TRUE
202003,"outer","Q281R7",1561,1561,0,2,TRUE
202003,"outer","Q281R8",1561,1561,0,2,TRUE
202003,"outer","Q281R9",1561,1561,0,2,TRUE
202003,"outer","Q282",1561,774,0.50416399743754,3,TRUE
202003,"outer","Q283",1561,787,0.49583600256246,3,TRUE
202003,"outer","Q284",1561,117,0.925048046124279,3,FALSE
202003,"outer","Q285",1561,777,0.502242152466368,4,TRUE
202003,"outer","Q286",1561,784,0.497757847533632,5,TRUE
202003,"outer","Q287R1",1561,533,0.658552210121717,13,TRUE
202003,"outer","Q287R2",1561,533,0.658552210121717,5,TRUE
202003,"outer","Q287R3",1561,533,0.658552210121717,5,TRUE
202003,"outer","Q287R4",1561,533,0.658552210121717,5,TRUE
202003,"outer","Q287R5",1561,533,0.658552210121717,5,TRUE
202003,"outer","Q287R6",1561,533,0.658552210121717,34,TRUE
202003,"outer","Q287R7",1561,533,0.658552210121717,5,TRUE
202003,"outer","Q294",1561,533,0.658552210121717,7,TRUE
202003,"outer","Q295R1",1561,540,0.654067905188981,94,TRUE
202003,"outer","Q295R2",1561,540,0.654067905188981,48,TRUE
202003,"outer","Q295R3",1561,540,0.654067905188981,60,TRUE
202003,"outer","Q295R4",1561,539,0.654708520179372,50,TRUE
202003,"outer","Q295R5",1561,540,0.654067905188981,39,TRUE
202003,"outer","Q295R6",1561,256,0.836002562459962,29,TRUE
202003,"outer","Q301R1",1561,488,0.687379884689302,84,TRUE
202003,"outer","Q301R2",1561,488,0.687379884689302,41,TRUE
202003,"outer","Q301R3",1561,488,0.687379884689302,56,TRUE
202003,"outer","Q301R4",1561,488,0.687379884689302,39,TRUE
202003,"outer","Q301R5",1561,488,0.687379884689302,33,TRUE
202003,"outer","Q301R6",1561,488,0.687379884689302,35,TRUE
202003,"outer","Q301R7",1561,488,0.687379884689302,32,TRUE
202003,"outer","Q308R1",1561,1561,0,101,TRUE
202003,"outer","Q308R2",1561,1561,0,101,TRUE
202003,"outer","Q308R3",1561,1561,0,99,TRUE
202003,"outer","Q308R4",1561,1561,0,101,TRUE
202003,"outer","Q308R5",1561,1561,0,100,TRUE
202003,"outer","Q308R6",1561,1561,0,101,TRUE
202003,"outer","Q308R7",1561,1561,0,101,TRUE
202003,"outer","Q315",1561,1561,0,36,TRUE
202003,"outer","Q316R1",1561,1561,0,5,TRUE
202003,"outer","Q316R2",1561,1561,0,5,TRUE
202003,"outer","Q316R3",1561,1561,0,5,TRUE
202003,"outer","Q316R4",1561,1561,0,5,TRUE
202003,"outer","Q316R5",1561,1561,0,5,TRUE
202003,"outer","Q316R6",1561,1561,0,5,TRUE
202003,"outer","Q316R7",1561,1561,0,5,TRUE
202003,"outer","Q323_BLW",1561,1561,0,75,TRUE
202003,"outer","Q323_API",1561,0,1,0,FALSE
202003,"outer","Q323_NINH",1561,0,1,0,FALSE
202003,"outer","Q324",1561,1561,0,75,TRUE
202003,"outer","Q325_BLW",1561,1561,0,75,TRUE
202003,"outer","Q325_API",1561,0,1,0,FALSE
202003,"outer","Q325_NINH",1561,0,1,0,FALSE
202003,"outer","Q326R1",1561,1561,0,60,TRUE
202003,"outer","Q326R2",1561,0,1,0,FALSE
202003,"outer","Q326R3",1561,0,1,0,FALSE
202003,"outer","Q326R4",1561,1561,0,139,TRUE
202003,"outer","Q326R5",1561,1561,0,60,TRUE
202003,"outer","Q326R6",1561,0,1,0,FALSE
202003,"outer","Q326R7",1561,0,1,0,FALSE
202003,"outer","Q329R1",1561,126,0.919282511210762,3,FALSE
202003,"outer","Q329R2",1561,399,0.744394618834081,3,TRUE
202003,"outer","Q329R3",1561,663,0.575272261370916,3,TRUE
202003,"outer","Q329R4",1561,197,0.873798846893017,3,TRUE
202003,"outer","Q329R5",1561,773,0.504804612427931,3,TRUE
202003,"outer","Q329R6",1561,109,0.930172966047406,3,FALSE
202003,"outer","Q329R7",1561,576,0.631005765534913,3,TRUE
202003,"outer","Q329R8",1561,666,0.573350416399744,3,TRUE
202003,"outer","Q329R9",1561,533,0.658552210121717,3,TRUE
202003,"outer","Q329R10",1561,641,0.589365791159513,3,TRUE
202003,"outer","Q330",1561,1561,0,92,TRUE
202003,"outer","Q331",1561,1561,0,88,TRUE
202003,"outer","Q332",1561,1561,0,99,TRUE
202003,"outer","Q333",1561,1561,0,3,TRUE
202003,"outer","Q334",1561,369,0.763613068545804,3,TRUE
202003,"outer","Q335",1561,806,0.483664317745035,3,TRUE
202003,"outer","Q336R1C1",1561,21,0.986547085201794,7,FALSE
202003,"outer","Q336R2C1",1561,21,0.986547085201794,8,FALSE
202003,"outer","Q336R3C1",1561,21,0.986547085201794,7,FALSE
202003,"outer","Q339",1561,1561,0,3,TRUE
202003,"outer","Q340",1561,1561,0,1561,TRUE
202003,"outer","Q341R1",1561,1561,0,1498,TRUE
202003,"outer","Q341R2",1561,1561,0,1487,TRUE
202003,"outer","Q343R1",1561,1561,0,4,TRUE
202003,"outer","Q343R2",1561,1561,0,4,TRUE
202003,"outer","Q343R3",1561,1561,0,4,TRUE
202003,"outer","Q343R4",1561,1561,0,4,TRUE
202003,"outer","Q347",1561,1561,0,12,TRUE
202003,"outer","Q348",1561,1561,0,42,TRUE
202003,"outer","Q349",1561,1561,0,15,TRUE
202003,"outer","Q350",1561,1561,0,4,TRUE
202003,"outer","Q351",1561,1561,0,4,TRUE
202003,"outer","Q352",1561,1561,0,4,TRUE
202003,"outer","Q353",1561,7,0.995515695067265,3,FALSE
202003,"outer","Q354",1561,7,0.995515695067265,4,FALSE
202003,"outer","Q355R1",1561,7,0.995515695067265,2,FALSE
202003,"outer","Q355R2",1561,7,0.995515695067265,2,FALSE
202003,"outer","Q355R3",1561,7,0.995515695067265,2,FALSE
202003,"outer","Q355R4",1561,7,0.995515695067265,2,FALSE
202003,"outer","Q355R5",1561,7,0.995515695067265,2,FALSE
202003,"outer","Q355R6",1561,7,0.995515695067265,2,FALSE
202003,"outer","Q355R7",1561,7,0.995515695067265,2,FALSE
202003,"outer","Q355R8",1561,7,0.995515695067265,1,FALSE
202003,"outer","Q355R9",1561,7,0.995515695067265,1,FALSE
202003,"outer","Q356",1561,1561,0,2,TRUE
202003,"outer","Q357",1561,173,0.889173606662396,4,TRUE
202003,"outer","Q358",1561,1561,0,5,TRUE
202003,"outer","Q359R1",1561,1561,0,15,TRUE
202003,"outer","Q359R2",1561,1561,0,15,TRUE
202003,"outer","Q359R3",1561,1561,0,5,TRUE
202003,"outer","Q359R4",1561,1561,0,5,TRUE
202003,"outer","Q363",1561,1561,0,5,TRUE
202003,"outer","Q364",1561,812,0.479820627802691,4,TRUE
202003,"outer","Q365",1561,749,0.520179372197309,4,TRUE
202003,"outer","Q366R1",1561,1561,0,2,TRUE
202003,"outer","Q366R2",1561,1561,0,2,TRUE
202003,"outer","Q366R3",1561,1561,0,2,TRUE
202003,"outer","Q366R4",1561,1561,0,2,TRUE
202003,"outer","Q367",1561,1561,0,2,TRUE
202003,"outer","Q368",1561,1561,0,5,TRUE
202003,"outer","Q369",1561,530,0.660474055092889,2,TRUE
202003,"outer","Q370",1561,530,0.660474055092889,3,TRUE
202003,"outer","Q371",1561,1561,0,2,TRUE
202003,"outer","Q372",1561,1561,0,4,TRUE
202003,"outer","Q373",1561,7,0.995515695067265,4,FALSE
202003,"outer","Q374",1561,7,0.995515695067265,4,FALSE
202003,"outer","Q375",1561,7,0.995515695067265,4,FALSE
202003,"outer","Q376",1561,7,0.995515695067265,4,FALSE
202003,"outer","Q377",1561,591,0.621396540679052,5,TRUE
202003,"outer","Q378",1561,591,0.621396540679052,5,TRUE
202003,"outer","Q379",1561,591,0.621396540679052,5,TRUE
202003,"outer","Q380",1561,591,0.621396540679052,5,TRUE
202003,"outer","Q381_Q383R1",1561,1561,0,7,TRUE
202003,"outer","Q381_Q383R2",1561,1561,0,7,TRUE
202003,"outer","Q381_Q383R3",1561,1561,0,7,TRUE
202003,"outer","Q384R1",1561,1561,0,7,TRUE
202003,"outer","Q385",1561,1561,0,7,TRUE
202003,"outer","Q386_Q390R1",1561,591,0.621396540679052,5,TRUE
202003,"outer","Q386_Q390R2",1561,591,0.621396540679052,5,TRUE
202003,"outer","Q386_Q390R3",1561,591,0.621396540679052,5,TRUE
202003,"outer","Q386_Q390R4",1561,591,0.621396540679052,5,TRUE
202003,"outer","Q386_Q390R5",1561,591,0.621396540679052,5,TRUE
202003,"outer","Q391_Q393R1",1561,183,0.882767456758488,4,TRUE
202003,"outer","Q391_Q393R2",1561,183,0.882767456758488,4,TRUE
202003,"outer","Q391_Q393R3",1561,183,0.882767456758488,4,TRUE
202003,"outer","Q394",1561,183,0.882767456758488,6,TRUE
202003,"outer","Q395",1561,1561,0,12,TRUE
202003,"outer","Q396_Q398R1",1561,1561,0,5,TRUE
202003,"outer","Q396_Q398R2",1561,1561,0,5,TRUE
202003,"outer","Q396_Q398R3",1561,1561,0,5,TRUE
202003,"outer","Q399",1561,1561,0,3,TRUE
202003,"outer","Q400",1561,1561,0,3,TRUE
202003,"outer","Q401_Q404R1",1561,807,0.483023702754644,5,TRUE
202003,"outer","Q401_Q404R2",1561,807,0.483023702754644,5,TRUE
202003,"outer","Q401_Q404R3",1561,807,0.483023702754644,5,TRUE
202003,"outer","Q401_Q404R4",1561,807,0.483023702754644,5,TRUE
202003,"outer","Q405",1561,183,0.882767456758488,7,TRUE
202003,"outer","Q406",1561,1561,0,3,TRUE
202003,"outer","Q407R1",1561,700,0.551569506726457,2,TRUE
202003,"outer","Q407R2",1561,700,0.551569506726457,2,TRUE
202003,"outer","Q407R3",1561,700,0.551569506726457,2,TRUE
202003,"outer","Q407R4",1561,700,0.551569506726457,2,TRUE
202003,"outer","Q407R5",1561,700,0.551569506726457,2,TRUE
202003,"outer","Q408",1561,1561,0,5,TRUE
202003,"outer","Q409",1561,1561,0,5,TRUE
202003,"outer","Q410",1561,1561,0,5,TRUE
202003,"outer","Q411_Q416R1",1561,1561,0,5,TRUE
202003,"outer","Q411_Q416R2",1561,1561,0,5,TRUE
202003,"outer","Q411_Q416R3",1561,1561,0,5,TRUE
202003,"outer","Q411_Q416R4",1561,1561,0,5,TRUE
202003,"outer","Q411_Q416R5",1561,1561,0,5,TRUE
202003,"outer","Q411_Q416R6",1561,1561,0,5,TRUE
202003,"outer","Q417_Q424R1",1561,288,0.815502882767457,6,TRUE
202003,"outer","Q417_Q424R2",1561,303,0.805893657911595,6,TRUE
202003,"outer","Q417_Q424R3",1561,288,0.815502882767457,6,TRUE
202003,"outer","Q417_Q424R4",1561,303,0.805893657911595,6,TRUE
202003,"outer","Q417_Q424R5",1561,288,0.815502882767457,6,TRUE
202003,"outer","Q417_Q424R6",1561,303,0.805893657911595,6,TRUE
202003,"outer","Q417_Q424R7",1561,288,0.815502882767457,6,TRUE
202003,"outer","Q417_Q424R8",1561,303,0.805893657911595,6,TRUE
202003,"outer","Q425",1561,1561,0,6,TRUE
202003,"outer","Q428R1",1561,1049,0.327994875080077,98,TRUE
202003,"outer","Q428R2",1561,1049,0.327994875080077,56,TRUE
202003,"outer","Q428R3",1561,1049,0.327994875080077,93,TRUE
202003,"outer","Q428R4",1561,1049,0.327994875080077,45,TRUE
202003,"outer","Q428R6",1561,1049,0.327994875080077,34,TRUE
202003,"outer","Q428R5",1561,1049,0.327994875080077,42,TRUE
202003,"outer","Q429_Q440R1",1561,1561,0,4,TRUE
202003,"outer","Q429_Q440R2",1561,1561,0,4,TRUE
202003,"outer","Q429_Q440R3",1561,1561,0,4,TRUE
202003,"outer","Q429_Q440R4",1561,1561,0,4,TRUE
202003,"outer","Q429_Q440R5",1561,1561,0,4,TRUE
202003,"outer","Q429_Q440R6",1561,1561,0,4,TRUE
202003,"outer","Q429_Q440R7",1561,1561,0,4,TRUE
202003,"outer","Q429_Q440R8",1561,1561,0,4,TRUE
202003,"outer","Q429_Q440R9",1561,1561,0,4,TRUE
202003,"outer","Q429_Q440R10",1561,1561,0,4,TRUE
202003,"outer","Q429_Q440R11",1561,1561,0,4,TRUE
202003,"outer","Q429_Q440R12",1561,1561,0,4,TRUE
202003,"outer","Q441_Q452R1",1561,1561,0,3,TRUE
202003,"outer","Q441_Q452R2",1561,1561,0,3,TRUE
202003,"outer","Q441_Q452R3",1561,1561,0,3,TRUE
202003,"outer","Q441_Q452R4",1561,1561,0,3,TRUE
202003,"outer","Q441_Q452R5",1561,1561,0,3,TRUE
202003,"outer","Q441_Q452R6",1561,1561,0,3,TRUE
202003,"outer","Q441_Q452R7",1561,1561,0,3,TRUE
202003,"outer","Q441_Q452R8",1561,1561,0,3,TRUE
202003,"outer","Q441_Q452R9",1561,1561,0,3,TRUE
202003,"outer","Q441_Q452R10",1561,1561,0,3,TRUE
202003,"outer","Q441_Q452R11",1561,1561,0,3,TRUE
202003,"outer","Q441_Q452R12",1561,1561,0,3,TRUE
202003,"outer","Q453",1561,1561,0,6,TRUE
202003,"outer","Q454",1561,1030,0.340166559897502,4,TRUE
202003,"outer","Q455",1561,1030,0.340166559897502,3,TRUE
202003,"outer","Q456_Q461R1",1561,1561,0,5,TRUE
202003,"outer","Q456_Q461R2",1561,1561,0,5,TRUE
202003,"outer","Q456_Q461R3",1561,1561,0,5,TRUE
202003,"outer","Q456_Q461R4",1561,1561,0,5,TRUE
202003,"outer","Q456_Q461R5",1561,1561,0,5,TRUE
202003,"outer","Q456_Q461R6",1561,1561,0,5,TRUE
202003,"outer","Q462",1561,1561,0,3,TRUE
202003,"outer","Q463",1561,1561,0,4,TRUE
202003,"outer","Q464",1561,138,0.911595131326073,2,FALSE
202003,"outer","Q465R1",1561,138,0.911595131326073,2,FALSE
202003,"outer","Q465R2",1561,138,0.911595131326073,2,FALSE
202003,"outer","Q466",1561,1561,0,4,TRUE
202003,"outer","Q467_Q469R1",1561,1561,0,2,TRUE
202003,"outer","Q467_Q469R2",1561,1561,0,2,TRUE
202003,"outer","Q467_Q469R3",1561,1561,0,2,TRUE
202003,"outer","Q470",1561,1561,0,2,TRUE
202003,"outer","Q471R6",1561,192,0.877001921844971,2,TRUE
202003,"outer","Q471R7",1561,192,0.877001921844971,2,TRUE
202003,"outer","Q471R8",1561,192,0.877001921844971,2,TRUE
202003,"outer","Q471R9",1561,192,0.877001921844971,2,TRUE
202003,"outer","Q472_Q474R1",1561,1561,0,7,TRUE
202003,"outer","Q472_Q474R2",1561,1561,0,7,TRUE
202003,"outer","Q472_Q474R3",1561,1561,0,7,TRUE
202003,"outer","Q475R1",1561,1500,0.0390775144138373,7,TRUE
202003,"outer","Q475R2",1561,1500,0.0390775144138373,7,TRUE
202003,"outer","Q475R3",1561,1539,0.0140935297885971,7,TRUE
202003,"outer","Q475R4",1561,1542,0.0121716848174247,7,TRUE
202003,"outer","Q475R5",1561,1495,0.0422805893657912,7,TRUE
202003,"outer","Q475R6",1561,1521,0.025624599615631,7,TRUE
202003,"outer","Q475R7",1561,1526,0.0224215246636771,7,TRUE
202003,"outer","Q476",1561,1561,0,4,TRUE
202003,"outer","Q477",1561,1561,0,3,TRUE
202003,"outer","Q478_Q483R1",1561,1561,0,7,TRUE
202003,"outer","Q478_Q483R2",1561,1561,0,7,TRUE
202003,"outer","Q478_Q483R3",1561,1561,0,7,TRUE
202003,"outer","Q478_Q483R4",1561,1561,0,7,TRUE
202003,"outer","Q478_Q483R5",1561,1561,0,7,TRUE
202003,"outer","Q478_Q483R6",1561,1561,0,7,TRUE
202003,"outer","Q484",1561,1561,0,3,TRUE
202003,"outer","Q485",1561,1561,0,4,TRUE
202003,"outer","Q486",1561,791,0.493273542600897,5,TRUE
202003,"outer","Q487_Q489R1",1561,467,0.700832799487508,6,TRUE
202003,"outer","Q487_Q489R2",1561,467,0.700832799487508,6,TRUE
202003,"outer","Q487_Q489R3",1561,467,0.700832799487508,6,TRUE
202003,"outer","Q490R1",1561,1561,0,2,TRUE
202003,"outer","Q490R2",1561,1561,0,2,TRUE
202003,"outer","Q490R3",1561,1561,0,2,TRUE
202003,"outer","Q490R4",1561,1561,0,2,TRUE
202003,"outer","Q490R5",1561,1561,0,2,TRUE
202003,"outer","Q490R6",1561,1561,0,2,TRUE
202003,"outer","Q490R7",1561,1561,0,2,TRUE
202003,"outer","Q490R8",1561,1561,0,2,TRUE
202003,"outer","Q491A",1561,361,0.76873798846893,3,TRUE
202003,"outer","Q491R1",1561,1561,0,2,TRUE
202003,"outer","Q491R2",1561,1561,0,2,TRUE
202003,"outer","Q491R3",1561,1561,0,2,TRUE
202003,"outer","Q491R4",1561,1561,0,2,TRUE
202003,"outer","Q491R5",1561,1561,0,2,TRUE
202003,"outer","Q491R6",1561,1561,0,2,TRUE
202003,"outer","Q491R7",1561,1561,0,2,TRUE
202003,"outer","Q492",1561,1561,0,4,TRUE
202003,"outer","Q493",1561,1561,0,4,TRUE
202003,"outer","Q494_Q503R1",1561,1561,0,3,TRUE
202003,"outer","Q494_Q503R2",1561,1561,0,3,TRUE
202003,"outer","Q494_Q503R3",1561,1561,0,3,TRUE
202003,"outer","Q494_Q503R4",1561,1561,0,3,TRUE
202003,"outer","Q494_Q503R5",1561,1561,0,3,TRUE
202003,"outer","Q494_Q503R6",1561,1561,0,3,TRUE
202003,"outer","Q494_Q503R7",1561,1561,0,3,TRUE
202003,"outer","Q494_Q503R8",1561,1561,0,3,TRUE
202003,"outer","Q494_Q503R9",1561,1561,0,3,TRUE
202003,"outer","Q494_Q503R10",1561,1561,0,3,TRUE
202003,"outer","Q504R1",1561,1561,0,10,TRUE
202003,"outer","Q504R2",1561,1561,0,10,TRUE
202003,"outer","Q504R3",1561,1561,0,10,TRUE
202003,"outer","Q504R4",1561,1561,0,10,TRUE
202003,"outer","Q504R5",1561,1561,0,10,TRUE
202003,"outer","Q504R6",1561,1561,0,10,TRUE
202003,"outer","Q504R7",1561,1561,0,10,TRUE
202003,"outer","Q504R8",1561,1561,0,10,TRUE
202003,"outer","Q504R11",1561,1561,0,10,TRUE
202003,"outer","Q504R12",1561,1561,0,10,TRUE
202003,"outer","Q505_Q508R1",1561,1561,0,4,TRUE
202003,"outer","Q505_Q508R2",1561,1561,0,4,TRUE
202003,"outer","Q505_Q508R3",1561,1561,0,4,TRUE
202003,"outer","Q505_Q508R4",1561,1561,0,4,TRUE
202003,"outer","Q509_Q511R1",1561,1561,0,4,TRUE
202003,"outer","Q509_Q511R2",1561,1561,0,4,TRUE
202003,"outer","Q509_Q511R3",1561,1561,0,4,TRUE
202003,"outer","Q512R1",1561,1561,0,3,TRUE
202003,"outer","Q512R2",1561,1561,0,3,TRUE
202003,"outer","Q512R3",1561,1561,0,3,TRUE
202003,"outer","Q513_Q516R1",1561,1561,0,5,TRUE
202003,"outer","Q513_Q516R2",1561,1561,0,5,TRUE
202003,"outer","Q513_Q516R3",1561,1561,0,5,TRUE
202003,"outer","Q517",1561,757,0.515054452274183,15,TRUE
202003,"outer","Q518",1561,804,0.484945547725817,15,TRUE
202003,"outer","Q519",1561,757,0.515054452274183,15,TRUE
202003,"outer","Q520",1561,804,0.484945547725817,14,TRUE
202003,"outer","Q521_Q528R1",1561,1561,0,5,TRUE
202003,"outer","Q521_Q528R2",1561,1561,0,5,TRUE
202003,"outer","Q521_Q528R3",1561,1561,0,5,TRUE
202003,"outer","Q521_Q528R4",1561,1561,0,5,TRUE
202003,"outer","Q521_Q528R5",1561,1561,0,5,TRUE
202003,"outer","Q521_Q528R6",1561,1561,0,5,TRUE
202003,"outer","Q521_Q528R7",1561,1561,0,5,TRUE
202003,"outer","Q521_Q528R8",1561,1561,0,5,TRUE
202003,"outer","Q529",1561,1561,0,4,TRUE
202003,"outer","Q530",1561,707,0.547085201793722,2,TRUE
202003,"outer","Q531",1561,182,0.883408071748879,2,TRUE
202003,"outer","Q532",1561,147,0.905829596412556,5,FALSE
202003,"outer","Q533",1561,126,0.919282511210762,5,FALSE
202003,"outer","Q534R1",1561,1561,0,2,TRUE
202003,"outer","Q534R2",1561,1561,0,2,TRUE
202003,"outer","Q534R3",1561,1561,0,2,TRUE
202003,"outer","Q534R4",1561,1561,0,2,TRUE
202003,"outer","Q534R5",1561,1561,0,2,TRUE
202003,"outer","Q535_Q538R1",1561,1561,0,5,TRUE
202003,"outer","Q535_Q538R2",1561,1561,0,5,TRUE
202003,"outer","Q535_Q538R3",1561,1561,0,5,TRUE
202003,"outer","Q535_Q538R4",1561,1561,0,5,TRUE
202003,"outer","Q539R1",1561,1561,0,100,TRUE
202003,"outer","Q539R2",1561,1561,0,69,TRUE
202003,"outer","Q539R3",1561,1561,0,95,TRUE
202003,"outer","Q539R4",1561,1561,0,50,TRUE
202003,"outer","Q539R6",1561,1561,0,35,TRUE
202003,"outer","Q539R5",1561,1561,0,32,TRUE
202003,"outer","Q540R1",1561,1561,0,93,TRUE
202003,"outer","Q541",1561,1561,0,2,TRUE
202003,"outer","Q542",1561,1561,0,2,TRUE
202003,"outer","Q543",1561,1561,0,2,TRUE
202003,"outer","Q544",1561,1561,0,2,TRUE
202003,"outer","Q545R7",1561,1561,0,7,TRUE
202003,"outer","Q546R7",1561,1561,0,7,TRUE
202003,"outer","Q547R7",1561,1561,0,7,TRUE
202003,"outer","Q548R7",1561,1561,0,7,TRUE
202003,"outer","Q549R7",1561,1561,0,7,TRUE
202003,"outer","Q550R1",1561,1561,0,2,TRUE
202003,"outer","Q550R2",1561,1561,0,2,TRUE
202003,"outer","Q550R3",1561,1561,0,2,TRUE
202003,"outer","Q550R4",1561,1561,0,2,TRUE
202003,"outer","Q550R5",1561,1561,0,2,TRUE
202003,"outer","Q550R6",1561,1561,0,2,TRUE
202003,"outer","Q551_Q559R1",1561,1561,0,5,TRUE
202003,"outer","Q551_Q559R2",1561,1561,0,5,TRUE
202003,"outer","Q551_Q559R3",1561,1561,0,5,TRUE
202003,"outer","Q551_Q559R4",1561,1561,0,5,TRUE
202003,"outer","Q551_Q559R5",1561,1561,0,5,TRUE
202003,"outer","Q551_Q559R6",1561,1561,0,5,TRUE
202003,"outer","Q551_Q559R7",1561,1561,0,5,TRUE
202003,"outer","Q551_Q559R8",1561,1561,0,5,TRUE
202003,"outer","Q551_Q559R9",1561,1561,0,5,TRUE
202003,"outer","Q560R1",1561,1561,0,8,TRUE
202003,"outer","Q560R2",1561,1561,0,8,TRUE
202003,"outer","Q560R3",1561,1561,0,8,TRUE
202003,"outer","Q560R4",1561,1561,0,8,TRUE
202003,"outer","Q560R5",1561,1561,0,8,TRUE
202003,"outer","Q560R6",1561,1561,0,8,TRUE
202003,"outer","Q560R7",1561,1561,0,8,TRUE
202003,"outer","Q560R8",1561,1561,0,8,TRUE
202003,"outer","Q561",1561,598,0.616912235746316,3,TRUE
202003,"outer","Q562",1561,1561,0,5,TRUE
202003,"outer","Q563_Q572R1",1561,1561,0,3,TRUE
202003,"outer","Q563_Q572R2",1561,1561,0,3,TRUE
202003,"outer","Q563_Q572R3",1561,1561,0,3,TRUE
202003,"outer","Q563_Q572R4",1561,1561,0,3,TRUE
202003,"outer","Q563_Q572R5",1561,1561,0,3,TRUE
202003,"outer","Q563_Q572R6",1561,1561,0,3,TRUE
202003,"outer","Q563_Q572R7",1561,1561,0,3,TRUE
202003,"outer","Q563_Q572R8",1561,1561,0,3,TRUE
202003,"outer","Q563_Q572R9",1561,1561,0,3,TRUE
202003,"outer","Q563_Q572R10",1561,1561,0,3,TRUE
202003,"outer","Q573",1561,1561,0,3,TRUE
202003,"outer","Q574",1561,1561,0,4,TRUE
202003,"outer","Q575_Q581R1",1561,1561,0,100,TRUE
202003,"outer","Q575_Q581R2",1561,1561,0,101,TRUE
202003,"outer","Q575_Q581R3",1561,1561,0,101,TRUE
202003,"outer","Q575_Q581R4",1561,1561,0,101,TRUE
202003,"outer","Q575_Q581R5",1561,1561,0,101,TRUE
202003,"outer","Q575_Q581R6",1561,1561,0,101,TRUE
202003,"outer","Q575_Q581R7",1561,1561,0,100,TRUE
202003,"outer","Q582",1561,1507,0.0345932094811019,5,TRUE
202003,"outer","Q583",1561,183,0.882767456758488,5,TRUE
202003,"outer","Q584",1561,1561,0,4,TRUE
202003,"outer","Q585_Q590R1",1561,183,0.882767456758488,2,TRUE
202003,"outer","Q585_Q590R2",1561,183,0.882767456758488,2,TRUE
202003,"outer","Q585_Q590R3",1561,183,0.882767456758488,2,TRUE
202003,"outer","Q585_Q590R4",1561,183,0.882767456758488,2,TRUE
202003,"outer","Q585_Q590R5",1561,183,0.882767456758488,2,TRUE
202003,"outer","Q585_Q590R6",1561,183,0.882767456758488,2,TRUE
202003,"outer","Q591_Q596R1",1561,1561,0,5,TRUE
202003,"outer","Q591_Q596R2",1561,1561,0,5,TRUE
202003,"outer","Q591_Q596R3",1561,1561,0,5,TRUE
202003,"outer","Q591_Q596R4",1561,1561,0,5,TRUE
202003,"outer","Q591_Q596R5",1561,1561,0,5,TRUE
202003,"outer","Q591_Q596R6",1561,1561,0,5,TRUE
202003,"outer","Q597_Q602R1",1561,1561,0,5,TRUE
202003,"outer","Q597_Q602R2",1561,1561,0,5,TRUE
202003,"outer","Q597_Q602R3",1561,1561,0,5,TRUE
202003,"outer","Q597_Q602R4",1561,1561,0,5,TRUE
202003,"outer","Q597_Q602R5",1561,1561,0,5,TRUE
202003,"outer","Q597_Q602R6",1561,1561,0,5,TRUE
202003,"outer","Q603R1",1561,1561,0,10,TRUE
202003,"outer","Q603R2",1561,1561,0,10,TRUE
202003,"outer","Q603R3",1561,1561,0,10,TRUE
202003,"outer","Q603R4",1561,1561,0,10,TRUE
202003,"outer","Q603R5",1561,1561,0,10,TRUE
202003,"outer","Q603R6",1561,1561,0,10,TRUE
202003,"outer","Q603R7",1561,1561,0,10,TRUE
202003,"outer","Q603R8",1561,1561,0,10,TRUE
202003,"outer","Q603R9",1561,1561,0,10,TRUE
202003,"outer","Q603R10",1561,1561,0,10,TRUE
202003,"outer","Q604_Q605R1",1561,1561,0,4,TRUE
202003,"outer","Q604_Q605R2",1561,1561,0,4,TRUE
202003,"outer","Q606R1",1561,1316,0.15695067264574,3,TRUE
202003,"outer","Q606R2",1561,809,0.481742472773863,3,TRUE
202003,"outer","Q606R3",1561,461,0.704676489429853,3,TRUE
202003,"outer","Q606R4",1561,1002,0.358103779628443,3,TRUE
202003,"outer","Q606R5",1561,421,0.730301089045484,3,TRUE
202003,"outer","Q606R6",1561,674,0.568225496476618,3,TRUE
202003,"outer","Q607_Q610R1",1561,1561,0,24,TRUE
202003,"outer","Q607_Q610R2",1561,1561,0,24,TRUE
202003,"outer","Q607_Q610R3",1561,1561,0,24,TRUE
202003,"outer","Q607_Q610R4",1561,1561,0,24,TRUE
202003,"outer","Q611",1561,1561,0,4,TRUE
202003,"outer","Q613",1561,1561,0,2,TRUE
202003,"outer","Q614",1561,1561,0,2,TRUE
202003,"outer","Q615",1561,1561,0,3,TRUE
202003,"outer","Q616_Q618R1",1561,1561,0,4,TRUE
202003,"outer","Q616_Q618R2",1561,1561,0,4,TRUE
202003,"outer","Q616_Q618R3",1561,1561,0,4,TRUE
202003,"outer","Q619_Q626R1",1561,1561,0,5,TRUE
202003,"outer","Q619_Q626R2",1561,1561,0,5,TRUE
202003,"outer","Q619_Q626R3",1561,1561,0,5,TRUE
202003,"outer","Q619_Q626R4",1561,1561,0,5,TRUE
202003,"outer","Q619_Q626R5",1561,1561,0,5,TRUE
202003,"outer","Q619_Q626R6",1561,1561,0,5,TRUE
202003,"outer","Q619_Q626R7",1561,1561,0,5,TRUE
202003,"outer","Q619_Q626R8",1561,1561,0,5,TRUE
202003,"outer","Q627",1561,1561,0,2,TRUE
202003,"outer","Q628",1561,169,0.891736066623959,3,TRUE
202003,"outer","Q629R1",1561,762,0.511851377322229,2,TRUE
202003,"outer","Q629R2",1561,762,0.511851377322229,2,TRUE
202003,"outer","Q629R3",1561,762,0.511851377322229,2,TRUE
202003,"outer","Q629R4",1561,762,0.511851377322229,2,TRUE
202003,"outer","Q629R5",1561,762,0.511851377322229,2,TRUE
202003,"outer","Q629R6",1561,762,0.511851377322229,2,TRUE
202003,"outer","Q629R7",1561,762,0.511851377322229,2,TRUE
202003,"outer","Q630_Q632R1",1561,1561,0,2,TRUE
202003,"outer","Q630_Q632R2",1561,1561,0,2,TRUE
202003,"outer","Q630_Q632R3",1561,1561,0,2,TRUE
202003,"outer","Q633",1561,1561,0,6,TRUE
202003,"outer","Q639",1561,1561,0,5,TRUE
202003,"outer","Q640_Q645R1",1561,189,0.878923766816143,2,TRUE
202003,"outer","Q640_Q645R2",1561,482,0.691223574631646,2,TRUE
202003,"outer","Q640_Q645R3",1561,482,0.691223574631646,2,TRUE
202003,"outer","Q640_Q645R4",1561,482,0.691223574631646,2,TRUE
202003,"outer","Q640_Q645R5",1561,482,0.691223574631646,2,TRUE
202003,"outer","Q640_Q645R6",1561,482,0.691223574631646,2,TRUE
202003,"outer","Q646_Q651R1",1561,528,0.661755285073671,2,TRUE
202003,"outer","Q646_Q651R2",1561,528,0.661755285073671,2,TRUE
202003,"outer","Q646_Q651R3",1561,528,0.661755285073671,2,TRUE
202003,"outer","Q646_Q651R4",1561,528,0.661755285073671,2,TRUE
202003,"outer","Q646_Q651R5",1561,528,0.661755285073671,2,TRUE
202003,"outer","Q646_Q651R6",1561,162,0.896220371556694,2,TRUE
202003,"outer","Q646_Q651R7",1561,162,0.896220371556694,2,TRUE
202003,"outer","Q646_Q651R8",1561,162,0.896220371556694,2,TRUE
202003,"outer","Q646_Q651R9",1561,162,0.896220371556694,2,TRUE
202003,"outer","Q646_Q651R10",1561,162,0.896220371556694,2,TRUE
202003,"outer","Q646_Q651R11",1561,162,0.896220371556694,2,TRUE
202003,"outer","Q652_Q658R1",1561,551,0.647021140294683,2,TRUE
202003,"outer","Q652_Q658R2",1561,551,0.647021140294683,2,TRUE
202003,"outer","Q652_Q658R3",1561,551,0.647021140294683,2,TRUE
202003,"outer","Q652_Q658R4",1561,551,0.647021140294683,2,TRUE
202003,"outer","Q652_Q658R5",1561,551,0.647021140294683,2,TRUE
202003,"outer","Q652_Q658R6",1561,551,0.647021140294683,2,TRUE
202003,"outer","Q652_Q658R7",1561,551,0.647021140294683,2,TRUE
202003,"outer","Q659R1",1561,470,0.698910954516336,2,TRUE
202003,"outer","Q659R2",1561,470,0.698910954516336,2,TRUE
202003,"outer","Q659R3",1561,470,0.698910954516336,2,TRUE
202003,"outer","Q659R4",1561,470,0.698910954516336,2,TRUE
202003,"outer","Q659R5",1561,470,0.698910954516336,2,TRUE
202003,"outer","Q659R6",1561,470,0.698910954516336,2,TRUE
202003,"outer","Q659R7",1561,470,0.698910954516336,2,TRUE
202003,"outer","Q659R8",1561,470,0.698910954516336,2,TRUE
202003,"outer","Q660",1561,1561,0,5,TRUE
202003,"outer","Q661",1561,1561,0,5,TRUE
202003,"outer","Q662R1",1561,1561,0,2,TRUE
202003,"outer","Q662R2",1561,1561,0,2,TRUE
202003,"outer","Q662R3",1561,1561,0,2,TRUE
202003,"outer","Q662R4",1561,1561,0,2,TRUE
202003,"outer","Q662R5",1561,1561,0,2,TRUE
202003,"outer","Q662R6",1561,1561,0,2,TRUE
202003,"outer","Q663_Q666R1",1561,1561,0,5,TRUE
202003,"outer","Q663_Q666R2",1561,1561,0,5,TRUE
202003,"outer","Q663_Q666R3",1561,1561,0,5,TRUE
202003,"outer","Q663_Q666R4",1561,1561,0,5,TRUE
202003,"outer","Q667_Q671R1",1561,1561,0,2,TRUE
202003,"outer","Q667_Q671R2",1561,1561,0,2,TRUE
202003,"outer","Q667_Q671R3",1561,1561,0,2,TRUE
202003,"outer","Q667_Q671R4",1561,1561,0,2,TRUE
202003,"outer","Q667_Q671R5",1561,1561,0,2,TRUE
202003,"outer","Q672",1561,1561,0,4,TRUE
202003,"outer","Q673",1561,1561,0,4,TRUE
202003,"outer","Q674R1",1561,1561,0,11,TRUE
202003,"outer","Q675",1561,1561,0,4,TRUE
202003,"outer","Q676_Q678R1",1561,239,0.846893017296605,5,TRUE
202003,"outer","Q676_Q678R2",1561,239,0.846893017296605,5,TRUE
202003,"outer","Q676_Q678R3",1561,239,0.846893017296605,5,TRUE
202003,"outer","Q679_Q682R1",1561,239,0.846893017296605,5,TRUE
202003,"outer","Q679_Q682R2",1561,239,0.846893017296605,5,TRUE
202003,"outer","Q679_Q682R3",1561,239,0.846893017296605,5,TRUE
202003,"outer","Q679_Q682R4",1561,239,0.846893017296605,5,TRUE
202003,"outer","Q683",1561,1561,0,4,TRUE
202003,"outer","Q684",1561,1561,0,2,TRUE
202003,"outer","Q685",1561,1561,0,3,TRUE
202003,"outer","Q686",1561,1561,0,2,TRUE
202003,"outer","Q687",1561,460,0.705317104420243,2,TRUE
202003,"outer","Q688",1561,433,0.722613709160794,3,TRUE
202003,"outer","Q689",1561,1561,0,3,TRUE
202003,"outer","Q690",1561,1561,0,5,TRUE
202003,"outer","Q691",1561,1561,0,5,TRUE
202003,"outer","Q692",1561,1561,0,2,TRUE
202003,"outer","Q693_Q700R1",1561,1561,0,12,TRUE
202003,"outer","Q693_Q700R2",1561,1561,0,12,TRUE
202003,"outer","Q693_Q700R3",1561,1561,0,12,TRUE
202003,"outer","Q693_Q700R4",1561,1561,0,12,TRUE
202003,"outer","Q693_Q700R5",1561,1561,0,12,TRUE
202003,"outer","Q693_Q700R6",1561,1561,0,12,TRUE
202003,"outer","Q693_Q700R7",1561,1561,0,12,TRUE
202003,"outer","Q693_Q700R8",1561,1561,0,12,TRUE
202003,"outer","Q701_Q705R1",1561,1561,0,6,TRUE
202003,"outer","Q701_Q705R2",1561,1561,0,6,TRUE
202003,"outer","Q701_Q705R3",1561,1561,0,6,TRUE
202003,"outer","Q701_Q705R4",1561,1561,0,6,TRUE
202003,"outer","Q701_Q705R5",1561,1561,0,6,TRUE
202003,"outer","Q706_Q708R1",1561,1561,0,5,TRUE
202003,"outer","Q706_Q708R2",1561,1561,0,5,TRUE
202003,"outer","Q706_Q708R3",1561,1561,0,5,TRUE
202003,"outer","Q709_712R1",1561,1561,0,4,TRUE
202003,"outer","Q709_712R2",1561,1561,0,4,TRUE
202003,"outer","Q709_712R3",1561,1561,0,4,TRUE
202003,"outer","Q709_712R4",1561,1561,0,12,TRUE
202003,"outer","Q713",1561,1561,0,4,TRUE
202003,"outer","Q714",1561,1561,0,4,TRUE
202003,"outer","Q715_718R1",1561,1561,0,3,TRUE
202003,"outer","Q715_718R2",1561,1561,0,6,TRUE
202003,"outer","Q715_718R3",1561,1561,0,3,TRUE
202003,"outer","Q715_718R4",1561,1561,0,3,TRUE
202003,"outer","Q719",1561,1561,0,2,TRUE
202003,"outer","Q720_Q722R1",1561,1561,0,5,TRUE
202003,"outer","Q720_Q722R2",1561,1561,0,5,TRUE
202003,"outer","Q720_Q722R3",1561,1561,0,5,TRUE
202003,"outer","Q723_Q725R1",1561,1561,0,5,TRUE
202003,"outer","Q723_Q725R2",1561,1561,0,5,TRUE
202003,"outer","Q723_Q725R3",1561,1561,0,5,TRUE
202003,"outer","Q726",1561,1561,0,5,TRUE
202003,"outer","Q727_Q731R1",1561,1561,0,8,TRUE
202003,"outer","Q727_Q731R2",1561,1561,0,8,TRUE
202003,"outer","Q727_Q731R3",1561,1561,0,8,TRUE
202003,"outer","Q727_Q731R4",1561,1561,0,8,TRUE
202003,"outer","Q727_Q731R5",1561,1561,0,8,TRUE
202003,"outer","Q732_Q737R1",1561,183,0.882767456758488,7,TRUE
202003,"outer","Q732_Q737R2",1561,183,0.882767456758488,7,TRUE
202003,"outer","Q732_Q737R3",1561,183,0.882767456758488,7,TRUE
202003,"outer","Q732_Q737R4",1561,183,0.882767456758488,7,TRUE
202003,"outer","Q732_Q737R5",1561,183,0.882767456758488,7,TRUE
202003,"outer","Q732_Q737R6",1561,183,0.882767456758488,7,TRUE
202003,"outer","Q738_Q740R1",1561,183,0.882767456758488,7,TRUE
202003,"outer","Q738_Q740R2",1561,183,0.882767456758488,7,TRUE
202003,"outer","Q738_Q740R3",1561,183,0.882767456758488,7,TRUE
202003,"outer","Q741",1561,1561,0,6,TRUE
202003,"outer","Q742",1561,984,0.369634849455477,77,TRUE
202003,"outer","Q743",1561,1013,0.351057014734145,4,TRUE
202003,"outer","Q744",1561,755,0.516335682254965,4,TRUE
202003,"outer","Q745",1561,258,0.83472133247918,3,TRUE
202003,"outer","Q746A",1561,170,0.891095451633568,7,TRUE
202003,"outer","Q746B",1561,1013,0.351057014734145,7,TRUE
202003,"outer","Q747",1561,1183,0.242152466367713,3,TRUE
202003,"outer","Q748",1561,1561,0,5,TRUE
202003,"outer","Q749",1561,1561,0,5,TRUE
202003,"outer","Q750R1",1561,1561,0,2,TRUE
202003,"outer","Q750R2",1561,1561,0,2,TRUE
202003,"outer","Q750R3",1561,1561,0,2,TRUE
202003,"outer","Q750R4",1561,1561,0,2,TRUE
202003,"outer","Q750R5",1561,1561,0,2,TRUE
202003,"outer","Q750R6",1561,1561,0,2,TRUE
202003,"outer","Q750R7",1561,1561,0,2,TRUE
202003,"outer","Q751R1",1561,1561,0,2,TRUE
202003,"outer","Q751R2",1561,1561,0,2,TRUE
202003,"outer","Q751R3",1561,1561,0,2,TRUE
202003,"outer","Q751R4",1561,1561,0,2,TRUE
202003,"outer","Q751R5",1561,1561,0,2,TRUE
202003,"outer","Q752",1561,184,0.882126841768097,4,TRUE
202003,"outer","Q753",1561,841,0.461242793081358,5,TRUE
202003,"outer","Q754_Q762R1C1",1561,1561,0,2,TRUE
202003,"outer","Q754_Q762R1C2",1561,1561,0,2,TRUE
202003,"outer","Q754_Q762R1C3",1561,1561,0,2,TRUE
202003,"outer","Q754_Q762R2C1",1561,1561,0,2,TRUE
202003,"outer","Q754_Q762R2C2",1561,1561,0,2,TRUE
202003,"outer","Q754_Q762R2C3",1561,1561,0,2,TRUE
202003,"outer","Q754_Q762R3C1",1561,1561,0,2,TRUE
202003,"outer","Q754_Q762R3C2",1561,1561,0,2,TRUE
202003,"outer","Q754_Q762R3C3",1561,1561,0,2,TRUE
202003,"outer","Q754_Q762R4C1",1561,1561,0,2,TRUE
202003,"outer","Q754_Q762R4C2",1561,1561,0,2,TRUE
202003,"outer","Q754_Q762R4C3",1561,1561,0,2,TRUE
202003,"outer","Q754_Q762R5C1",1561,1561,0,2,TRUE
202003,"outer","Q754_Q762R5C2",1561,1561,0,2,TRUE
202003,"outer","Q754_Q762R5C3",1561,1561,0,2,TRUE
202003,"outer","Q754_Q762R6C1",1561,1561,0,2,TRUE
202003,"outer","Q754_Q762R6C2",1561,1561,0,2,TRUE
202003,"outer","Q754_Q762R6C3",1561,1561,0,2,TRUE
202003,"outer","Q754_Q762R7C1",1561,1561,0,2,TRUE
202003,"outer","Q754_Q762R7C2",1561,1561,0,2,TRUE
202003,"outer","Q754_Q762R7C3",1561,1561,0,2,TRUE
202003,"outer","Q754_Q762R8C1",1561,1561,0,2,TRUE
202003,"outer","Q754_Q762R8C2",1561,1561,0,2,TRUE
202003,"outer","Q754_Q762R8C3",1561,1561,0,2,TRUE
202003,"outer","Q754_Q762R9C1",1561,1561,0,2,TRUE
202003,"outer","Q754_Q762R9C2",1561,1561,0,2,TRUE
202003,"outer","Q754_Q762R9C3",1561,1561,0,2,TRUE
202003,"outer","Q763_Q766R1",1561,491,0.685458039718129,2,TRUE
202003,"outer","Q763_Q766R2",1561,491,0.685458039718129,2,TRUE
202003,"outer","Q763_Q766R3",1561,491,0.685458039718129,2,TRUE
202003,"outer","Q763_Q766R4",1561,491,0.685458039718129,2,TRUE
202003,"outer","Q767_Q771R1",1561,352,0.774503523382447,2,TRUE
202003,"outer","Q767_Q771R2",1561,352,0.774503523382447,2,TRUE
202003,"outer","Q767_Q771R3",1561,352,0.774503523382447,2,TRUE
202003,"outer","Q767_Q771R4",1561,352,0.774503523382447,2,TRUE
202003,"outer","Q767_Q771R5",1561,352,0.774503523382447,2,TRUE
202003,"outer","Q773",1561,1561,0,115,TRUE
202003,"outer","VQ773",1561,1561,0,78,TRUE
202003,"outer","Q774",1561,1488,0.0467648942985266,86,TRUE
202003,"outer","VQ774",1561,1488,0.0467648942985266,59,TRUE
202003,"outer","Q775",1561,1561,0,4,TRUE
202003,"outer","Q777",1561,468,0.700192184497117,47,TRUE
202003,"outer","Q779",1561,1122,0.28122998078155,42,TRUE
202003,"outer","Q782",1561,912,0.415759128763613,45,TRUE
202003,"outer","Q785",1561,352,0.774503523382447,2,TRUE
202003,"outer","Q788",1561,352,0.774503523382447,28,TRUE
202003,"outer","Q790",1561,1219,0.219090326713645,45,TRUE
202003,"outer","Q793R1",1561,347,0.777706598334401,5,TRUE
202003,"outer","Q793R2",1561,348,0.77706598334401,5,TRUE
202003,"outer","Q793R3",1561,351,0.775144138372838,5,TRUE
202003,"outer","Q793R4",1561,333,0.786675208199872,5,TRUE
202003,"outer","Q793R5",1561,331,0.787956438180653,5,TRUE
202003,"outer","Q794R1",1561,1561,0,2,TRUE
202003,"outer","Q794R2",1561,1561,0,2,TRUE
202003,"outer","Q794R3",1561,1561,0,2,TRUE
202003,"outer","Q794R4",1561,1561,0,2,TRUE
202003,"outer","Q794R5",1561,1561,0,2,TRUE
202003,"outer","Q794R6",1561,1561,0,2,TRUE
202003,"outer","Q795",1561,1510,0.0326713645099295,4,TRUE
202003,"outer","Q796R1",1561,352,0.774503523382447,2,TRUE
202003,"outer","Q796R2",1561,352,0.774503523382447,2,TRUE
202003,"outer","Q796R3",1561,352,0.774503523382447,2,TRUE
202003,"outer","Q796R4",1561,352,0.774503523382447,2,TRUE
202003,"outer","Q796R5",1561,352,0.774503523382447,2,TRUE
202003,"outer","Q797R1",1561,1561,0,2,TRUE
202003,"outer","Q797R2",1561,1561,0,2,TRUE
202003,"outer","Q797R3",1561,1561,0,2,TRUE
202003,"outer","Q797R4",1561,1561,0,2,TRUE
202003,"outer","Q797R5",1561,1561,0,2,TRUE
202003,"outer","Q797R6",1561,1561,0,2,TRUE
202003,"outer","Q797R7",1561,1561,0,2,TRUE
202003,"outer","Q797R8",1561,1561,0,1,FALSE
202003,"outer","Q797R9",1561,1561,0,2,TRUE
202003,"outer","Q797R10",1561,1561,0,2,TRUE
202003,"outer","Q798R1",1561,1561,0,2,TRUE
202003,"outer","Q798R2",1561,1561,0,2,TRUE
202003,"outer","Q798R3",1561,1561,0,2,TRUE
202003,"outer","Q798R4",1561,1561,0,2,TRUE
202003,"outer","Q798R5",1561,1561,0,2,TRUE
202003,"outer","Q798R6",1561,1561,0,2,TRUE
202003,"outer","Q798R7",1561,1561,0,2,TRUE
202003,"outer","Q798R8",1561,1561,0,1,FALSE
202003,"outer","Q798R9",1561,1561,0,2,TRUE
202003,"outer","Q798R10",1561,1561,0,2,TRUE
202003,"outer","Q799R1C1",1561,577,0.630365150544523,11,TRUE
202003,"outer","Q799R2C1",1561,402,0.742472773862908,8,TRUE
202003,"outer","Q799R3C1",1561,770,0.506726457399103,11,TRUE
202003,"outer","Q799R4C1",1561,361,0.76873798846893,6,TRUE
202003,"outer","Q799R5C1",1561,392,0.748878923766816,6,TRUE
202003,"outer","Q799R6C1",1561,358,0.770659833440102,4,TRUE
202003,"outer","Q799R7C1",1561,354,0.773222293401666,4,TRUE
202003,"outer","Q799R8C1",1561,353,0.773862908392056,6,TRUE
202003,"outer","Q800R1C1",1561,536,0.656630365150545,11,TRUE
202003,"outer","Q800R2C1",1561,415,0.734144778987828,10,TRUE
202003,"outer","Q800R3C1",1561,741,0.525304292120436,11,TRUE
202003,"outer","Q800R4C1",1561,380,0.756566303651505,7,TRUE
202003,"outer","Q800R5C1",1561,400,0.74375400384369,7,TRUE
202003,"outer","Q800R6C1",1561,371,0.762331838565022,3,TRUE
202003,"outer","Q800R7C1",1561,370,0.762972453555413,4,TRUE
202003,"outer","Q800R8C1",1561,368,0.764253683536195,5,TRUE
202003,"outer","Q801",1561,1561,0,9,TRUE
202003,"outer","Q802",1561,174,0.888532991672005,9,TRUE
202003,"outer","Q803",1561,1561,0,7,TRUE
202003,"outer","Q804",1561,1561,0,8,TRUE
202003,"outer","Q805",1561,1561,0,8,TRUE
202003,"outer","Q806",1561,352,0.774503523382447,68,TRUE
202003,"outer","Q807",1561,255,0.836643177450352,1,FALSE
202003,"outer","Q808",1561,1287,0.175528507367072,87,TRUE
202003,"outer","Q809",1561,1209,0.225496476617553,5,TRUE
202003,"outer","Q810",1561,653,0.581678411274824,95,TRUE
202003,"outer","Q811",1561,653,0.581678411274824,97,TRUE
202003,"outer","Q812",1561,772,0.505445227418322,6,TRUE
202003,"outer","Q813",1561,1561,0,13,TRUE
202003,"outer","Q814",1561,1561,0,6,TRUE
202003,"outer","Q815",1561,1561,0,8,TRUE
202003,"outer","Q816",1561,1561,0,5,TRUE
202003,"outer","Q817",1561,0,1,0,FALSE
202003,"outer","Q818",1561,222,0.857783472133248,4,TRUE
202003,"outer","Q819",1561,239,0.846893017296605,4,TRUE
202003,"outer","Q820",1561,1561,0,5,TRUE
202003,"outer","Q821J",1561,25,0.983984625240231,4,FALSE
202003,"outer","Q825J",1561,25,0.983984625240231,5,FALSE
202003,"outer","Q822J",1561,25,0.983984625240231,4,FALSE
202003,"outer","Q823J",1561,25,0.983984625240231,4,FALSE
202003,"outer","Q824J",1561,25,0.983984625240231,3,FALSE
202003,"outer","Q822K",1561,24,0.984625240230621,5,FALSE
202003,"outer","Q825K",1561,24,0.984625240230621,5,FALSE
202003,"outer","Q821K",1561,24,0.984625240230621,5,FALSE
202003,"outer","Q823K",1561,24,0.984625240230621,4,FALSE
202003,"outer","Q824K",1561,24,0.984625240230621,4,FALSE
202003,"outer","Q823L",1561,25,0.983984625240231,5,FALSE
202003,"outer","Q825L",1561,25,0.983984625240231,4,FALSE
202003,"outer","Q821L",1561,25,0.983984625240231,5,FALSE
202003,"outer","Q822L",1561,25,0.983984625240231,5,FALSE
202003,"outer","Q824L",1561,25,0.983984625240231,5,FALSE
202003,"outer","Q824M",1561,32,0.979500320307495,5,FALSE
202003,"outer","Q825M",1561,32,0.979500320307495,5,FALSE
202003,"outer","Q821M",1561,32,0.979500320307495,5,FALSE
202003,"outer","Q822M",1561,32,0.979500320307495,4,FALSE
202003,"outer","Q823M",1561,32,0.979500320307495,4,FALSE
202003,"outer","Q825N",1561,28,0.982062780269058,5,FALSE
202003,"outer","Q821N",1561,28,0.982062780269058,4,FALSE
202003,"outer","Q822N",1561,28,0.982062780269058,4,FALSE
202003,"outer","Q823N",1561,28,0.982062780269058,5,FALSE
202003,"outer","Q824N",1561,28,0.982062780269058,4,FALSE
202003,"outer","Q821",1561,134,0.914157591287636,5,FALSE
202003,"outer","Q822",1561,134,0.914157591287636,5,FALSE
202003,"outer","Q823",1561,134,0.914157591287636,5,FALSE
202003,"outer","Q824",1561,134,0.914157591287636,5,FALSE
202003,"outer","Q825",1561,0,1,0,FALSE
202003,"outer","Q826R1",1561,134,0.914157591287636,2,FALSE
202003,"outer","Q826R2",1561,134,0.914157591287636,2,FALSE
202003,"outer","Q826R3",1561,134,0.914157591287636,2,FALSE
202003,"outer","Q826R4",1561,134,0.914157591287636,2,FALSE
202003,"outer","Q826R5",1561,134,0.914157591287636,2,FALSE
202003,"outer","Q826R7",1561,134,0.914157591287636,2,FALSE
202003,"outer","Q826R6",1561,134,0.914157591287636,2,FALSE
202003,"outer","Q826A",1561,0,1,0,FALSE
